{"type": "FeatureCollection", "source": "BD TOPO IGN, édition 2026-06-15", "features": [{"type": "Feature", "geometry": {"type": "MultiPolygon", "coordinates": [[[[3.2019405, 50.6862115], [3.2012969, 50.6859855], [3.2016301, 50.6856054], [3.202285, 50.6858215], [3.2019405, 50.6862115]]]]}, "properties": {"cleabs": "SURFACTI0000000056485487", "table": "zone_d_activite_ou_d_interet", "nature": "Espace public", "nature_detaillee": "Place", "toponyme": "Place des Trois Ponts"}}, {"type": "Feature", "geometry": {"type": "MultiPolygon", "coordinates": [[[[3.192823, 50.6859604], [3.1926863, 50.6860441], [3.1924938, 50.6859394], [3.1922332, 50.6861282], [3.1918638, 50.6859511], [3.191544, 50.6858017], [3.1926193, 50.6847717], [3.1926673, 50.6847653], [3.1942074, 50.6856262], [3.1940004, 50.6857818], [3.1938761, 50.6857882], [3.1935437, 50.6860418], [3.1930785, 50.6859241], [3.1929416, 50.6859485], [3.192823, 50.6859604]]]]}, "properties": {"cleabs": "SURFACTI0000000056485489", "table": "zone_d_activite_ou_d_interet", "nature": "Espace public", "nature_detaillee": "Square", "toponyme": "Square Pierre Destombes"}}, {"type": "Feature", "geometry": {"type": "MultiPolygon", "coordinates": [[[[3.1952642, 50.6889663], [3.196106, 50.6882004], [3.1961638, 50.6881824], [3.1962119, 50.6881904], [3.1970353, 50.6885086], [3.1970453, 50.6885373], [3.1970483, 50.6885821], [3.1965588, 50.6890749], [3.1964757, 50.6891378], [3.196363, 50.6891276], [3.1962048, 50.689114], [3.1953974, 50.6890087], [3.1952642, 50.6889663]]]]}, "properties": {"cleabs": "SURFACTI0000000056485494", "table": "zone_d_activite_ou_d_interet", "nature": "Espace public", "nature_detaillee": "Place", "toponyme": "Place Carnot"}}, {"type": "Feature", "geometry": {"type": "MultiPolygon", "coordinates": [[[[3.167367, 50.6942], [3.1667911, 50.6943506], [3.1667741, 50.6943444], [3.1681468, 50.6937583], [3.1682678, 50.6940417], [3.167367, 50.6942]]]]}, "properties": {"cleabs": "SURFACTI0000000056485497", "table": "zone_d_activite_ou_d_interet", "nature": "Espace public", "nature_detaillee": "Place", "toponyme": "Place des Martyrs de la Résistance"}}, {"type": "Feature", "geometry": {"type": "MultiPolygon", "coordinates": [[[[3.1849816, 50.6946542], [3.1843467, 50.6945008], [3.1845038, 50.694208], [3.1845406, 50.6941999], [3.1848798, 50.6942434], [3.1851598, 50.6943174], [3.1851725, 50.6943309], [3.1849816, 50.6946542]]]]}, "properties": {"cleabs": "SURFACTI0000000056485498", "table": "zone_d_activite_ou_d_interet", "nature": "Espace public", "nature_detaillee": "Place", "toponyme": "Place Jean-Baptiste Clément"}}, {"type": "Feature", "geometry": {"type": "MultiPolygon", "coordinates": [[[[3.1707367, 50.6884685], [3.1710655, 50.6883738], [3.1712592, 50.6884283], [3.17138, 50.6886193], [3.1709481, 50.6887401], [3.1707367, 50.6884685]]]]}, "properties": {"cleabs": "SURFACTI0000000056485500", "table": "zone_d_activite_ou_d_interet", "nature": "Espace public", "nature_detaillee": "Place", "toponyme": "Place Bodart Timal"}}, {"type": "Feature", "geometry": {"type": "MultiPolygon", "coordinates": [[[[3.1670938, 50.6995512], [3.1672884, 50.699437], [3.1673394, 50.6994719], [3.1674895, 50.6995677], [3.1675113, 50.6997642], [3.167486, 50.6998037], [3.1674565, 50.6998477], [3.167157, 50.6998499], [3.1671301, 50.6998383], [3.1670805, 50.6998079], [3.1670938, 50.6995512]]]]}, "properties": {"cleabs": "SURFACTI0000000056485502", "table": "zone_d_activite_ou_d_interet", "nature": "Espace public", "nature_detaillee": "Place", "toponyme": "Place de l'Alma Gare"}}, {"type": "Feature", "geometry": {"type": "MultiPolygon", "coordinates": [[[[3.172233, 50.694361], [3.172284, 50.6942336], [3.1720941, 50.6940467], [3.1706108, 50.6946516], [3.1708549, 50.6949268], [3.172233, 50.694361]]]]}, "properties": {"cleabs": "SURFACTI0000000056485503", "table": "zone_d_activite_ou_d_interet", "nature": "Espace public", "nature_detaillee": "Place", "toponyme": "Place Notre-Dame"}}, {"type": "Feature", "geometry": {"type": "MultiPolygon", "coordinates": [[[[3.178471, 50.6925119], [3.1783807, 50.6925434], [3.1782717, 50.6924996], [3.1780115, 50.6924282], [3.1786546, 50.691721], [3.1791093, 50.6912592], [3.1791828, 50.691268], [3.1795549, 50.6914425], [3.1794143, 50.6916087], [3.1792792, 50.6917533], [3.1791961, 50.6918414], [3.1789681, 50.692084], [3.1788626, 50.6921928], [3.1786725, 50.6923886], [3.178471, 50.6925119]]]]}, "properties": {"cleabs": "SURFACTI0000000056485504", "table": "zone_d_activite_ou_d_interet", "nature": "Espace public", "nature_detaillee": "Place", "toponyme": "Place de la Liberté"}}, {"type": "Feature", "geometry": {"type": "MultiPolygon", "coordinates": [[[[3.1781676, 50.7037497], [3.1781958, 50.7037452], [3.1782298, 50.7037461], [3.1786713, 50.7039464], [3.178677, 50.7039635], [3.178663, 50.7039886], [3.1780147, 50.7044589], [3.1779822, 50.7044652], [3.1779483, 50.7044643], [3.1775493, 50.7043133], [3.1775224, 50.704298], [3.1775081, 50.7042738], [3.1781676, 50.7037497]]]]}, "properties": {"cleabs": "SURFACTI0000000056485506", "table": "zone_d_activite_ou_d_interet", "nature": "Espace public", "nature_detaillee": "Place", "toponyme": "Place du Progrès"}}, {"type": "Feature", "geometry": {"type": "MultiPolygon", "coordinates": [[[[3.1859773, 50.6973075], [3.1861663, 50.697048], [3.184498, 50.6965129], [3.1843102, 50.6967711], [3.1859773, 50.6973075]]]]}, "properties": {"cleabs": "SURFACTI0000000056485507", "table": "zone_d_activite_ou_d_interet", "nature": "Espace public", "nature_detaillee": "Place", "toponyme": "Place Audenaerde"}}, {"type": "Feature", "geometry": {"type": "MultiPolygon", "coordinates": [[[[3.1659909, 50.6907506], [3.1661514, 50.6910151], [3.1660783, 50.6911337], [3.1657098, 50.6912015], [3.1654584, 50.6912063], [3.1654428, 50.6911955], [3.1648185, 50.6912314], [3.1647859, 50.6911892], [3.1645941, 50.6908619], [3.1646322, 50.6908511], [3.1644931, 50.690662], [3.164402, 50.6904413], [3.164608, 50.6903765], [3.1644619, 50.6901837], [3.1645663, 50.6901549], [3.1644202, 50.689955], [3.1655788, 50.6900423], [3.1656487, 50.6902324], [3.1658262, 50.6905068], [3.1659199, 50.6906529], [3.1665439, 50.6905471], [3.1665824, 50.6906457], [3.1659909, 50.6907506]]]]}, "properties": {"cleabs": "SURFACTI0000000056485508", "table": "zone_d_activite_ou_d_interet", "nature": "Espace public", "nature_detaillee": "Square", "toponyme": "Square Pierre Catteau"}}, {"type": "Feature", "geometry": {"type": "MultiPolygon", "coordinates": [[[[3.1908454, 50.6948508], [3.190886, 50.6947727], [3.1909927, 50.6945778], [3.1919059, 50.6947254], [3.1918961, 50.6947496], [3.1913552, 50.6947899], [3.1912936, 50.6949524], [3.1911975, 50.6949319], [3.190967, 50.6948785], [3.1908454, 50.6948508]]]]}, "properties": {"cleabs": "SURFACTI0000000056485509", "table": "zone_d_activite_ou_d_interet", "nature": "Espace public", "nature_detaillee": "Place", "toponyme": "Place Chaptal"}}, {"type": "Feature", "geometry": {"type": "MultiPolygon", "coordinates": [[[[3.1810018, 50.6940565], [3.1810917, 50.6938883], [3.1808449, 50.6938364], [3.1807591, 50.6940072], [3.1810018, 50.6940565]]]]}, "properties": {"cleabs": "SURFACTI0000000056485510", "table": "zone_d_activite_ou_d_interet", "nature": "Espace public", "nature_detaillee": "Square", "toponyme": "Square des Mulliers"}}, {"type": "Feature", "geometry": {"type": "MultiPolygon", "coordinates": [[[[3.1831468, 50.6997969], [3.1824539, 50.6996319], [3.1824071, 50.6995988], [3.182383, 50.6995584], [3.1823744, 50.6995244], [3.1823827, 50.6994876], [3.1825907, 50.6991848], [3.1826556, 50.6991506], [3.1827318, 50.6991371], [3.1827897, 50.6991325], [3.1835011, 50.6993073], [3.1835408, 50.6993548], [3.1835423, 50.6993844], [3.1835481, 50.699423], [3.1833811, 50.6997337], [3.1833162, 50.6997635], [3.1832838, 50.6997815], [3.1831878, 50.6997986], [3.1831468, 50.6997969]]]]}, "properties": {"cleabs": "SURFACTI0000000056485511", "table": "zone_d_activite_ou_d_interet", "nature": "Espace public", "nature_detaillee": "Place", "toponyme": "Place de la Nation"}}, {"type": "Feature", "geometry": {"type": "MultiPolygon", "coordinates": [[[[3.1636865, 50.6958515], [3.163326, 50.6953405], [3.1635335, 50.6952837], [3.1635956, 50.6952612], [3.1636366, 50.6952728], [3.1637118, 50.6953741], [3.1637176, 50.6954207], [3.1637686, 50.6954853], [3.1638437, 50.6955238], [3.1639883, 50.6956851], [3.1640733, 50.6957469], [3.1636865, 50.6958515]]]]}, "properties": {"cleabs": "SURFACTI0000000056485516", "table": "zone_d_activite_ou_d_interet", "nature": "Espace public", "nature_detaillee": "Place", "toponyme": "Place de la Gare"}}, {"type": "Feature", "geometry": {"type": "MultiPolygon", "coordinates": [[[[3.1636317, 50.6981201], [3.1635526, 50.6981229], [3.1634394, 50.6980602], [3.1635198, 50.6980359], [3.1637515, 50.6980365], [3.1637841, 50.6980562], [3.1636317, 50.6981201]]]]}, "properties": {"cleabs": "SURFACTI0000000056485518", "table": "zone_d_activite_ou_d_interet", "nature": "Espace public", "nature_detaillee": "Place", "toponyme": "Place de la Patrie"}}, {"type": "Feature", "geometry": {"type": "MultiPolygon", "coordinates": [[[[3.1605036, 50.6879536], [3.1607471, 50.6881229], [3.1607415, 50.6881399], [3.1607175, 50.6881525], [3.1604576, 50.6881412], [3.1604364, 50.6881385], [3.160418, 50.6881215], [3.1604122, 50.6880991], [3.1604218, 50.6879977], [3.1604598, 50.6879635], [3.160481, 50.6879554], [3.1605036, 50.6879536]]]]}, "properties": {"cleabs": "SURFACTI0000000056485520", "table": "zone_d_activite_ou_d_interet", "nature": "Espace public", "nature_detaillee": "Place", "toponyme": "Place d'Amiens"}}, {"type": "Feature", "geometry": {"type": "MultiPolygon", "coordinates": [[[[3.1630113, 50.691555], [3.1633983, 50.6915267], [3.1633273, 50.6914146], [3.1633427, 50.6913679], [3.1635078, 50.6913201], [3.1634255, 50.6911991], [3.1635525, 50.691163], [3.163351, 50.6908753], [3.162723, 50.6910816], [3.1626711, 50.6911759], [3.162441, 50.691256], [3.1625833, 50.6915753], [3.162997, 50.6915012], [3.1630113, 50.691555]]]]}, "properties": {"cleabs": "SURFACTI0000000056485522", "table": "zone_d_activite_ou_d_interet", "nature": "Espace public", "nature_detaillee": "Place", "toponyme": "Place de l'Abreuvoir"}}, {"type": "Feature", "geometry": {"type": "MultiPolygon", "coordinates": [[[[3.1639341, 50.6877625], [3.1640147, 50.6877704], [3.1640812, 50.6877964], [3.1641548, 50.6878627], [3.1641789, 50.6878967], [3.1641664, 50.6879389], [3.1633736, 50.6882855], [3.1633101, 50.6882945], [3.1632352, 50.6882803], [3.1631672, 50.6882355], [3.1631643, 50.6882068], [3.1631783, 50.6881664], [3.1639341, 50.6877625]]]]}, "properties": {"cleabs": "SURFACTI0000000056485523", "table": "zone_d_activite_ou_d_interet", "nature": "Espace public", "nature_detaillee": "Place", "toponyme": "Place Edouard Roussel"}}, {"type": "Feature", "geometry": {"type": "MultiPolygon", "coordinates": [[[[3.1932541, 50.6812584], [3.1940902, 50.6816161], [3.1941611, 50.681694], [3.1937207, 50.6821255], [3.1936247, 50.6821436], [3.1927803, 50.6818434], [3.192732, 50.6817654], [3.1927206, 50.6817322], [3.1931778, 50.6812675], [3.1932541, 50.6812584]]]]}, "properties": {"cleabs": "SURFACTI0000000056485541", "table": "zone_d_activite_ou_d_interet", "nature": "Espace public", "nature_detaillee": "Place", "toponyme": "Place de la Fraternité"}}, {"type": "Feature", "geometry": {"type": "MultiPolygon", "coordinates": [[[[3.181791, 50.6777401], [3.1813066, 50.6777444], [3.1813205, 50.6776977], [3.1813712, 50.6776465], [3.1815884, 50.6775546], [3.181791, 50.6777401]]]]}, "properties": {"cleabs": "SURFACTI0000000056485543", "table": "zone_d_activite_ou_d_interet", "nature": "Espace public", "nature_detaillee": "Square", "toponyme": "Square Louis Suzanne et Andrée Herbeaux"}}, {"type": "Feature", "geometry": {"type": "MultiPolygon", "coordinates": [[[[3.1800726, 50.6731373], [3.1801831, 50.6732322], [3.1801465, 50.6732637], [3.1795178, 50.6735634], [3.1794571, 50.6735635], [3.1794019, 50.6735331], [3.1793721, 50.6734945], [3.1793889, 50.6734586], [3.1794241, 50.6734397], [3.1800205, 50.6731526], [3.1800726, 50.6731373]]]]}, "properties": {"cleabs": "SURFACTI0000000056485556", "table": "zone_d_activite_ou_d_interet", "nature": "Espace public", "nature_detaillee": "Square", "toponyme": "Square Bartholdi"}}, {"type": "Feature", "geometry": {"type": "MultiPolygon", "coordinates": [[[[3.1880911, 50.7033206], [3.1880078, 50.7033288], [3.1877431, 50.7032107], [3.1879107, 50.7030561], [3.1882122, 50.7032064], [3.1880911, 50.7033206]]]]}, "properties": {"cleabs": "SURFACTI0000000066996076", "table": "zone_d_activite_ou_d_interet", "nature": "Espace public", "nature_detaillee": "Square", "toponyme": "Square des Bourles"}}, {"type": "Feature", "geometry": {"type": "MultiPolygon", "coordinates": [[[[3.18507, 50.6994683], [3.1857677, 50.6982514], [3.1869937, 50.6985376], [3.1864345, 50.699355], [3.1863001, 50.6993283], [3.1860514, 50.6996966], [3.18507, 50.6994683]]]]}, "properties": {"cleabs": "SURFACTI0000000081641029", "table": "zone_d_activite_ou_d_interet", "nature": "Espace public", "nature_detaillee": "Parc", "toponyme": "Parc de la Visitation"}}, {"type": "Feature", "geometry": {"type": "MultiPolygon", "coordinates": [[[[3.1608375, 50.6973691], [3.1610429, 50.6975402], [3.1606577, 50.6977166], [3.1603774, 50.6975312], [3.1608375, 50.6973691]]]]}, "properties": {"cleabs": "SURFACTI0000000084055218", "table": "zone_d_activite_ou_d_interet", "nature": "Espace public", "nature_detaillee": "Square", "toponyme": "Square Lili Keller Rosenberg"}}, {"type": "Feature", "geometry": {"type": "MultiPolygon", "coordinates": [[[[3.1673662, 50.702464], [3.1673232, 50.70243], [3.1671382, 50.7022865], [3.1668284, 50.7024241], [3.1669974, 50.7025481], [3.1670631, 50.7025124], [3.1671449, 50.7025693], [3.1673662, 50.702464]]]]}, "properties": {"cleabs": "SURFACTI0000000084055219", "table": "zone_d_activite_ou_d_interet", "nature": "Espace public", "nature_detaillee": "Place", "toponyme": "Place Viviane Romance"}}, {"type": "Feature", "geometry": {"type": "MultiPolygon", "coordinates": [[[[3.1813613, 50.6799752], [3.1822241, 50.6795638], [3.182628, 50.6799231], [3.1827128, 50.6799642], [3.1829645, 50.6800383], [3.1831549, 50.6799707], [3.1833949, 50.680306], [3.1833229, 50.6803286], [3.1820152, 50.6807513], [3.1819811, 50.6807038], [3.1820502, 50.6806759], [3.1818773, 50.6805191], [3.1819139, 50.6804778], [3.1819067, 50.6804401], [3.1818285, 50.6802859], [3.181694, 50.6802134], [3.1815793, 50.6801328], [3.1814139, 50.6800855], [3.1813613, 50.6799752]]]]}, "properties": {"cleabs": "SURFACTI0000000085045888", "table": "zone_d_activite_ou_d_interet", "nature": "Espace public", "nature_detaillee": "Parc", "toponyme": "Parc de la Potennerie"}}, {"type": "Feature", "geometry": {"type": "MultiPolygon", "coordinates": [[[[3.1678773, 50.6934554], [3.1679443, 50.6936384], [3.1675748, 50.6938004], [3.1673257, 50.6932479], [3.1677733, 50.6931756], [3.1678773, 50.6934554]]]]}, "properties": {"cleabs": "SURFACTI0000000085045889", "table": "zone_d_activite_ou_d_interet", "nature": "Espace public", "nature_detaillee": "Square", "toponyme": "Square Jean Pennel"}}, {"type": "Feature", "geometry": {"type": "MultiPolygon", "coordinates": [[[[3.2104792, 50.6845031], [3.2100159, 50.6841791], [3.2103006, 50.684026], [3.2106375, 50.6838505], [3.2105369, 50.6837744], [3.210644, 50.6837141], [3.2106702, 50.6835633], [3.2107322, 50.6835336], [3.2107478, 50.6835398], [3.2108029, 50.6835469], [3.211125, 50.6835697], [3.2111462, 50.6835831], [3.2111134, 50.6838228], [3.2111546, 50.6838999], [3.2113573, 50.6840619], [3.2113672, 50.6840709], [3.2113702, 50.6840942], [3.2113632, 50.6841247], [3.2113421, 50.6841436], [3.2106346, 50.6845065], [3.2105668, 50.6845174], [3.2105131, 50.6845121], [3.2104792, 50.6845031]]]]}, "properties": {"cleabs": "SURFACTI0000000086328186", "table": "zone_d_activite_ou_d_interet", "nature": "Espace public", "nature_detaillee": "Square", "toponyme": "Square de Carihem"}}, {"type": "Feature", "geometry": {"type": "MultiPolygon", "coordinates": [[[[3.1929771, 50.6962869], [3.1929729, 50.6962941], [3.1923747, 50.6961254], [3.1919816, 50.696047], [3.1923217, 50.6952156], [3.1925012, 50.6952377], [3.1926538, 50.6948597], [3.1932051, 50.6949576], [3.1930624, 50.6953122], [3.1931415, 50.6953193], [3.1931739, 50.6952896], [3.193369, 50.6953306], [3.1934089, 50.695772], [3.1931235, 50.695777], [3.1929771, 50.6962869]]]]}, "properties": {"cleabs": "SURFACTI0000000086328192", "table": "zone_d_activite_ou_d_interet", "nature": "Espace public", "nature_detaillee": "Parc", "toponyme": "Jardins de Chlorophylle"}}, {"type": "Feature", "geometry": {"type": "MultiPolygon", "coordinates": [[[[3.178637, 50.6982762], [3.1775071, 50.6979934], [3.1779736, 50.6972694], [3.1795444, 50.6975651], [3.1795474, 50.6976198], [3.1808467, 50.6978701], [3.1805444, 50.6982761], [3.1813069, 50.6985514], [3.1810001, 50.6988677], [3.1807704, 50.6990565], [3.178637, 50.6982762]]]]}, "properties": {"cleabs": "SURFACTI0000000112484498", "table": "zone_d_activite_ou_d_interet", "nature": "Espace public", "nature_detaillee": "Parc", "toponyme": "Parc du Nouveau Monde"}}, {"type": "Feature", "geometry": {"type": "MultiPolygon", "coordinates": [[[[3.1662186, 50.7010832], [3.1659618, 50.7011688], [3.1659395, 50.7012649], [3.1655953, 50.701434], [3.1649749, 50.7022793], [3.1649269, 50.7022784], [3.1649543, 50.7020262], [3.1649565, 50.7018459], [3.1649575, 50.7016951], [3.1649176, 50.7015983], [3.1649059, 50.7010617], [3.1648964, 50.7007512], [3.16489, 50.7005062], [3.1648667, 50.7003169], [3.1648189, 50.69995], [3.1655645, 50.6998144], [3.1662354, 50.7010222], [3.1662186, 50.7010832]]]]}, "properties": {"cleabs": "SURFACTI0000000201121915", "table": "zone_d_activite_ou_d_interet", "nature": "Espace public", "nature_detaillee": "Parc", "toponyme": "Parc Cassel"}}, {"type": "Feature", "geometry": {"type": "MultiPolygon", "coordinates": [[[[3.164258, 50.6775249], [3.1655274, 50.6783147], [3.1667904, 50.6792651], [3.166915, 50.6793753], [3.1671012, 50.6797313], [3.1672838, 50.6802695], [3.1672025, 50.6804536], [3.1669785, 50.6806316], [3.1667171, 50.6805853], [3.1652293, 50.6804176], [3.1648956, 50.6803005], [3.1645943, 50.6801672], [3.1628691, 50.6786377], [3.161845, 50.6777022], [3.1605359, 50.6764134], [3.1596846, 50.6756231], [3.1587296, 50.6746309], [3.1571589, 50.6731863], [3.1566434, 50.6727087], [3.1558657, 50.6719379], [3.1555907, 50.6715838], [3.1555223, 50.6713891], [3.1555048, 50.6712088], [3.1555512, 50.6702198], [3.1556034, 50.6702117], [3.1557267, 50.6703766], [3.1558358, 50.670468], [3.1569313, 50.6713003], [3.1598568, 50.6733982], [3.1604572, 50.6738874], [3.1613315, 50.6748312], [3.1617268, 50.6752211], [3.1617907, 50.6753179], [3.1625851, 50.6760007], [3.1636703, 50.6770232], [3.164258, 50.6775249]]]]}, "properties": {"cleabs": "SURFACTI0000000201121964", "table": "zone_d_activite_ou_d_interet", "nature": "Espace public", "nature_detaillee": "Parc", "toponyme": "Parc Barbieux"}}, {"type": "Feature", "geometry": {"type": "MultiPolygon", "coordinates": [[[[3.1777879, 50.6875227], [3.1774813, 50.6878937], [3.1762706, 50.6874584], [3.176991, 50.6874556], [3.1770603, 50.6874788], [3.1772185, 50.6874804], [3.1772524, 50.6874893], [3.1777553, 50.6874832], [3.1777879, 50.6875227]]]]}, "properties": {"cleabs": "SURFACTI0000000207101652", "table": "zone_d_activite_ou_d_interet", "nature": "Espace public", "nature_detaillee": "Esplanade", "toponyme": "Esplanade Philippe du Trieux"}}, {"type": "Feature", "geometry": {"type": "MultiPolygon", "coordinates": [[[[3.1619052, 50.6957016], [3.1619521, 50.6956905], [3.1620675, 50.6956192], [3.1624457, 50.6953711], [3.162325, 50.6952165], [3.1620728, 50.6952811], [3.1619535, 50.6952301], [3.1618072, 50.6953218], [3.1615645, 50.6953873], [3.1618368, 50.695654], [3.1619052, 50.6957016]]]]}, "properties": {"cleabs": "SURFACTI0000000217096847", "table": "zone_d_activite_ou_d_interet", "nature": "Espace public", "nature_detaillee": "Place", "toponyme": "Placette Henri Isebaert"}}, {"type": "Feature", "geometry": {"type": "MultiPolygon", "coordinates": [[[[3.1787592, 50.6834132], [3.1785674, 50.683496], [3.1781805, 50.683134], [3.1783908, 50.6830879], [3.1777549, 50.6821924], [3.1786098, 50.6819157], [3.1787347, 50.6820797], [3.1786952, 50.682095], [3.17926, 50.682839], [3.1787056, 50.6830193], [3.1788147, 50.6831268], [3.1785763, 50.6832205], [3.1787592, 50.6834132]]]]}, "properties": {"cleabs": "SURFACTI0000000225343795", "table": "zone_d_activite_ou_d_interet", "nature": "Espace public", "nature_detaillee": "Square", "toponyme": "Square Fontier"}}, {"type": "Feature", "geometry": {"type": "MultiPolygon", "coordinates": [[[[3.1948549, 50.6868743], [3.1948548, 50.6868295], [3.1947841, 50.6868296], [3.1947843, 50.6868744], [3.1948549, 50.6868743]]]]}, "properties": {"cleabs": "SURFACTI0000000229472049", "table": "zone_d_activite_ou_d_interet", "nature": "Espace public", "nature_detaillee": "Parvis", "toponyme": "Parvis du Saint-Rédempteur"}}, {"type": "Feature", "geometry": {"type": "MultiPolygon", "coordinates": [[[[3.1580844, 50.6961289], [3.158315, 50.6960252], [3.1579945, 50.6957322], [3.1575976, 50.695925], [3.157564, 50.695897], [3.1574921, 50.6959292], [3.1576423, 50.696055], [3.1580844, 50.6961289]]]]}, "properties": {"cleabs": "SURFACTI0000000243787509", "table": "zone_d_activite_ou_d_interet", "nature": "Espace public", "nature_detaillee": "Place", "toponyme": "Place du Prado"}}, {"type": "Feature", "geometry": {"type": "MultiPolygon", "coordinates": [[[[3.1840247, 50.6878629], [3.1842956, 50.6876463], [3.1841494, 50.6875197], [3.1838182, 50.6877618], [3.1840247, 50.6878629]]]]}, "properties": {"cleabs": "SURFACTI0000000259289709", "table": "zone_d_activite_ou_d_interet", "nature": "Espace public", "nature_detaillee": "Place", "toponyme": "Place Saint-Élisabeth"}}, {"type": "Feature", "geometry": {"type": "MultiPolygon", "coordinates": [[[[3.1838128, 50.6901527], [3.1835473, 50.6900269], [3.1835084, 50.6900414], [3.1834225, 50.6900847], [3.18333, 50.6901892], [3.1833059, 50.6902546], [3.1833179, 50.6903235], [3.1833515, 50.6903829], [3.1833877, 50.6904254], [3.1834453, 50.6904551], [3.1838128, 50.6901527]]]]}, "properties": {"cleabs": "SURFACTI0000000298268560", "table": "zone_d_activite_ou_d_interet", "nature": "Espace public", "nature_detaillee": "Square", "toponyme": "Square des Mille Cheminées"}}, {"type": "Feature", "geometry": {"type": "MultiPolygon", "coordinates": [[[[3.1774682, 50.6945573], [3.1772281, 50.6949115], [3.1772241, 50.694909], [3.1767748, 50.6947858], [3.1767923, 50.6947382], [3.1767105, 50.6947178], [3.1769398, 50.6944052], [3.1774105, 50.6944681], [3.1774682, 50.6945573]]]]}, "properties": {"cleabs": "SURFACTI0000000298276287", "table": "zone_d_activite_ou_d_interet", "nature": "Espace public", "nature_detaillee": "Square", "toponyme": "Square des Tisserands"}}, {"type": "Feature", "geometry": {"type": "MultiPolygon", "coordinates": [[[[3.17757, 50.7013978], [3.1774994, 50.7013979], [3.1774992, 50.701353], [3.1775699, 50.7013529], [3.17757, 50.7013978]]]]}, "properties": {"cleabs": "SURFACTI0000000298276289", "table": "zone_d_activite_ou_d_interet", "nature": "Espace public", "nature_detaillee": "Parvis", "toponyme": "Parvis du Père Piat"}}, {"type": "Feature", "geometry": {"type": "MultiPolygon", "coordinates": [[[[3.179078, 50.6797371], [3.1790074, 50.6797372], [3.1790072, 50.6796923], [3.1790779, 50.6796922], [3.179078, 50.6797371]]]]}, "properties": {"cleabs": "SURFACTI0000000298276398", "table": "zone_d_activite_ou_d_interet", "nature": "Espace public", "nature_detaillee": "Parvis", "toponyme": "Parvis Saint-Jean-Baptiste"}}, {"type": "Feature", "geometry": {"type": "MultiPolygon", "coordinates": [[[[3.1759392, 50.7033339], [3.1755726, 50.7035488], [3.1752892, 50.703744], [3.175213, 50.7037602], [3.1750093, 50.7036914], [3.1749979, 50.7036663], [3.1756035, 50.7030956], [3.1756657, 50.7031], [3.1759532, 50.7032961], [3.1759392, 50.7033339]]]]}, "properties": {"cleabs": "SURFACTI0000000318443616", "table": "zone_d_activite_ou_d_interet", "nature": "Espace public", "nature_detaillee": "Square", "toponyme": "Square du Renouveau"}}, {"type": "Feature", "geometry": {"type": "MultiPolygon", "coordinates": [[[[3.2019299, 50.6849822], [3.2019372, 50.6850387], [3.2016532, 50.685373], [3.20083, 50.6850844], [3.2011761, 50.6847501], [3.2012523, 50.6847311], [3.20133, 50.6847346], [3.2018844, 50.6849212], [3.2019198, 50.6849427], [3.2019299, 50.6849822]]]]}, "properties": {"cleabs": "SURFACTI0000000333119634", "table": "zone_d_activite_ou_d_interet", "nature": "Espace public", "nature_detaillee": "Place", "toponyme": "Place de la Citoyenneté"}}, {"type": "Feature", "geometry": {"type": "MultiPolygon", "coordinates": [[[[3.1611527, 50.6930084], [3.1611043, 50.6929215], [3.1607288, 50.6925657], [3.1605996, 50.6923478], [3.1605191, 50.6923578], [3.1602088, 50.6920638], [3.1601238, 50.6920074], [3.1595305, 50.6915658], [3.1567226, 50.6899146], [3.157795, 50.6895508], [3.1580994, 50.6897595], [3.1582303, 50.6896023], [3.1582768, 50.6895735], [3.1595592, 50.6903884], [3.1593859, 50.6905322], [3.1593963, 50.6906857], [3.159268, 50.6907729], [3.1595712, 50.6910336], [3.1597434, 50.6909876], [3.1597967, 50.6908799], [3.1602216, 50.6912024], [3.1606463, 50.691506], [3.1610374, 50.6918672], [3.161593, 50.6928769], [3.1611527, 50.6930084]]]]}, "properties": {"cleabs": "SURFACTI0000000333187213", "table": "zone_d_activite_ou_d_interet", "nature": "Espace public", "nature_detaillee": "Parc", "toponyme": "Parc Brondeloire"}}, {"type": "Feature", "geometry": {"type": "MultiPolygon", "coordinates": [[[[3.1706747, 50.6876879], [3.1715023, 50.6876383], [3.1715558, 50.6879963], [3.1718651, 50.6879815], [3.1718844, 50.6882551], [3.1713164, 50.6882003], [3.1711362, 50.6879654], [3.1709145, 50.6880007], [3.1706747, 50.6876879]]]]}, "properties": {"cleabs": "SURFACTI0000000338562768", "table": "zone_d_activite_ou_d_interet", "nature": "Espace public", "nature_detaillee": "Square", "toponyme": "Square de la Tour"}}, {"type": "Feature", "geometry": {"type": "MultiPolygon", "coordinates": [[[[3.1878472, 50.6940424], [3.187867, 50.6940495], [3.1878756, 50.6940603], [3.187877, 50.6940765], [3.18787, 50.6940962], [3.1878434, 50.6941474], [3.1877985, 50.6942336], [3.1874429, 50.6939739], [3.1877737, 50.6940299], [3.1878472, 50.6940424]]]]}, "properties": {"cleabs": "SURFACTI0000002006546387", "table": "zone_d_activite_ou_d_interet", "nature": "Espace public", "nature_detaillee": "Place", "toponyme": "Place Nadaud"}}, {"type": "Feature", "geometry": {"type": "MultiPolygon", "coordinates": [[[[3.1880361, 50.6961787], [3.1883764, 50.695743], [3.1885703, 50.6954681], [3.18867, 50.6953073], [3.1891153, 50.6953937], [3.1885168, 50.6962722], [3.1880361, 50.6961787]]]]}, "properties": {"cleabs": "SURFACTI0000002222498350", "table": "zone_d_activite_ou_d_interet", "nature": "Espace public", "nature_detaillee": "Square", "toponyme": "Square Léon Jouhaux"}}, {"type": "Feature", "geometry": {"type": "MultiPolygon", "coordinates": [[[[3.17021, 50.6893621], [3.1701747, 50.689355], [3.1690805, 50.6878606], [3.1691087, 50.6878426], [3.1697638, 50.6877313], [3.1708083, 50.689154], [3.17021, 50.6893621]]]]}, "properties": {"cleabs": "SURFACTI0000002245128830", "table": "zone_d_activite_ou_d_interet", "nature": "Espace public", "nature_detaillee": "Jardins familiaux", "toponyme": "Ferme Urbaine Circulaire du Trichon"}}, {"type": "Feature", "geometry": {"type": "MultiPolygon", "coordinates": [[[[3.1679557, 50.7088258], [3.1669613, 50.7085481], [3.1671616, 50.7076137], [3.1675288, 50.7062672], [3.1682562, 50.7065695], [3.1686713, 50.7068902], [3.1690158, 50.7072226], [3.1681456, 50.7085743], [3.1679557, 50.7088258]]]]}, "properties": {"cleabs": "SURFACTI0000002285427565", "table": "zone_d_activite_ou_d_interet", "nature": "Espace public", "nature_detaillee": "Parc", "toponyme": "Parc de l'Union"}}, {"type": "Feature", "geometry": {"type": "MultiPolygon", "coordinates": [[[[3.1636343, 50.6841878], [3.1632666, 50.6840519], [3.1635988, 50.6836907], [3.1639373, 50.6839747], [3.1636343, 50.6841878]]]]}, "properties": {"cleabs": "SURFACTI0000002330323415", "table": "zone_d_activite_ou_d_interet", "nature": "Espace public", "nature_detaillee": "Place", "toponyme": "Place de l 'Octroi"}}, {"type": "Feature", "geometry": {"type": "MultiPolygon", "coordinates": [[[[3.2012336, 50.6878189], [3.2012776, 50.6875254], [3.2018878, 50.6875218], [3.2025293, 50.6868647], [3.2021277, 50.6867577], [3.2019281, 50.6866342], [3.2014535, 50.687002], [3.2008264, 50.6873611], [3.2012336, 50.6878189]]]]}, "properties": {"cleabs": "SURFACTI0000002333918786", "table": "zone_d_activite_ou_d_interet", "nature": "Espace public", "nature_detaillee": "Square", "toponyme": "Square Armistice 8 Mai 1945"}}, {"type": "Feature", "geometry": {"type": "MultiPolygon", "coordinates": [[[[3.1723358, 50.6886178], [3.1724659, 50.6886595], [3.1722875, 50.6887173], [3.1722526, 50.6886875], [3.1722674, 50.6886484], [3.1722929, 50.6886195], [3.1723358, 50.6886178]]]]}, "properties": {"cleabs": "SURFACTI0000002344912679", "table": "zone_d_activite_ou_d_interet", "nature": "Espace public", "nature_detaillee": "Place", "toponyme": "Place Verte"}}, {"type": "Feature", "geometry": {"type": "MultiPolygon", "coordinates": [[[[3.1908917, 50.6880928], [3.1911364, 50.6878115], [3.1914377, 50.6879224], [3.19168, 50.6877461], [3.1917522, 50.6877891], [3.1918844, 50.6876309], [3.1922326, 50.6878197], [3.1915511, 50.6883834], [3.1912582, 50.6882547], [3.1912215, 50.6882789], [3.1908917, 50.6880928]]]]}, "properties": {"cleabs": "SURFACTI0000002478145771", "table": "zone_d_activite_ou_d_interet", "nature": "Espace public", "nature_detaillee": "Square", "toponyme": "Square de la Teinturerie"}}, {"type": "Feature", "geometry": {"type": "MultiPolygon", "coordinates": [[[[3.1866253, 50.6887526], [3.1866886, 50.6886887], [3.1869405, 50.6887952], [3.1868757, 50.6888581], [3.1868348, 50.6888662], [3.1866382, 50.688801], [3.1866155, 50.6887813], [3.1866168, 50.6887579], [3.1866253, 50.6887526]]]]}, "properties": {"cleabs": "SURFACTI0000002478145772", "table": "zone_d_activite_ou_d_interet", "nature": "Espace public", "nature_detaillee": "Square", "toponyme": "Square Prévert"}}, {"type": "Feature", "geometry": {"type": "MultiPolygon", "coordinates": [[[[3.216386, 50.6880609], [3.2150832, 50.6886106], [3.2145209, 50.6882804], [3.2144557, 50.6882087], [3.2153896, 50.6879253], [3.2155343, 50.6880633], [3.2156968, 50.6880917], [3.215938, 50.6879989], [3.2160379, 50.6879206], [3.2162612, 50.6879301], [3.216386, 50.6880609]]]]}, "properties": {"cleabs": "SURFACTI0000002478145773", "table": "zone_d_activite_ou_d_interet", "nature": "Espace public", "nature_detaillee": "Square", "toponyme": "Square Pellevoisin"}}, {"type": "Feature", "geometry": {"type": "MultiPolygon", "coordinates": [[[[3.1886611, 50.6737994], [3.1885564, 50.6737493], [3.1886732, 50.6736253], [3.1884749, 50.6734739], [3.1891627, 50.673113], [3.1895209, 50.6733637], [3.1886611, 50.6737994]]]]}, "properties": {"cleabs": "SURFACTI0000002478145774", "table": "zone_d_activite_ou_d_interet", "nature": "Espace public", "nature_detaillee": "Square", "toponyme": "Square Terrain Rouge"}}, {"type": "Feature", "geometry": {"type": "MultiPolygon", "coordinates": [[[[3.1604237, 50.6943446], [3.161187, 50.6940071], [3.161239, 50.693938], [3.1614317, 50.6941136], [3.161511, 50.6941826], [3.1613487, 50.6942187], [3.1605046, 50.6944396], [3.1604237, 50.6943446]]]]}, "properties": {"cleabs": "SURFACTI0000002478145776", "table": "zone_d_activite_ou_d_interet", "nature": "Espace public", "nature_detaillee": "Square", "toponyme": "Square de la Savonnerie Victor Vaissier"}}, {"type": "Feature", "geometry": {"type": "MultiPolygon", "coordinates": [[[[3.1723327, 50.6904539], [3.1723591, 50.6903328], [3.1716766, 50.6902718], [3.1716709, 50.6902458], [3.1731624, 50.6901737], [3.1731728, 50.6903334], [3.1733975, 50.6903546], [3.1733387, 50.6905073], [3.1731493, 50.6904761], [3.1730574, 50.6904556], [3.1723327, 50.6904539]]]]}, "properties": {"cleabs": "SURFACTI0000002478145777", "table": "zone_d_activite_ou_d_interet", "nature": "Espace public", "nature_detaillee": "Square", "toponyme": "Square Camille Claudel"}}, {"type": "Feature", "geometry": {"type": "MultiPolygon", "coordinates": [[[[3.158516, 50.695982], [3.1584891, 50.6959605], [3.1586313, 50.695815], [3.1584019, 50.6956394], [3.1584922, 50.6955998], [3.1585432, 50.6956356], [3.1589297, 50.6954368], [3.1591675, 50.6955855], [3.1589164, 50.6957195], [3.1592307, 50.69593], [3.1590078, 50.6960218], [3.1587869, 50.695857], [3.158516, 50.695982]]]]}, "properties": {"cleabs": "SURFACTI0000002478335988", "table": "zone_d_activite_ou_d_interet", "nature": "Espace public", "nature_detaillee": "Jardins familiaux", "toponyme": "Jardins Familiaux du Fresnoy Mackellerie"}}, {"type": "Feature", "geometry": {"type": "MultiPolygon", "coordinates": [[[[3.1684868, 50.7037139], [3.1685092, 50.7036474], [3.1686735, 50.7033466], [3.1685799, 50.7032534], [3.1694543, 50.7027605], [3.1698321, 50.702506], [3.1702868, 50.7028249], [3.1699061, 50.7030704], [3.1699797, 50.7031044], [3.169825, 50.7033226], [3.1700174, 50.7033726], [3.169631, 50.7040237], [3.1684868, 50.7037139]]]]}, "properties": {"cleabs": "SURFACTI0000002498424529", "table": "zone_d_activite_ou_d_interet", "nature": "Espace public", "nature_detaillee": "Jardin public", "toponyme": "Terrain Rouge"}}, {"type": "Feature", "geometry": {"type": "MultiPolygon", "coordinates": [[[[3.1945682, 50.6908815], [3.1946316, 50.6908392], [3.1947218, 50.6907798], [3.1949807, 50.6905282], [3.1949902, 50.6907929], [3.1949964, 50.690931], [3.1945727, 50.6909389], [3.1945682, 50.6908815]]]]}, "properties": {"cleabs": "SURFACTI0000002498427911", "table": "zone_d_activite_ou_d_interet", "nature": "Espace public", "nature_detaillee": "Square", "toponyme": "Square Gustave Ansart"}}, {"type": "Feature", "geometry": {"type": "MultiPolygon", "coordinates": [[[[3.1882455, 50.7049167], [3.1882453, 50.7048718], [3.1881747, 50.7048719], [3.1881748, 50.7049168], [3.1882455, 50.7049167]]]]}, "properties": {"cleabs": "PAIHABIT0000000056581246", "table": "zone_d_habitation", "nature": "Quartier", "nature_detaillee": "Quartier urbain", "toponyme": "le Hutin"}}, {"type": "Feature", "geometry": {"type": "MultiPolygon", "coordinates": [[[[3.1666678, 50.7052956], [3.1666677, 50.7052508], [3.166597, 50.7052509], [3.1665972, 50.7052957], [3.1666678, 50.7052956]]]]}, "properties": {"cleabs": "PAIHABIT0000000056581247", "table": "zone_d_habitation", "nature": "Quartier", "nature_detaillee": "Quartier urbain", "toponyme": "l'Union"}}, {"type": "Feature", "geometry": {"type": "MultiPolygon", "coordinates": [[[[3.2016739, 50.693678], [3.2018256, 50.6934713], [3.2034736, 50.6912082], [3.2048459, 50.6892874], [3.2039805, 50.6890609], [3.2020942, 50.6886072], [3.201625, 50.6892478], [3.1993901, 50.6881602], [3.1986782, 50.687815], [3.1981362, 50.6875493], [3.198122, 50.6875404], [3.1976097, 50.6873025], [3.1971681, 50.6870896], [3.1969559, 50.686993], [3.1967563, 50.6868956], [3.1955887, 50.6863114], [3.1946615, 50.6857978], [3.194476, 50.6856913], [3.1925948, 50.6846641], [3.191984, 50.685242], [3.1912339, 50.6859736], [3.1902881, 50.6868769], [3.1902755, 50.6868958], [3.1902052, 50.6869677], [3.189303, 50.687844], [3.188816, 50.688314], [3.1884135, 50.6887023], [3.1878434, 50.6892532], [3.187289, 50.6898221], [3.1870385, 50.6900746], [3.186719, 50.690391], [3.185845, 50.6912672], [3.1856367, 50.6914748], [3.1850807, 50.6920257], [3.1848175, 50.6922881], [3.18465, 50.6924508], [3.1848917, 50.6924845], [3.1861244, 50.6927187], [3.1868029, 50.6928128], [3.1877495, 50.6928419], [3.1879615, 50.6928676], [3.1881876, 50.6928744], [3.1883995, 50.6928732], [3.1884842, 50.6928731], [3.1887385, 50.6928619], [3.1894305, 50.6928124], [3.1897681, 50.6927922], [3.1900506, 50.692781], [3.1902908, 50.6927887], [3.1903897, 50.6927966], [3.1909107, 50.6927213], [3.1917565, 50.6925989], [3.1928708, 50.6925101], [3.1938017, 50.6924862], [3.1946212, 50.6925343], [3.1950609, 50.6926117], [3.1967177, 50.6928873], [3.2013912, 50.6936353], [3.2016739, 50.693678]]]]}, "properties": {"cleabs": "PAIHABIT0000000056581248", "table": "zone_d_habitation", "nature": "Quartier", "nature_detaillee": "Quartier urbain", "toponyme": "le Pile"}}, {"type": "Feature", "geometry": {"type": "MultiPolygon", "coordinates": [[[[3.193994, 50.6859595], [3.1939938, 50.6859146], [3.1939232, 50.6859147], [3.1939234, 50.6859596], [3.193994, 50.6859595]]]]}, "properties": {"cleabs": "PAIHABIT0000000056581249", "table": "zone_d_habitation", "nature": "Lieu-dit habité", "nature_detaillee": "", "toponyme": "les Cretonnes"}}, {"type": "Feature", "geometry": {"type": "MultiPolygon", "coordinates": [[[[3.198122, 50.6875404], [3.1981362, 50.6875493], [3.1986782, 50.687815], [3.1993901, 50.6881602], [3.201625, 50.6892478], [3.2020942, 50.6886072], [3.2023445, 50.6883277], [3.2052807, 50.6850781], [3.2059175, 50.6843107], [3.2059863, 50.6842298], [3.206085, 50.6841839], [3.2039316, 50.6829526], [3.2032039, 50.6825177], [3.2014339, 50.6814267], [3.2009713, 50.6815917], [3.2009008, 50.6816097], [3.2008302, 50.6816108], [3.2007595, 50.6815929], [3.2006607, 50.6816029], [3.200576, 50.68163], [3.2004929, 50.6816759], [3.2003943, 50.6817568], [3.1988769, 50.6837774], [3.1987254, 50.6840289], [3.1986444, 50.6842723], [3.1986196, 50.6844248], [3.198609, 50.6846043], [3.1986111, 50.6847748], [3.1986271, 50.6848915], [3.1986852, 50.6849353], [3.1988124, 50.6849701], [3.1997219, 50.6852693], [3.1996955, 50.685386], [3.1996429, 50.6856553], [3.1996181, 50.6858079], [3.1996623, 50.6859155], [3.1997331, 50.6859683], [3.1995938, 50.686104], [3.1992055, 50.6864923], [3.1989691, 50.6867188], [3.1982754, 50.6873876], [3.198122, 50.6875404]]]]}, "properties": {"cleabs": "PAIHABIT0000000056581251", "table": "zone_d_habitation", "nature": "Quartier", "nature_detaillee": "Quartier urbain", "toponyme": "Trois Ponts"}}, {"type": "Feature", "geometry": {"type": "MultiPolygon", "coordinates": [[[[3.1883975, 50.6968467], [3.188652, 50.6969082], [3.1940821, 50.6981534], [3.1951455, 50.6983967], [3.1975567, 50.6989636], [3.1991065, 50.6971225], [3.1988943, 50.6970609], [3.1998634, 50.6959781], [3.200015, 50.6957167], [3.2006925, 50.6948605], [3.2013546, 50.6940213], [3.2015363, 50.6938944], [3.2016739, 50.693678], [3.2013912, 50.6936353], [3.1967177, 50.6928873], [3.1950609, 50.6926117], [3.1946212, 50.6925343], [3.1938017, 50.6924862], [3.1928708, 50.6925101], [3.1917565, 50.6925989], [3.1909107, 50.6927213], [3.1903897, 50.6927966], [3.1902908, 50.6927887], [3.1900506, 50.692781], [3.1897681, 50.6927922], [3.1894305, 50.6928124], [3.1887385, 50.6928619], [3.1886009, 50.6930874], [3.1884633, 50.6933119], [3.1882161, 50.6937089], [3.1880238, 50.6940332], [3.189781, 50.6943257], [3.1900778, 50.6943773], [3.190009, 50.694477], [3.1883975, 50.6968467]]]]}, "properties": {"cleabs": "PAIHABIT0000000056581252", "table": "zone_d_habitation", "nature": "Quartier", "nature_detaillee": "Quartier urbain", "toponyme": "Entrepont"}}, {"type": "Feature", "geometry": {"type": "MultiPolygon", "coordinates": [[[[3.1791845, 50.6949274], [3.1797232, 50.6950406], [3.1800922, 50.6951101], [3.1801487, 50.695118], [3.1804171, 50.6951078], [3.1805586, 50.6951605], [3.1807564, 50.6951683], [3.1808977, 50.6951762], [3.1812933, 50.6951639], [3.1816181, 50.6951446], [3.1818851, 50.6951155], [3.1820685, 50.6950695], [3.1822239, 50.6950504], [3.182321, 50.6949417], [3.1823759, 50.6948878], [3.1824871, 50.694779], [3.1827236, 50.6945445], [3.1828756, 50.6943818], [3.1830291, 50.6942641], [3.1831528, 50.6940754], [3.1838043, 50.6933709], [3.184512, 50.6925856], [3.18465, 50.6924508], [3.1845086, 50.6924241], [3.1829084, 50.6921573], [3.182073, 50.6920104], [3.1817322, 50.691914], [3.1804552, 50.6915462], [3.1802996, 50.6915024], [3.1799587, 50.6913791], [3.1798725, 50.6913532], [3.1798442, 50.6913442], [3.1797593, 50.6913085], [3.179219, 50.6911154], [3.1786376, 50.6909126], [3.1782245, 50.6907274], [3.1781536, 50.6906737], [3.1779667, 50.6905402], [3.1778533, 50.6904426], [3.1777794, 50.690309], [3.1776927, 50.6901655], [3.1775903, 50.6899602], [3.1775303, 50.6897808], [3.1775303, 50.6897718], [3.1774858, 50.6895843], [3.1774417, 50.6894857], [3.1774118, 50.6894229], [3.1773076, 50.6891278], [3.1771203, 50.6888688], [3.1768765, 50.6886376], [3.1765621, 50.6884245], [3.1761348, 50.6882294], [3.1757799, 50.688116], [3.1755395, 50.6880454], [3.1751124, 50.6879141], [3.1747448, 50.6878177], [3.1746195, 50.6879355], [3.1744534, 50.6881161], [3.1744112, 50.688161], [3.1743704, 50.6882149], [3.1743001, 50.6882957], [3.1741624, 50.6885212], [3.1739309, 50.6889531], [3.1738215, 50.6891785], [3.1737262, 50.689403], [3.1736451, 50.6896463], [3.1734844, 50.690158], [3.1734048, 50.6904282], [3.1733768, 50.690509], [3.1731895, 50.6910845], [3.1731224, 50.691291], [3.1730978, 50.6915243], [3.1730714, 50.691659], [3.1730856, 50.6916679], [3.1732568, 50.6917475], [3.1728719, 50.692369], [3.1728593, 50.6924229], [3.1728596, 50.6924947], [3.1728895, 50.6925664], [3.1729761, 50.6926731], [3.1730625, 50.6927627], [3.1732056, 50.6928693], [3.1733329, 50.692931], [3.1734475, 50.6929659], [3.1741117, 50.6930331], [3.1740731, 50.6933024], [3.1740481, 50.693429], [3.1740095, 50.6937072], [3.1741931, 50.6936881], [3.1744474, 50.6936859], [3.1744756, 50.6936859], [3.1746876, 50.6937116], [3.1747442, 50.6937196], [3.1750126, 50.6937183], [3.1751131, 50.6937711], [3.1755655, 50.6938755], [3.1762188, 50.6940325], [3.1766587, 50.6941916], [3.176844, 50.6942434], [3.1776091, 50.694472], [3.1791719, 50.6949543], [3.1791845, 50.6949274]]]]}, "properties": {"cleabs": "PAIHABIT0000000056581254", "table": "zone_d_habitation", "nature": "Quartier", "nature_detaillee": "Quartier urbain", "toponyme": "Centre Ville"}}, {"type": "Feature", "geometry": {"type": "MultiPolygon", "coordinates": [[[[3.1609509, 50.6930859], [3.1612882, 50.6929849], [3.1615831, 50.692884], [3.1618075, 50.6928021], [3.1620882, 50.6926743], [3.1623548, 50.6925474], [3.1623689, 50.6925384], [3.162634, 50.6923927], [3.1628724, 50.6922838], [3.1630135, 50.6922289], [3.1632238, 50.6921649], [3.1634907, 50.6921179], [3.1640131, 50.6920517], [3.1642518, 50.6920146], [3.1662243, 50.691723], [3.1665336, 50.691676], [3.1670405, 50.6916008], [3.1683085, 50.6914223], [3.1686191, 50.6913842], [3.168831, 50.6913651], [3.1689863, 50.691346], [3.169283, 50.6913618], [3.1698765, 50.6914022], [3.1692107, 50.6904385], [3.1691667, 50.6903847], [3.1686774, 50.6898138], [3.1698587, 50.6894918], [3.1699702, 50.6894557], [3.1700689, 50.6894098], [3.1701536, 50.6893828], [3.1707435, 50.6892169], [3.1722479, 50.6887939], [3.1722305, 50.6886513], [3.1720678, 50.6873423], [3.1720199, 50.6869843], [3.17003, 50.686262], [3.1694346, 50.6860411], [3.1681191, 50.686759], [3.1667471, 50.6874859], [3.1654879, 50.6881759], [3.1647462, 50.6885843], [3.1644656, 50.68873], [3.1642414, 50.6888568], [3.1641159, 50.6889297], [3.1635138, 50.6892562], [3.1626043, 50.6897474], [3.1623941, 50.6898562], [3.1616397, 50.6902736], [3.1602254, 50.6910723], [3.1595259, 50.6914626], [3.1592044, 50.6916443], [3.1599902, 50.6921772], [3.1602339, 50.6924084], [3.1609509, 50.6930859]]]]}, "properties": {"cleabs": "PAIHABIT0000000056581255", "table": "zone_d_habitation", "nature": "Quartier", "nature_detaillee": "Quartier urbain", "toponyme": "Trichon"}}, {"type": "Feature", "geometry": {"type": "MultiPolygon", "coordinates": [[[[3.1746548, 50.6992994], [3.1752097, 50.6995921], [3.1752239, 50.699601], [3.1764622, 50.7001754], [3.1777005, 50.7007407], [3.1788256, 50.7012533], [3.1799211, 50.7017578], [3.1806613, 50.7020932], [3.1821134, 50.702765], [3.183594, 50.7034726], [3.1838785, 50.7035871], [3.1852695, 50.701452], [3.1854072, 50.7012356], [3.187612, 50.6980001], [3.1883975, 50.6968467], [3.190009, 50.694477], [3.1900778, 50.6943773], [3.189781, 50.6943257], [3.1880238, 50.6940332], [3.1882161, 50.6937089], [3.1884633, 50.6933119], [3.1886009, 50.6930874], [3.1887385, 50.6928619], [3.1884842, 50.6928731], [3.1883995, 50.6928732], [3.1881876, 50.6928744], [3.1879615, 50.6928676], [3.1877495, 50.6928419], [3.1868029, 50.6928128], [3.1861244, 50.6927187], [3.1848917, 50.6924845], [3.18465, 50.6924508], [3.184512, 50.6925856], [3.1838043, 50.6933709], [3.1831528, 50.6940754], [3.1830291, 50.6942641], [3.1828756, 50.6943818], [3.1827236, 50.6945445], [3.1824871, 50.694779], [3.1823759, 50.6948878], [3.182321, 50.6949417], [3.1822239, 50.6950504], [3.1820685, 50.6950695], [3.1818851, 50.6951155], [3.1816181, 50.6951446], [3.1812933, 50.6951639], [3.1808977, 50.6951762], [3.1807564, 50.6951683], [3.1805586, 50.6951605], [3.1804171, 50.6951078], [3.1801487, 50.695118], [3.1800922, 50.6951101], [3.1797232, 50.6950406], [3.1791719, 50.6949543], [3.1787167, 50.6956756], [3.178374, 50.6962333], [3.1777826, 50.697188], [3.177246, 50.6980619], [3.176958, 50.6985397], [3.1768876, 50.6985937], [3.1768734, 50.6985937], [3.1746548, 50.6992994]]]]}, "properties": {"cleabs": "PAIHABIT0000000056581256", "table": "zone_d_habitation", "nature": "Quartier", "nature_detaillee": "Quartier urbain", "toponyme": "Hommelet"}}, {"type": "Feature", "geometry": {"type": "MultiPolygon", "coordinates": [[[[3.1632482, 50.6962012], [3.1637957, 50.6959734], [3.1642021, 50.6958356], [3.1640733, 50.6957469], [3.1639883, 50.6956851], [3.1638437, 50.6955238], [3.1641262, 50.6955135], [3.1641952, 50.6954408], [3.1642091, 50.6953779], [3.1643204, 50.6952791], [3.1643894, 50.6952153], [3.1648255, 50.6950693], [3.1653715, 50.6948416], [3.1659454, 50.6945142], [3.1666482, 50.6942853], [3.1668302, 50.6942124], [3.1669572, 50.6941673], [3.1670969, 50.6941124], [3.1671958, 50.6941114], [3.1681212, 50.6937018], [3.1692992, 50.6932184], [3.170772, 50.692625], [3.1727921, 50.6917778], [3.1730714, 50.691659], [3.1730978, 50.6915243], [3.1731224, 50.691291], [3.1731895, 50.6910845], [3.1733768, 50.690509], [3.1734048, 50.6904282], [3.1734844, 50.690158], [3.1736451, 50.6896463], [3.1737262, 50.689403], [3.1738215, 50.6891785], [3.1739309, 50.6889531], [3.1741624, 50.6885212], [3.1743001, 50.6882957], [3.1743704, 50.6882149], [3.1744112, 50.688161], [3.1744534, 50.6881161], [3.1746195, 50.6879355], [3.1740368, 50.6877236], [3.1728289, 50.6872838], [3.1720199, 50.6869843], [3.1720678, 50.6873423], [3.1722305, 50.6886513], [3.1722479, 50.6887939], [3.1707435, 50.6892169], [3.1701536, 50.6893828], [3.1700689, 50.6894098], [3.1699702, 50.6894557], [3.1698587, 50.6894918], [3.1686774, 50.6898138], [3.1691667, 50.6903847], [3.1692107, 50.6904385], [3.1698765, 50.6914022], [3.169283, 50.6913618], [3.1689863, 50.691346], [3.168831, 50.6913651], [3.1686191, 50.6913842], [3.1683085, 50.6914223], [3.1670405, 50.6916008], [3.1665336, 50.691676], [3.1662243, 50.691723], [3.1642518, 50.6920146], [3.1640131, 50.6920517], [3.1634907, 50.6921179], [3.1632238, 50.6921649], [3.1630135, 50.6922289], [3.1628724, 50.6922838], [3.162634, 50.6923927], [3.1623689, 50.6925384], [3.1623548, 50.6925474], [3.1620882, 50.6926743], [3.1618075, 50.6928021], [3.1615831, 50.692884], [3.1612882, 50.6929849], [3.1609509, 50.6930859], [3.1617719, 50.6940405], [3.1621481, 50.6945937], [3.1625259, 50.6952186], [3.1632482, 50.6962012]]]]}, "properties": {"cleabs": "PAIHABIT0000000056581257", "table": "zone_d_habitation", "nature": "Quartier", "nature_detaillee": "Quartier urbain", "toponyme": "Espérance"}}, {"type": "Feature", "geometry": {"type": "MultiPolygon", "coordinates": [[[[3.1735124, 50.7002944], [3.1722652, 50.6999973], [3.171428, 50.6997966], [3.1713007, 50.6997528], [3.1712425, 50.6996721], [3.1708643, 50.6989844], [3.170806, 50.6988678], [3.1704421, 50.6982249], [3.1697959, 50.6984716], [3.1695997, 50.6985446], [3.1694179, 50.6986624], [3.1692094, 50.698843], [3.1689587, 50.6990955], [3.1684021, 50.6986871], [3.1680593, 50.6984381], [3.1675454, 50.6981184], [3.166989, 50.6977728], [3.1662315, 50.6972929], [3.1660758, 50.6972222], [3.1675013, 50.6963427], [3.167655, 50.6962518], [3.1681883, 50.6960241], [3.1699563, 50.6953666], [3.172411, 50.6943367], [3.1724393, 50.6943277], [3.1725366, 50.6942818], [3.1732941, 50.6939451], [3.1735748, 50.6938262], [3.1737286, 50.6937713], [3.1739121, 50.6937253], [3.1740095, 50.6937072], [3.1741931, 50.6936881], [3.1744474, 50.6936859], [3.1744756, 50.6936859], [3.1746876, 50.6937116], [3.1747442, 50.6937196], [3.1750126, 50.6937183], [3.1751131, 50.6937711], [3.1755655, 50.6938755], [3.1762188, 50.6940325], [3.1766587, 50.6941916], [3.176844, 50.6942434], [3.1776091, 50.694472], [3.1791719, 50.6949543], [3.1787167, 50.6956756], [3.178374, 50.6962333], [3.1777826, 50.697188], [3.177246, 50.6980619], [3.176958, 50.6985397], [3.1768876, 50.6985937], [3.1768734, 50.6985937], [3.1746548, 50.6992994], [3.1740792, 50.6995461], [3.1738724, 50.6997986], [3.1735265, 50.7002845], [3.1735124, 50.7002944]]]]}, "properties": {"cleabs": "PAIHABIT0000000056581259", "table": "zone_d_habitation", "nature": "Quartier", "nature_detaillee": "Quartier urbain", "toponyme": "Fosse aux Chênes"}}, {"type": "Feature", "geometry": {"type": "MultiPolygon", "coordinates": [[[[3.1682948, 50.7084018], [3.168611, 50.7078881], [3.1690383, 50.7072038], [3.169616, 50.706276], [3.1698493, 50.7059069], [3.1698493, 50.7058979], [3.1699871, 50.7056905], [3.1701248, 50.705474], [3.1708277, 50.7044115], [3.1714617, 50.7034379], [3.171695, 50.7030778], [3.1722742, 50.7022128], [3.1723571, 50.7020781], [3.1732932, 50.7006366], [3.1734309, 50.7004201], [3.1735124, 50.7002944], [3.1722652, 50.6999973], [3.171428, 50.6997966], [3.1713007, 50.6997528], [3.1712425, 50.6996721], [3.1708643, 50.6989844], [3.170806, 50.6988678], [3.1704421, 50.6982249], [3.1697959, 50.6984716], [3.1695997, 50.6985446], [3.1694179, 50.6986624], [3.1692094, 50.698843], [3.1689587, 50.6990955], [3.1684021, 50.6986871], [3.1680593, 50.6984381], [3.1675454, 50.6981184], [3.166989, 50.6977728], [3.1662315, 50.6972929], [3.1660758, 50.6972222], [3.1658515, 50.697305], [3.1652211, 50.6976675], [3.1651645, 50.6976326], [3.165025, 50.6977584], [3.1648571, 50.6978223], [3.1648007, 50.6978412], [3.164661, 50.6979141], [3.164548, 50.6979053], [3.1643926, 50.6979243], [3.1642938, 50.6979433], [3.1641808, 50.6979614], [3.1645146, 50.6993501], [3.1645885, 50.7003541], [3.164675, 50.7013132], [3.164562, 50.7021748], [3.1644667, 50.7032876], [3.1644225, 50.7040325], [3.164343, 50.7043377], [3.1641327, 50.7052631], [3.1639332, 50.7060539], [3.1649345, 50.7067561], [3.165062, 50.7068268], [3.1651483, 50.7068797], [3.1652615, 50.7069244], [3.1654594, 50.7069412], [3.1656164, 50.706976], [3.1658144, 50.7070188], [3.1658725, 50.7070815], [3.1662896, 50.7075628], [3.1682948, 50.7084018]]]]}, "properties": {"cleabs": "PAIHABIT0000000056581260", "table": "zone_d_habitation", "nature": "Quartier", "nature_detaillee": "Quartier urbain", "toponyme": "Alma Gare"}}, {"type": "Feature", "geometry": {"type": "MultiPolygon", "coordinates": [[[[3.1754599, 50.7076992], [3.1749495, 50.7076128], [3.1731474, 50.7071138], [3.1726353, 50.7069467], [3.1725346, 50.7068391], [3.1723772, 50.7066967], [3.1722607, 50.7065093], [3.171835, 50.7063959], [3.1703404, 50.7073832], [3.1701709, 50.7073933], [3.1699448, 50.7073865], [3.1694978, 50.707694], [3.1685933, 50.7085073], [3.1682948, 50.7084018], [3.168611, 50.7078881], [3.1690383, 50.7072038], [3.169616, 50.706276], [3.1698493, 50.7059069], [3.1698493, 50.7058979], [3.1699871, 50.7056905], [3.1701248, 50.705474], [3.1708277, 50.7044115], [3.1714617, 50.7034379], [3.171695, 50.7030778], [3.1722742, 50.7022128], [3.1723571, 50.7020781], [3.1732932, 50.7006366], [3.1734309, 50.7004201], [3.1735124, 50.7002944], [3.1735265, 50.7002845], [3.1738724, 50.6997986], [3.1740792, 50.6995461], [3.1746548, 50.6992994], [3.1752097, 50.6995921], [3.1752239, 50.699601], [3.1764622, 50.7001754], [3.1777005, 50.7007407], [3.1788256, 50.7012533], [3.1799211, 50.7017578], [3.1806613, 50.7020932], [3.1821134, 50.702765], [3.183594, 50.7034726], [3.1838785, 50.7035871], [3.183435, 50.7040301], [3.1827694, 50.7047786], [3.1823367, 50.705096], [3.1819038, 50.7053497], [3.1815399, 50.7055404], [3.1810209, 50.7058131], [3.1805032, 50.7060678], [3.1800812, 50.7062057], [3.1800954, 50.7062326], [3.1800969, 50.7062676], [3.1800972, 50.7063394], [3.1800706, 50.7064031], [3.1800298, 50.706457], [3.1799169, 50.706502], [3.179818, 50.706512], [3.1796518, 50.7066657], [3.1795405, 50.7067565], [3.1794151, 50.7068644], [3.1791646, 50.7071537], [3.1789385, 50.7071459], [3.1788273, 50.7072547], [3.1787033, 50.7073625], [3.1786329, 50.7074353], [3.1785214, 50.7074803], [3.178479, 50.7074813], [3.1784069, 50.7074545], [3.1783501, 50.7074007], [3.1782213, 50.707321], [3.178108, 50.7072683], [3.1779808, 50.7072514], [3.1778535, 50.7072336], [3.1777548, 50.7072885], [3.1776858, 50.7073514], [3.1774774, 50.7075509], [3.1773503, 50.707596], [3.1754599, 50.7076992]]]]}, "properties": {"cleabs": "PAIHABIT0000000056581261", "table": "zone_d_habitation", "nature": "Quartier", "nature_detaillee": "Quartier urbain", "toponyme": "Cul de Four"}}, {"type": "Feature", "geometry": {"type": "MultiPolygon", "coordinates": [[[[3.18465, 50.6924508], [3.1848175, 50.6922881], [3.1850807, 50.6920257], [3.1856367, 50.6914748], [3.185845, 50.6912672], [3.186719, 50.690391], [3.1864629, 50.6902765], [3.1854241, 50.689772], [3.1852968, 50.6897192], [3.1845129, 50.6893659], [3.1842582, 50.6892595], [3.1838168, 50.6890654], [3.183654, 50.6889831], [3.1832197, 50.6888007], [3.1826495, 50.688544], [3.1824768, 50.688468], [3.1809981, 50.6877666], [3.1801308, 50.6873596], [3.1797884, 50.6872003], [3.1795323, 50.6870858], [3.1773562, 50.6860776], [3.1764875, 50.6856706], [3.1760815, 50.6859072], [3.1760265, 50.6859431], [3.1760124, 50.6859521], [3.1759843, 50.6859791], [3.175942, 50.6860249], [3.1758872, 50.6861058], [3.175793, 50.686227], [3.1756559, 50.6866005], [3.1755606, 50.686825], [3.1754528, 50.6870863], [3.1753981, 50.687194], [3.1753011, 50.6873387], [3.1752462, 50.6874015], [3.1752181, 50.6874195], [3.1751899, 50.6874555], [3.1751209, 50.6875193], [3.1751068, 50.6875283], [3.1749251, 50.6876551], [3.1747448, 50.6878177], [3.1751124, 50.6879141], [3.1755395, 50.6880454], [3.1757799, 50.688116], [3.1761348, 50.6882294], [3.1765621, 50.6884245], [3.1768765, 50.6886376], [3.1771203, 50.6888688], [3.1773076, 50.6891278], [3.1774118, 50.6894229], [3.1774417, 50.6894857], [3.1774858, 50.6895843], [3.1775303, 50.6897718], [3.1775303, 50.6897808], [3.1775903, 50.6899602], [3.1776927, 50.6901655], [3.1777794, 50.690309], [3.1778533, 50.6904426], [3.1779667, 50.6905402], [3.1781536, 50.6906737], [3.1782245, 50.6907274], [3.1786376, 50.6909126], [3.179219, 50.6911154], [3.1797593, 50.6913085], [3.1798442, 50.6913442], [3.1798725, 50.6913532], [3.1799587, 50.6913791], [3.1802996, 50.6915024], [3.1804552, 50.6915462], [3.1817322, 50.691914], [3.182073, 50.6920104], [3.1829084, 50.6921573], [3.1845086, 50.6924241], [3.18465, 50.6924508]]]]}, "properties": {"cleabs": "PAIHABIT0000000056581262", "table": "zone_d_habitation", "nature": "Quartier", "nature_detaillee": "Quartier urbain", "toponyme": "Anseele Motte-Bossut"}}, {"type": "Feature", "geometry": {"type": "MultiPolygon", "coordinates": [[[[3.1641808, 50.6979614], [3.1642938, 50.6979433], [3.1643926, 50.6979243], [3.164548, 50.6979053], [3.164661, 50.6979141], [3.1648007, 50.6978412], [3.1648571, 50.6978223], [3.165025, 50.6977584], [3.1651645, 50.6976326], [3.1652211, 50.6976675], [3.1658515, 50.697305], [3.1660758, 50.6972222], [3.1675013, 50.6963427], [3.167655, 50.6962518], [3.1681883, 50.6960241], [3.1699563, 50.6953666], [3.172411, 50.6943367], [3.1724393, 50.6943277], [3.1725366, 50.6942818], [3.1732941, 50.6939451], [3.1735748, 50.6938262], [3.1737286, 50.6937713], [3.1739121, 50.6937253], [3.1740095, 50.6937072], [3.1740481, 50.693429], [3.1740731, 50.6933024], [3.1741117, 50.6930331], [3.1734475, 50.6929659], [3.1733329, 50.692931], [3.1732056, 50.6928693], [3.1730625, 50.6927627], [3.1729761, 50.6926731], [3.1728895, 50.6925664], [3.1728596, 50.6924947], [3.1728593, 50.6924229], [3.1728719, 50.692369], [3.1732568, 50.6917475], [3.1730856, 50.6916679], [3.1730714, 50.691659], [3.1727921, 50.6917778], [3.170772, 50.692625], [3.1692992, 50.6932184], [3.1681212, 50.6937018], [3.1671958, 50.6941114], [3.1670969, 50.6941124], [3.1669572, 50.6941673], [3.1668302, 50.6942124], [3.1666482, 50.6942853], [3.1659454, 50.6945142], [3.1653715, 50.6948416], [3.1648255, 50.6950693], [3.1643894, 50.6952153], [3.1643204, 50.6952791], [3.1642091, 50.6953779], [3.1641952, 50.6954408], [3.1641262, 50.6955135], [3.1638437, 50.6955238], [3.1639883, 50.6956851], [3.1640733, 50.6957469], [3.1642021, 50.6958356], [3.1637957, 50.6959734], [3.1632482, 50.6962012], [3.1636847, 50.6970234], [3.1639036, 50.6974521], [3.1641808, 50.6979614]]]]}, "properties": {"cleabs": "PAIHABIT0000000056581263", "table": "zone_d_habitation", "nature": "Quartier", "nature_detaillee": "Quartier urbain", "toponyme": "Nations Unies"}}, {"type": "Feature", "geometry": {"type": "MultiPolygon", "coordinates": [[[[3.1764875, 50.6856706], [3.1773562, 50.6860776], [3.1795323, 50.6870858], [3.1797884, 50.6872003], [3.1801308, 50.6873596], [3.1809981, 50.6877666], [3.1824768, 50.688468], [3.1826495, 50.688544], [3.1832197, 50.6888007], [3.183654, 50.6889831], [3.1838168, 50.6890654], [3.1842582, 50.6892595], [3.1845129, 50.6893659], [3.1852968, 50.6897192], [3.1854241, 50.689772], [3.1864629, 50.6902765], [3.186719, 50.690391], [3.1870385, 50.6900746], [3.187289, 50.6898221], [3.1878434, 50.6892532], [3.1884135, 50.6887023], [3.188816, 50.688314], [3.189303, 50.687844], [3.1902052, 50.6869677], [3.1902755, 50.6868958], [3.1902881, 50.6868769], [3.1912339, 50.6859736], [3.191984, 50.685242], [3.1925948, 50.6846641], [3.1911695, 50.6838847], [3.1906109, 50.6825969], [3.1903032, 50.6818992], [3.1902433, 50.6817468], [3.1898614, 50.6808616], [3.1889522, 50.6813341], [3.1869365, 50.6824158], [3.1864474, 50.6826876], [3.1850914, 50.6834416], [3.1843499, 50.6838501], [3.1832167, 50.6844952], [3.1830348, 50.684604], [3.1827417, 50.6847947], [3.182491, 50.6849754], [3.182267, 50.6851382], [3.1821009, 50.6852919], [3.1819334, 50.6854545], [3.181642, 50.6857439], [3.1816279, 50.6857529], [3.1803773, 50.6852136], [3.1787122, 50.684499], [3.1780129, 50.6848536], [3.1769343, 50.6853989], [3.1764875, 50.6856706]]]]}, "properties": {"cleabs": "PAIHABIT0000000056581264", "table": "zone_d_habitation", "nature": "Quartier", "nature_detaillee": "Quartier urbain", "toponyme": "Sainte-Élizabeth"}}, {"type": "Feature", "geometry": {"type": "MultiPolygon", "coordinates": [[[[3.1975567, 50.6989636], [3.1973767, 50.6991802], [3.1963248, 50.7004247], [3.1962152, 50.7005873], [3.1961024, 50.7006503], [3.1955955, 50.7007435], [3.1954982, 50.7007984], [3.1942679, 50.702341], [3.1944534, 50.7024565], [3.1946675, 50.7026338], [3.1948263, 50.7027673], [3.1948831, 50.702839], [3.1948283, 50.7029198], [3.1937744, 50.7040844], [3.1931509, 50.7047252], [3.1929973, 50.704843], [3.1934532, 50.7050639], [3.1941089, 50.7054362], [3.1914055, 50.7076074], [3.1902826, 50.7088618], [3.1896568, 50.7085703], [3.1894714, 50.7084907], [3.1892859, 50.7083851], [3.1890862, 50.7082607], [3.1888865, 50.7081632], [3.1887026, 50.7081105], [3.1885613, 50.7081206], [3.1884202, 50.7081755], [3.188309, 50.7082843], [3.1881569, 50.7084191], [3.1879592, 50.7084661], [3.1877613, 50.7084493], [3.1876622, 50.7084046], [3.1876041, 50.7083428], [3.187519, 50.7082801], [3.187406, 50.7082901], [3.1872505, 50.7082733], [3.1871091, 50.7082565], [3.1870228, 50.7082207], [3.1869943, 50.7081579], [3.1869077, 50.7080603], [3.1865808, 50.707919], [3.1862947, 50.7077597], [3.1859538, 50.7076633], [3.1855845, 50.707531], [3.1848901, 50.707401], [3.1841958, 50.7072809], [3.1831075, 50.7072161], [3.1825547, 50.7071389], [3.1820033, 50.7070805], [3.1817049, 50.7070019], [3.1814926, 50.7069224], [3.1813796, 50.7069145], [3.1812949, 50.7069505], [3.1811821, 50.7070054], [3.1808763, 50.707267], [3.1807103, 50.7074655], [3.1806398, 50.7075114], [3.1805425, 50.7075564], [3.1804295, 50.7075754], [3.1801169, 50.7074969], [3.1794066, 50.7072502], [3.1792933, 50.7071795], [3.1791646, 50.7071537], [3.1794151, 50.7068644], [3.1795405, 50.7067565], [3.1796518, 50.7066657], [3.179818, 50.706512], [3.1799169, 50.706502], [3.1800298, 50.706457], [3.1800706, 50.7064031], [3.1800972, 50.7063394], [3.1800969, 50.7062676], [3.1800954, 50.7062326], [3.1800812, 50.7062057], [3.1805032, 50.7060678], [3.1810209, 50.7058131], [3.1815399, 50.7055404], [3.1819038, 50.7053497], [3.1823367, 50.705096], [3.1827694, 50.7047786], [3.183435, 50.7040301], [3.1838785, 50.7035871], [3.1852695, 50.701452], [3.1854072, 50.7012356], [3.187612, 50.6980001], [3.1883975, 50.6968467], [3.188652, 50.6969082], [3.1940821, 50.6981534], [3.1951455, 50.6983967], [3.1975567, 50.6989636]]]]}, "properties": {"cleabs": "PAIHABIT0000000056581265", "table": "zone_d_habitation", "nature": "Quartier", "nature_detaillee": "Quartier urbain", "toponyme": "Hutin Oran Cartigny"}}, {"type": "Feature", "geometry": {"type": "MultiPolygon", "coordinates": [[[[3.1628767, 50.6757679], [3.1630651, 50.6759453], [3.16333, 50.6761783], [3.1638237, 50.6760026], [3.1643654, 50.6758377], [3.164704, 50.6757125], [3.1648677, 50.6756692], [3.1651639, 50.6755656], [3.1652075, 50.6755171], [3.165295, 50.6754838], [3.1653246, 50.675473], [3.1654981, 50.6754091], [3.1655572, 50.6753686], [3.1657025, 50.6753038], [3.1658562, 50.6752336], [3.1659803, 50.6751679], [3.1661622, 50.6750977], [3.166354, 50.6750274], [3.166457, 50.6749986], [3.1666447, 50.67494], [3.166749, 50.674904], [3.1668168, 50.6748868], [3.1669254, 50.6748454], [3.1670551, 50.6747941], [3.1671707, 50.6747311], [3.1672947, 50.6746564], [3.1675133, 50.6745458], [3.1675471, 50.6745278], [3.1678122, 50.6744206], [3.1679237, 50.6743801], [3.1681677, 50.6743017], [3.1685176, 50.6741909], [3.167715, 50.673203], [3.1675405, 50.6729834], [3.1673803, 50.6727835], [3.1678429, 50.6726079], [3.1696566, 50.6719216], [3.1705169, 50.6715947], [3.1709132, 50.6714587], [3.1710585, 50.6713938], [3.1711727, 50.6713515], [3.1712404, 50.6713272], [3.1713716, 50.6712794], [3.1714844, 50.671238], [3.1715338, 50.6712209], [3.1725294, 50.670839], [3.1725731, 50.6708219], [3.1733501, 50.6705193], [3.17337, 50.6705363], [3.1734521, 50.670608], [3.1738133, 50.6709216], [3.1738643, 50.6709673], [3.1738967, 50.6709502], [3.1741308, 50.6708449], [3.1745028, 50.6706406], [3.174861, 50.6704858], [3.1764545, 50.6718808], [3.1764084, 50.6720163], [3.1767495, 50.6722554], [3.1768625, 50.6722571], [3.1769459, 50.672274], [3.1770449, 50.6723205], [3.1771412, 50.6723913], [3.1772319, 50.6724953], [3.1775972, 50.6727702], [3.1776906, 50.6728069], [3.1781782, 50.6725226], [3.178298, 50.6724686], [3.1784911, 50.6723795], [3.1786702, 50.6722985], [3.1788154, 50.6722318], [3.1788986, 50.6721931], [3.1792299, 50.6720419], [3.1794034, 50.6719824], [3.1795134, 50.6719392], [3.1796954, 50.6718896], [3.1797687, 50.6718688], [3.179804, 50.6718589], [3.1807067, 50.6715516], [3.181038, 50.6714156], [3.1810744, 50.6713312], [3.1811052, 50.6712594], [3.1811206, 50.6712261], [3.1810498, 50.6711553], [3.1813667, 50.6709395], [3.181447, 50.6708856], [3.1815569, 50.6708118], [3.182102, 50.6704386], [3.1825218, 50.6701571], [3.1827108, 50.6700823], [3.1830801, 50.6699185], [3.1832422, 50.6698321], [3.1833661, 50.6697422], [3.1833928, 50.6697017], [3.1835503, 50.6695247], [3.1836446, 50.6694393], [3.1837516, 50.6693432], [3.1838902, 50.6694201], [3.1839879, 50.6694747], [3.1846119, 50.669822], [3.1848548, 50.6698297], [3.1851146, 50.6698356], [3.1858276, 50.669813], [3.1859999, 50.6698056], [3.1862456, 50.6698088], [3.1863982, 50.6698211], [3.186812, 50.669851], [3.1871624, 50.6698998], [3.1873601, 50.6699067], [3.1874985, 50.669911], [3.187559, 50.6698526], [3.1876378, 50.6697762], [3.1876899, 50.6697276], [3.1877053, 50.6697124], [3.1878376, 50.6695838], [3.1879108, 50.6695146], [3.1880824, 50.6693492], [3.1884432, 50.6695407], [3.1887275, 50.6696767], [3.1892311, 50.6699111], [3.1895013, 50.6700327], [3.1896633, 50.6699239], [3.1897928, 50.6698357], [3.1898436, 50.6698024], [3.1900647, 50.6696513], [3.1901704, 50.6695919], [3.1902155, 50.6695712], [3.1902888, 50.6695415], [3.1903312, 50.6695684], [3.1903978, 50.6696086], [3.1905491, 50.6696847], [3.1905803, 50.6696999], [3.1909693, 50.6698869], [3.1911744, 50.6699897], [3.1913669, 50.6700864], [3.1915621, 50.6701812], [3.1916456, 50.6702277], [3.1919247, 50.6704714], [3.1922081, 50.6707249], [3.1923897, 50.6709463], [3.1925416, 50.6711632], [3.1925601, 50.6711901], [3.1926666, 50.6713407], [3.1927741, 50.6714114], [3.1928206, 50.6713674], [3.1936001, 50.670633], [3.1939166, 50.6703337], [3.1935642, 50.6701305], [3.193458, 50.6700508], [3.1936946, 50.6698907], [3.193851, 50.6697828], [3.1939551, 50.6697054], [3.1940959, 50.6695868], [3.1943169, 50.6693971], [3.1945577, 50.6692477], [3.1949494, 50.6690066], [3.1953409, 50.6687512], [3.1954174, 50.6688174], [3.1954472, 50.6688389], [3.196066, 50.6692831], [3.1962359, 50.6694048], [3.1962571, 50.669421], [3.196376, 50.6694809], [3.1963776, 50.6695401], [3.1969574, 50.6697564], [3.1973223, 50.6699101], [3.1976042, 50.6701188], [3.1977642, 50.6702495], [3.1980818, 50.6705775], [3.1981769, 50.6706769], [3.1983499, 50.670866], [3.198557, 50.6710999], [3.1987355, 50.6712647], [3.1989269, 50.6714412], [3.1990075, 50.6714743], [3.1993145, 50.6716048], [3.1994106, 50.6716441], [3.199876, 50.6718363], [3.1999439, 50.671864], [3.1999991, 50.6718935], [3.2002141, 50.6719847], [3.2005451, 50.6721251], [3.2005663, 50.6721313], [3.2007275, 50.6725349], [3.2006615, 50.6726274], [3.2004227, 50.6729607], [3.2003876, 50.6730048], [3.2003638, 50.6730407], [3.2003553, 50.6730533], [3.200285, 50.6731297], [3.2003628, 50.6731574], [3.2004561, 50.6731868], [3.2007333, 50.673277], [3.2011872, 50.6734244], [3.2012367, 50.6734404], [3.201668, 50.6735833], [3.2017981, 50.6736298], [3.201972, 50.6736977], [3.202105, 50.6737594], [3.2021687, 50.6737889], [3.2022168, 50.6738175], [3.2027646, 50.6741388], [3.2030194, 50.6742766], [3.2031156, 50.6743114], [3.2030906, 50.6744272], [3.203031, 50.6746929], [3.2029763, 50.6747962], [3.2029117, 50.6748879], [3.2028499, 50.6749723], [3.202698, 50.6751314], [3.2025531, 50.6752653], [3.2024588, 50.6753463], [3.2028154, 50.675518], [3.2029725, 50.6755949], [3.2038545, 50.676148], [3.2043926, 50.6764863], [3.2047069, 50.676685], [3.2057717, 50.6773653], [3.2065931, 50.6779095], [3.2066809, 50.6779677], [3.2069202, 50.67811], [3.2073253, 50.6780618], [3.2075173, 50.6780399], [3.2077276, 50.6780144], [3.2082741, 50.6783384], [3.2083775, 50.6784001], [3.2086705, 50.6785737], [3.2086932, 50.6785799], [3.2096334, 50.678835], [3.2098752, 50.6788956], [3.2099856, 50.6789547], [3.2100747, 50.6789761], [3.210233, 50.6790126], [3.2104097, 50.67905], [3.2105412, 50.6790856], [3.2106656, 50.679124], [3.210988, 50.6792141], [3.2119317, 50.6795912], [3.2120789, 50.6796672], [3.212137, 50.6797084], [3.2121315, 50.679756], [3.2120921, 50.6798], [3.2118009, 50.6800527], [3.2116742, 50.6801606], [3.211867, 50.6803415], [3.2119862, 50.6804562], [3.211994, 50.6806419], [3.2119988, 50.6807657], [3.2120115, 50.6810941], [3.2115743, 50.681916], [3.2115774, 50.6819887], [3.211591, 50.6822121], [3.2115971, 50.6823108], [3.2116228, 50.6826975], [3.2117408, 50.6828848], [3.211856, 50.6830677], [3.212171, 50.6834261], [3.2123212, 50.6835389], [3.2124204, 50.683598], [3.2126358, 50.6837672], [3.2128329, 50.6839473], [3.2130808, 50.6841254], [3.2132707, 50.6842767], [3.2133458, 50.6843385], [3.2134381, 50.6844407], [3.2134864, 50.6845169], [3.2135051, 50.6845823], [3.2135181, 50.6846514], [3.2135156, 50.6847196], [3.2135059, 50.6847717], [3.2134976, 50.6848255], [3.2134963, 50.6848345], [3.2134711, 50.6848965], [3.2134318, 50.6849594], [3.2136247, 50.6851331], [3.2142868, 50.6857269], [3.2148909, 50.6862706], [3.2156486, 50.6867233], [3.2156613, 50.6867323], [3.2160777, 50.68699], [3.2163658, 50.6873036], [3.2162643, 50.6873369], [3.2163435, 50.6873799], [3.2164102, 50.6874327], [3.2168675, 50.6876697], [3.216954, 50.6877629], [3.2170094, 50.6878175], [3.2171285, 50.6879313], [3.2172391, 50.6880361], [3.2173668, 50.6881579], [3.2170342, 50.6883335], [3.2150446, 50.6888377], [3.2152942, 50.6890625], [3.2154858, 50.6892874], [3.213372, 50.6898195], [3.2129977, 50.6901567], [3.2129708, 50.690146], [3.2128788, 50.6901111], [3.2128109, 50.6900843], [3.2127401, 50.6900566], [3.2126566, 50.6900236], [3.2115474, 50.6902956], [3.2111269, 50.6903986], [3.2108186, 50.6903183], [3.2103803, 50.6898821], [3.2100995, 50.6906363], [3.2099231, 50.690677], [3.2098144, 50.6906996], [3.2095081, 50.690763], [3.2092627, 50.6908675], [3.2091415, 50.6909188], [3.2091148, 50.6909494], [3.2090192, 50.6910653], [3.2081765, 50.6912211], [3.2080675, 50.6911683], [3.2079825, 50.6911281], [3.2079033, 50.6910896], [3.2072511, 50.6912217], [3.2071579, 50.6912219], [3.2070872, 50.6912121], [3.2069305, 50.6912393], [3.2068402, 50.6912574], [3.2065876, 50.6913098], [3.2063561, 50.691373], [3.2060683, 50.6914713], [3.2058596, 50.6915542], [3.2056693, 50.6916577], [3.2053563, 50.6918126], [3.2050589, 50.6919594], [3.2049658, 50.6920044], [3.2043561, 50.6925007], [3.2038421, 50.6928955], [3.2037764, 50.6930643], [3.2037778, 50.6930697], [3.2037907, 50.6931226], [3.2037922, 50.6931271], [3.2038376, 50.6931719], [3.2038659, 50.693188], [3.203993, 50.693169], [3.2040777, 50.6931679], [3.2041358, 50.6932208], [3.2041234, 50.6932845], [3.2040686, 50.6933564], [3.2039727, 50.6934122], [3.203977, 50.693422], [3.2038586, 50.6934931], [3.204042, 50.6941174], [3.2037572, 50.6946087], [3.2035057, 50.6946064], [3.2034167, 50.6945958], [3.2031846, 50.6944948], [3.2027602, 50.6943537], [3.2025637, 50.6943217], [3.2017307, 50.694114], [3.2015058, 50.6940399], [3.2014648, 50.6940265], [3.201418, 50.6939862], [3.2012907, 50.694313], [3.2010811, 50.694526], [3.2008074, 50.6946261], [3.2008704, 50.6948234], [3.2008592, 50.6948629], [3.2008367, 50.694888], [3.2005287, 50.6952349], [3.2004514, 50.6953239], [3.2002749, 50.6953717], [3.2001341, 50.695485], [3.1999963, 50.6956539], [3.1998799, 50.6958686], [3.1998688, 50.6959117], [3.1998803, 50.6959709], [3.1998804, 50.695987], [3.1998836, 50.6960875], [3.1996046, 50.6962648], [3.1992489, 50.6966916], [3.1988353, 50.6971553], [3.1990913, 50.697223], [3.1989605, 50.6973597], [3.1988788, 50.6974423], [3.1983216, 50.6980229], [3.1982964, 50.6980624], [3.1980319, 50.6983482], [3.1977759, 50.6986546], [3.19735, 50.6991928], [3.1973176, 50.699235], [3.1971447, 50.6994525], [3.1967831, 50.6998461], [3.1963098, 50.7002102], [3.1958634, 50.7005977], [3.1957421, 50.7006454], [3.1954359, 50.7007644], [3.1953347, 50.7008955], [3.1951323, 50.7011704], [3.1950493, 50.7012693], [3.1947471, 50.7016673], [3.1944631, 50.7020383], [3.1941518, 50.702273], [3.1939841, 50.7023863], [3.1942943, 50.7025851], [3.1943467, 50.7026254], [3.1945337, 50.7027498], [3.1946215, 50.7027999], [3.1948877, 50.7029538], [3.1948427, 50.702997], [3.1936741, 50.7040873], [3.1929124, 50.7048001], [3.1930044, 50.7048493], [3.1934958, 50.7051186], [3.1935751, 50.7051615], [3.1938725, 50.7053271], [3.1936824, 50.7055033], [3.1933994, 50.705763], [3.1927066, 50.7064048], [3.1923364, 50.7064233], [3.1920124, 50.7070421], [3.1915026, 50.7075113], [3.1914407, 50.7075697], [3.1913463, 50.7076641], [3.1910901, 50.707922], [3.1901012, 50.7079935], [3.1899829, 50.7084836], [3.1898801, 50.708561], [3.1896196, 50.7084483], [3.1894908, 50.708392], [3.189035, 50.7081952], [3.1887038, 50.7080522], [3.1886615, 50.7080836], [3.1885319, 50.7081915], [3.1883473, 50.7083201], [3.1876642, 50.7081767], [3.1875752, 50.7081831], [3.1874805, 50.7081904], [3.1873534, 50.7081996], [3.1869829, 50.7081418], [3.1866668, 50.707874], [3.1858567, 50.7073969], [3.185116, 50.7073451], [3.1845209, 50.7073038], [3.1841973, 50.7072944], [3.1832066, 50.7072662], [3.1823044, 50.7071078], [3.1819792, 50.7070392], [3.1818321, 50.707008], [3.1817062, 50.7069813], [3.18148, 50.7069413], [3.1805612, 50.707647], [3.1804282, 50.7075951], [3.1795099, 50.7072815], [3.1792537, 50.7071706], [3.1792141, 50.7071536], [3.1790485, 50.7070821], [3.1789046, 50.7071424], [3.1784326, 50.7075496], [3.1782303, 50.7074736], [3.1781427, 50.7074683], [3.1778459, 50.7074759], [3.1776638, 50.7075264], [3.177637, 50.7075354], [3.1775918, 50.7075481], [3.1774832, 50.7076101], [3.1774169, 50.7076497], [3.1774071, 50.707656], [3.1755959, 50.7077797], [3.1754982, 50.7077503], [3.1741671, 50.7073501], [3.1731471, 50.7070195], [3.1729547, 50.706957], [3.1723924, 50.7065854], [3.1721459, 50.7064233], [3.1720204, 50.7064881], [3.1704659, 50.7072987], [3.1699919, 50.7075452], [3.1696618, 50.7077171], [3.1693659, 50.7079607], [3.1684317, 50.7075043], [3.1680046, 50.7065645], [3.1675711, 50.7062303], [3.1670808, 50.707525], [3.1668525, 50.7077254], [3.166486, 50.7075769], [3.1663855, 50.7075169], [3.1657016, 50.7071077], [3.1655798, 50.7070352], [3.1653646, 50.7069063], [3.1650701, 50.7067299], [3.1644772, 50.706475], [3.1641277, 50.7063247], [3.1639591, 50.7062082], [3.163901, 50.7061679], [3.1637467, 50.7060614], [3.1633218, 50.7057703], [3.1629295, 50.7055007], [3.1628941, 50.7054765], [3.1628502, 50.7054461], [3.1629288, 50.7052889], [3.1630692, 50.7050195], [3.1630819, 50.7049953], [3.162901, 50.7049821], [3.1626861, 50.7049653], [3.1623243, 50.704938], [3.1618536, 50.7049036], [3.1614649, 50.7048736], [3.1615996, 50.7045773], [3.1611509, 50.7043365], [3.1604757, 50.7039739], [3.1601304, 50.7037886], [3.1599506, 50.703692], [3.1599702, 50.7036246], [3.1599939, 50.7035492], [3.1592369, 50.7032137], [3.1593117, 50.7031678], [3.1594104, 50.7031067], [3.15944, 50.7030878], [3.1596656, 50.7029484], [3.1597686, 50.7028855], [3.1597698, 50.7028281], [3.1597711, 50.7027922], [3.1597709, 50.7027401], [3.159775, 50.7027006], [3.159779, 50.7026037], [3.159779, 50.7025992], [3.1597855, 50.7024305], [3.1597882, 50.7023865], [3.1597973, 50.7021532], [3.1598, 50.7020922], [3.1598026, 50.7020375], [3.1598346, 50.7018777], [3.1598175, 50.7018472], [3.159711, 50.7016688], [3.1596911, 50.7016338], [3.1595604, 50.7014123], [3.1594311, 50.7011926], [3.1593828, 50.7011119], [3.1593033, 50.7009747], [3.1591712, 50.7007497], [3.1591399, 50.7006995], [3.1583105, 50.7002635], [3.1570992, 50.6996665], [3.1566704, 50.6994562], [3.1566223, 50.6994177], [3.1564707, 50.6992985], [3.156424, 50.6992726], [3.1558986, 50.6988901], [3.1558731, 50.6988695], [3.1554568, 50.6985541], [3.1551481, 50.698349], [3.1550972, 50.6983141], [3.1549457, 50.6982138], [3.1545902, 50.6979504], [3.1549006, 50.6977903], [3.1551362, 50.6976787], [3.1564311, 50.6970292], [3.1564067, 50.6968991], [3.156431, 50.6965141], [3.1564237, 50.6964612], [3.1563868, 50.6964128], [3.1564194, 50.6964289], [3.1563867, 50.6963769], [3.1561161, 50.6961269], [3.1559801, 50.6960005], [3.1559205, 50.695936], [3.1558709, 50.6958768], [3.1557489, 50.6957226], [3.1556808, 50.6956105], [3.155655, 50.6955146], [3.1556464, 50.6954518], [3.1555837, 50.6952804], [3.1555394, 50.6951163], [3.1554909, 50.6949683], [3.1554212, 50.6948167], [3.1553472, 50.6946418], [3.1553426, 50.6945225], [3.1553339, 50.6944642], [3.1553139, 50.694396], [3.1552741, 50.694318], [3.1551649, 50.6941871], [3.1550757, 50.6941046], [3.1549694, 50.6940141], [3.1547782, 50.69386], [3.1545319, 50.69368], [3.1542218, 50.6934677], [3.1541496, 50.6934283], [3.1541044, 50.6934032], [3.1540322, 50.6933629], [3.1539657, 50.6933271], [3.1537519, 50.6931874], [3.1536868, 50.6931444], [3.1536386, 50.6930835], [3.1535621, 50.6930037], [3.1533764, 50.6928155], [3.1532673, 50.6927079], [3.1530858, 50.6924919], [3.1530645, 50.692465], [3.1528278, 50.6922051], [3.1525316, 50.6918922], [3.1524933, 50.6918447], [3.1521702, 50.6914889], [3.1520398, 50.6913464], [3.151623, 50.690882], [3.1515791, 50.6908318], [3.1515309, 50.6907763], [3.1514926, 50.6907323], [3.1514935, 50.6905726], [3.1515012, 50.6902899], [3.1515268, 50.6898816], [3.1515337, 50.6898358], [3.1515484, 50.6895585], [3.1515511, 50.6895047], [3.1515538, 50.6894652], [3.1515662, 50.6893808], [3.1515872, 50.6893072], [3.1516363, 50.6892111], [3.1516559, 50.6891438], [3.1516586, 50.6891133], [3.15166, 50.6890792], [3.1516467, 50.6889114], [3.1516136, 50.6887042], [3.1515922, 50.6886342], [3.1515865, 50.6886145], [3.1515453, 50.68854], [3.1515296, 50.688497], [3.151393, 50.6881526], [3.1513531, 50.6880378], [3.1513176, 50.6879813], [3.1512198, 50.6878773], [3.1511348, 50.6877877], [3.1511969, 50.6877535], [3.1513421, 50.6876824], [3.1517907, 50.6874818], [3.1518782, 50.6874413], [3.1519938, 50.6873846], [3.1521462, 50.6873108], [3.1523514, 50.6874389], [3.1524405, 50.6874684], [3.1524829, 50.6874692], [3.1526184, 50.6874377], [3.1527115, 50.6874187], [3.1527468, 50.6874106], [3.1529246, 50.6873565], [3.1530446, 50.6873304], [3.1531449, 50.6873159], [3.1532014, 50.6873113], [3.1532593, 50.6873059], [3.1536787, 50.6872847], [3.1538497, 50.6872836], [3.1540022, 50.6872825], [3.1544542, 50.6872586], [3.1547267, 50.6872457], [3.1548086, 50.6872304], [3.154906, 50.6872132], [3.1549823, 50.6871987], [3.1553449, 50.6870843], [3.155424, 50.6870672], [3.1554635, 50.6870617], [3.1555158, 50.6870545], [3.1555991, 50.6870517], [3.1556556, 50.6870597], [3.155732, 50.6870731], [3.1558549, 50.6871052], [3.1559384, 50.6871383], [3.1560148, 50.6871831], [3.1560852, 50.6870924], [3.1561626, 50.6870169], [3.1562853, 50.686945], [3.1562994, 50.686936], [3.1565137, 50.6868101], [3.1568014, 50.6866571], [3.1567476, 50.6866132], [3.1573654, 50.6863504], [3.157962, 50.6860464], [3.1584851, 50.6857514], [3.158567, 50.6857351], [3.1586037, 50.6857279], [3.1587531, 50.6856299], [3.158849, 50.6855678], [3.1589082, 50.6855292], [3.1592733, 50.6853169], [3.1602024, 50.6847549], [3.1603617, 50.6846578], [3.1603756, 50.6846102], [3.1604094, 50.6845707], [3.1604798, 50.6845006], [3.1606714, 50.6843397], [3.1608292, 50.6842157], [3.1608334, 50.6842058], [3.1608628, 50.6841241], [3.1610419, 50.6840198], [3.1611969, 50.6839298], [3.161947, 50.683499], [3.1620696, 50.6834226], [3.1621119, 50.6833875], [3.1621739, 50.6833363], [3.1624557, 50.6831448], [3.1624542, 50.6831161], [3.1626431, 50.6829947], [3.162708, 50.6829542], [3.1628828, 50.6828661], [3.163045, 50.6828021], [3.1632903, 50.6826555], [3.1634553, 50.6825575], [3.1635441, 50.6825044], [3.1638939, 50.682792], [3.164087, 50.6826886], [3.164672, 50.6823316], [3.1650681, 50.6820816], [3.1654923, 50.6818091], [3.1657052, 50.6816706], [3.1651077, 50.6812254], [3.164683, 50.6809343], [3.1639456, 50.6813248], [3.1636326, 50.6810533], [3.1634513, 50.6808956], [3.1633762, 50.680832], [3.1631449, 50.6809328], [3.1626165, 50.6804471], [3.1624111, 50.6802473], [3.1630329, 50.6799458], [3.1628347, 50.6797801], [3.1622678, 50.6800482], [3.1620665, 50.6798304], [3.1619035, 50.6796467], [3.1617036, 50.679419], [3.1617006, 50.6793598], [3.1615321, 50.6792317], [3.1609163, 50.6787811], [3.1604252, 50.6784713], [3.1603247, 50.6783861], [3.1602793, 50.6783261], [3.1602453, 50.6782956], [3.1602071, 50.6782669], [3.15987, 50.677956], [3.1596376, 50.6777086], [3.1594337, 50.6775518], [3.1593288, 50.6774488], [3.1593034, 50.6774264], [3.1592864, 50.6774093], [3.1591348, 50.6772686], [3.1585569, 50.6767354], [3.1582679, 50.6764693], [3.1584287, 50.6763847], [3.1588023, 50.6761833], [3.1586207, 50.6759215], [3.1585509, 50.6757322], [3.1583557, 50.675623], [3.1582281, 50.6754894], [3.1580032, 50.6753578], [3.1579451, 50.6753022], [3.1578558, 50.6752117], [3.1577595, 50.6751068], [3.1576209, 50.6750577], [3.1555408, 50.6737097], [3.1549739, 50.6735175], [3.1548932, 50.6734575], [3.1541742, 50.6729298], [3.1540694, 50.6728097], [3.1534167, 50.6722802], [3.1549761, 50.6714894], [3.1549265, 50.6714159], [3.1546023, 50.6711534], [3.1543814, 50.6709751], [3.1542739, 50.6708882], [3.1541549, 50.6707932], [3.1538379, 50.6705396], [3.1536483, 50.6704241], [3.153535, 50.670321], [3.1534939, 50.6702619], [3.1534542, 50.6702126], [3.1534286, 50.6701668], [3.1534158, 50.670122], [3.1534, 50.6700574], [3.1536159, 50.6699808], [3.1537358, 50.6699556], [3.1538374, 50.6699366], [3.1539052, 50.6699266], [3.1540068, 50.6699175], [3.1541014, 50.6699111], [3.1542906, 50.6699082], [3.154429, 50.6699242], [3.1545689, 50.6699357], [3.1547581, 50.6699498], [3.155004, 50.6700015], [3.1551467, 50.6700256], [3.1552838, 50.6700775], [3.1554505, 50.6700817], [3.1556243, 50.6701192], [3.155678, 50.6701317], [3.1557345, 50.6701496], [3.1557368, 50.6708854], [3.156294, 50.6711522], [3.1571314, 50.6720566], [3.1582414, 50.6720803], [3.1589628, 50.6724715], [3.1592898, 50.6731459], [3.1589074, 50.6736893], [3.159479, 50.6744729], [3.1635075, 50.6782133], [3.164442, 50.6789443], [3.1655913, 50.6792811], [3.1654947, 50.6791035], [3.1645893, 50.6786309], [3.1642996, 50.6781602], [3.1625771, 50.6770013], [3.1623468, 50.6765403], [3.162429, 50.6761884], [3.1628415, 50.6757814], [3.1628767, 50.6757679]]]]}, "properties": {"cleabs": "PAIHABIT0000000056581266", "table": "zone_d_habitation", "nature": "Lieu-dit habité", "nature_detaillee": "", "toponyme": "Roubaix"}}, {"type": "Feature", "geometry": {"type": "MultiPolygon", "coordinates": [[[[3.160409, 50.7038708], [3.1604656, 50.7038977], [3.16001, 50.7037035], [3.1596246, 50.7033918], [3.1594801, 50.7032582], [3.1593809, 50.7031785], [3.1594217, 50.7031237], [3.1598421, 50.702915], [3.1599675, 50.7027793], [3.1599798, 50.7026716], [3.1599448, 50.7023316], [3.1597382, 50.7017764], [3.1595614, 50.701284], [3.159401, 50.7010338], [3.1591269, 50.7006232], [3.1564655, 50.6994394], [3.1549219, 50.6982919], [3.1544346, 50.6978833], [3.1549115, 50.6976646], [3.1562415, 50.69692], [3.1563018, 50.6963366], [3.1556589, 50.6958385], [3.1554118, 50.6954278], [3.1551012, 50.6946044], [3.1550676, 50.6942545], [3.1549812, 50.6941658], [3.1548097, 50.6939964], [3.1544657, 50.6937653], [3.1541089, 50.6935082], [3.1539658, 50.6933738], [3.1536672, 50.6932144], [3.1535085, 50.693045], [3.1531782, 50.6926793], [3.1530477, 50.6924919], [3.1526735, 50.6921003], [3.1524014, 50.6918152], [3.1520555, 50.6914047], [3.1515664, 50.6908426], [3.1514375, 50.690727], [3.151535, 50.6897937], [3.1515299, 50.6895245], [3.151606, 50.6890039], [3.1516308, 50.6887706], [3.151599, 50.6885463], [3.1515406, 50.6883938], [3.1513817, 50.6881616], [3.1511631, 50.6877957], [3.1522457, 50.6875279], [3.1543132, 50.6887439], [3.156296, 50.6899322], [3.1580212, 50.6909342], [3.1592044, 50.6916443], [3.1599902, 50.6921772], [3.1602339, 50.6924084], [3.1609509, 50.6930859], [3.1617719, 50.6940405], [3.1621481, 50.6945937], [3.1625259, 50.6952186], [3.1632482, 50.6962012], [3.1636847, 50.6970234], [3.1639036, 50.6974521], [3.1641808, 50.6979614], [3.1638276, 50.6979726], [3.1636598, 50.6980635], [3.1635217, 50.6981902], [3.1634106, 50.6983348], [3.1609393, 50.7000376], [3.1609711, 50.700279], [3.1609464, 50.7004952], [3.1607168, 50.70203], [3.1605753, 50.7028477], [3.1605629, 50.7029553], [3.1605365, 50.703081], [3.1605117, 50.7032785], [3.1605486, 50.7033565], [3.1604728, 50.7034849], [3.1604479, 50.7036644], [3.160409, 50.7038708]]]]}, "properties": {"cleabs": "PAIHABIT0000000056581275", "table": "zone_d_habitation", "nature": "Quartier", "nature_detaillee": "Quartier urbain", "toponyme": "Fresnoy-Mackellerie"}}, {"type": "Feature", "geometry": {"type": "MultiPolygon", "coordinates": [[[[3.1592044, 50.6916443], [3.1595259, 50.6914626], [3.1602254, 50.6910723], [3.1616397, 50.6902736], [3.1623941, 50.6898562], [3.1626043, 50.6897474], [3.1635138, 50.6892562], [3.1641159, 50.6889297], [3.1642414, 50.6888568], [3.1644656, 50.68873], [3.1647462, 50.6885843], [3.1654879, 50.6881759], [3.1667471, 50.6874859], [3.1681191, 50.686759], [3.1694346, 50.6860411], [3.1685111, 50.6857068], [3.1683258, 50.6856361], [3.166295, 50.6849147], [3.1659683, 50.6848003], [3.1646758, 50.6843336], [3.1639942, 50.6840868], [3.1631274, 50.6837963], [3.1620342, 50.6833733], [3.1612927, 50.6838534], [3.160846, 50.6841528], [3.1606656, 50.6842975], [3.1605121, 50.6844234], [3.1604573, 50.684523], [3.1604166, 50.6846039], [3.1603902, 50.6847295], [3.1585166, 50.6858994], [3.158446, 50.6858815], [3.1582499, 50.6859724], [3.1582217, 50.6859814], [3.1581103, 50.6860363], [3.1575913, 50.6862999], [3.1575363, 50.6863179], [3.1573528, 50.6863729], [3.1568071, 50.6866733], [3.1564998, 50.686872], [3.1563178, 50.6869449], [3.155968, 50.6871176], [3.1558393, 50.6870559], [3.1556838, 50.6870211], [3.1555834, 50.6869952], [3.155373, 50.6870233], [3.1551345, 50.6870963], [3.1549651, 50.6871422], [3.1547393, 50.6871802], [3.1545697, 50.6871723], [3.1543452, 50.6872004], [3.1537802, 50.6872218], [3.1535134, 50.6872598], [3.153217, 50.6873248], [3.1527242, 50.6874178], [3.1525562, 50.6874458], [3.1522457, 50.6875279], [3.1543132, 50.6887439], [3.156296, 50.6899322], [3.1580212, 50.6909342], [3.1592044, 50.6916443]]]]}, "properties": {"cleabs": "PAIHABIT0000000056581279", "table": "zone_d_habitation", "nature": "Quartier", "nature_detaillee": "Quartier urbain", "toponyme": "l'Épeule"}}, {"type": "Feature", "geometry": {"type": "MultiPolygon", "coordinates": [[[[3.1639332, 50.7060539], [3.1635762, 50.705796], [3.1633906, 50.7056365], [3.1628608, 50.7052271], [3.1632105, 50.7050095], [3.1613841, 50.7047795], [3.1616031, 50.7043476], [3.1604656, 50.7038977], [3.1604479, 50.7036644], [3.1604728, 50.7034849], [3.1605486, 50.7033565], [3.1605117, 50.7032785], [3.1605365, 50.703081], [3.1605629, 50.7029553], [3.1605753, 50.7028477], [3.1607168, 50.70203], [3.1609464, 50.7004952], [3.1609711, 50.700279], [3.1609393, 50.7000376], [3.1634106, 50.6983348], [3.1635217, 50.6981902], [3.1636598, 50.6980635], [3.1638276, 50.6979726], [3.1641808, 50.6979614], [3.1645146, 50.6993501], [3.1645885, 50.7003541], [3.164675, 50.7013132], [3.164562, 50.7021748], [3.1644667, 50.7032876], [3.1644225, 50.7040325], [3.164343, 50.7043377], [3.1641327, 50.7052631], [3.1639332, 50.7060539]]]]}, "properties": {"cleabs": "PAIHABIT0000000056581283", "table": "zone_d_habitation", "nature": "Quartier", "nature_detaillee": "Quartier urbain", "toponyme": "Armentières"}}, {"type": "Feature", "geometry": {"type": "MultiPolygon", "coordinates": [[[[3.2046049, 50.6811092], [3.2047566, 50.6808927], [3.2062847, 50.6794912], [3.2075372, 50.6784239], [3.2076944, 50.6785215], [3.2079591, 50.6783138], [3.2082238, 50.6781141], [3.2080526, 50.6780435], [3.2078405, 50.6780008], [3.2076428, 50.677993], [3.2073761, 50.6780572], [3.2070531, 50.6781582], [3.2058663, 50.6773508], [3.2048099, 50.676658], [3.2039972, 50.6761613], [3.2026127, 50.6753281], [3.2029585, 50.6749398], [3.2030554, 50.6747961], [3.2031099, 50.6746515], [3.2031206, 50.674499], [3.2031046, 50.6744012], [3.2030463, 50.6742936], [3.2028748, 50.6741512], [3.2027317, 50.6740356], [3.2026029, 50.673947], [3.2024034, 50.6738495], [3.2020924, 50.673789], [3.2016244, 50.6736399], [3.2008848, 50.6733845], [3.2007293, 50.6733407], [3.2004593, 50.6732712], [3.1999487, 50.6730683], [3.1994932, 50.6728833], [3.1984326, 50.6735813], [3.1978749, 50.6739708], [3.1974833, 50.6742245], [3.1961719, 50.6750773], [3.1958367, 50.675295], [3.1956127, 50.6754398], [3.1973117, 50.676531], [3.1976118, 50.6767172], [3.1978397, 50.6768595], [3.1986963, 50.67741], [3.1989668, 50.6775783], [3.2000527, 50.6782612], [3.2007663, 50.6787142], [3.2009801, 50.6788466], [3.2009943, 50.6788556], [3.2019924, 50.6794677], [3.2022501, 50.6796271], [3.2032201, 50.6802393], [3.2046049, 50.6811092]]]]}, "properties": {"cleabs": "PAIHABIT0000000056581588", "table": "zone_d_habitation", "nature": "Quartier", "nature_detaillee": "Quartier urbain", "toponyme": "Justice"}}, {"type": "Feature", "geometry": {"type": "MultiPolygon", "coordinates": [[[[3.2143981, 50.6856594], [3.2148578, 50.6861315], [3.2152006, 50.6863445], [3.2157145, 50.6866101], [3.2160148, 50.6868142], [3.2162571, 50.6869915], [3.2163878, 50.6871608], [3.2164179, 50.6872595], [3.2165048, 50.6874299], [3.2165913, 50.6875096], [3.2167486, 50.6876161], [3.2173475, 50.6879524], [3.2178602, 50.688245], [3.2168623, 50.6884495], [3.216061, 50.6886887], [3.2151749, 50.6889101], [3.2155212, 50.6893026], [3.2162698, 50.6892878], [3.2147517, 50.6897203], [3.2139785, 50.6899235], [3.213445, 50.6900438], [3.2133886, 50.6900618], [3.2133605, 50.6901067], [3.2133905, 50.6901785], [3.21335, 50.6902952], [3.2132654, 50.6903411], [3.2132245, 50.6903501], [3.213168, 50.6903413], [3.2130815, 50.6902795], [3.2129385, 50.6901999], [3.2128253, 50.6901642], [3.2126275, 50.6901564], [3.2125146, 50.6901755], [3.2119108, 50.6903596], [3.2097441, 50.6907778], [3.2096171, 50.6908148], [3.2095623, 50.6908867], [3.2094513, 50.6910314], [3.2093259, 50.6910953], [3.2092272, 50.6911493], [3.2091142, 50.6911594], [3.2088175, 50.6911347], [3.2086196, 50.691109], [3.2072121, 50.6913339], [3.2067884, 50.6913643], [3.2065216, 50.6914284], [3.2062693, 50.6915473], [3.2058758, 50.6917112], [3.2055121, 50.6919021], [3.205219, 50.6920928], [3.2043982, 50.6927797], [3.2040912, 50.6930154], [3.2040083, 50.6931241], [3.2039394, 50.6932049], [3.2039411, 50.6932767], [3.2039696, 50.6933305], [3.2040418, 50.6933744], [3.204155, 50.6934101], [3.2042398, 50.693427], [3.204078, 50.6946396], [3.2040501, 50.6947204], [3.2039246, 50.6947655], [3.2037975, 50.6947935], [3.2032993, 50.6945637], [3.2031422, 50.694493], [3.2027305, 50.6943618], [3.2014408, 50.6940391], [3.2013546, 50.6940213], [3.2015363, 50.6938944], [3.2016739, 50.693678], [3.2018256, 50.6934713], [3.2034736, 50.6912082], [3.2048459, 50.6892874], [3.2039805, 50.6890609], [3.2020942, 50.6886072], [3.2023445, 50.6883277], [3.2052807, 50.6850781], [3.2059175, 50.6843107], [3.2059863, 50.6842298], [3.206085, 50.6841839], [3.2039316, 50.6829526], [3.2032039, 50.6825177], [3.2032179, 50.6824997], [3.2046049, 50.6811092], [3.2047566, 50.6808927], [3.2062847, 50.6794912], [3.2075372, 50.6784239], [3.2076944, 50.6785215], [3.2079591, 50.6783138], [3.2082238, 50.6781141], [3.2082945, 50.6781409], [3.208736, 50.6783528], [3.2093912, 50.6786622], [3.2101012, 50.6789087], [3.2105692, 50.6790309], [3.2110797, 50.6791798], [3.2122716, 50.6794937], [3.21194, 50.6798909], [3.211799, 50.6799548], [3.21173, 50.6799998], [3.2118873, 50.6801243], [3.2121013, 50.6802846], [3.2121737, 50.6803831], [3.2121209, 50.6805807], [3.2120947, 50.6807422], [3.2118828, 50.6807255], [3.2120029, 50.6810744], [3.2118776, 50.6811742], [3.2117384, 50.6813189], [3.2116836, 50.6813819], [3.2116149, 50.6815076], [3.2116292, 50.6815525], [3.2116451, 50.6816332], [3.2116628, 50.6818126], [3.2115961, 50.682073], [3.211584, 50.6822166], [3.2118614, 50.6826899], [3.2121215, 50.6830655], [3.212367, 50.6833414], [3.2124394, 50.683431], [3.2124963, 50.6835108], [3.2125985, 50.6836363], [3.2126852, 50.6837698], [3.2127577, 50.6838774], [3.2128004, 50.6839482], [3.2128305, 50.6840469], [3.2128621, 50.6841724], [3.2129189, 50.6842612], [3.2130775, 50.6843435], [3.2134452, 50.684446], [3.213574, 50.6845167], [3.2136748, 50.6846242], [3.2136344, 50.6847768], [3.2136789, 50.6849293], [3.2138662, 50.6851336], [3.2140975, 50.6853836], [3.2143114, 50.6855348], [3.2143981, 50.6856594]]]]}, "properties": {"cleabs": "PAIHABIT0000000056581589", "table": "zone_d_habitation", "nature": "Quartier", "nature_detaillee": "Quartier urbain", "toponyme": "Sartel Carihem"}}, {"type": "Feature", "geometry": {"type": "MultiPolygon", "coordinates": [[[[3.2009884, 50.6830319], [3.2009882, 50.6829871], [3.2009176, 50.6829872], [3.2009178, 50.683032], [3.2009884, 50.6830319]]]]}, "properties": {"cleabs": "PAIHABIT0000000056581590", "table": "zone_d_habitation", "nature": "Quartier", "nature_detaillee": "Quartier urbain", "toponyme": "les Trois Ponts"}}, {"type": "Feature", "geometry": {"type": "MultiPolygon", "coordinates": [[[[3.198122, 50.6875404], [3.1976097, 50.6873025], [3.1971681, 50.6870896], [3.1969559, 50.686993], [3.1967563, 50.6868956], [3.1955887, 50.6863114], [3.1946615, 50.6857978], [3.194476, 50.6856913], [3.1925948, 50.6846641], [3.1911695, 50.6838847], [3.1906109, 50.6825969], [3.1903032, 50.6818992], [3.1902433, 50.6817468], [3.1898614, 50.6808616], [3.1901702, 50.6807248], [3.1905057, 50.6805609], [3.1915983, 50.6800334], [3.1916124, 50.6800244], [3.1923962, 50.6796418], [3.1935296, 50.6790962], [3.1946504, 50.6785677], [3.1956846, 50.6779595], [3.1968708, 50.6771895], [3.1976118, 50.6767172], [3.1978397, 50.6768595], [3.1986963, 50.67741], [3.1989668, 50.6775783], [3.2000527, 50.6782612], [3.2007663, 50.6787142], [3.2009801, 50.6788466], [3.2009943, 50.6788556], [3.2019924, 50.6794677], [3.2022501, 50.6796271], [3.2032201, 50.6802393], [3.2046049, 50.6811092], [3.2032179, 50.6824997], [3.2032039, 50.6825177], [3.2014339, 50.6814267], [3.2009713, 50.6815917], [3.2009008, 50.6816097], [3.2008302, 50.6816108], [3.2007595, 50.6815929], [3.2006607, 50.6816029], [3.200576, 50.68163], [3.2004929, 50.6816759], [3.2003943, 50.6817568], [3.1988769, 50.6837774], [3.1987254, 50.6840289], [3.1986444, 50.6842723], [3.1986196, 50.6844248], [3.198609, 50.6846043], [3.1986111, 50.6847748], [3.1986271, 50.6848915], [3.1986852, 50.6849353], [3.1988124, 50.6849701], [3.1997219, 50.6852693], [3.1996955, 50.685386], [3.1996429, 50.6856553], [3.1996181, 50.6858079], [3.1996623, 50.6859155], [3.1997331, 50.6859683], [3.1995938, 50.686104], [3.1992055, 50.6864923], [3.1989691, 50.6867188], [3.1982754, 50.6873876], [3.198122, 50.6875404]]]]}, "properties": {"cleabs": "PAIHABIT0000000056581591", "table": "zone_d_habitation", "nature": "Quartier", "nature_detaillee": "Quartier urbain", "toponyme": "Fraternité"}}, {"type": "Feature", "geometry": {"type": "MultiPolygon", "coordinates": [[[[3.1898614, 50.6808616], [3.1901702, 50.6807248], [3.1905057, 50.6805609], [3.1915983, 50.6800334], [3.1916124, 50.6800244], [3.1923962, 50.6796418], [3.1935296, 50.6790962], [3.1946504, 50.6785677], [3.1956846, 50.6779595], [3.1968708, 50.6771895], [3.1976118, 50.6767172], [3.1973117, 50.676531], [3.1956127, 50.6754398], [3.1953423, 50.6752715], [3.1944858, 50.6747299], [3.1930306, 50.673825], [3.1921907, 50.6742974], [3.1909745, 50.6749696], [3.1899402, 50.6755688], [3.1895484, 50.6757866], [3.1893385, 50.6759045], [3.187801, 50.6767853], [3.187128, 50.6761977], [3.1867978, 50.6759038], [3.1860101, 50.6752185], [3.1851642, 50.6744803], [3.1849645, 50.674311], [3.1848781, 50.6742313], [3.1847915, 50.6741237], [3.1847332, 50.674017], [3.1837677, 50.6745075], [3.1832222, 50.6747892], [3.1825357, 50.6751438], [3.1821438, 50.6753436], [3.1803255, 50.6763073], [3.179625, 50.6766799], [3.1790103, 50.6769975], [3.178338, 50.67737], [3.1784101, 50.6773968], [3.1784952, 50.6774855], [3.1785676, 50.6775841], [3.1785835, 50.6776828], [3.1785709, 50.6777187], [3.1785709, 50.6777367], [3.1785303, 50.6778265], [3.1786433, 50.6778254], [3.1786998, 50.6778253], [3.1787704, 50.6778243], [3.1788961, 50.6778242], [3.1796587, 50.6778276], [3.1797011, 50.6778275], [3.1805908, 50.6778217], [3.181071, 50.6778183], [3.1818745, 50.6778037], [3.1833857, 50.6777934], [3.1838941, 50.6777899], [3.1840918, 50.6777977], [3.1841483, 50.6777968], [3.1842331, 50.6777966], [3.184332, 50.6778046], [3.1846429, 50.6778651], [3.185522, 50.6780478], [3.1859319, 50.6781441], [3.1862868, 50.6782306], [3.1887535, 50.6788236], [3.1888666, 50.6788504], [3.1889655, 50.6788762], [3.1890096, 50.678948], [3.1890678, 50.6790457], [3.1893471, 50.6796806], [3.1895522, 50.680155], [3.1898614, 50.6808616]]]]}, "properties": {"cleabs": "PAIHABIT0000000056581592", "table": "zone_d_habitation", "nature": "Quartier", "nature_detaillee": "Quartier urbain", "toponyme": "Linne Boulevards"}}, {"type": "Feature", "geometry": {"type": "MultiPolygon", "coordinates": [[[[3.1746195, 50.6879355], [3.1747448, 50.6878177], [3.1749251, 50.6876551], [3.1737646, 50.686622], [3.1715288, 50.6846465], [3.171356, 50.684495], [3.1699521, 50.6832757], [3.1693939, 50.6827856], [3.1684051, 50.6819129], [3.1678611, 50.6814416], [3.1676919, 50.6815235], [3.1675805, 50.6815784], [3.1670772, 50.6818321], [3.1658588, 50.6824323], [3.1652461, 50.6820957], [3.1639431, 50.6827327], [3.1635707, 50.6824299], [3.162677, 50.682983], [3.1620342, 50.6833733], [3.1631274, 50.6837963], [3.1639942, 50.6840868], [3.1646758, 50.6843336], [3.1659683, 50.6848003], [3.166295, 50.6849147], [3.1683258, 50.6856361], [3.1685111, 50.6857068], [3.1694346, 50.6860411], [3.17003, 50.686262], [3.1720199, 50.6869843], [3.1728289, 50.6872838], [3.1740368, 50.6877236], [3.1746195, 50.6879355]]]]}, "properties": {"cleabs": "PAIHABIT0000000056581593", "table": "zone_d_habitation", "nature": "Quartier", "nature_detaillee": "Quartier urbain", "toponyme": "Vauban"}}, {"type": "Feature", "geometry": {"type": "MultiPolygon", "coordinates": [[[[3.1737646, 50.686622], [3.1738759, 50.6865411], [3.173959, 50.6864773], [3.1753132, 50.6855448], [3.1753273, 50.6855349], [3.1759558, 50.6851096], [3.1753552, 50.6846384], [3.174868, 50.6842559], [3.1744247, 50.6839093], [3.1743822, 50.6838734], [3.1743807, 50.6838376], [3.1743946, 50.6837837], [3.1748079, 50.683216], [3.1749614, 50.6830803], [3.1750727, 50.6830074], [3.1751855, 50.6829444], [3.1753815, 50.6828706], [3.1762522, 50.6826226], [3.1761655, 50.68248], [3.1760647, 50.6823465], [3.1760207, 50.6822747], [3.1759484, 50.6821851], [3.1758193, 50.6820246], [3.1756747, 50.6818732], [3.1755314, 50.6817038], [3.175459, 50.6815962], [3.1753865, 50.6814536], [3.1752384, 50.6811048], [3.1751359, 50.6808815], [3.1750632, 50.6806931], [3.1750033, 50.6805326], [3.1749732, 50.680398], [3.1749732, 50.680389], [3.1749573, 50.6802814], [3.1749555, 50.6801827], [3.1749539, 50.6801378], [3.174966, 50.6799673], [3.174991, 50.6798237], [3.1750314, 50.6796711], [3.1751001, 50.6795364], [3.1751957, 50.6793918], [3.1753631, 50.6792111], [3.1755715, 50.6790305], [3.17578, 50.6788947], [3.1759901, 50.6787858], [3.1762285, 50.6786939], [3.1763694, 50.6786211], [3.1764385, 50.6785761], [3.1764948, 50.6785311], [3.1765496, 50.6784315], [3.1766309, 50.6782788], [3.176756, 50.6781072], [3.1768109, 50.6780443], [3.1768531, 50.6779994], [3.1768939, 50.6779634], [3.177005, 50.6778367], [3.1770757, 50.6778546], [3.1771888, 50.6778805], [3.1773174, 50.6779063], [3.1772734, 50.6778346], [3.1772733, 50.6778076], [3.1772732, 50.6777807], [3.1772574, 50.6777009], [3.1764399, 50.6769797], [3.1761097, 50.6766409], [3.1758659, 50.6763819], [3.1748877, 50.6753307], [3.1747445, 50.6751703], [3.1741108, 50.6744658], [3.1725587, 50.6727989], [3.171782, 50.6719609], [3.1716247, 50.6718005], [3.1714958, 50.6716759], [3.1713952, 50.6715953], [3.1713245, 50.6715514], [3.1710826, 50.671427], [3.1682495, 50.6725679], [3.1674374, 50.6729674], [3.1677268, 50.673378], [3.1685177, 50.6742429], [3.1672837, 50.6747175], [3.166793, 50.6749452], [3.1664153, 50.6751898], [3.1653083, 50.6756821], [3.1636258, 50.6763933], [3.1629655, 50.6757247], [3.16206, 50.6747621], [3.1612866, 50.6740228], [3.1605699, 50.6733543], [3.1595816, 50.6725533], [3.1588541, 50.6720292], [3.15821, 50.6715221], [3.1573521, 50.6708556], [3.1562102, 50.6700916], [3.1557266, 50.6698705], [3.1548192, 50.6695979], [3.1546639, 50.669599], [3.1546497, 50.6695991], [3.1545369, 50.669636], [3.1544395, 50.6696639], [3.15409, 50.6698636], [3.1537811, 50.6699905], [3.1534722, 50.6701183], [3.1532057, 50.6702281], [3.1535058, 50.6704593], [3.1542062, 50.6709205], [3.1543915, 50.6710361], [3.1545345, 50.6711427], [3.1548346, 50.6713918], [3.1548927, 50.6714635], [3.1549635, 50.6715352], [3.1536199, 50.6722252], [3.1543207, 50.672795], [3.1547071, 50.673097], [3.1551484, 50.6733279], [3.1559179, 50.6737443], [3.1562006, 50.6738229], [3.1566029, 50.6742235], [3.1569578, 50.6743559], [3.1579147, 50.6750582], [3.1587142, 50.6755642], [3.1588234, 50.6761644], [3.1583891, 50.676383], [3.1582904, 50.676437], [3.1596815, 50.6777462], [3.1605833, 50.6784405], [3.1612562, 50.6790723], [3.162416, 50.6800247], [3.1629899, 50.6797431], [3.1631895, 50.6798855], [3.1624903, 50.6803028], [3.1631928, 50.6809076], [3.1634861, 50.6807439], [3.1641163, 50.6812689], [3.1647168, 50.6808975], [3.1659033, 50.6817771], [3.1652461, 50.6820957], [3.1658588, 50.6824323], [3.1670772, 50.6818321], [3.1675805, 50.6815784], [3.1676919, 50.6815235], [3.1678611, 50.6814416], [3.1684051, 50.6819129], [3.1693939, 50.6827856], [3.1699521, 50.6832757], [3.171356, 50.684495], [3.1715288, 50.6846465], [3.1737646, 50.686622]]]]}, "properties": {"cleabs": "PAIHABIT0000000056581594", "table": "zone_d_habitation", "nature": "Quartier", "nature_detaillee": "Quartier urbain", "toponyme": "Barbieux"}}, {"type": "Feature", "geometry": {"type": "MultiPolygon", "coordinates": [[[[3.1762522, 50.6826226], [3.1761655, 50.68248], [3.1760647, 50.6823465], [3.1760207, 50.6822747], [3.1759484, 50.6821851], [3.1758193, 50.6820246], [3.1756747, 50.6818732], [3.1755314, 50.6817038], [3.175459, 50.6815962], [3.1753865, 50.6814536], [3.1752384, 50.6811048], [3.1751359, 50.6808815], [3.1750632, 50.6806931], [3.1750033, 50.6805326], [3.1749732, 50.680398], [3.1749732, 50.680389], [3.1749573, 50.6802814], [3.1749555, 50.6801827], [3.1749539, 50.6801378], [3.174966, 50.6799673], [3.174991, 50.6798237], [3.1750314, 50.6796711], [3.1751001, 50.6795364], [3.1751957, 50.6793918], [3.1753631, 50.6792111], [3.1755715, 50.6790305], [3.17578, 50.6788947], [3.1759901, 50.6787858], [3.1762285, 50.6786939], [3.1763694, 50.6786211], [3.1764385, 50.6785761], [3.1764948, 50.6785311], [3.1765496, 50.6784315], [3.1766309, 50.6782788], [3.176756, 50.6781072], [3.1768109, 50.6780443], [3.1768531, 50.6779994], [3.1768939, 50.6779634], [3.177005, 50.6778367], [3.1770757, 50.6778546], [3.1771888, 50.6778805], [3.1773174, 50.6779063], [3.1772734, 50.6778346], [3.1772733, 50.6778076], [3.1772732, 50.6777807], [3.1772574, 50.6777009], [3.177312, 50.6775832], [3.1774924, 50.6774565], [3.1777872, 50.6773654], [3.1779989, 50.6773274], [3.1781543, 50.6773353], [3.178239, 50.6773351], [3.178338, 50.67737], [3.1784101, 50.6773968], [3.1784952, 50.6774855], [3.1785676, 50.6775841], [3.1785835, 50.6776828], [3.1785709, 50.6777187], [3.1785709, 50.6777367], [3.1785303, 50.6778265], [3.1786433, 50.6778254], [3.1786998, 50.6778253], [3.1787704, 50.6778243], [3.1788961, 50.6778242], [3.1796587, 50.6778276], [3.1797011, 50.6778275], [3.1805908, 50.6778217], [3.181071, 50.6778183], [3.1818745, 50.6778037], [3.1833857, 50.6777934], [3.1838941, 50.6777899], [3.1840918, 50.6777977], [3.1841483, 50.6777968], [3.1842331, 50.6777966], [3.184332, 50.6778046], [3.1846429, 50.6778651], [3.185522, 50.6780478], [3.1859319, 50.6781441], [3.1862868, 50.6782306], [3.1887535, 50.6788236], [3.1888666, 50.6788504], [3.1889655, 50.6788762], [3.1890096, 50.678948], [3.1890678, 50.6790457], [3.1893471, 50.6796806], [3.1882807, 50.6800474], [3.1876911, 50.6802574], [3.1871861, 50.6804314], [3.1864555, 50.6806873], [3.1859928, 50.6808522], [3.1852494, 50.6811082], [3.1828485, 50.681914], [3.1809525, 50.6825458], [3.1804314, 50.6818054], [3.1801433, 50.6814038], [3.1783318, 50.6819717], [3.1762522, 50.6826226]]]]}, "properties": {"cleabs": "PAIHABIT0000000056581595", "table": "zone_d_habitation", "nature": "Quartier", "nature_detaillee": "Quartier urbain", "toponyme": "la Potennerie"}}, {"type": "Feature", "geometry": {"type": "MultiPolygon", "coordinates": [[[[3.1749251, 50.6876551], [3.1751068, 50.6875283], [3.1751209, 50.6875193], [3.1751899, 50.6874555], [3.1752181, 50.6874195], [3.1752462, 50.6874015], [3.1753011, 50.6873387], [3.1753981, 50.687194], [3.1754528, 50.6870863], [3.1755606, 50.686825], [3.1756559, 50.6866005], [3.175793, 50.686227], [3.1758872, 50.6861058], [3.175942, 50.6860249], [3.1759843, 50.6859791], [3.1760124, 50.6859521], [3.1760265, 50.6859431], [3.1760815, 50.6859072], [3.1764875, 50.6856706], [3.1769343, 50.6853989], [3.1780129, 50.6848536], [3.1787122, 50.684499], [3.1803773, 50.6852136], [3.1816279, 50.6857529], [3.181642, 50.6857439], [3.1819334, 50.6854545], [3.1821009, 50.6852919], [3.182267, 50.6851382], [3.182491, 50.6849754], [3.1827417, 50.6847947], [3.1830348, 50.684604], [3.1832167, 50.6844952], [3.1843499, 50.6838501], [3.1850914, 50.6834416], [3.1864474, 50.6826876], [3.1869365, 50.6824158], [3.1889522, 50.6813341], [3.1898614, 50.6808616], [3.1895522, 50.680155], [3.1893471, 50.6796806], [3.1882807, 50.6800474], [3.1876911, 50.6802574], [3.1871861, 50.6804314], [3.1864555, 50.6806873], [3.1859928, 50.6808522], [3.1852494, 50.6811082], [3.1828485, 50.681914], [3.1809525, 50.6825458], [3.1804314, 50.6818054], [3.1801433, 50.6814038], [3.1783318, 50.6819717], [3.1762522, 50.6826226], [3.1753815, 50.6828706], [3.1751855, 50.6829444], [3.1750727, 50.6830074], [3.1749614, 50.6830803], [3.1748079, 50.683216], [3.1743946, 50.6837837], [3.1743807, 50.6838376], [3.1743822, 50.6838734], [3.1744247, 50.6839093], [3.174868, 50.6842559], [3.1753552, 50.6846384], [3.1759558, 50.6851096], [3.1753273, 50.6855349], [3.1753132, 50.6855448], [3.173959, 50.6864773], [3.1738759, 50.6865411], [3.1737646, 50.686622], [3.1749251, 50.6876551]]]]}, "properties": {"cleabs": "PAIHABIT0000000056581596", "table": "zone_d_habitation", "nature": "Quartier", "nature_detaillee": "Quartier urbain", "toponyme": "Moulin"}}, {"type": "Feature", "geometry": {"type": "MultiPolygon", "coordinates": [[[[3.170021, 50.6823495], [3.1700208, 50.6823046], [3.1699502, 50.6823047], [3.1699503, 50.6823496], [3.170021, 50.6823495]]]]}, "properties": {"cleabs": "PAIHABIT0000000056581598", "table": "zone_d_habitation", "nature": "Quartier", "nature_detaillee": "Résidence", "toponyme": "Résidence d'Armenoville"}}, {"type": "Feature", "geometry": {"type": "MultiPolygon", "coordinates": [[[[3.1691964, 50.6815896], [3.1691962, 50.6815448], [3.1691256, 50.6815449], [3.1691257, 50.6815897], [3.1691964, 50.6815896]]]]}, "properties": {"cleabs": "PAIHABIT0000000056581599", "table": "zone_d_habitation", "nature": "Quartier", "nature_detaillee": "Résidence", "toponyme": "Résidence Marly"}}, {"type": "Feature", "geometry": {"type": "MultiPolygon", "coordinates": [[[[3.1964529, 50.6692896], [3.1969136, 50.669026], [3.1969701, 50.6690259], [3.1971111, 50.6689799], [3.1975577, 50.6687252], [3.198048, 50.6684355], [3.1986045, 50.6688348], [3.1998361, 50.6682074], [3.2005491, 50.6678347], [3.2017243, 50.6672163], [3.2027036, 50.6667077], [3.2020926, 50.6664691], [3.2014817, 50.6662403], [3.2014534, 50.6662314], [3.2003449, 50.6658357], [3.1994638, 50.6654916], [3.1989516, 50.6652088], [3.1989375, 50.6652088], [3.1985984, 50.6651663], [3.1982598, 50.6652225], [3.1982034, 50.6652316], [3.1980213, 50.6652597], [3.1977391, 50.6652978], [3.1975994, 50.6653348], [3.1974302, 50.6653809], [3.1972043, 50.6653821], [3.1970206, 50.6653474], [3.1967648, 50.6652778], [3.1956296, 50.6649359], [3.1953189, 50.6649014], [3.1952624, 50.6648934], [3.1950646, 50.6648767], [3.1947115, 50.6648431], [3.194655, 50.6648432], [3.1942598, 50.6648734], [3.1939263, 50.6651629], [3.1932719, 50.665723], [3.1916872, 50.6670886], [3.1910586, 50.6666445], [3.1903295, 50.6661206], [3.1897066, 50.6668153], [3.1902297, 50.6677361], [3.1917676, 50.6685324], [3.1937242, 50.6698736], [3.1934331, 50.6701711], [3.1938885, 50.670366], [3.1936239, 50.6706007], [3.1933735, 50.6708263], [3.192738, 50.6715577], [3.1921807, 50.6720638], [3.1925531, 50.6723127], [3.1925548, 50.6724025], [3.1918984, 50.6728279], [3.1917168, 50.6729906], [3.1919164, 50.6731151], [3.192831, 50.6737005], [3.1930306, 50.673825], [3.1944858, 50.6747299], [3.1953423, 50.6752715], [3.1956127, 50.6754398], [3.1958367, 50.675295], [3.1961719, 50.6750773], [3.1974833, 50.6742245], [3.1978749, 50.6739708], [3.1984326, 50.6735813], [3.1994932, 50.6728833], [3.1999487, 50.6730683], [3.2000739, 50.6729505], [3.2002134, 50.6728785], [3.2003106, 50.6728147], [3.2004516, 50.6727597], [3.2005486, 50.6726608], [3.2006598, 50.67257], [3.2007287, 50.6724802], [3.2007551, 50.6723814], [3.2007391, 50.6722558], [3.2005818, 50.6721223], [3.2002816, 50.6719272], [3.2000678, 50.6717849], [3.1995948, 50.6714383], [3.1990382, 50.6710201], [3.1983229, 50.6704694], [3.1975072, 50.6698919], [3.1964529, 50.6692896]]]]}, "properties": {"cleabs": "PAIHABIT0000000056581600", "table": "zone_d_habitation", "nature": "Quartier", "nature_detaillee": "Quartier urbain", "toponyme": "les Hauts Champs"}}, {"type": "Feature", "geometry": {"type": "MultiPolygon", "coordinates": [[[[3.1772574, 50.6777009], [3.177312, 50.6775832], [3.1774924, 50.6774565], [3.1777872, 50.6773654], [3.1779989, 50.6773274], [3.1781543, 50.6773353], [3.178239, 50.6773351], [3.178338, 50.67737], [3.1790103, 50.6769975], [3.179625, 50.6766799], [3.1803255, 50.6763073], [3.1821438, 50.6753436], [3.1825357, 50.6751438], [3.1832222, 50.6747892], [3.1837677, 50.6745075], [3.1847332, 50.674017], [3.1860059, 50.6733349], [3.1868177, 50.6729084], [3.1876704, 50.6724539], [3.1885385, 50.6719904], [3.1893912, 50.671536], [3.1891774, 50.6713936], [3.1883352, 50.6708699], [3.188079, 50.6707106], [3.1872935, 50.6702137], [3.1870797, 50.6700803], [3.1869368, 50.6699917], [3.1868677, 50.6700196], [3.186783, 50.6700287], [3.1867265, 50.6700198], [3.1865993, 50.669994], [3.1865271, 50.6699412], [3.1864971, 50.6698425], [3.1857344, 50.6697943], [3.1845357, 50.6698293], [3.1837359, 50.6693145], [3.1835825, 50.6694412], [3.1834025, 50.6696398], [3.1832787, 50.6697836], [3.1832224, 50.6698204], [3.183097, 50.6699104], [3.1828448, 50.6700561], [3.1825924, 50.6701651], [3.1819869, 50.6702234], [3.1812895, 50.6706767], [3.1808149, 50.6710202], [3.180889, 50.6712175], [3.1809034, 50.6712803], [3.1808344, 50.6713522], [3.1806386, 50.67147], [3.1791805, 50.6720545], [3.1775955, 50.6726841], [3.1772263, 50.6725159], [3.1768274, 50.6723128], [3.1762446, 50.6720201], [3.1762993, 50.6719303], [3.1758121, 50.671503], [3.1753389, 50.6710756], [3.1748922, 50.6705225], [3.1747774, 50.6704159], [3.1743715, 50.6706336], [3.1738385, 50.6708614], [3.1734939, 50.6704419], [3.1710826, 50.671427], [3.1713245, 50.6715514], [3.1713952, 50.6715953], [3.1714958, 50.6716759], [3.1716247, 50.6718005], [3.171782, 50.6719609], [3.1725587, 50.6727989], [3.1741108, 50.6744658], [3.1747445, 50.6751703], [3.1748877, 50.6753307], [3.1758659, 50.6763819], [3.1761097, 50.6766409], [3.1764399, 50.6769797], [3.1772574, 50.6777009]]]]}, "properties": {"cleabs": "PAIHABIT0000000056581614", "table": "zone_d_habitation", "nature": "Quartier", "nature_detaillee": "Quartier urbain", "toponyme": "Nouveau Roubaix"}}, {"type": "Feature", "geometry": {"type": "MultiPolygon", "coordinates": [[[[3.192738, 50.6715577], [3.1921807, 50.6720638], [3.1925531, 50.6723127], [3.1925548, 50.6724025], [3.1918984, 50.6728279], [3.1917168, 50.6729906], [3.1911039, 50.6726003], [3.1905618, 50.6722637], [3.190147, 50.6720059], [3.1900196, 50.6719263], [3.1893912, 50.671536], [3.1891774, 50.6713936], [3.1883352, 50.6708699], [3.188079, 50.6707106], [3.1872935, 50.6702137], [3.1870797, 50.6700803], [3.1869368, 50.6699917], [3.186965, 50.6699737], [3.1869931, 50.6699557], [3.1870072, 50.6699377], [3.1870212, 50.6699198], [3.1870197, 50.6698929], [3.1870195, 50.669839], [3.1871026, 50.6697842], [3.187173, 50.6697302], [3.1878137, 50.6692321], [3.1882551, 50.669454], [3.1893514, 50.6699665], [3.1894079, 50.6699924], [3.190174, 50.6694313], [3.190317, 50.6695379], [3.1909439, 50.6698923], [3.1918, 50.6703711], [3.1919717, 50.6705763], [3.1921446, 50.6707367], [3.1923459, 50.6709409], [3.1925472, 50.6711461], [3.1926496, 50.6713425], [3.192738, 50.6715577]]]]}, "properties": {"cleabs": "PAIHABIT0000000056581616", "table": "zone_d_habitation", "nature": "Quartier", "nature_detaillee": "Quartier urbain", "toponyme": "Petites Haies"}}, {"type": "Feature", "geometry": {"type": "MultiPolygon", "coordinates": [[[[3.1694079, 50.6752243], [3.1694078, 50.6751794], [3.1693372, 50.6751795], [3.1693373, 50.6752244], [3.1694079, 50.6752243]]]]}, "properties": {"cleabs": "PAIHABIT0000000056581619", "table": "zone_d_habitation", "nature": "Quartier", "nature_detaillee": "Résidence", "toponyme": "Résidence Trianon"}}, {"type": "Feature", "geometry": {"type": "MultiPolygon", "coordinates": [[[[3.1930306, 50.673825], [3.1921907, 50.6742974], [3.1909745, 50.6749696], [3.1899402, 50.6755688], [3.1895484, 50.6757866], [3.1893385, 50.6759045], [3.187801, 50.6767853], [3.187128, 50.6761977], [3.1867978, 50.6759038], [3.1860101, 50.6752185], [3.1851642, 50.6744803], [3.1849645, 50.674311], [3.1848781, 50.6742313], [3.1847915, 50.6741237], [3.1847332, 50.674017], [3.1860059, 50.6733349], [3.1868177, 50.6729084], [3.1876704, 50.6724539], [3.1885385, 50.6719904], [3.1893912, 50.671536], [3.1900196, 50.6719263], [3.190147, 50.6720059], [3.1905618, 50.6722637], [3.1911039, 50.6726003], [3.1917168, 50.6729906], [3.1919164, 50.6731151], [3.192831, 50.6737005], [3.1930306, 50.673825]]]]}, "properties": {"cleabs": "PAIHABIT0000000056581622", "table": "zone_d_habitation", "nature": "Quartier", "nature_detaillee": "Quartier urbain", "toponyme": "le Nouveau Roubaix"}}, {"type": "Feature", "geometry": {"type": "MultiPolygon", "coordinates": [[[[3.1636254, 50.6810174], [3.1636252, 50.6809725], [3.1635546, 50.6809726], [3.1635548, 50.6810175], [3.1636254, 50.6810174]]]]}, "properties": {"cleabs": "PAIHABIT0000000056581625", "table": "zone_d_habitation", "nature": "Quartier", "nature_detaillee": "Résidence", "toponyme": "Résidence les Hauts du Parc"}}, {"type": "Feature", "geometry": {"type": "MultiPolygon", "coordinates": [[[[3.1694805, 50.6992115], [3.1695458, 50.6993083], [3.1693737, 50.6993938], [3.1690945, 50.6991474], [3.1690831, 50.6990963], [3.1692744, 50.6988654], [3.1694676, 50.6987341], [3.1703056, 50.6983821], [3.1703664, 50.6983874], [3.1704759, 50.6986026], [3.1703277, 50.6986567], [3.1703562, 50.698723], [3.1694805, 50.6992115]]]]}, "properties": {"cleabs": "PAIHABIT0000000084055227", "table": "zone_d_habitation", "nature": "Quartier", "nature_detaillee": "Résidence", "toponyme": "Résidence Médicis"}}, {"type": "Feature", "geometry": {"type": "MultiPolygon", "coordinates": [[[[3.1805176, 50.6892524], [3.1804469, 50.6892525], [3.1804468, 50.6892077], [3.1805174, 50.6892076], [3.1805176, 50.6892524]]]]}, "properties": {"cleabs": "PAIHABIT0000000085045903", "table": "zone_d_habitation", "nature": "Quartier", "nature_detaillee": "Résidence", "toponyme": "Résidence les Tuileries"}}, {"type": "Feature", "geometry": {"type": "MultiPolygon", "coordinates": [[[[3.1695285, 50.6808148], [3.1695283, 50.6807699], [3.1694577, 50.68077], [3.1694579, 50.6808149], [3.1695285, 50.6808148]]]]}, "properties": {"cleabs": "PAIHABIT0000000085045904", "table": "zone_d_habitation", "nature": "Quartier", "nature_detaillee": "Résidence", "toponyme": "Résidence Giverny"}}, {"type": "Feature", "geometry": {"type": "MultiPolygon", "coordinates": [[[[3.1673764, 50.6936221], [3.1673762, 50.6935772], [3.1673056, 50.6935773], [3.1673057, 50.6936222], [3.1673764, 50.6936221]]]]}, "properties": {"cleabs": "PAIHABIT0000000085045905", "table": "zone_d_habitation", "nature": "Quartier", "nature_detaillee": "Résidence", "toponyme": "Résidence les Muséal"}}, {"type": "Feature", "geometry": {"type": "MultiPolygon", "coordinates": [[[[3.1860309, 50.6804681], [3.1860308, 50.6804232], [3.1859602, 50.6804233], [3.1859603, 50.6804682], [3.1860309, 50.6804681]]]]}, "properties": {"cleabs": "PAIHABIT0000000086328380", "table": "zone_d_habitation", "nature": "Quartier", "nature_detaillee": "Immeuble", "toponyme": "Angelier"}}, {"type": "Feature", "geometry": {"type": "MultiPolygon", "coordinates": [[[[3.1854315, 50.6807023], [3.1854314, 50.6806574], [3.1853608, 50.6806576], [3.1853609, 50.6807024], [3.1854315, 50.6807023]]]]}, "properties": {"cleabs": "PAIHABIT0000000086328382", "table": "zone_d_habitation", "nature": "Quartier", "nature_detaillee": "Immeuble", "toponyme": "Jean Aicard"}}, {"type": "Feature", "geometry": {"type": "MultiPolygon", "coordinates": [[[[3.1866871, 50.6803047], [3.1866869, 50.6802598], [3.1866163, 50.6802599], [3.1866165, 50.6803048], [3.1866871, 50.6803047]]]]}, "properties": {"cleabs": "PAIHABIT0000000086328383", "table": "zone_d_habitation", "nature": "Quartier", "nature_detaillee": "Immeuble", "toponyme": "Pierre Loti"}}, {"type": "Feature", "geometry": {"type": "MultiPolygon", "coordinates": [[[[3.1727885, 50.6747261], [3.1724257, 50.6743578], [3.1724761, 50.6742437], [3.1734917, 50.6738744], [3.1730409, 50.6733958], [3.170942, 50.6741059], [3.171356, 50.6745737], [3.1717355, 50.674453], [3.1721679, 50.6749459], [3.1727885, 50.6747261]]]]}, "properties": {"cleabs": "PAIHABIT0000000086627651", "table": "zone_d_habitation", "nature": "Quartier", "nature_detaillee": "Quartier urbain", "toponyme": "les Jardins de Barbieux"}}, {"type": "Feature", "geometry": {"type": "MultiPolygon", "coordinates": [[[[3.1710163, 50.6714504], [3.1712481, 50.6715237], [3.1730296, 50.6733833], [3.1703721, 50.674296], [3.1705411, 50.6745731], [3.1697427, 50.6748272], [3.1691585, 50.6749644], [3.1690475, 50.6747277], [3.1689643, 50.674743], [3.1685615, 50.6742482], [3.1690702, 50.6739101], [3.1681193, 50.6729144], [3.1683313, 50.6725579], [3.1687386, 50.6722962], [3.1709767, 50.6714361], [3.1710163, 50.6714504]]]]}, "properties": {"cleabs": "PAIHABIT0000000086627656", "table": "zone_d_habitation", "nature": "Quartier", "nature_detaillee": "Quartier urbain", "toponyme": "Parc de Beaumont"}}, {"type": "Feature", "geometry": {"type": "MultiPolygon", "coordinates": [[[[3.197623, 50.6731178], [3.1975524, 50.6731179], [3.1975522, 50.673073], [3.1976229, 50.6730729], [3.197623, 50.6731178]]]]}, "properties": {"cleabs": "PAIHABIT0000000086629514", "table": "zone_d_habitation", "nature": "Quartier", "nature_detaillee": "Immeuble", "toponyme": "les Magniolias"}}, {"type": "Feature", "geometry": {"type": "MultiPolygon", "coordinates": [[[[3.1978534, 50.6728069], [3.1978532, 50.6727621], [3.1977826, 50.6727622], [3.1977828, 50.672807], [3.1978534, 50.6728069]]]]}, "properties": {"cleabs": "PAIHABIT0000000086629515", "table": "zone_d_habitation", "nature": "Quartier", "nature_detaillee": "Immeuble", "toponyme": "les Genêts"}}, {"type": "Feature", "geometry": {"type": "MultiPolygon", "coordinates": [[[[3.1980568, 50.6724647], [3.1979862, 50.6724648], [3.197986, 50.6724199], [3.1980566, 50.6724198], [3.1980568, 50.6724647]]]]}, "properties": {"cleabs": "PAIHABIT0000000086629516", "table": "zone_d_habitation", "nature": "Quartier", "nature_detaillee": "Immeuble", "toponyme": "les Tamaris"}}, {"type": "Feature", "geometry": {"type": "MultiPolygon", "coordinates": [[[[3.1988132, 50.6723244], [3.1987426, 50.6723245], [3.1987424, 50.6722796], [3.198813, 50.6722795], [3.1988132, 50.6723244]]]]}, "properties": {"cleabs": "PAIHABIT0000000086629517", "table": "zone_d_habitation", "nature": "Quartier", "nature_detaillee": "Immeuble", "toponyme": "les Aubépines"}}, {"type": "Feature", "geometry": {"type": "MultiPolygon", "coordinates": [[[[3.1982617, 50.6721252], [3.198191, 50.6721253], [3.1981909, 50.6720804], [3.1982615, 50.6720803], [3.1982617, 50.6721252]]]]}, "properties": {"cleabs": "PAIHABIT0000000086629518", "table": "zone_d_habitation", "nature": "Quartier", "nature_detaillee": "Immeuble", "toponyme": "les Seringas"}}, {"type": "Feature", "geometry": {"type": "MultiPolygon", "coordinates": [[[[3.1987851, 50.6720023], [3.1987145, 50.6720024], [3.1987143, 50.6719575], [3.1987849, 50.6719574], [3.1987851, 50.6720023]]]]}, "properties": {"cleabs": "PAIHABIT0000000086629519", "table": "zone_d_habitation", "nature": "Quartier", "nature_detaillee": "Immeuble", "toponyme": "les Hibiscus"}}, {"type": "Feature", "geometry": {"type": "MultiPolygon", "coordinates": [[[[3.1974591, 50.6720098], [3.1973885, 50.6720099], [3.1973883, 50.671965], [3.1974589, 50.6719649], [3.1974591, 50.6720098]]]]}, "properties": {"cleabs": "PAIHABIT0000000086629520", "table": "zone_d_habitation", "nature": "Quartier", "nature_detaillee": "Immeuble", "toponyme": "les Aloès"}}, {"type": "Feature", "geometry": {"type": "MultiPolygon", "coordinates": [[[[3.1971992, 50.6723413], [3.1971285, 50.6723414], [3.1971284, 50.6722966], [3.197199, 50.6722965], [3.1971992, 50.6723413]]]]}, "properties": {"cleabs": "PAIHABIT0000000086629524", "table": "zone_d_habitation", "nature": "Quartier", "nature_detaillee": "Immeuble", "toponyme": "les Rosiers"}}, {"type": "Feature", "geometry": {"type": "MultiPolygon", "coordinates": [[[[3.1703475, 50.6749493], [3.1703474, 50.6749045], [3.1702768, 50.6749046], [3.1702769, 50.6749494], [3.1703475, 50.6749493]]]]}, "properties": {"cleabs": "PAIHABIT0000000086629659", "table": "zone_d_habitation", "nature": "Quartier", "nature_detaillee": "Résidence", "toponyme": "Résidence Delory"}}, {"type": "Feature", "geometry": {"type": "MultiPolygon", "coordinates": [[[[3.1697004, 50.6756717], [3.1697002, 50.6756268], [3.1696296, 50.6756269], [3.1696297, 50.6756718], [3.1697004, 50.6756717]]]]}, "properties": {"cleabs": "PAIHABIT0000000086629660", "table": "zone_d_habitation", "nature": "Quartier", "nature_detaillee": "Résidence", "toponyme": "Résidence Rambouillet"}}, {"type": "Feature", "geometry": {"type": "MultiPolygon", "coordinates": [[[[3.162008, 50.6787653], [3.1620078, 50.6787205], [3.1619372, 50.6787206], [3.1619374, 50.6787654], [3.162008, 50.6787653]]]]}, "properties": {"cleabs": "PAIHABIT0000000219977444", "table": "zone_d_habitation", "nature": "Quartier", "nature_detaillee": "Résidence", "toponyme": "Résidence la Laiterie"}}, {"type": "Feature", "geometry": {"type": "MultiPolygon", "coordinates": [[[[3.1825184, 50.6913439], [3.1825182, 50.6912991], [3.1824476, 50.6912992], [3.1824477, 50.691344], [3.1825184, 50.6913439]]]]}, "properties": {"cleabs": "PAIHABIT0000000227504297", "table": "zone_d_habitation", "nature": "Quartier", "nature_detaillee": "Résidence", "toponyme": "Résidence Blériot"}}, {"type": "Feature", "geometry": {"type": "MultiPolygon", "coordinates": [[[[3.182007, 50.6901826], [3.1820069, 50.6901377], [3.1819362, 50.6901378], [3.1819364, 50.6901827], [3.182007, 50.6901826]]]]}, "properties": {"cleabs": "PAIHABIT0000000227504336", "table": "zone_d_habitation", "nature": "Quartier", "nature_detaillee": "Résidence", "toponyme": "Résidence Guyemer"}}, {"type": "Feature", "geometry": {"type": "MultiPolygon", "coordinates": [[[[3.1825266, 50.6897089], [3.1825264, 50.6896641], [3.1824558, 50.6896642], [3.1824559, 50.689709], [3.1825266, 50.6897089]]]]}, "properties": {"cleabs": "PAIHABIT0000000227504337", "table": "zone_d_habitation", "nature": "Quartier", "nature_detaillee": "Résidence", "toponyme": "Résidence Mermoz"}}, {"type": "Feature", "geometry": {"type": "MultiPolygon", "coordinates": [[[[3.183097, 50.6892585], [3.1830969, 50.6892137], [3.1830262, 50.6892138], [3.1830264, 50.6892586], [3.183097, 50.6892585]]]]}, "properties": {"cleabs": "PAIHABIT0000000227504338", "table": "zone_d_habitation", "nature": "Quartier", "nature_detaillee": "Résidence", "toponyme": "Résidence Saint-Exupéry"}}, {"type": "Feature", "geometry": {"type": "MultiPolygon", "coordinates": [[[[3.1856635, 50.6788821], [3.1856633, 50.6788372], [3.1855927, 50.6788373], [3.1855929, 50.6788822], [3.1856635, 50.6788821]]]]}, "properties": {"cleabs": "PAIHABIT0000000241808570", "table": "zone_d_habitation", "nature": "Quartier", "nature_detaillee": "Résidence", "toponyme": "Résidence Stendhal"}}, {"type": "Feature", "geometry": {"type": "MultiPolygon", "coordinates": [[[[3.1768917, 50.6873499], [3.1769736, 50.6869271], [3.1771353, 50.6867223], [3.177483, 50.6867953], [3.1780402, 50.6869794], [3.1786126, 50.6866582], [3.1791955, 50.6869122], [3.1788099, 50.6873229], [3.1768917, 50.6873499]]]]}, "properties": {"cleabs": "PAIHABIT0000000246740250", "table": "zone_d_habitation", "nature": "Quartier", "nature_detaillee": "Résidence", "toponyme": "Résidence le Carré Saint-Jean"}}, {"type": "Feature", "geometry": {"type": "MultiPolygon", "coordinates": [[[[3.2026079, 50.6860292], [3.2026077, 50.6859843], [3.2025371, 50.6859844], [3.2025373, 50.6860293], [3.2026079, 50.6860292]]]]}, "properties": {"cleabs": "PAIHABIT0000000246855212", "table": "zone_d_habitation", "nature": "Quartier", "nature_detaillee": "Immeuble", "toponyme": "la Vézère"}}, {"type": "Feature", "geometry": {"type": "MultiPolygon", "coordinates": [[[[3.2008802, 50.6859961], [3.20088, 50.6859512], [3.2008094, 50.6859513], [3.2008096, 50.6859962], [3.2008802, 50.6859961]]]]}, "properties": {"cleabs": "PAIHABIT0000000246903490", "table": "zone_d_habitation", "nature": "Quartier", "nature_detaillee": "Immeuble", "toponyme": "la Dives"}}, {"type": "Feature", "geometry": {"type": "MultiPolygon", "coordinates": [[[[3.1709066, 50.6815254], [3.1709064, 50.6814805], [3.1708358, 50.6814806], [3.170836, 50.6815255], [3.1709066, 50.6815254]]]]}, "properties": {"cleabs": "PAIHABIT0000000247859479", "table": "zone_d_habitation", "nature": "Quartier", "nature_detaillee": "Résidence", "toponyme": "Résidence Chantilly"}}, {"type": "Feature", "geometry": {"type": "MultiPolygon", "coordinates": [[[[3.1686336, 50.6759343], [3.1686334, 50.6758894], [3.1685628, 50.6758895], [3.168563, 50.6759344], [3.1686336, 50.6759343]]]]}, "properties": {"cleabs": "PAIHABIT0000000247862886", "table": "zone_d_habitation", "nature": "Quartier", "nature_detaillee": "Résidence", "toponyme": "Résidence les Moulins de Barbieux"}}, {"type": "Feature", "geometry": {"type": "MultiPolygon", "coordinates": [[[[3.1681139, 50.6755105], [3.1681137, 50.6754657], [3.1680431, 50.6754658], [3.1680433, 50.6755106], [3.1681139, 50.6755105]]]]}, "properties": {"cleabs": "PAIHABIT0000000247862887", "table": "zone_d_habitation", "nature": "Quartier", "nature_detaillee": "Résidence", "toponyme": "Résidence l'Orée du Parc"}}, {"type": "Feature", "geometry": {"type": "MultiPolygon", "coordinates": [[[[3.1591626, 50.6762411], [3.1591625, 50.6761963], [3.1590918, 50.6761963], [3.159092, 50.6762412], [3.1591626, 50.6762411]]]]}, "properties": {"cleabs": "PAIHABIT0000000247868763", "table": "zone_d_habitation", "nature": "Quartier", "nature_detaillee": "Résidence", "toponyme": "Résidence Duquesnière"}}, {"type": "Feature", "geometry": {"type": "MultiPolygon", "coordinates": [[[[3.1597122, 50.6767447], [3.159712, 50.6766999], [3.1596414, 50.6767], [3.1596415, 50.6767448], [3.1597122, 50.6767447]]]]}, "properties": {"cleabs": "PAIHABIT0000000247869067", "table": "zone_d_habitation", "nature": "Quartier", "nature_detaillee": "Résidence", "toponyme": "Résidence du Parc"}}, {"type": "Feature", "geometry": {"type": "MultiPolygon", "coordinates": [[[[3.1601494, 50.6774558], [3.1601493, 50.6774109], [3.1600787, 50.677411], [3.1600788, 50.6774559], [3.1601494, 50.6774558]]]]}, "properties": {"cleabs": "PAIHABIT0000000247869068", "table": "zone_d_habitation", "nature": "Quartier", "nature_detaillee": "Résidence", "toponyme": "Résidence Horizon"}}, {"type": "Feature", "geometry": {"type": "MultiPolygon", "coordinates": [[[[3.1587762, 50.6755228], [3.1587761, 50.675478], [3.1587054, 50.675478], [3.1587056, 50.6755229], [3.1587762, 50.6755228]]]]}, "properties": {"cleabs": "PAIHABIT0000000247869235", "table": "zone_d_habitation", "nature": "Quartier", "nature_detaillee": "Résidence", "toponyme": "Résidence le Grand Jardin"}}, {"type": "Feature", "geometry": {"type": "MultiPolygon", "coordinates": [[[[3.2023368, 50.6853485], [3.2023366, 50.6853037], [3.2022659, 50.6853038], [3.2022661, 50.6853486], [3.2023368, 50.6853485]]]]}, "properties": {"cleabs": "PAIHABIT0000000247870177", "table": "zone_d_habitation", "nature": "Quartier", "nature_detaillee": "Immeuble", "toponyme": "la Lyre"}}, {"type": "Feature", "geometry": {"type": "MultiPolygon", "coordinates": [[[[3.1956255, 50.6743809], [3.1956253, 50.674336], [3.1955547, 50.6743361], [3.1955549, 50.674381], [3.1956255, 50.6743809]]]]}, "properties": {"cleabs": "PAIHABIT0000000254872100", "table": "zone_d_habitation", "nature": "Quartier", "nature_detaillee": "Immeuble", "toponyme": "Pavillon Jean-Baptiste Creuze"}}, {"type": "Feature", "geometry": {"type": "MultiPolygon", "coordinates": [[[[3.1952446, 50.673747], [3.195174, 50.6737471], [3.1951738, 50.6737023], [3.1952444, 50.6737021], [3.1952446, 50.673747]]]]}, "properties": {"cleabs": "PAIHABIT0000000254872102", "table": "zone_d_habitation", "nature": "Quartier", "nature_detaillee": "Immeuble", "toponyme": "Pavillon Jean-Baptiste Chardin"}}, {"type": "Feature", "geometry": {"type": "MultiPolygon", "coordinates": [[[[3.1661657, 50.6851015], [3.1661655, 50.6850567], [3.1660949, 50.6850567], [3.166095, 50.6851016], [3.1661657, 50.6851015]]]]}, "properties": {"cleabs": "PAIHABIT0000000254909054", "table": "zone_d_habitation", "nature": "Quartier", "nature_detaillee": "Résidence", "toponyme": "Résidence le Colbert"}}, {"type": "Feature", "geometry": {"type": "MultiPolygon", "coordinates": [[[[3.1855005, 50.6787136], [3.1855003, 50.6786688], [3.1854297, 50.6786689], [3.1854298, 50.6787138], [3.1855005, 50.6787136]]]]}, "properties": {"cleabs": "PAIHABIT0000000254912518", "table": "zone_d_habitation", "nature": "Quartier", "nature_detaillee": "Immeuble", "toponyme": "Pavillon Stendhal"}}, {"type": "Feature", "geometry": {"type": "MultiPolygon", "coordinates": [[[[3.1857317, 50.6801311], [3.1857315, 50.6800863], [3.1856609, 50.6800864], [3.1856611, 50.6801312], [3.1857317, 50.6801311]]]]}, "properties": {"cleabs": "PAIHABIT0000000254912591", "table": "zone_d_habitation", "nature": "Quartier", "nature_detaillee": "Immeuble", "toponyme": "Résidence Renan"}}, {"type": "Feature", "geometry": {"type": "MultiPolygon", "coordinates": [[[[3.19685, 50.6736781], [3.1953603, 50.6726305], [3.1955025, 50.6725334], [3.1969825, 50.6736159], [3.19685, 50.6736781]]]]}, "properties": {"cleabs": "PAIHABIT0000000259253260", "table": "zone_d_habitation", "nature": "Quartier", "nature_detaillee": "Résidence", "toponyme": "Edgar Degas"}}, {"type": "Feature", "geometry": {"type": "MultiPolygon", "coordinates": [[[[3.193458, 50.6751704], [3.1934578, 50.6751255], [3.1933872, 50.6751256], [3.1933874, 50.6751705], [3.193458, 50.6751704]]]]}, "properties": {"cleabs": "PAIHABIT0000000259253261", "table": "zone_d_habitation", "nature": "Quartier", "nature_detaillee": "Immeuble", "toponyme": "Eugène Ionesco"}}, {"type": "Feature", "geometry": {"type": "MultiPolygon", "coordinates": [[[[3.1935706, 50.6761842], [3.1935705, 50.6761393], [3.1934999, 50.6761395], [3.1935, 50.6761843], [3.1935706, 50.6761842]]]]}, "properties": {"cleabs": "PAIHABIT0000000259253262", "table": "zone_d_habitation", "nature": "Quartier", "nature_detaillee": "Immeuble", "toponyme": "Georges Feydeau"}}, {"type": "Feature", "geometry": {"type": "MultiPolygon", "coordinates": [[[[3.1957521, 50.6713502], [3.1957519, 50.6713053], [3.1956813, 50.6713055], [3.1956815, 50.6713503], [3.1957521, 50.6713502]]]]}, "properties": {"cleabs": "PAIHABIT0000000259253268", "table": "zone_d_habitation", "nature": "Quartier", "nature_detaillee": "Immeuble", "toponyme": "Eugène Vlaminck"}}, {"type": "Feature", "geometry": {"type": "MultiPolygon", "coordinates": [[[[3.1911099, 50.6789959], [3.1911097, 50.678951], [3.1910391, 50.6789511], [3.1910393, 50.678996], [3.1911099, 50.6789959]]]]}, "properties": {"cleabs": "PAIHABIT0000000259253269", "table": "zone_d_habitation", "nature": "Quartier", "nature_detaillee": "Immeuble", "toponyme": "Ules Renard"}}, {"type": "Feature", "geometry": {"type": "MultiPolygon", "coordinates": [[[[3.1911769, 50.678408], [3.1911767, 50.6783631], [3.1911061, 50.6783633], [3.1911062, 50.6784081], [3.1911769, 50.678408]]]]}, "properties": {"cleabs": "PAIHABIT0000000259253270", "table": "zone_d_habitation", "nature": "Quartier", "nature_detaillee": "Immeuble", "toponyme": "Marcel Aimé"}}, {"type": "Feature", "geometry": {"type": "MultiPolygon", "coordinates": [[[[3.1911636, 50.6775134], [3.1911634, 50.6774685], [3.1910928, 50.6774686], [3.191093, 50.6775135], [3.1911636, 50.6775134]]]]}, "properties": {"cleabs": "PAIHABIT0000000259253271", "table": "zone_d_habitation", "nature": "Quartier", "nature_detaillee": "Immeuble", "toponyme": "Lucien Guitry"}}, {"type": "Feature", "geometry": {"type": "MultiPolygon", "coordinates": [[[[3.1916964, 50.6772397], [3.1916962, 50.6771949], [3.1916256, 50.677195], [3.1916258, 50.6772398], [3.1916964, 50.6772397]]]]}, "properties": {"cleabs": "PAIHABIT0000000259253272", "table": "zone_d_habitation", "nature": "Quartier", "nature_detaillee": "Immeuble", "toponyme": "Alphonse Allais"}}, {"type": "Feature", "geometry": {"type": "MultiPolygon", "coordinates": [[[[3.1922998, 50.6769678], [3.1922996, 50.6769229], [3.192229, 50.676923], [3.1922292, 50.6769679], [3.1922998, 50.6769678]]]]}, "properties": {"cleabs": "PAIHABIT0000000259253273", "table": "zone_d_habitation", "nature": "Quartier", "nature_detaillee": "Immeuble", "toponyme": "Georges Courteline"}}, {"type": "Feature", "geometry": {"type": "MultiPolygon", "coordinates": [[[[3.1930477, 50.6771847], [3.1930475, 50.6771398], [3.1929769, 50.6771399], [3.1929771, 50.6771848], [3.1930477, 50.6771847]]]]}, "properties": {"cleabs": "PAIHABIT0000000259253274", "table": "zone_d_habitation", "nature": "Quartier", "nature_detaillee": "Immeuble", "toponyme": "Edmond de Goncourt"}}, {"type": "Feature", "geometry": {"type": "MultiPolygon", "coordinates": [[[[3.1681144, 50.681986], [3.1681142, 50.6819411], [3.1680436, 50.6819412], [3.1680438, 50.681986], [3.1681144, 50.681986]]]]}, "properties": {"cleabs": "PAIHABIT0000000259254746", "table": "zone_d_habitation", "nature": "Quartier", "nature_detaillee": "Résidence", "toponyme": "Résidence Serpentine"}}, {"type": "Feature", "geometry": {"type": "MultiPolygon", "coordinates": [[[[3.1902452, 50.6721915], [3.190245, 50.6721467], [3.1901744, 50.6721468], [3.1901746, 50.6721916], [3.1902452, 50.6721915]]]]}, "properties": {"cleabs": "PAIHABIT0000000259254753", "table": "zone_d_habitation", "nature": "Quartier", "nature_detaillee": "Résidence", "toponyme": "Résidence les Palmiers"}}, {"type": "Feature", "geometry": {"type": "MultiPolygon", "coordinates": [[[[3.1907662, 50.6725398], [3.190766, 50.672495], [3.1906954, 50.6724951], [3.1906956, 50.6725399], [3.1907662, 50.6725398]]]]}, "properties": {"cleabs": "PAIHABIT0000000259254754", "table": "zone_d_habitation", "nature": "Quartier", "nature_detaillee": "Résidence", "toponyme": "Résidence les Acacias"}}, {"type": "Feature", "geometry": {"type": "MultiPolygon", "coordinates": [[[[3.1618799, 50.6793317], [3.1618797, 50.6792869], [3.1618091, 50.679287], [3.1618093, 50.6793318], [3.1618799, 50.6793317]]]]}, "properties": {"cleabs": "PAIHABIT0000000259254760", "table": "zone_d_habitation", "nature": "Quartier", "nature_detaillee": "Résidence", "toponyme": "Résidence Royal Parc"}}, {"type": "Feature", "geometry": {"type": "MultiPolygon", "coordinates": [[[[3.163899, 50.6804741], [3.1638989, 50.6804293], [3.1638283, 50.6804294], [3.1638284, 50.6804742], [3.163899, 50.6804741]]]]}, "properties": {"cleabs": "PAIHABIT0000000259254761", "table": "zone_d_habitation", "nature": "Quartier", "nature_detaillee": "Immeuble", "toponyme": "Nouveau Barbieux"}}, {"type": "Feature", "geometry": {"type": "MultiPolygon", "coordinates": [[[[3.1719584, 50.6884175], [3.1719583, 50.6883726], [3.1718876, 50.6883727], [3.1718878, 50.6884176], [3.1719584, 50.6884175]]]]}, "properties": {"cleabs": "PAIHABIT0000000259255351", "table": "zone_d_habitation", "nature": "Quartier", "nature_detaillee": "Résidence", "toponyme": "les Jardins de l'Université"}}, {"type": "Feature", "geometry": {"type": "MultiPolygon", "coordinates": [[[[3.1796483, 50.7052856], [3.1796481, 50.7052408], [3.1795775, 50.7052409], [3.1795776, 50.7052857], [3.1796483, 50.7052856]]]]}, "properties": {"cleabs": "PAIHABIT0000000259255353", "table": "zone_d_habitation", "nature": "Quartier", "nature_detaillee": "Immeuble", "toponyme": "Mérignac"}}, {"type": "Feature", "geometry": {"type": "MultiPolygon", "coordinates": [[[[3.1823338, 50.7062347], [3.1823336, 50.7061898], [3.182263, 50.7061899], [3.1822631, 50.7062348], [3.1823338, 50.7062347]]]]}, "properties": {"cleabs": "PAIHABIT0000000259255354", "table": "zone_d_habitation", "nature": "Quartier", "nature_detaillee": "Résidence", "toponyme": "Résidence du Quai de Marseille 2"}}, {"type": "Feature", "geometry": {"type": "MultiPolygon", "coordinates": [[[[3.1817089, 50.7061701], [3.1817088, 50.7061252], [3.1816381, 50.7061253], [3.1816383, 50.7061702], [3.1817089, 50.7061701]]]]}, "properties": {"cleabs": "PAIHABIT0000000259255355", "table": "zone_d_habitation", "nature": "Quartier", "nature_detaillee": "Immeuble", "toponyme": "Résidence du Quai de Marseille 1"}}, {"type": "Feature", "geometry": {"type": "MultiPolygon", "coordinates": [[[[3.1805961, 50.7055642], [3.1805959, 50.7055194], [3.1805253, 50.7055195], [3.1805254, 50.7055643], [3.1805961, 50.7055642]]]]}, "properties": {"cleabs": "PAIHABIT0000000259255356", "table": "zone_d_habitation", "nature": "Quartier", "nature_detaillee": "Immeuble", "toponyme": "Bordeaux"}}, {"type": "Feature", "geometry": {"type": "MultiPolygon", "coordinates": [[[[3.1848576, 50.7039419], [3.1848574, 50.703897], [3.1847868, 50.7038971], [3.1847869, 50.703942], [3.1848576, 50.7039419]]]]}, "properties": {"cleabs": "PAIHABIT0000000259255367", "table": "zone_d_habitation", "nature": "Quartier", "nature_detaillee": "Immeuble", "toponyme": "Résidence les Berges du Canal"}}, {"type": "Feature", "geometry": {"type": "MultiPolygon", "coordinates": [[[[3.1711944, 50.6847573], [3.1711943, 50.6847124], [3.1711237, 50.6847125], [3.1711238, 50.6847574], [3.1711944, 50.6847573]]]]}, "properties": {"cleabs": "PAIHABIT0000000259255388", "table": "zone_d_habitation", "nature": "Quartier", "nature_detaillee": "Résidence", "toponyme": "Résidence les Drapiers"}}, {"type": "Feature", "geometry": {"type": "MultiPolygon", "coordinates": [[[[3.1921949, 50.6912522], [3.1921947, 50.6912073], [3.1921241, 50.6912074], [3.1921243, 50.6912523], [3.1921949, 50.6912522]]]]}, "properties": {"cleabs": "PAIHABIT0000000259261930", "table": "zone_d_habitation", "nature": "Quartier", "nature_detaillee": "Résidence", "toponyme": "Résidence du Houx"}}, {"type": "Feature", "geometry": {"type": "MultiPolygon", "coordinates": [[[[3.1936595, 50.6882411], [3.1936594, 50.6881962], [3.1935887, 50.6881963], [3.1935889, 50.6882412], [3.1936595, 50.6882411]]]]}, "properties": {"cleabs": "PAIHABIT0000000259261931", "table": "zone_d_habitation", "nature": "Quartier", "nature_detaillee": "Résidence", "toponyme": "Résidence de la Drève"}}, {"type": "Feature", "geometry": {"type": "MultiPolygon", "coordinates": [[[[3.1933718, 50.688351], [3.1933716, 50.6883061], [3.193301, 50.6883062], [3.1933012, 50.6883511], [3.1933718, 50.688351]]]]}, "properties": {"cleabs": "PAIHABIT0000000259261932", "table": "zone_d_habitation", "nature": "Quartier", "nature_detaillee": "Immeuble", "toponyme": "Delezenne"}}, {"type": "Feature", "geometry": {"type": "MultiPolygon", "coordinates": [[[[3.1882051, 50.6870075], [3.1882049, 50.6869626], [3.1881343, 50.6869627], [3.1881345, 50.6870076], [3.1882051, 50.6870075]]]]}, "properties": {"cleabs": "PAIHABIT0000000259262225", "table": "zone_d_habitation", "nature": "Quartier", "nature_detaillee": "Résidence", "toponyme": "Résidence Jules Guesde"}}, {"type": "Feature", "geometry": {"type": "MultiPolygon", "coordinates": [[[[3.1877128, 50.6871814], [3.1877126, 50.6871366], [3.187642, 50.6871367], [3.1876422, 50.6871815], [3.1877128, 50.6871814]]]]}, "properties": {"cleabs": "PAIHABIT0000000259262226", "table": "zone_d_habitation", "nature": "Quartier", "nature_detaillee": "Immeuble", "toponyme": "l'Herbier"}}, {"type": "Feature", "geometry": {"type": "MultiPolygon", "coordinates": [[[[3.1874253, 50.6873658], [3.1874251, 50.687321], [3.1873545, 50.6873211], [3.1873547, 50.6873659], [3.1874253, 50.6873658]]]]}, "properties": {"cleabs": "PAIHABIT0000000259262227", "table": "zone_d_habitation", "nature": "Quartier", "nature_detaillee": "Immeuble", "toponyme": "Renoir"}}, {"type": "Feature", "geometry": {"type": "MultiPolygon", "coordinates": [[[[3.1868934, 50.6879122], [3.1868932, 50.6878674], [3.1868226, 50.6878675], [3.1868228, 50.6879123], [3.1868934, 50.6879122]]]]}, "properties": {"cleabs": "PAIHABIT0000000259262228", "table": "zone_d_habitation", "nature": "Quartier", "nature_detaillee": "Immeuble", "toponyme": "Duvivier"}}, {"type": "Feature", "geometry": {"type": "MultiPolygon", "coordinates": [[[[3.1864255, 50.6882117], [3.1864254, 50.6881669], [3.1863547, 50.688167], [3.1863549, 50.6882119], [3.1864255, 50.6882117]]]]}, "properties": {"cleabs": "PAIHABIT0000000259262229", "table": "zone_d_habitation", "nature": "Quartier", "nature_detaillee": "Résidence", "toponyme": "Résidence Prévert"}}, {"type": "Feature", "geometry": {"type": "MultiPolygon", "coordinates": [[[[3.1863815, 50.6885259], [3.1863813, 50.688481], [3.1863107, 50.6884811], [3.1863109, 50.688526], [3.1863815, 50.6885259]]]]}, "properties": {"cleabs": "PAIHABIT0000000259262230", "table": "zone_d_habitation", "nature": "Quartier", "nature_detaillee": "Immeuble", "toponyme": "Carné"}}, {"type": "Feature", "geometry": {"type": "MultiPolygon", "coordinates": [[[[3.1917269, 50.6852173], [3.1917267, 50.6851724], [3.1916561, 50.6851725], [3.1916562, 50.6852174], [3.1917269, 50.6852173]]]]}, "properties": {"cleabs": "PAIHABIT0000000259262237", "table": "zone_d_habitation", "nature": "Quartier", "nature_detaillee": "Immeuble", "toponyme": "les Cèpes"}}, {"type": "Feature", "geometry": {"type": "MultiPolygon", "coordinates": [[[[3.1909588, 50.6849322], [3.1909586, 50.6848873], [3.190888, 50.6848874], [3.1908881, 50.6849323], [3.1909588, 50.6849322]]]]}, "properties": {"cleabs": "PAIHABIT0000000259262238", "table": "zone_d_habitation", "nature": "Quartier", "nature_detaillee": "Immeuble", "toponyme": "les Bolets"}}, {"type": "Feature", "geometry": {"type": "MultiPolygon", "coordinates": [[[[3.1899104, 50.684845], [3.1899102, 50.6848001], [3.1898396, 50.6848002], [3.1898397, 50.6848451], [3.1899104, 50.684845]]]]}, "properties": {"cleabs": "PAIHABIT0000000259262239", "table": "zone_d_habitation", "nature": "Quartier", "nature_detaillee": "Immeuble", "toponyme": "les Girolles"}}, {"type": "Feature", "geometry": {"type": "MultiPolygon", "coordinates": [[[[3.1904277, 50.6853225], [3.1904276, 50.6852776], [3.1903569, 50.6852777], [3.1903571, 50.6853226], [3.1904277, 50.6853225]]]]}, "properties": {"cleabs": "PAIHABIT0000000259262240", "table": "zone_d_habitation", "nature": "Quartier", "nature_detaillee": "Immeuble", "toponyme": "les Pleurottes"}}, {"type": "Feature", "geometry": {"type": "MultiPolygon", "coordinates": [[[[3.1848326, 50.6833522], [3.1848324, 50.6833074], [3.1847618, 50.6833075], [3.184762, 50.6833523], [3.1848326, 50.6833522]]]]}, "properties": {"cleabs": "PAIHABIT0000000259262265", "table": "zone_d_habitation", "nature": "Quartier", "nature_detaillee": "Résidence", "toponyme": "Résidence Maubeuge - Rocroi"}}, {"type": "Feature", "geometry": {"type": "MultiPolygon", "coordinates": [[[[3.1819997, 50.7018015], [3.1819996, 50.7017566], [3.1819289, 50.7017567], [3.1819291, 50.7018016], [3.1819997, 50.7018015]]]]}, "properties": {"cleabs": "PAIHABIT0000000259283699", "table": "zone_d_habitation", "nature": "Quartier", "nature_detaillee": "Immeuble", "toponyme": "Gradignan"}}, {"type": "Feature", "geometry": {"type": "MultiPolygon", "coordinates": [[[[3.1828675, 50.7018459], [3.1828673, 50.7018011], [3.1827966, 50.7018012], [3.1827968, 50.701846], [3.1828675, 50.7018459]]]]}, "properties": {"cleabs": "PAIHABIT0000000259283700", "table": "zone_d_habitation", "nature": "Quartier", "nature_detaillee": "Résidence", "toponyme": "Résidence Cap Ferret"}}, {"type": "Feature", "geometry": {"type": "MultiPolygon", "coordinates": [[[[3.1827568, 50.6978565], [3.1827567, 50.6978117], [3.182686, 50.6978118], [3.1826862, 50.6978566], [3.1827568, 50.6978565]]]]}, "properties": {"cleabs": "PAIHABIT0000000259283702", "table": "zone_d_habitation", "nature": "Quartier", "nature_detaillee": "Immeuble", "toponyme": "Hurepel"}}, {"type": "Feature", "geometry": {"type": "MultiPolygon", "coordinates": [[[[3.1820532, 50.6982497], [3.1820531, 50.6982048], [3.1819824, 50.6982049], [3.1819826, 50.6982498], [3.1820532, 50.6982497]]]]}, "properties": {"cleabs": "PAIHABIT0000000259283703", "table": "zone_d_habitation", "nature": "Quartier", "nature_detaillee": "Immeuble", "toponyme": "Socrate"}}, {"type": "Feature", "geometry": {"type": "MultiPolygon", "coordinates": [[[[3.1873799, 50.6975158], [3.1873797, 50.697471], [3.1873091, 50.6974711], [3.1873092, 50.6975159], [3.1873799, 50.6975158]]]]}, "properties": {"cleabs": "PAIHABIT0000000259283815", "table": "zone_d_habitation", "nature": "Quartier", "nature_detaillee": "Résidence", "toponyme": "la Minoterie"}}, {"type": "Feature", "geometry": {"type": "MultiPolygon", "coordinates": [[[[3.1815155, 50.6882639], [3.1814449, 50.688264], [3.1814447, 50.6882191], [3.1815154, 50.688219], [3.1815155, 50.6882639]]]]}, "properties": {"cleabs": "PAIHABIT0000000259283818", "table": "zone_d_habitation", "nature": "Quartier", "nature_detaillee": "Immeuble", "toponyme": "Paul Claudel"}}, {"type": "Feature", "geometry": {"type": "MultiPolygon", "coordinates": [[[[3.1826455, 50.6796996], [3.1826453, 50.6796547], [3.1825747, 50.6796548], [3.1825749, 50.6796997], [3.1826455, 50.6796996]]]]}, "properties": {"cleabs": "PAIHABIT0000000259289706", "table": "zone_d_habitation", "nature": "Quartier", "nature_detaillee": "Immeuble", "toponyme": "le Bouvreuil"}}, {"type": "Feature", "geometry": {"type": "MultiPolygon", "coordinates": [[[[3.1839159, 50.6806552], [3.1839157, 50.6806103], [3.1838451, 50.6806105], [3.1838453, 50.6806553], [3.1839159, 50.6806552]]]]}, "properties": {"cleabs": "PAIHABIT0000000259289711", "table": "zone_d_habitation", "nature": "Quartier", "nature_detaillee": "Immeuble", "toponyme": "le Pinson"}}, {"type": "Feature", "geometry": {"type": "MultiPolygon", "coordinates": [[[[3.1838286, 50.6799482], [3.1838284, 50.6799033], [3.1837578, 50.6799035], [3.1837579, 50.6799483], [3.1838286, 50.6799482]]]]}, "properties": {"cleabs": "PAIHABIT0000000259289712", "table": "zone_d_habitation", "nature": "Quartier", "nature_detaillee": "Immeuble", "toponyme": "la Bergeronnette"}}, {"type": "Feature", "geometry": {"type": "MultiPolygon", "coordinates": [[[[3.1832646, 50.6798252], [3.1832644, 50.6797803], [3.1831938, 50.6797804], [3.183194, 50.6798253], [3.1832646, 50.6798252]]]]}, "properties": {"cleabs": "PAIHABIT0000000259289713", "table": "zone_d_habitation", "nature": "Quartier", "nature_detaillee": "Immeuble", "toponyme": "le Bruand"}}, {"type": "Feature", "geometry": {"type": "MultiPolygon", "coordinates": [[[[3.1715081, 50.6951007], [3.1715079, 50.6950558], [3.1714373, 50.6950559], [3.1714374, 50.6951008], [3.1715081, 50.6951007]]]]}, "properties": {"cleabs": "PAIHABIT0000000259289714", "table": "zone_d_habitation", "nature": "Quartier", "nature_detaillee": "Résidence", "toponyme": "Résidence les Gobelins"}}, {"type": "Feature", "geometry": {"type": "MultiPolygon", "coordinates": [[[[3.1723248, 50.6947397], [3.1723247, 50.6946948], [3.172254, 50.6946949], [3.1722542, 50.6947398], [3.1723248, 50.6947397]]]]}, "properties": {"cleabs": "PAIHABIT0000000259289715", "table": "zone_d_habitation", "nature": "Quartier", "nature_detaillee": "Résidence", "toponyme": "Résidence Ambroise Paré 2"}}, {"type": "Feature", "geometry": {"type": "MultiPolygon", "coordinates": [[[[3.1731291, 50.6944353], [3.1731289, 50.6943904], [3.1730583, 50.6943905], [3.1730584, 50.6944354], [3.1731291, 50.6944353]]]]}, "properties": {"cleabs": "PAIHABIT0000000259289716", "table": "zone_d_habitation", "nature": "Quartier", "nature_detaillee": "Résidence", "toponyme": "Résidence Ambroise Paré 1"}}, {"type": "Feature", "geometry": {"type": "MultiPolygon", "coordinates": [[[[3.1664937, 50.6962543], [3.1664935, 50.6962094], [3.1664229, 50.6962095], [3.166423, 50.6962544], [3.1664937, 50.6962543]]]]}, "properties": {"cleabs": "PAIHABIT0000000259289722", "table": "zone_d_habitation", "nature": "Quartier", "nature_detaillee": "Résidence", "toponyme": "Résidence Léonard de Vinci"}}, {"type": "Feature", "geometry": {"type": "MultiPolygon", "coordinates": [[[[3.1892778, 50.705493], [3.1892776, 50.7054481], [3.189207, 50.7054482], [3.1892071, 50.7054931], [3.1892778, 50.705493]]]]}, "properties": {"cleabs": "PAIHABIT0000000259289723", "table": "zone_d_habitation", "nature": "Quartier", "nature_detaillee": "Immeuble", "toponyme": "Hugues Capet"}}, {"type": "Feature", "geometry": {"type": "MultiPolygon", "coordinates": [[[[3.1543432, 50.6704914], [3.1543431, 50.6704466], [3.1542725, 50.6704467], [3.1542726, 50.6704915], [3.1543432, 50.6704914]]]]}, "properties": {"cleabs": "PAIHABIT0000000259289727", "table": "zone_d_habitation", "nature": "Quartier", "nature_detaillee": "Résidence", "toponyme": "Résidence du Fer à Cheval"}}, {"type": "Feature", "geometry": {"type": "MultiPolygon", "coordinates": [[[[3.1597237, 50.6763741], [3.1597235, 50.6763292], [3.1596529, 50.6763293], [3.1596531, 50.6763742], [3.1597237, 50.6763741]]]]}, "properties": {"cleabs": "PAIHABIT0000000259289728", "table": "zone_d_habitation", "nature": "Quartier", "nature_detaillee": "Résidence", "toponyme": "Résidence Victoria"}}, {"type": "Feature", "geometry": {"type": "MultiPolygon", "coordinates": [[[[3.1580633, 50.6975682], [3.1580631, 50.6975234], [3.1579925, 50.6975235], [3.1579926, 50.6975683], [3.1580633, 50.6975682]]]]}, "properties": {"cleabs": "PAIHABIT0000000293915631", "table": "zone_d_habitation", "nature": "Quartier", "nature_detaillee": "Résidence", "toponyme": "Enclos des Pensées"}}, {"type": "Feature", "geometry": {"type": "MultiPolygon", "coordinates": [[[[3.1676553, 50.6764893], [3.1676552, 50.6764444], [3.1675846, 50.6764445], [3.1675847, 50.6764894], [3.1676553, 50.6764893]]]]}, "properties": {"cleabs": "PAIHABIT0000000297548557", "table": "zone_d_habitation", "nature": "Quartier", "nature_detaillee": "Résidence", "toponyme": "Résidence les Terrasses de Barbieux"}}, {"type": "Feature", "geometry": {"type": "MultiPolygon", "coordinates": [[[[3.1863915, 50.7064261], [3.1863913, 50.7063812], [3.1863207, 50.7063813], [3.1863208, 50.7064262], [3.1863915, 50.7064261]]]]}, "properties": {"cleabs": "PAIHABIT0000000298090580", "table": "zone_d_habitation", "nature": "Quartier", "nature_detaillee": "Résidence", "toponyme": "Résidence Hutin"}}, {"type": "Feature", "geometry": {"type": "MultiPolygon", "coordinates": [[[[3.1836202, 50.7056092], [3.1836201, 50.7055643], [3.1835494, 50.7055644], [3.1835496, 50.7056093], [3.1836202, 50.7056092]]]]}, "properties": {"cleabs": "PAIHABIT0000000298102314", "table": "zone_d_habitation", "nature": "Quartier", "nature_detaillee": "Résidence", "toponyme": "Résidence du Blanc Pignon"}}, {"type": "Feature", "geometry": {"type": "MultiPolygon", "coordinates": [[[[3.1951011, 50.6866128], [3.1949652, 50.6865269], [3.1948703, 50.6864615], [3.1948151, 50.6864392], [3.195012, 50.6862046], [3.1950457, 50.6861642], [3.1950921, 50.6861103], [3.195463, 50.6863161], [3.1955026, 50.6863394], [3.1952787, 50.686503], [3.1951011, 50.6866128]]]]}, "properties": {"cleabs": "PAIHABIT0000000298102379", "table": "zone_d_habitation", "nature": "Quartier", "nature_detaillee": "Quartier urbain", "toponyme": "Clos du Saint-Rédempteur"}}, {"type": "Feature", "geometry": {"type": "MultiPolygon", "coordinates": [[[[3.1708716, 50.7044177], [3.1695592, 50.7040983], [3.1700454, 50.7033053], [3.1704958, 50.7027941], [3.1717348, 50.7031307], [3.1708716, 50.7044177]]]]}, "properties": {"cleabs": "PAIHABIT0000000298131979", "table": "zone_d_habitation", "nature": "Quartier", "nature_detaillee": "Quartier urbain", "toponyme": "les Tisserands"}}, {"type": "Feature", "geometry": {"type": "MultiPolygon", "coordinates": [[[[3.1809656, 50.6861774], [3.1809654, 50.6861326], [3.1808948, 50.6861327], [3.1808949, 50.6861775], [3.1809656, 50.6861774]]]]}, "properties": {"cleabs": "PAIHABIT0000000298194961", "table": "zone_d_habitation", "nature": "Quartier", "nature_detaillee": "Résidence", "toponyme": "Résidence Valmy"}}, {"type": "Feature", "geometry": {"type": "MultiPolygon", "coordinates": [[[[3.1751015, 50.6831743], [3.1751014, 50.6831294], [3.1750307, 50.6831295], [3.1750309, 50.6831744], [3.1751015, 50.6831743]]]]}, "properties": {"cleabs": "PAIHABIT0000000298195941", "table": "zone_d_habitation", "nature": "Quartier", "nature_detaillee": "Immeuble", "toponyme": "Daguesseau"}}, {"type": "Feature", "geometry": {"type": "MultiPolygon", "coordinates": [[[[3.1804244, 50.6810184], [3.1804242, 50.6809735], [3.1803536, 50.6809736], [3.1803538, 50.6810185], [3.1804244, 50.6810184]]]]}, "properties": {"cleabs": "PAIHABIT0000000298196128", "table": "zone_d_habitation", "nature": "Quartier", "nature_detaillee": "Immeuble", "toponyme": "la Mésange"}}, {"type": "Feature", "geometry": {"type": "MultiPolygon", "coordinates": [[[[3.1809485, 50.6806569], [3.1809483, 50.680612], [3.1808777, 50.6806121], [3.1808779, 50.680657], [3.1809485, 50.6806569]]]]}, "properties": {"cleabs": "PAIHABIT0000000298196129", "table": "zone_d_habitation", "nature": "Quartier", "nature_detaillee": "Immeuble", "toponyme": "la Chanterelle"}}, {"type": "Feature", "geometry": {"type": "MultiPolygon", "coordinates": [[[[3.18145, 50.6802873], [3.1814498, 50.6802425], [3.1813792, 50.6802426], [3.1813793, 50.6802874], [3.18145, 50.6802873]]]]}, "properties": {"cleabs": "PAIHABIT0000000298196130", "table": "zone_d_habitation", "nature": "Quartier", "nature_detaillee": "Immeuble", "toponyme": "la Grive"}}, {"type": "Feature", "geometry": {"type": "MultiPolygon", "coordinates": [[[[3.1933703, 50.671485], [3.1933702, 50.6714401], [3.1932996, 50.6714402], [3.1932997, 50.6714851], [3.1933703, 50.671485]]]]}, "properties": {"cleabs": "PAIHABIT0000000298268736", "table": "zone_d_habitation", "nature": "Quartier", "nature_detaillee": "Résidence", "toponyme": "Résidence Brossolette"}}, {"type": "Feature", "geometry": {"type": "MultiPolygon", "coordinates": [[[[3.1742046, 50.6986253], [3.1742044, 50.6985804], [3.1741338, 50.6985805], [3.174134, 50.6986254], [3.1742046, 50.6986253]]]]}, "properties": {"cleabs": "PAIHABIT0000000298268738", "table": "zone_d_habitation", "nature": "Quartier", "nature_detaillee": "Résidence", "toponyme": "Résidence Albert Prouvost"}}, {"type": "Feature", "geometry": {"type": "MultiPolygon", "coordinates": [[[[3.1914312, 50.6950859], [3.191431, 50.6950411], [3.1913603, 50.6950412], [3.1913605, 50.695086], [3.1914312, 50.6950859]]]]}, "properties": {"cleabs": "PAIHABIT0000000298268757", "table": "zone_d_habitation", "nature": "Quartier", "nature_detaillee": "Résidence", "toponyme": "Résidence Foyer Paul Constans"}}, {"type": "Feature", "geometry": {"type": "MultiPolygon", "coordinates": [[[[3.193567, 50.6880555], [3.1935668, 50.6880106], [3.1934962, 50.6880107], [3.1934964, 50.6880556], [3.193567, 50.6880555]]]]}, "properties": {"cleabs": "PAIHABIT0000000318844388", "table": "zone_d_habitation", "nature": "Quartier", "nature_detaillee": "Résidence", "toponyme": "Résidence la Forêt"}}, {"type": "Feature", "geometry": {"type": "MultiPolygon", "coordinates": [[[[3.2014917, 50.6845423], [3.2014915, 50.6844974], [3.2014209, 50.6844975], [3.201421, 50.6845424], [3.2014917, 50.6845423]]]]}, "properties": {"cleabs": "PAIHABIT0000000319715495", "table": "zone_d_habitation", "nature": "Quartier", "nature_detaillee": "Immeuble", "toponyme": "Résidence le Riez"}}, {"type": "Feature", "geometry": {"type": "MultiPolygon", "coordinates": [[[[3.195185, 50.69509], [3.1951848, 50.6950451], [3.1951141, 50.6950452], [3.1951143, 50.6950901], [3.195185, 50.69509]]]]}, "properties": {"cleabs": "PAIHABIT0000000319715962", "table": "zone_d_habitation", "nature": "Quartier", "nature_detaillee": "Immeuble", "toponyme": "Résidence de l'Écho"}}, {"type": "Feature", "geometry": {"type": "MultiPolygon", "coordinates": [[[[3.1915506, 50.6841856], [3.1915504, 50.6841407], [3.1914798, 50.6841408], [3.19148, 50.6841857], [3.1915506, 50.6841856]]]]}, "properties": {"cleabs": "PAIHABIT0000000319715963", "table": "zone_d_habitation", "nature": "Quartier", "nature_detaillee": "Immeuble", "toponyme": "Résidence le Lys"}}, {"type": "Feature", "geometry": {"type": "MultiPolygon", "coordinates": [[[[3.1742351, 50.6992713], [3.1742349, 50.6992264], [3.1741643, 50.6992265], [3.1741645, 50.6992714], [3.1742351, 50.6992713]]]]}, "properties": {"cleabs": "PAIHABIT0000000319715970", "table": "zone_d_habitation", "nature": "Quartier", "nature_detaillee": "Immeuble", "toponyme": "Résidence Albert Prouvot"}}, {"type": "Feature", "geometry": {"type": "MultiPolygon", "coordinates": [[[[3.1632148, 50.701107], [3.1632146, 50.7010621], [3.163144, 50.7010622], [3.1631441, 50.7011071], [3.1632148, 50.701107]]]]}, "properties": {"cleabs": "PAIHABIT0000000319715986", "table": "zone_d_habitation", "nature": "Quartier", "nature_detaillee": "Immeuble", "toponyme": "Résidence d'Armentières"}}, {"type": "Feature", "geometry": {"type": "MultiPolygon", "coordinates": [[[[3.1629002, 50.701268], [3.1629, 50.7012231], [3.1628294, 50.7012232], [3.1628295, 50.7012681], [3.1629002, 50.701268]]]]}, "properties": {"cleabs": "PAIHABIT0000000319715987", "table": "zone_d_habitation", "nature": "Quartier", "nature_detaillee": "Immeuble", "toponyme": "le Mansart"}}, {"type": "Feature", "geometry": {"type": "MultiPolygon", "coordinates": [[[[3.203787, 50.6842056], [3.2037868, 50.6841607], [3.2037162, 50.6841609], [3.2037164, 50.6842057], [3.203787, 50.6842056]]]]}, "properties": {"cleabs": "PAIHABIT0000000327423048", "table": "zone_d_habitation", "nature": "Quartier", "nature_detaillee": "Immeuble", "toponyme": "Tour E"}}, {"type": "Feature", "geometry": {"type": "MultiPolygon", "coordinates": [[[[3.2039168, 50.6848632], [3.2039166, 50.6848183], [3.203846, 50.6848184], [3.2038462, 50.6848633], [3.2039168, 50.6848632]]]]}, "properties": {"cleabs": "PAIHABIT0000000327423049", "table": "zone_d_habitation", "nature": "Quartier", "nature_detaillee": "Immeuble", "toponyme": "Tour d"}}, {"type": "Feature", "geometry": {"type": "MultiPolygon", "coordinates": [[[[3.1967796, 50.6741089], [3.196709, 50.674109], [3.1967088, 50.6740642], [3.1967794, 50.6740641], [3.1967796, 50.6741089]]]]}, "properties": {"cleabs": "PAIHABIT0000000338394347", "table": "zone_d_habitation", "nature": "Quartier", "nature_detaillee": "Immeuble", "toponyme": "Pavillon Jules Michelet"}}, {"type": "Feature", "geometry": {"type": "MultiPolygon", "coordinates": [[[[3.1664793, 50.7013036], [3.1664792, 50.7012588], [3.1664085, 50.7012589], [3.1664087, 50.7013037], [3.1664793, 50.7013036]]]]}, "properties": {"cleabs": "PAIHABIT0000000338422587", "table": "zone_d_habitation", "nature": "Quartier", "nature_detaillee": "Résidence", "toponyme": "Résidence les Vieux Stephenson"}}, {"type": "Feature", "geometry": {"type": "MultiPolygon", "coordinates": [[[[3.1733689, 50.673101], [3.1733688, 50.6730562], [3.1732982, 50.6730563], [3.1732983, 50.6731011], [3.1733689, 50.673101]]]]}, "properties": {"cleabs": "PAIHABIT0000000338562675", "table": "zone_d_habitation", "nature": "Quartier", "nature_detaillee": "Résidence", "toponyme": "Résidence Egide"}}, {"type": "Feature", "geometry": {"type": "MultiPolygon", "coordinates": [[[[3.1766185, 50.6940041], [3.1766183, 50.6939593], [3.1765477, 50.6939594], [3.1765479, 50.6940042], [3.1766185, 50.6940041]]]]}, "properties": {"cleabs": "PAIHABIT0000000338562693", "table": "zone_d_habitation", "nature": "Quartier", "nature_detaillee": "Immeuble", "toponyme": "Résidence Pellart"}}, {"type": "Feature", "geometry": {"type": "MultiPolygon", "coordinates": [[[[3.1610455, 50.678544], [3.1610453, 50.6784992], [3.1609747, 50.6784993], [3.1609749, 50.6785441], [3.1610455, 50.678544]]]]}, "properties": {"cleabs": "PAIHABIT0000000338562863", "table": "zone_d_habitation", "nature": "Quartier", "nature_detaillee": "Immeuble", "toponyme": "Résidence les Cottages"}}, {"type": "Feature", "geometry": {"type": "MultiPolygon", "coordinates": [[[[3.1800262, 50.6948185], [3.180026, 50.6947736], [3.1799554, 50.6947737], [3.1799555, 50.6948186], [3.1800262, 50.6948185]]]]}, "properties": {"cleabs": "PAIHABIT0000000354367015", "table": "zone_d_habitation", "nature": "Quartier", "nature_detaillee": "Résidence", "toponyme": "le Square des Mulliers"}}, {"type": "Feature", "geometry": {"type": "MultiPolygon", "coordinates": [[[[3.1954102, 50.6901667], [3.19541, 50.6901219], [3.1953394, 50.690122], [3.1953396, 50.6901669], [3.1954102, 50.6901667]]]]}, "properties": {"cleabs": "PAIHABIT0000000354367031", "table": "zone_d_habitation", "nature": "Quartier", "nature_detaillee": "Résidence", "toponyme": "Résidence Lannes"}}, {"type": "Feature", "geometry": {"type": "MultiPolygon", "coordinates": [[[[3.1872811, 50.6937714], [3.187281, 50.6937265], [3.1872103, 50.6937266], [3.1872105, 50.6937715], [3.1872811, 50.6937714]]]]}, "properties": {"cleabs": "PAIHABIT0000000354502814", "table": "zone_d_habitation", "nature": "Quartier", "nature_detaillee": "Résidence", "toponyme": "le Clos du Puit"}}, {"type": "Feature", "geometry": {"type": "MultiPolygon", "coordinates": [[[[3.1862669, 50.6945634], [3.1862667, 50.6945186], [3.1861961, 50.6945187], [3.1861962, 50.6945636], [3.1862669, 50.6945634]]]]}, "properties": {"cleabs": "PAIHABIT0000000354502817", "table": "zone_d_habitation", "nature": "Quartier", "nature_detaillee": "Résidence", "toponyme": "le Petit Paradis"}}, {"type": "Feature", "geometry": {"type": "MultiPolygon", "coordinates": [[[[3.1734053, 50.6930099], [3.1734051, 50.692965], [3.1733345, 50.6929651], [3.1733346, 50.69301], [3.1734053, 50.6930099]]]]}, "properties": {"cleabs": "PAIHABIT0000002000424904", "table": "zone_d_habitation", "nature": "Quartier", "nature_detaillee": "Résidence", "toponyme": "Résidence du Vieil Abreuvoir"}}, {"type": "Feature", "geometry": {"type": "MultiPolygon", "coordinates": [[[[3.1914717, 50.7042352], [3.1914716, 50.7041903], [3.1914009, 50.7041904], [3.1914011, 50.7042353], [3.1914717, 50.7042352]]]]}, "properties": {"cleabs": "PAIHABIT0000002000424924", "table": "zone_d_habitation", "nature": "Quartier", "nature_detaillee": "Immeuble", "toponyme": "Philippe le Hardi"}}, {"type": "Feature", "geometry": {"type": "MultiPolygon", "coordinates": [[[[3.1847631, 50.6917157], [3.1847629, 50.6916708], [3.1846923, 50.6916709], [3.1846925, 50.6917158], [3.1847631, 50.6917157]]]]}, "properties": {"cleabs": "PAIHABIT0000002004714880", "table": "zone_d_habitation", "nature": "Quartier", "nature_detaillee": "Immeuble", "toponyme": "Résidence Anseele"}}, {"type": "Feature", "geometry": {"type": "MultiPolygon", "coordinates": [[[[3.1668665, 50.6754054], [3.1668664, 50.6753606], [3.1667958, 50.6753607], [3.1667959, 50.6754055], [3.1668665, 50.6754054]]]]}, "properties": {"cleabs": "PAIHABIT0000002012314948", "table": "zone_d_habitation", "nature": "Quartier", "nature_detaillee": "Résidence", "toponyme": "Immeuble 91 Rue de Barbieux"}}, {"type": "Feature", "geometry": {"type": "MultiPolygon", "coordinates": [[[[3.1708515, 50.7030987], [3.1708514, 50.7030538], [3.1707807, 50.7030539], [3.1707809, 50.7030988], [3.1708515, 50.7030987]]]]}, "properties": {"cleabs": "PAIHABIT0000002012314949", "table": "zone_d_habitation", "nature": "Quartier", "nature_detaillee": "Résidence", "toponyme": "Cour au 78 Rue Jacquard"}}, {"type": "Feature", "geometry": {"type": "MultiPolygon", "coordinates": [[[[3.1712707, 50.703379], [3.1712706, 50.7033341], [3.1711999, 50.7033342], [3.1712001, 50.7033791], [3.1712707, 50.703379]]]]}, "properties": {"cleabs": "PAIHABIT0000002012314950", "table": "zone_d_habitation", "nature": "Quartier", "nature_detaillee": "Résidence", "toponyme": "Cour au 60 Rue Jacquard"}}, {"type": "Feature", "geometry": {"type": "MultiPolygon", "coordinates": [[[[3.1606919, 50.6969098], [3.1605023, 50.6968347], [3.1603563, 50.6966787], [3.161368, 50.6962727], [3.1615183, 50.696443], [3.1615132, 50.6966189], [3.1606919, 50.6969098]]]]}, "properties": {"cleabs": "PAIHABIT0000002222498324", "table": "zone_d_habitation", "nature": "Quartier", "nature_detaillee": "Résidence", "toponyme": "Hameau du Fresnoy"}}, {"type": "Feature", "geometry": {"type": "MultiPolygon", "coordinates": [[[[3.1913139, 50.6858362], [3.1912306, 50.6858444], [3.1897559, 50.6850965], [3.1899024, 50.6849778], [3.1895655, 50.6847916], [3.1895824, 50.6847773], [3.1894989, 50.6847218], [3.1896596, 50.6846434], [3.1902997, 50.684349], [3.1904684, 50.6844968], [3.1906382, 50.6845845], [3.1907509, 50.6845045], [3.191282, 50.6848653], [3.1912143, 50.6849022], [3.1914069, 50.685032], [3.1915987, 50.6849393], [3.1919288, 50.6852062], [3.1919247, 50.6852466], [3.1913139, 50.6858362]]]]}, "properties": {"cleabs": "PAIHABIT0000002478145798", "table": "zone_d_habitation", "nature": "Quartier", "nature_detaillee": "Résidence", "toponyme": "Résidence Square des Prés"}}, {"type": "Feature", "geometry": {"type": "MultiPolygon", "coordinates": [[[[3.1974097, 50.6716473], [3.1973391, 50.6716474], [3.1973389, 50.6716026], [3.1974095, 50.6716025], [3.1974097, 50.6716473]]]]}, "properties": {"cleabs": "PAIHABIT0000002478145800", "table": "zone_d_habitation", "nature": "Quartier", "nature_detaillee": "Immeuble", "toponyme": "les Pruniers"}}, {"type": "Feature", "geometry": {"type": "MultiPolygon", "coordinates": [[[[3.1969078, 50.6715171], [3.1968372, 50.6715172], [3.1968371, 50.6714723], [3.1969077, 50.6714722], [3.1969078, 50.6715171]]]]}, "properties": {"cleabs": "PAIHABIT0000002478145801", "table": "zone_d_habitation", "nature": "Quartier", "nature_detaillee": "Immeuble", "toponyme": "les Lauriers"}}, {"type": "Feature", "geometry": {"type": "MultiPolygon", "coordinates": [[[[3.1964125, 50.671587], [3.1963419, 50.6715871], [3.1963417, 50.6715422], [3.1964123, 50.6715421], [3.1964125, 50.671587]]]]}, "properties": {"cleabs": "PAIHABIT0000002478145802", "table": "zone_d_habitation", "nature": "Quartier", "nature_detaillee": "Immeuble", "toponyme": "les Bruyères"}}, {"type": "Feature", "geometry": {"type": "MultiPolygon", "coordinates": [[[[3.196438, 50.6719908], [3.1963674, 50.6719909], [3.1963673, 50.671946], [3.1964379, 50.6719459], [3.196438, 50.6719908]]]]}, "properties": {"cleabs": "PAIHABIT0000002478145803", "table": "zone_d_habitation", "nature": "Quartier", "nature_detaillee": "Immeuble", "toponyme": "les Cyprès"}}, {"type": "Feature", "geometry": {"type": "MultiPolygon", "coordinates": [[[[3.1965967, 50.6724868], [3.1965261, 50.6724869], [3.196526, 50.672442], [3.1965966, 50.6724419], [3.1965967, 50.6724868]]]]}, "properties": {"cleabs": "PAIHABIT0000002478145804", "table": "zone_d_habitation", "nature": "Quartier", "nature_detaillee": "Immeuble", "toponyme": "les Azalées"}}, {"type": "Feature", "geometry": {"type": "MultiPolygon", "coordinates": [[[[3.1968128, 50.6728579], [3.1967422, 50.672858], [3.1967421, 50.6728132], [3.1968127, 50.6728131], [3.1968128, 50.6728579]]]]}, "properties": {"cleabs": "PAIHABIT0000002478145805", "table": "zone_d_habitation", "nature": "Quartier", "nature_detaillee": "Immeuble", "toponyme": "les Troënes"}}, {"type": "Feature", "geometry": {"type": "MultiPolygon", "coordinates": [[[[3.1625424, 50.6876557], [3.1624718, 50.6876558], [3.1624716, 50.6876109], [3.1625422, 50.6876108], [3.1625424, 50.6876557]]]]}, "properties": {"cleabs": "PAIHABIT0000002478145806", "table": "zone_d_habitation", "nature": "Quartier", "nature_detaillee": "Immeuble", "toponyme": "les Ormes"}}, {"type": "Feature", "geometry": {"type": "MultiPolygon", "coordinates": [[[[3.1630396, 50.6872037], [3.1629689, 50.6872038], [3.1629688, 50.6871589], [3.1630394, 50.6871588], [3.1630396, 50.6872037]]]]}, "properties": {"cleabs": "PAIHABIT0000002478145807", "table": "zone_d_habitation", "nature": "Quartier", "nature_detaillee": "Immeuble", "toponyme": "les Saules"}}, {"type": "Feature", "geometry": {"type": "MultiPolygon", "coordinates": [[[[3.1798642, 50.68708], [3.1797936, 50.6870801], [3.1797934, 50.6870352], [3.179864, 50.6870351], [3.1798642, 50.68708]]]]}, "properties": {"cleabs": "PAIHABIT0000002478145808", "table": "zone_d_habitation", "nature": "Quartier", "nature_detaillee": "Résidence", "toponyme": "le Carré Saint-Jean"}}]}