{"type": "FeatureCollection", "source": "BD TOPO IGN, édition 2026-06-15", "features": [{"type": "Feature", "geometry": {"type": "MultiLineString", "coordinates": [[[3.156985, 50.6947717], [3.1565872, 50.694975], [3.155779, 50.6953924], [3.1556464, 50.6954518]]]}, "properties": {"cleabs": "VOIE_NOM0000002339203961", "identifiant_voie_ban": "59512_2080", "nom": "Rue de Florence", "nom_normalise": "R DE FLORENCE", "type_voie": "rue"}}, {"type": "Feature", "geometry": {"type": "MultiLineString", "coordinates": [[[3.1609188, 50.6901417], [3.1606839, 50.6899921]]]}, "properties": {"cleabs": "VOIE_NOM0000002339204113", "identifiant_voie_ban": "", "nom": "COUR EMAILLE", "nom_normalise": "COUR EMAILLE", "type_voie": "cour"}}, {"type": "Feature", "geometry": {"type": "MultiLineString", "coordinates": [[[3.1845046, 50.70017], [3.1838456, 50.700022], [3.1835472, 50.6999542]]]}, "properties": {"cleabs": "VOIE_NOM0000002339206304", "identifiant_voie_ban": "59512_3430", "nom": "Rue de Lunéville", "nom_normalise": "R DE LUNEVILLE", "type_voie": "rue"}}, {"type": "Feature", "geometry": {"type": "MultiLineString", "coordinates": [[[3.1702003, 50.6740019], [3.170329, 50.6740645], [3.1704025, 50.6740967], [3.1704522, 50.6741586]]]}, "properties": {"cleabs": "VOIE_NOM0000002339206321", "identifiant_voie_ban": "59512_0767", "nom": "Allée des Bouleaux", "nom_normalise": "ALL DES BOULEAUX", "type_voie": "allée"}}, {"type": "Feature", "geometry": {"type": "MultiLineString", "coordinates": [[[3.1821762, 50.6752969], [3.1807011, 50.674329], [3.1805838, 50.674287]]]}, "properties": {"cleabs": "VOIE_NOM0000002339206377", "identifiant_voie_ban": "59512_4660", "nom": "Rue Puget", "nom_normalise": "R PUGET", "type_voie": "rue"}}, {"type": "Feature", "geometry": {"type": "MultiLineString", "coordinates": [[[3.1872411, 50.6804062], [3.1876553, 50.6808785]]]}, "properties": {"cleabs": "VOIE_NOM0000002339206378", "identifiant_voie_ban": "59512_0560", "nom": "Rue bellevue", "nom_normalise": "R BELLEVUE", "type_voie": "rue"}}, {"type": "Feature", "geometry": {"type": "MultiLineString", "coordinates": [[[3.1632821, 50.6883744], [3.1633992, 50.6883231], [3.163907, 50.6881053], [3.164151, 50.6879847], [3.164292, 50.6879181]]]}, "properties": {"cleabs": "VOIE_NOM0000002339206419", "identifiant_voie_ban": "59512_1890", "nom": "Place Edouard Roussel", "nom_normalise": "PL EDOUARD ROUSSEL", "type_voie": "place"}}, {"type": "Feature", "geometry": {"type": "MultiLineString", "coordinates": [[[3.200088, 50.676846], [3.1986836, 50.675968]]]}, "properties": {"cleabs": "VOIE_NOM0000002339206443", "identifiant_voie_ban": "59512_2650", "nom": "Rue Honore de Balzac", "nom_normalise": "R HONORE DE BALZAC", "type_voie": "rue"}}, {"type": "Feature", "geometry": {"type": "MultiLineString", "coordinates": [[[3.1941349, 50.6968307], [3.1951718, 50.6967815]]]}, "properties": {"cleabs": "VOIE_NOM0000002339206453", "identifiant_voie_ban": "59512_1370", "nom": "Rue du Congo", "nom_normalise": "R DU CONGO", "type_voie": "rue"}}, {"type": "Feature", "geometry": {"type": "MultiLineString", "coordinates": [[[3.1927741, 50.6714114], [3.1926666, 50.6713407], [3.1925601, 50.6711901], [3.1925416, 50.6711632], [3.1923897, 50.6709463], [3.1922081, 50.6707249], [3.1919247, 50.6704714], [3.1916456, 50.6702277], [3.1915621, 50.6701812], [3.1913669, 50.6700864], [3.1911744, 50.6699897], [3.1909693, 50.6698869], [3.1905803, 50.6696999]], [[3.1905803, 50.6696999], [3.1905491, 50.6696847], [3.1903978, 50.6696086], [3.1903312, 50.6695684], [3.1902888, 50.6695415]]]}, "properties": {"cleabs": "VOIE_NOM0000002339206509", "identifiant_voie_ban": "59512_0460", "nom": "Rue du Bas Voisinage", "nom_normalise": "R DU BAS VOISINAGE", "type_voie": "rue"}}, {"type": "Feature", "geometry": {"type": "MultiLineString", "coordinates": [[[3.1938972, 50.6952643], [3.1943562, 50.6952357]]]}, "properties": {"cleabs": "VOIE_NOM0000002339206525", "identifiant_voie_ban": "59512_dz5ems", "nom": "Cour Delbecque", "nom_normalise": "COUR DELBECQUE", "type_voie": "cour"}}, {"type": "Feature", "geometry": {"type": "MultiLineString", "coordinates": [[[3.1863128, 50.6970329], [3.1864796, 50.6970577], [3.1872022, 50.6972245]]]}, "properties": {"cleabs": "VOIE_NOM0000002339206572", "identifiant_voie_ban": "59512_1350", "nom": "Rue Condorcet", "nom_normalise": "R CONDORCET", "type_voie": "rue"}}, {"type": "Feature", "geometry": {"type": "MultiLineString", "coordinates": [[[3.1937348, 50.6835917], [3.1926253, 50.6834005], [3.192546, 50.6833495]]]}, "properties": {"cleabs": "VOIE_NOM0000002339206596", "identifiant_voie_ban": "59512_1460", "nom": "Rue de Courcelles", "nom_normalise": "R DE COURCELLES", "type_voie": "rue"}}, {"type": "Feature", "geometry": {"type": "MultiLineString", "coordinates": [[[3.174514, 50.683596], [3.1747742, 50.6836862], [3.1748661, 50.6837139]]]}, "properties": {"cleabs": "VOIE_NOM0000002339206608", "identifiant_voie_ban": "59512_4l54xj", "nom": "Cour Bell", "nom_normalise": "COUR BELL", "type_voie": "cour"}}, {"type": "Feature", "geometry": {"type": "MultiLineString", "coordinates": [[[3.1884311, 50.6824773], [3.1882858, 50.6825466], [3.1876119, 50.6828671]]]}, "properties": {"cleabs": "VOIE_NOM0000002339206617", "identifiant_voie_ban": "59512_4870", "nom": "Rue Rosa Bonheur", "nom_normalise": "R ROSA BONHEUR", "type_voie": "rue"}}, {"type": "Feature", "geometry": {"type": "MultiLineString", "coordinates": [[[3.1570652, 50.691525], [3.1567154, 50.691678], [3.1566575, 50.6917049]], [[3.1566575, 50.6917049], [3.1565094, 50.6917635], [3.1563414, 50.6918202], [3.15611, 50.6918995]]]}, "properties": {"cleabs": "VOIE_NOM0000002339206642", "identifiant_voie_ban": "59512_2390", "nom": "Rue des Grapperies", "nom_normalise": "R DES GRAPPERIES", "type_voie": "rue"}}, {"type": "Feature", "geometry": {"type": "MultiLineString", "coordinates": [[[3.1780661, 50.6815414], [3.1783909, 50.6819223]]]}, "properties": {"cleabs": "VOIE_NOM0000002339206684", "identifiant_voie_ban": "59512_0610", "nom": "Rue Berthollet", "nom_normalise": "R BERTHOLLET", "type_voie": "rue"}}, {"type": "Feature", "geometry": {"type": "MultiLineString", "coordinates": [[[3.1756636, 50.6835674], [3.1748748, 50.6841734], [3.1748438, 50.6841958]]]}, "properties": {"cleabs": "VOIE_NOM0000002339206709", "identifiant_voie_ban": "59512_0650", "nom": "Rue Auguste Blanqui", "nom_normalise": "R AUGUSTE BLANQUI", "type_voie": "rue"}}, {"type": "Feature", "geometry": {"type": "MultiLineString", "coordinates": [[[3.1807586, 50.6836167], [3.1808933, 50.6837609]], [[3.1808933, 50.6837609], [3.180954, 50.6837438], [3.1813043, 50.6841444]], [[3.1811915, 50.6842056], [3.1808453, 50.6837781], [3.1808933, 50.6837609]], [[3.1803665, 50.6837644], [3.1805323, 50.6839347], [3.1810477, 50.6842911]]]}, "properties": {"cleabs": "VOIE_NOM0000002339206734", "identifiant_voie_ban": "59512_jpdth3", "nom": "Cour Flamencourt", "nom_normalise": "COUR FLAMENCOURT", "type_voie": "cour"}}, {"type": "Feature", "geometry": {"type": "MultiLineString", "coordinates": [[[3.1935353, 50.6791088], [3.1939916, 50.679494], [3.1945286, 50.6799436]]]}, "properties": {"cleabs": "VOIE_NOM0000002339206783", "identifiant_voie_ban": "59512_4871", "nom": "Allée des Rosiers", "nom_normalise": "ALL DES ROSIERS", "type_voie": "allée"}}, {"type": "Feature", "geometry": {"type": "MultiLineString", "coordinates": [[[3.1589629, 50.6889974], [3.1591725, 50.6891479]]]}, "properties": {"cleabs": "VOIE_NOM0000002339206803", "identifiant_voie_ban": "59512_1x6vxb", "nom": "Cour Dekien", "nom_normalise": "COUR DEKIEN", "type_voie": "cour"}}, {"type": "Feature", "geometry": {"type": "MultiLineString", "coordinates": [[[3.2066117, 50.6906485], [3.2064373, 50.6905088], [3.2059074, 50.6901166]]]}, "properties": {"cleabs": "VOIE_NOM0000002339206826", "identifiant_voie_ban": "59512_gshyf8", "nom": "Rangée Tribout", "nom_normalise": "RANGEE TRIBOUT", "type_voie": ""}}, {"type": "Feature", "geometry": {"type": "MultiLineString", "coordinates": [[[3.1860354, 50.6961458], [3.1860723, 50.6961852], [3.1861631, 50.6962829]]]}, "properties": {"cleabs": "VOIE_NOM0000002339206831", "identifiant_voie_ban": "59512_whjf9g", "nom": "Cour Boucher", "nom_normalise": "COUR BOUCHER", "type_voie": "cour"}}, {"type": "Feature", "geometry": {"type": "MultiLineString", "coordinates": [[[3.1641063, 50.68988], [3.1640723, 50.6898307], [3.1638794, 50.6896111], [3.1636342, 50.6893503], [3.1635619, 50.6892723]]]}, "properties": {"cleabs": "VOIE_NOM0000002339206946", "identifiant_voie_ban": "59512_4640", "nom": "Rue de la Providence", "nom_normalise": "R DE LA PROVIDENCE", "type_voie": "rue"}}, {"type": "Feature", "geometry": {"type": "MultiLineString", "coordinates": [[[3.1965182, 50.6892093], [3.1963313, 50.6898126]]]}, "properties": {"cleabs": "VOIE_NOM0000002339206968", "identifiant_voie_ban": "59512_0700", "nom": "Rue du Bon Rasoir", "nom_normalise": "R DU BON RASOIR", "type_voie": "rue"}}, {"type": "Feature", "geometry": {"type": "MultiLineString", "coordinates": [[[3.1597072, 50.6889354], [3.1604871, 50.6885432]]]}, "properties": {"cleabs": "VOIE_NOM0000002339206986", "identifiant_voie_ban": "59512_1tpbxx", "nom": "Cour Senelar", "nom_normalise": "COUR SENELAR", "type_voie": "cour"}}, {"type": "Feature", "geometry": {"type": "MultiLineString", "coordinates": [[[3.1854349, 50.6819936], [3.1851925, 50.6821331], [3.184695, 50.6824281], [3.1842256, 50.6826981], [3.1841523, 50.6827394]]]}, "properties": {"cleabs": "VOIE_NOM0000002339206990", "identifiant_voie_ban": "59512_2440", "nom": "Rue Guillaume Lefebvre", "nom_normalise": "R GUILLAUME LEFEBVRE", "type_voie": "rue"}}, {"type": "Feature", "geometry": {"type": "MultiLineString", "coordinates": [[[3.17101, 50.6944651], [3.1713654, 50.6942941], [3.1714275, 50.6942644], [3.1721117, 50.6939719]]]}, "properties": {"cleabs": "VOIE_NOM0000002339207692", "identifiant_voie_ban": "59512_4082", "nom": "Mail Notre Dame", "nom_normalise": "MAIL NOTRE DAME", "type_voie": "mail"}}, {"type": "Feature", "geometry": {"type": "MultiLineString", "coordinates": [[[3.1637859, 50.7038], [3.1642399, 50.7039161], [3.164469, 50.703975], [3.1659425, 50.7043311], [3.1666002, 50.7045034]], [[3.1609714, 50.7029826], [3.1608129, 50.70292]], [[3.1609714, 50.7029826], [3.161206, 50.703003], [3.1613856, 50.7030485], [3.1621479, 50.7032611], [3.1622794, 50.7032977], [3.1625722, 50.7033826], [3.1629273, 50.7035239]], [[3.1635076, 50.70383], [3.164045, 50.7039657], [3.164236, 50.7040166], [3.1655016, 50.7043209], [3.1665129, 50.7045914]]]}, "properties": {"cleabs": "VOIE_NOM0000002339207747", "identifiant_voie_ban": "59512_0780", "nom": "Quai de Boulogne", "nom_normalise": "QU DE BOULOGNE", "type_voie": "quai"}}, {"type": "Feature", "geometry": {"type": "MultiLineString", "coordinates": [[[3.1907041, 50.7019033], [3.1909107, 50.7016248], [3.1909724, 50.7015107], [3.1911088, 50.7013239]]]}, "properties": {"cleabs": "VOIE_NOM0000002339208075", "identifiant_voie_ban": "59512_p1ci61", "nom": "Cour du Châtelet", "nom_normalise": "COUR DU CHATELET", "type_voie": "cour"}}, {"type": "Feature", "geometry": {"type": "MultiLineString", "coordinates": [[[3.1973303, 50.6902534], [3.1976938, 50.6903606]]]}, "properties": {"cleabs": "VOIE_NOM0000002339208147", "identifiant_voie_ban": "", "nom": "COUR ORANGE", "nom_normalise": "COUR ORANGE", "type_voie": "cour"}}, {"type": "Feature", "geometry": {"type": "MultiLineString", "coordinates": [[[3.182316, 50.6908489], [3.1819189, 50.6912138]], [[3.1833935, 50.6899805], [3.1830639, 50.6902493], [3.1827034, 50.690545]], [[3.1827034, 50.690545], [3.182316, 50.6908489]], [[3.1840934, 50.6893952], [3.1837822, 50.6896461], [3.1837484, 50.6896712]], [[3.1835484, 50.6898402], [3.183678, 50.689744], [3.1837484, 50.6896712]], [[3.1835319, 50.6899578], [3.1836248, 50.6898805], [3.1837318, 50.6897816], [3.1837484, 50.6896712]], [[3.1835319, 50.6899578], [3.1834682, 50.6899445], [3.1834598, 50.6899472], [3.1834174, 50.6899616], [3.1833935, 50.6899805]], [[3.1842032, 50.6892928], [3.1841314, 50.6893566], [3.1840934, 50.6893952]]]}, "properties": {"cleabs": "VOIE_NOM0000002339219665", "identifiant_voie_ban": "59512_4836", "nom": "Rue Romain Rolland", "nom_normalise": "R ROMAIN ROLLAND", "type_voie": "rue"}}, {"type": "Feature", "geometry": {"type": "MultiLineString", "coordinates": [[[3.1713992, 50.6967394], [3.1714262, 50.6967743], [3.1714376, 50.6968066], [3.1714519, 50.6968559], [3.17157, 50.6975171], [3.1716132, 50.6977576]], [[3.1716132, 50.6977576], [3.1716161, 50.6977755], [3.1716995, 50.6982043], [3.1717743, 50.6985829], [3.1718018, 50.698791], [3.1718062, 50.6988386]]]}, "properties": {"cleabs": "VOIE_NOM0000002339219669", "identifiant_voie_ban": "59512_4770", "nom": "Rue Richard Lenoir", "nom_normalise": "R RICHARD LENOIR", "type_voie": "rue"}}, {"type": "Feature", "geometry": {"type": "MultiLineString", "coordinates": [[[3.2001765, 50.6954876], [3.2004969, 50.6950582]], [[3.1997885, 50.6959755], [3.1998673, 50.6958776], [3.2000065, 50.6957122], [3.2001765, 50.6954876]]]}, "properties": {"cleabs": "VOIE_NOM0000002339219740", "identifiant_voie_ban": "59512_jpjmgt", "nom": "Impasse Delannoy", "nom_normalise": "IMP DELANNOY", "type_voie": "impasse"}}, {"type": "Feature", "geometry": {"type": "MultiLineString", "coordinates": [[[3.1852743, 50.7012178], [3.1853629, 50.7011163], [3.1854936, 50.7009322], [3.1857592, 50.7005244], [3.1859445, 50.7002109], [3.1859754, 50.7001642], [3.1861524, 50.6998903], [3.1864391, 50.6994573], [3.1867706, 50.6989426], [3.1868746, 50.6987854], [3.1869996, 50.6985986], [3.1871626, 50.6983525], [3.1873664, 50.6980596], [3.1874366, 50.6979483]]]}, "properties": {"cleabs": "VOIE_NOM0000002339219747", "identifiant_voie_ban": "59512_3980", "nom": "Quai de Nantes", "nom_normalise": "QU DE NANTES", "type_voie": "quai"}}, {"type": "Feature", "geometry": {"type": "MultiLineString", "coordinates": [[[3.1772524, 50.7042661], [3.1770358, 50.7041677], [3.1765575, 50.7039647], [3.1758641, 50.7036696], [3.1756476, 50.7035783]]]}, "properties": {"cleabs": "VOIE_NOM0000002339219768", "identifiant_voie_ban": "59512_2410", "nom": "Rue Grétry", "nom_normalise": "R GRETRY", "type_voie": "rue"}}, {"type": "Feature", "geometry": {"type": "MultiLineString", "coordinates": [[[3.1800543, 50.6794243], [3.1796014, 50.6795676], [3.1793291, 50.679647]]]}, "properties": {"cleabs": "VOIE_NOM0000002339219781", "identifiant_voie_ban": "59512_4520", "nom": "Rue Pigalle", "nom_normalise": "R PIGALLE", "type_voie": "rue"}}, {"type": "Feature", "geometry": {"type": "MultiLineString", "coordinates": [[[3.1968174, 50.6801356], [3.1968219, 50.6802038], [3.1968859, 50.6803204], [3.1973131, 50.6808491], [3.1973159, 50.6808527]], [[3.1973159, 50.6808527], [3.1974621, 50.6810329], [3.1975401, 50.6811054]]]}, "properties": {"cleabs": "VOIE_NOM0000002339219905", "identifiant_voie_ban": "59512_4580", "nom": "Rue du Pont Rouge", "nom_normalise": "R DU PONT ROUGE", "type_voie": "rue"}}, {"type": "Feature", "geometry": {"type": "MultiLineString", "coordinates": [[[3.1959143, 50.6756538], [3.1954791, 50.6759416]]]}, "properties": {"cleabs": "VOIE_NOM0000002339219916", "identifiant_voie_ban": "59512_860ggz", "nom": "Cour Planchon", "nom_normalise": "COUR PLANCHON", "type_voie": "cour"}}, {"type": "Feature", "geometry": {"type": "MultiLineString", "coordinates": [[[3.1883456, 50.6800285], [3.1886088, 50.6805324]], [[3.1886088, 50.6805324], [3.1890539, 50.681343]]]}, "properties": {"cleabs": "VOIE_NOM0000002339219947", "identifiant_voie_ban": "59512_5650", "nom": "Rue Volta", "nom_normalise": "R VOLTA", "type_voie": "rue"}}, {"type": "Feature", "geometry": {"type": "MultiLineString", "coordinates": [[[3.1841331, 50.7059745], [3.1832147, 50.7067682]]]}, "properties": {"cleabs": "VOIE_NOM0000002339219954", "identifiant_voie_ban": "59512_5310", "nom": "Rue Thècle", "nom_normalise": "R THECLE", "type_voie": "rue"}}, {"type": "Feature", "geometry": {"type": "MultiLineString", "coordinates": [[[3.1721699, 50.6915857], [3.172338, 50.6915963], [3.1726659, 50.6916263], [3.1727451, 50.691654], [3.1728414, 50.6917185]], [[3.1699047, 50.6913977], [3.1702439, 50.6914313]], [[3.1702439, 50.6914313], [3.1703428, 50.6914411], [3.1706494, 50.6914667]], [[3.1706494, 50.6914667], [3.1716725, 50.6915505], [3.1721699, 50.6915857]]]}, "properties": {"cleabs": "VOIE_NOM0000002339219983", "identifiant_voie_ban": "59512_2330", "nom": "Rue du Général Sarrail", "nom_normalise": "R DU GENERAL SARRAIL", "type_voie": "rue"}}, {"type": "Feature", "geometry": {"type": "MultiLineString", "coordinates": [[[3.1727597, 50.6819482], [3.1723408, 50.6821291], [3.1719446, 50.6823136], [3.1710321, 50.6827259]], [[3.1710321, 50.6827259], [3.170901, 50.6827853], [3.1704779, 50.6829824], [3.1703595, 50.6830382], [3.1701352, 50.6831417]], [[3.1701352, 50.6831417], [3.170076, 50.6831687], [3.170021, 50.6831939], [3.169942, 50.6832308]]]}, "properties": {"cleabs": "VOIE_NOM0000002339220027", "identifiant_voie_ban": "59512_3540", "nom": "Rue du Maréchal de Lattre de Tassigny", "nom_normalise": "R DU MARECHAL DE LATTRE DE TASSIGNY", "type_voie": "rue"}}, {"type": "Feature", "geometry": {"type": "MultiLineString", "coordinates": [[[3.1831847, 50.6981861], [3.1830405, 50.6981639], [3.1829571, 50.6981497], [3.1819223, 50.6979708], [3.1818502, 50.6979602]], [[3.1842197, 50.6983838], [3.1839242, 50.6983268], [3.183271, 50.6982004], [3.1831847, 50.6981861]], [[3.1842197, 50.6983838], [3.1849521, 50.6985218], [3.1854045, 50.6986001]]]}, "properties": {"cleabs": "VOIE_NOM0000002339220062", "identifiant_voie_ban": "59512_5050", "nom": "Rue Saint-Louis", "nom_normalise": "R SAINT-LOUIS", "type_voie": "rue"}}, {"type": "Feature", "geometry": {"type": "MultiLineString", "coordinates": [[[3.1532361, 50.6926712], [3.153964, 50.6923356]]]}, "properties": {"cleabs": "VOIE_NOM0000002339220068", "identifiant_voie_ban": "59512_th1p7f", "nom": "Cour Desfrennes Scamp", "nom_normalise": "COUR DESFRENNES SCAMP", "type_voie": "cour"}}, {"type": "Feature", "geometry": {"type": "MultiLineString", "coordinates": [[[3.1913137, 50.6872477], [3.1918765, 50.6866645], [3.1918875, 50.6866061]]]}, "properties": {"cleabs": "VOIE_NOM0000002339220196", "identifiant_voie_ban": "59512_3060", "nom": "Rue Lafayette", "nom_normalise": "R LAFAYETTE", "type_voie": "rue"}}, {"type": "Feature", "geometry": {"type": "MultiLineString", "coordinates": [[[3.1751197, 50.6891857], [3.1750493, 50.6896739]], [[3.1750493, 50.6896739], [3.1749845, 50.6901191], [3.1749151, 50.6904826], [3.1749082, 50.6905132], [3.1748913, 50.6905329], [3.1748673, 50.6905419], [3.1748461, 50.6905446]]]}, "properties": {"cleabs": "VOIE_NOM0000002339220213", "identifiant_voie_ban": "59512_1150", "nom": "Rue du Château", "nom_normalise": "R DU CHATEAU", "type_voie": "rue"}}, {"type": "Feature", "geometry": {"type": "MultiLineString", "coordinates": [[[3.1840833, 50.6777726], [3.1840742, 50.6775958], [3.1840514, 50.6775474], [3.1838658, 50.6774041], [3.1835188, 50.6771157], [3.1830697, 50.676735]]]}, "properties": {"cleabs": "VOIE_NOM0000002339220310", "identifiant_voie_ban": "59512_2789", "nom": "Rue Jean-Baptiste Camille Corot", "nom_normalise": "R JEAN-BAPTISTE CAMILLE COROT", "type_voie": "rue"}}, {"type": "Feature", "geometry": {"type": "MultiLineString", "coordinates": [[[3.1687133, 50.7004858], [3.1680683, 50.7011193], [3.1680388, 50.7011544]], [[3.1695286, 50.6996538], [3.1692554, 50.6999225], [3.1688161, 50.7003798]], [[3.1688161, 50.7003798], [3.1687232, 50.7004769], [3.1687133, 50.7004858]]]}, "properties": {"cleabs": "VOIE_NOM0000002339220378", "identifiant_voie_ban": "59512_2210", "nom": "Avenue Frasez", "nom_normalise": "AV FRASEZ", "type_voie": "avenue"}}, {"type": "Feature", "geometry": {"type": "MultiLineString", "coordinates": [[[3.1910378, 50.6871315], [3.1902511, 50.6878973], [3.1900301, 50.6881219], [3.1899625, 50.6881687]]]}, "properties": {"cleabs": "VOIE_NOM0000002339220424", "identifiant_voie_ban": "59512_4710", "nom": "Rue Réaumur", "nom_normalise": "R REAUMUR", "type_voie": "rue"}}, {"type": "Feature", "geometry": {"type": "MultiLineString", "coordinates": [[[3.2004561, 50.6731868], [3.1997504, 50.6736429]], [[3.1997504, 50.6736429], [3.1991489, 50.6740172]]]}, "properties": {"cleabs": "VOIE_NOM0000002339220425", "identifiant_voie_ban": "59512_3525", "nom": "Rue Marcellin Berthelot", "nom_normalise": "R MARCELLIN BERTHELOT", "type_voie": "rue"}}, {"type": "Feature", "geometry": {"type": "MultiLineString", "coordinates": [[[3.195988, 50.685487], [3.1966229, 50.6856457], [3.1974586, 50.6858706], [3.197675, 50.685942]]]}, "properties": {"cleabs": "VOIE_NOM0000002339220438", "identifiant_voie_ban": "59512_3090", "nom": "Rue Lamartine", "nom_normalise": "R LAMARTINE", "type_voie": "rue"}}, {"type": "Feature", "geometry": {"type": "MultiLineString", "coordinates": [[[3.1791477, 50.6798563], [3.1792111, 50.6798266], [3.1792744, 50.6797548], [3.1793039, 50.6796982], [3.1793193, 50.6796668], [3.1793291, 50.679647]], [[3.1791477, 50.6798563], [3.1789923, 50.6798593], [3.1788892, 50.6798468], [3.1788326, 50.6798308]]]}, "properties": {"cleabs": "VOIE_NOM0000002339220491", "identifiant_voie_ban": "59512_xpuxqq", "nom": "Parvis Saint-Jean-Baptiste", "nom_normalise": "PRV SAINT-JEAN-BAPTISTE", "type_voie": "parvis"}}, {"type": "Feature", "geometry": {"type": "MultiLineString", "coordinates": [[[3.1664563, 50.6956486], [3.1660107, 50.695905], [3.1652366, 50.6963475], [3.1651096, 50.6964194], [3.1650307, 50.6964653]]]}, "properties": {"cleabs": "VOIE_NOM0000002339220506", "identifiant_voie_ban": "59512_2740", "nom": "Rue Isabeau de Roubaix", "nom_normalise": "R ISABEAU DE ROUBAIX", "type_voie": "rue"}}, {"type": "Feature", "geometry": {"type": "MultiLineString", "coordinates": [[[3.1843565, 50.6748737], [3.1841087, 50.6746937], [3.1837717, 50.6744546]]]}, "properties": {"cleabs": "VOIE_NOM0000002339220565", "identifiant_voie_ban": "59512_2350", "nom": "Rue Germain Pilon", "nom_normalise": "R GERMAIN PILON", "type_voie": "rue"}}, {"type": "Feature", "geometry": {"type": "MultiLineString", "coordinates": [[[3.1622266, 50.6843431], [3.1623795, 50.6844532]]]}, "properties": {"cleabs": "VOIE_NOM0000002339220584", "identifiant_voie_ban": "59512_nvlu1q", "nom": "Impasse Petit", "nom_normalise": "IMP PETIT", "type_voie": "impasse"}}, {"type": "Feature", "geometry": {"type": "MultiLineString", "coordinates": [[[3.2109238, 50.6864335], [3.2116448, 50.6859181], [3.2116701, 50.6858804]]]}, "properties": {"cleabs": "VOIE_NOM0000002339220695", "identifiant_voie_ban": "59512_1871", "nom": "Rue du Triez de Carihem", "nom_normalise": "R DU TRIEZ DE CARIHEM", "type_voie": "rue"}}, {"type": "Feature", "geometry": {"type": "MultiLineString", "coordinates": [[[3.1579538, 50.6969214], [3.1574687, 50.6971822], [3.1571626, 50.6973397], [3.1569439, 50.6974566], [3.1568776, 50.6974809]]]}, "properties": {"cleabs": "VOIE_NOM0000002339220698", "identifiant_voie_ban": "59512_5480", "nom": "Rue de Turin", "nom_normalise": "R DE TURIN", "type_voie": "rue"}}, {"type": "Feature", "geometry": {"type": "MultiLineString", "coordinates": [[[3.1876046, 50.7013005], [3.1875765, 50.7013427], [3.1875759, 50.7015796]]]}, "properties": {"cleabs": "VOIE_NOM0000002339220749", "identifiant_voie_ban": "59512_v9p77s", "nom": "Cour Lescrenier", "nom_normalise": "COUR LESCRENIER", "type_voie": "cour"}}, {"type": "Feature", "geometry": {"type": "MultiLineString", "coordinates": [[[3.1863458, 50.6842455], [3.186202, 50.6843283], [3.1856935, 50.6846844]], [[3.1835052, 50.6861513], [3.1830994, 50.6864166], [3.182926, 50.6865209]], [[3.1856935, 50.6846844], [3.1855075, 50.684805], [3.1850678, 50.6850999], [3.1847494, 50.6853086]], [[3.1835052, 50.6861513], [3.1847494, 50.6853086]]]}, "properties": {"cleabs": "VOIE_NOM0000002339220777", "identifiant_voie_ban": "59512_0470", "nom": "Rue de Bavai", "nom_normalise": "R DE BAVAI", "type_voie": "rue"}}, {"type": "Feature", "geometry": {"type": "MultiLineString", "coordinates": [[[3.1904292, 50.6842178], [3.1900426, 50.6839456], [3.1893954, 50.6835051]]]}, "properties": {"cleabs": "VOIE_NOM0000002339220865", "identifiant_voie_ban": "59512_3xw3jb", "nom": "Impasse Massillon", "nom_normalise": "IMP MASSILLON", "type_voie": "impasse"}}, {"type": "Feature", "geometry": {"type": "MultiLineString", "coordinates": [[[3.1845894, 50.6882836], [3.1837104, 50.6877931]]]}, "properties": {"cleabs": "VOIE_NOM0000002339220928", "identifiant_voie_ban": "59512_5138", "nom": "Rue Sainte-Elisabeth", "nom_normalise": "R SAINTE-ELISABETH", "type_voie": "rue"}}, {"type": "Feature", "geometry": {"type": "MultiLineString", "coordinates": [[[3.1666362, 50.6830343], [3.1668018, 50.6831301], [3.1677244, 50.6836385], [3.1677895, 50.6836788]], [[3.1656316, 50.6824927], [3.1657519, 50.6825554]], [[3.1657519, 50.6825554], [3.1666362, 50.6830343]]]}, "properties": {"cleabs": "VOIE_NOM0000002339220961", "identifiant_voie_ban": "59512_3800", "nom": "Rue Mirabeau", "nom_normalise": "R MIRABEAU", "type_voie": "rue"}}, {"type": "Feature", "geometry": {"type": "MultiLineString", "coordinates": [[[3.16083, 50.6897425], [3.1616944, 50.6892676]]]}, "properties": {"cleabs": "VOIE_NOM0000002339220991", "identifiant_voie_ban": "59512_5wei8o", "nom": "Cour Lepers", "nom_normalise": "COUR LEPERS", "type_voie": "cour"}}, {"type": "Feature", "geometry": {"type": "MultiLineString", "coordinates": [[[3.1767393, 50.6853902], [3.1775416, 50.6857938]]]}, "properties": {"cleabs": "VOIE_NOM0000002339221111", "identifiant_voie_ban": "59512_gxj3hk", "nom": "Cour Pennel", "nom_normalise": "COUR PENNEL", "type_voie": "cour"}}, {"type": "Feature", "geometry": {"type": "MultiLineString", "coordinates": [[[3.1860153, 50.6808253], [3.1864493, 50.6813065]]]}, "properties": {"cleabs": "VOIE_NOM0000002339221150", "identifiant_voie_ban": "59512_0310", "nom": "Rue d'Artois", "nom_normalise": "R D'ARTOIS", "type_voie": "rue"}}, {"type": "Feature", "geometry": {"type": "MultiLineString", "coordinates": [[[3.1823805, 50.7004289], [3.1825283, 50.7002788], [3.1824689, 50.7002555], [3.1826926, 50.7000138]]]}, "properties": {"cleabs": "VOIE_NOM0000002339221188", "identifiant_voie_ban": "59512_nnm94c", "nom": "Cour Cazier", "nom_normalise": "COUR CAZIER", "type_voie": "cour"}}, {"type": "Feature", "geometry": {"type": "MultiLineString", "coordinates": [[[3.183978, 50.6848763], [3.183668, 50.685085], [3.1836497, 50.6850967], [3.1835722, 50.685147], [3.1832536, 50.6853377]]]}, "properties": {"cleabs": "VOIE_NOM0000002339221194", "identifiant_voie_ban": "59512_4020", "nom": "Rue Neuve Racine", "nom_normalise": "R NEUVE RACINE", "type_voie": "rue"}}, {"type": "Feature", "geometry": {"type": "MultiLineString", "coordinates": [[[3.1809272, 50.6865068], [3.1813799, 50.6867054], [3.1821412, 50.6870704], [3.18286, 50.6873951], [3.1835349, 50.6877099], [3.1837104, 50.6877931]]]}, "properties": {"cleabs": "VOIE_NOM0000002339221254", "identifiant_voie_ban": "59512_5150", "nom": "Rue Sainte-Thérèse", "nom_normalise": "R SAINTE-THERESE", "type_voie": "rue"}}, {"type": "Feature", "geometry": {"type": "MultiLineString", "coordinates": [[[3.180637, 50.6992774], [3.1812794, 50.6995484]]]}, "properties": {"cleabs": "VOIE_NOM0000002339221255", "identifiant_voie_ban": "59512_9zft3g", "nom": "Cour Lauwers", "nom_normalise": "COUR LAUWERS", "type_voie": "cour"}}, {"type": "Feature", "geometry": {"type": "MultiLineString", "coordinates": [[[3.1866432, 50.6836815], [3.1864091, 50.6837788], [3.1860508, 50.683931], [3.1859493, 50.6839697]], [[3.1879433, 50.6831035], [3.1876782, 50.6832313], [3.1873511, 50.68337]], [[3.1873511, 50.68337], [3.1869957, 50.6835347], [3.1866432, 50.6836815]]]}, "properties": {"cleabs": "VOIE_NOM0000002339221268", "identifiant_voie_ban": "59512_3380", "nom": "Rue Louis Decottignies", "nom_normalise": "R LOUIS DECOTTIGNIES", "type_voie": "rue"}}, {"type": "Feature", "geometry": {"type": "MultiLineString", "coordinates": [[[3.1932933, 50.689235], [3.1936496, 50.6889581], [3.1937581, 50.688878]], [[3.1937581, 50.688878], [3.1941609, 50.6885804], [3.1942215, 50.688539]]]}, "properties": {"cleabs": "VOIE_NOM0000002339221314", "identifiant_voie_ban": "59512_1670", "nom": "Rue Delezenne", "nom_normalise": "R DELEZENNE", "type_voie": "rue"}}, {"type": "Feature", "geometry": {"type": "MultiLineString", "coordinates": [[[3.1866706, 50.6773937], [3.1862019, 50.677048]]]}, "properties": {"cleabs": "VOIE_NOM0000002339221362", "identifiant_voie_ban": "59512_9rc416", "nom": "Cour Fournier", "nom_normalise": "COUR FOURNIER", "type_voie": "cour"}}, {"type": "Feature", "geometry": {"type": "MultiLineString", "coordinates": [[[3.1609928, 50.6898437], [3.161843, 50.6893634]]]}, "properties": {"cleabs": "VOIE_NOM0000002339221381", "identifiant_voie_ban": "59512_aecjr1", "nom": "Cour Heuls", "nom_normalise": "COUR HEULS", "type_voie": "cour"}}, {"type": "Feature", "geometry": {"type": "MultiLineString", "coordinates": [[[3.1953092, 50.6790953], [3.1963868, 50.6783909]]]}, "properties": {"cleabs": "VOIE_NOM0000002339221461", "identifiant_voie_ban": "59512_3740", "nom": "Rue Michel Ange", "nom_normalise": "R MICHEL ANGE", "type_voie": "rue"}}, {"type": "Feature", "geometry": {"type": "MultiLineString", "coordinates": [[[3.1940506, 50.6900172], [3.1937691, 50.6902698], [3.1937225, 50.6902842]], [[3.1943871, 50.6897134], [3.1945293, 50.6895902], [3.1948348, 50.6893143], [3.1951979, 50.6889862]], [[3.1943871, 50.6897134], [3.1941464, 50.6899363], [3.1940506, 50.6900172]]]}, "properties": {"cleabs": "VOIE_NOM0000002339221499", "identifiant_voie_ban": "59512_3520", "nom": "Rue Marceau", "nom_normalise": "R MARCEAU", "type_voie": "rue"}}, {"type": "Feature", "geometry": {"type": "MultiLineString", "coordinates": [[[3.1525122, 50.6887668], [3.1518718, 50.6890484], [3.1517462, 50.6890979], [3.1516586, 50.6891133]]]}, "properties": {"cleabs": "VOIE_NOM0000002339221697", "identifiant_voie_ban": "59512_ljgiyb", "nom": "Impasse des Maisons Anonymes", "nom_normalise": "IMP DES MAISONS ANONYMES", "type_voie": "impasse"}}, {"type": "Feature", "geometry": {"type": "MultiLineString", "coordinates": [[[3.1909351, 50.677983], [3.191149, 50.6781424], [3.1914041, 50.6783655], [3.1915458, 50.6784846], [3.1915628, 50.6785097], [3.1915728, 50.6785375], [3.191556, 50.6785743], [3.1915292, 50.678595], [3.1913615, 50.6786805], [3.1908948, 50.6788885], [3.1906213, 50.679011], [3.1905, 50.6790641]]]}, "properties": {"cleabs": "VOIE_NOM0000002339221699", "identifiant_voie_ban": "59512_3670", "nom": "Allée Maurice Maertens", "nom_normalise": "ALL MAURICE MAERTENS", "type_voie": "allée"}}, {"type": "Feature", "geometry": {"type": "MultiLineString", "coordinates": [[[3.1682374, 50.7030717], [3.1694404, 50.7024141], [3.1696251, 50.7022954]]]}, "properties": {"cleabs": "VOIE_NOM0000002339221802", "identifiant_voie_ban": "59512_5500", "nom": "Rue Vallon", "nom_normalise": "R VALLON", "type_voie": "rue"}}, {"type": "Feature", "geometry": {"type": "MultiLineString", "coordinates": [[[3.1886369, 50.686498], [3.1891451, 50.6867871], [3.1891634, 50.6867925], [3.1891832, 50.6867996], [3.1892327, 50.6867996]]]}, "properties": {"cleabs": "VOIE_NOM0000002339221805", "identifiant_voie_ban": "59512_4620", "nom": "Rue du Progrès", "nom_normalise": "R DU PROGRES", "type_voie": "rue"}}, {"type": "Feature", "geometry": {"type": "MultiLineString", "coordinates": [[[3.1611569, 50.6899431], [3.1617027, 50.6896427]]]}, "properties": {"cleabs": "VOIE_NOM0000002339221922", "identifiant_voie_ban": "59512_w9kxmw", "nom": "Cour Blasin", "nom_normalise": "COUR BLASIN", "type_voie": "cour"}}, {"type": "Feature", "geometry": {"type": "MultiLineString", "coordinates": [[[3.1822702, 50.7003967], [3.1821704, 50.7005557], [3.1817177, 50.7011674]]]}, "properties": {"cleabs": "VOIE_NOM0000002339221940", "identifiant_voie_ban": "59512_dys04m", "nom": "Cour Sainte-Thérèse", "nom_normalise": "COUR SAINTE-THERESE", "type_voie": "cour"}}, {"type": "Feature", "geometry": {"type": "MultiLineString", "coordinates": [[[3.1849272, 50.6783708], [3.1847913, 50.6782759], [3.1846297, 50.6781227], [3.1845234, 50.678025], [3.1844342, 50.6779552], [3.1843903, 50.6779337], [3.1842756, 50.6778549], [3.1842755, 50.6778181], [3.1843036, 50.6777822]]]}, "properties": {"cleabs": "VOIE_NOM0000002339222007", "identifiant_voie_ban": "59512_ypui42", "nom": "Impasse Nollaert", "nom_normalise": "IMP NOLLAERT", "type_voie": "impasse"}}, {"type": "Feature", "geometry": {"type": "MultiLineString", "coordinates": [[[3.1877352, 50.6724089], [3.1882818, 50.6728272]], [[3.1882818, 50.6728272], [3.1887351, 50.6731998]]]}, "properties": {"cleabs": "VOIE_NOM0000002339222020", "identifiant_voie_ban": "59512_3220", "nom": "Rue Léonard de Vinci", "nom_normalise": "R LEONARD DE VINCI", "type_voie": "rue"}}, {"type": "Feature", "geometry": {"type": "MultiLineString", "coordinates": [[[3.1686439, 50.6873981], [3.1670932, 50.687918]]]}, "properties": {"cleabs": "VOIE_NOM0000002339222024", "identifiant_voie_ban": "59512_4820", "nom": "Rue de Rohan", "nom_normalise": "R DE ROHAN", "type_voie": "rue"}}, {"type": "Feature", "geometry": {"type": "MultiLineString", "coordinates": [[[3.1861619, 50.7035693], [3.1873154, 50.7040943]], [[3.1873678, 50.7041203], [3.1877132, 50.7042822], [3.1883402, 50.7045576], [3.1887592, 50.7047562], [3.1889772, 50.7048501]], [[3.1873154, 50.7040943], [3.1873678, 50.7041203]]]}, "properties": {"cleabs": "VOIE_NOM0000002339222036", "identifiant_voie_ban": "59512_3690", "nom": "Rue Mazagran", "nom_normalise": "R MAZAGRAN", "type_voie": "rue"}}, {"type": "Feature", "geometry": {"type": "MultiLineString", "coordinates": [[[3.1940335, 50.6961847], [3.1942425, 50.6961593], [3.1943414, 50.6961537], [3.1943486, 50.6961959], [3.1945944, 50.6961839]]]}, "properties": {"cleabs": "VOIE_NOM0000002339222103", "identifiant_voie_ban": "59512_mbr1sg", "nom": "Cour Cabey", "nom_normalise": "COUR CABEY", "type_voie": "cour"}}, {"type": "Feature", "geometry": {"type": "MultiLineString", "coordinates": [[[3.1714476, 50.6902129], [3.1708568, 50.6893092], [3.1707802, 50.6892007]]]}, "properties": {"cleabs": "VOIE_NOM0000002339222114", "identifiant_voie_ban": "59512_4060", "nom": "Rue du Nord", "nom_normalise": "R DU NORD", "type_voie": "rue"}}, {"type": "Feature", "geometry": {"type": "MultiLineString", "coordinates": [[[3.195025, 50.6870087], [3.1952627, 50.6867489], [3.1955509, 50.6864003], [3.1956381, 50.6862988]]]}, "properties": {"cleabs": "VOIE_NOM0000002339222119", "identifiant_voie_ban": "59512_2050", "nom": "Rue Fénelon", "nom_normalise": "R FENELON", "type_voie": "rue"}}, {"type": "Feature", "geometry": {"type": "MultiLineString", "coordinates": [[[3.1962764, 50.6877129], [3.1961497, 50.6878271], [3.1963267, 50.6879165]]]}, "properties": {"cleabs": "VOIE_NOM0000002339222150", "identifiant_voie_ban": "59512_96cxgm", "nom": "Cour Cabaret", "nom_normalise": "COUR CABARET", "type_voie": "cour"}}, {"type": "Feature", "geometry": {"type": "MultiLineString", "coordinates": [[[3.1613335, 50.6873019], [3.1604171, 50.6878469]]]}, "properties": {"cleabs": "VOIE_NOM0000002339222177", "identifiant_voie_ban": "59512_5160", "nom": "Rue Salomon de Caus", "nom_normalise": "R SALOMON DE CAUS", "type_voie": "rue"}}, {"type": "Feature", "geometry": {"type": "MultiLineString", "coordinates": [[[3.1701255, 50.6731881], [3.1703589, 50.6732946]]]}, "properties": {"cleabs": "VOIE_NOM0000002339222194", "identifiant_voie_ban": "59512_4537", "nom": "Allée des Pins", "nom_normalise": "ALL DES PINS", "type_voie": "allée"}}, {"type": "Feature", "geometry": {"type": "MultiLineString", "coordinates": [[[3.2077261, 50.6902724], [3.2079147, 50.6904489], [3.2080692, 50.6905778]]]}, "properties": {"cleabs": "VOIE_NOM0000002339222202", "identifiant_voie_ban": "59512_4jmmbf", "nom": "Rangée Delcourt", "nom_normalise": "RANGEE DELCOURT", "type_voie": ""}}, {"type": "Feature", "geometry": {"type": "MultiLineString", "coordinates": [[[3.1785407, 50.70376], [3.1786068, 50.7036917], [3.1787716, 50.7035263], [3.1788068, 50.7035003], [3.1788717, 50.7034786], [3.1789141, 50.7034705]], [[3.1797429, 50.7029004], [3.1801135, 50.7026064], [3.1806093, 50.7021875], [3.1806389, 50.7021561]], [[3.1789141, 50.7034705], [3.1789875, 50.703456], [3.1790539, 50.7034371], [3.1791216, 50.7034011], [3.1795386, 50.7030622], [3.1797429, 50.7029004]]]}, "properties": {"cleabs": "VOIE_NOM0000002339222208", "identifiant_voie_ban": "59512_4120", "nom": "Rue Olivier de Serres", "nom_normalise": "R OLIVIER DE SERRES", "type_voie": "rue"}}, {"type": "Feature", "geometry": {"type": "MultiLineString", "coordinates": [[[3.2010275, 50.6744548], [3.1997504, 50.6736429]]]}, "properties": {"cleabs": "VOIE_NOM0000002339222227", "identifiant_voie_ban": "59512_0070", "nom": "Rue Albert Thomas", "nom_normalise": "R ALBERT THOMAS", "type_voie": "rue"}}, {"type": "Feature", "geometry": {"type": "MultiLineString", "coordinates": [[[3.1879117, 50.6942729], [3.1881878, 50.6944385], [3.1882373, 50.6944672], [3.1882855, 50.6944976], [3.1883152, 50.69452]], [[3.1883152, 50.69452], [3.1884778, 50.6945538], [3.1887549, 50.6946055], [3.1888709, 50.6946223], [3.1892199, 50.6946559], [3.1894587, 50.6946654], [3.1895293, 50.6946554], [3.1895745, 50.6946329]]]}, "properties": {"cleabs": "VOIE_NOM0000002339222231", "identifiant_voie_ban": "59512_4370", "nom": "Rue Perrot", "nom_normalise": "R PERROT", "type_voie": "rue"}}, {"type": "Feature", "geometry": {"type": "MultiLineString", "coordinates": [[[3.1761825, 50.6965712], [3.1762801, 50.6965988], [3.1765192, 50.6966864], [3.1773708, 50.6970163]], [[3.1773708, 50.6970163], [3.1777472, 50.6971639], [3.1778349, 50.6971907]]]}, "properties": {"cleabs": "VOIE_NOM0000002339222239", "identifiant_voie_ban": "59512_2110", "nom": "Rue du Fort", "nom_normalise": "R DU FORT", "type_voie": "rue"}}, {"type": "Feature", "geometry": {"type": "MultiLineString", "coordinates": [[[3.202105, 50.6737594], [3.2010275, 50.6744548]], [[3.1986836, 50.675968], [3.1984399, 50.6761236], [3.1977496, 50.676559]], [[3.2010275, 50.6744548], [3.1998344, 50.675224]], [[3.1998344, 50.675224], [3.1986836, 50.675968]]]}, "properties": {"cleabs": "VOIE_NOM0000002339222240", "identifiant_voie_ban": "59512_2850", "nom": "Rue Jean Jacques Rousseau", "nom_normalise": "R JEAN JACQUES ROUSSEAU", "type_voie": "rue"}}, {"type": "Feature", "geometry": {"type": "MultiLineString", "coordinates": [[[3.1585239, 50.674772], [3.1580119, 50.6750015], [3.1578624, 50.6750645]]]}, "properties": {"cleabs": "VOIE_NOM0000002339222248", "identifiant_voie_ban": "59512_0060", "nom": "Rue Albert Samain", "nom_normalise": "R ALBERT SAMAIN", "type_voie": "rue"}}, {"type": "Feature", "geometry": {"type": "MultiLineString", "coordinates": [[[3.177501, 50.6994713], [3.1774217, 50.6994023], [3.1771958, 50.6990437], [3.176967, 50.6986824], [3.1768947, 50.6986143]]]}, "properties": {"cleabs": "VOIE_NOM0000002339222281", "identifiant_voie_ban": "59512_1130", "nom": "Rue des Charpentiers", "nom_normalise": "R DES CHARPENTIERS", "type_voie": "rue"}}, {"type": "Feature", "geometry": {"type": "MultiLineString", "coordinates": [[[3.1901083, 50.6923466], [3.190099, 50.6921348], [3.1900819, 50.6917149], [3.1900591, 50.6912976], [3.1900443, 50.6911209]], [[3.1901232, 50.6925493], [3.1901083, 50.6923466]]]}, "properties": {"cleabs": "VOIE_NOM0000002339222309", "identifiant_voie_ban": "59512_4040", "nom": "Rue Newton", "nom_normalise": "R NEWTON", "type_voie": "rue"}}, {"type": "Feature", "geometry": {"type": "MultiLineString", "coordinates": [[[3.167818, 50.6900742], [3.1678832, 50.690128]], [[3.1662445, 50.6888542], [3.1660759, 50.688718], [3.1654613, 50.6882468]], [[3.1662445, 50.6888542], [3.1666877, 50.689182], [3.1673576, 50.6897052], [3.1677712, 50.6900259], [3.167818, 50.6900742]]]}, "properties": {"cleabs": "VOIE_NOM0000002339222451", "identifiant_voie_ban": "59512_5420", "nom": "Rue du Trichon", "nom_normalise": "R DU TRICHON", "type_voie": "rue"}}, {"type": "Feature", "geometry": {"type": "MultiLineString", "coordinates": [[[3.179927, 50.7018359], [3.1799862, 50.7017793], [3.180544, 50.7013002]]]}, "properties": {"cleabs": "VOIE_NOM0000002339222493", "identifiant_voie_ban": "59512_2900", "nom": "Rue de Jemmapes", "nom_normalise": "R DE JEMMAPES", "type_voie": "rue"}}, {"type": "Feature", "geometry": {"type": "MultiLineString", "coordinates": [[[3.1721134, 50.6734671], [3.1721231, 50.6734106], [3.1721271, 50.6733612], [3.1721312, 50.6733128], [3.1721324, 50.6732643], [3.172128, 50.6732158], [3.1721209, 50.6731853], [3.1720897, 50.6731387], [3.1720542, 50.6730912], [3.1719677, 50.6729881], [3.1719323, 50.6729541]]]}, "properties": {"cleabs": "VOIE_NOM0000002339222545", "identifiant_voie_ban": "59512_3595", "nom": "Allée des Marronniers", "nom_normalise": "ALL DES MARRONNIERS", "type_voie": "allée"}}, {"type": "Feature", "geometry": {"type": "MultiLineString", "coordinates": [[[3.2130991, 50.68843], [3.2134357, 50.6888664]]]}, "properties": {"cleabs": "VOIE_NOM0000002339222592", "identifiant_voie_ban": "59512_0690", "nom": "Rue Bois le Duc", "nom_normalise": "R BOIS LE DUC", "type_voie": "rue"}}, {"type": "Feature", "geometry": {"type": "MultiLineString", "coordinates": [[[3.1948328, 50.688093], [3.1946049, 50.6879515]]]}, "properties": {"cleabs": "VOIE_NOM0000002339222623", "identifiant_voie_ban": "59512_1b82kh", "nom": "Cour Sonneveille", "nom_normalise": "COUR SONNEVEILLE", "type_voie": "cour"}}, {"type": "Feature", "geometry": {"type": "MultiLineString", "coordinates": [[[3.188951, 50.6911486], [3.188764, 50.6913884], [3.1887218, 50.6914352]], [[3.1887218, 50.6914352], [3.1882716, 50.6919159], [3.188121, 50.6920822]]]}, "properties": {"cleabs": "VOIE_NOM0000002339222725", "identifiant_voie_ban": "59512_3390", "nom": "Rue Louis Dupire", "nom_normalise": "R LOUIS DUPIRE", "type_voie": "rue"}}, {"type": "Feature", "geometry": {"type": "MultiLineString", "coordinates": [[[3.1881133, 50.6911624], [3.1886284, 50.6913904], [3.1887218, 50.6914352]]]}, "properties": {"cleabs": "VOIE_NOM0000002339222746", "identifiant_voie_ban": "59512_2315", "nom": "Place du Général Faidherbe", "nom_normalise": "PL DU GENERAL FAIDHERBE", "type_voie": "place"}}, {"type": "Feature", "geometry": {"type": "MultiLineString", "coordinates": [[[3.1912064, 50.7054398], [3.1906701, 50.7052271], [3.1905954, 50.7052918], [3.1905602, 50.7053205], [3.1905236, 50.7053538], [3.1910841, 50.7055898]]]}, "properties": {"cleabs": "VOIE_NOM0000002339222791", "identifiant_voie_ban": "59512_0710", "nom": "Square du Bon Repos", "nom_normalise": "SQ DU BON REPOS", "type_voie": "square"}}, {"type": "Feature", "geometry": {"type": "MultiLineString", "coordinates": [[[3.2007988, 50.6903484], [3.2007033, 50.6905047], [3.2006753, 50.6905658], [3.2006054, 50.6907337], [3.2006026, 50.6907561], [3.2005905, 50.6909105]], [[3.2015097, 50.689379], [3.2016037, 50.6892263]], [[3.2007988, 50.6903484], [3.2009617, 50.6901157], [3.201181, 50.6898497], [3.2014424, 50.6895182], [3.2015097, 50.689379]]]}, "properties": {"cleabs": "VOIE_NOM0000002339222797", "identifiant_voie_ban": "59512_4150", "nom": "Rue d'Orchies", "nom_normalise": "R D'ORCHIES", "type_voie": "rue"}}, {"type": "Feature", "geometry": {"type": "MultiLineString", "coordinates": [[[3.1722033, 50.6885679], [3.1712521, 50.6883987], [3.171163, 50.6883809]], [[3.170516, 50.6875499], [3.1705402, 50.6876064], [3.1705686, 50.6876476], [3.1707162, 50.6878404]], [[3.1707162, 50.6878404], [3.1710653, 50.6882975], [3.1710823, 50.6883209], [3.1710993, 50.6883433], [3.1711291, 50.6883648], [3.171163, 50.6883809]]]}, "properties": {"cleabs": "VOIE_NOM0000002339222877", "identifiant_voie_ban": "59512_5365", "nom": "Rue de la Tour", "nom_normalise": "R DE LA TOUR", "type_voie": "rue"}}, {"type": "Feature", "geometry": {"type": "MultiLineString", "coordinates": [[[3.1655787, 50.6861343], [3.1653345, 50.6862091], [3.1641394, 50.6866163], [3.1635962, 50.6867821]]]}, "properties": {"cleabs": "VOIE_NOM0000002339222900", "identifiant_voie_ban": "59512_4780", "nom": "Rue Richelieu", "nom_normalise": "R RICHELIEU", "type_voie": "rue"}}, {"type": "Feature", "geometry": {"type": "MultiLineString", "coordinates": [[[3.158225, 50.6879422], [3.1578439, 50.68759], [3.1568454, 50.6867343]]]}, "properties": {"cleabs": "VOIE_NOM0000002339222901", "identifiant_voie_ban": "59512_1500", "nom": "Rue Cugnot", "nom_normalise": "R CUGNOT", "type_voie": "rue"}}, {"type": "Feature", "geometry": {"type": "MultiLineString", "coordinates": [[[3.2066407, 50.6894702], [3.2073408, 50.6900029]]]}, "properties": {"cleabs": "VOIE_NOM0000002339222903", "identifiant_voie_ban": "59512_hjbblm", "nom": "Rangée Farvacque", "nom_normalise": "RANGEE FARVACQUE", "type_voie": ""}}, {"type": "Feature", "geometry": {"type": "MultiLineString", "coordinates": [[[3.1905488, 50.6855717], [3.1894454, 50.6866395], [3.1893144, 50.6867537], [3.1892327, 50.6867996]]]}, "properties": {"cleabs": "VOIE_NOM0000002339222950", "identifiant_voie_ban": "59512_1060", "nom": "Rue Charlemagne", "nom_normalise": "R CHARLEMAGNE", "type_voie": "rue"}}, {"type": "Feature", "geometry": {"type": "MultiLineString", "coordinates": [[[3.1797804, 50.6743429], [3.1798453, 50.6743105], [3.1807347, 50.6738399], [3.1809463, 50.6737758]], [[3.178733, 50.6748685], [3.1792927, 50.6745859], [3.1797804, 50.6743429]], [[3.1761067, 50.6762048], [3.1760207, 50.6762489], [3.1759432, 50.6762777], [3.1758769, 50.6763056]], [[3.177749, 50.6753616], [3.1783665, 50.6750565], [3.178733, 50.6748685]], [[3.177749, 50.6753616], [3.1772895, 50.67561], [3.1764846, 50.6760167], [3.1761067, 50.6762048]]]}, "properties": {"cleabs": "VOIE_NOM0000002339222959", "identifiant_voie_ban": "59512_4400", "nom": "Rue Philibert Delorme", "nom_normalise": "R PHILIBERT DELORME", "type_voie": "rue"}}, {"type": "Feature", "geometry": {"type": "MultiLineString", "coordinates": [[[3.163074, 50.686073], [3.1634915, 50.6858858]]]}, "properties": {"cleabs": "VOIE_NOM0000002339223007", "identifiant_voie_ban": "59512_0s6paz", "nom": "Cour du Nord", "nom_normalise": "COUR DU NORD", "type_voie": "cour"}}, {"type": "Feature", "geometry": {"type": "MultiLineString", "coordinates": [[[3.1828345, 50.7005538], [3.1826841, 50.7007838], [3.1827011, 50.7007891], [3.1825507, 50.7010047]]]}, "properties": {"cleabs": "VOIE_NOM0000002339223066", "identifiant_voie_ban": "59512_wztq9o", "nom": "Cour Ghesquières", "nom_normalise": "COUR GHESQUIERES", "type_voie": "cour"}}, {"type": "Feature", "geometry": {"type": "MultiLineString", "coordinates": [[[3.1778531, 50.7019349], [3.1779546, 50.7018692], [3.1781943, 50.7017226], [3.1787174, 50.7014024], [3.1788428, 50.7013206]]]}, "properties": {"cleabs": "VOIE_NOM0000002339223085", "identifiant_voie_ban": "59512_4720", "nom": "Rue des Récollets", "nom_normalise": "R DES RECOLLETS", "type_voie": "rue"}}, {"type": "Feature", "geometry": {"type": "MultiLineString", "coordinates": [[[3.181289, 50.6834185], [3.1815186, 50.6836595]]]}, "properties": {"cleabs": "VOIE_NOM0000002339223149", "identifiant_voie_ban": "59512_vbvbbn", "nom": "Cour Pontier", "nom_normalise": "COUR PONTIER", "type_voie": "cour"}}, {"type": "Feature", "geometry": {"type": "MultiLineString", "coordinates": [[[3.1879433, 50.6831035], [3.1901978, 50.6820474], [3.1902951, 50.6820096], [3.1903995, 50.6819834]]]}, "properties": {"cleabs": "VOIE_NOM0000002339223209", "identifiant_voie_ban": "59512_i04h54", "nom": "Rue Rouget de Lisle", "nom_normalise": "R ROUGET DE LISLE", "type_voie": "rue"}}, {"type": "Feature", "geometry": {"type": "MultiLineString", "coordinates": [[[3.1967484, 50.6798297], [3.1968333, 50.6798682]], [[3.1968333, 50.6798682], [3.1969196, 50.6799012]], [[3.1966377, 50.680056], [3.1968333, 50.6798682]]]}, "properties": {"cleabs": "VOIE_NOM0000002339223227", "identifiant_voie_ban": "59512_lcdr6x", "nom": "Cour Boutemy", "nom_normalise": "COUR BOUTEMY", "type_voie": "cour"}}, {"type": "Feature", "geometry": {"type": "MultiLineString", "coordinates": [[[3.1799808, 50.6829672], [3.1797568, 50.6827405]]]}, "properties": {"cleabs": "VOIE_NOM0000002339224683", "identifiant_voie_ban": "59512_dew669", "nom": "Cour serrurier", "nom_normalise": "COUR SERRURIER", "type_voie": "cour"}}, {"type": "Feature", "geometry": {"type": "MultiLineString", "coordinates": [[[3.181857, 50.6842755], [3.1820666, 50.6844197]]]}, "properties": {"cleabs": "VOIE_NOM0000002339224684", "identifiant_voie_ban": "59512_2898", "nom": "Cour de Tunis", "nom_normalise": "COUR DE TUNIS", "type_voie": "cour"}}, {"type": "Feature", "geometry": {"type": "MultiLineString", "coordinates": [[[3.1797724, 50.6945811], [3.1797627, 50.6946134], [3.1797655, 50.6946313], [3.1797684, 50.6946376], [3.1797769, 50.6946484], [3.1797925, 50.6946627], [3.1798123, 50.6946743], [3.1798364, 50.6946833], [3.1798534, 50.6946922], [3.1798873, 50.6947039], [3.1803071, 50.6947723], [3.1803466, 50.6947579], [3.1807004, 50.69414], [3.1807032, 50.6941149], [3.1807017, 50.6940934], [3.1806055, 50.6940594], [3.1804655, 50.6940112], [3.1804089, 50.6939933], [3.1803636, 50.693979], [3.1803269, 50.6939701], [3.1802448, 50.693937]], [[3.1812249, 50.6938378], [3.1809096, 50.6937673]]]}, "properties": {"cleabs": "VOIE_NOM0000002339224686", "identifiant_voie_ban": "59512_3922", "nom": "Square des Mulliez", "nom_normalise": "SQ DES MULLIEZ", "type_voie": "square"}}, {"type": "Feature", "geometry": {"type": "MultiLineString", "coordinates": [[[3.1673964, 50.7042816], [3.1674472, 50.7042438], [3.1675205, 50.7041917], [3.1678574, 50.7039498], [3.1681281, 50.70377], [3.1681887, 50.703734]]]}, "properties": {"cleabs": "VOIE_NOM0000002339224687", "identifiant_voie_ban": "59512_2830", "nom": "Rue Jean Bart", "nom_normalise": "R JEAN BART", "type_voie": "rue"}}, {"type": "Feature", "geometry": {"type": "MultiLineString", "coordinates": [[[3.1947933, 50.687376], [3.1946626, 50.6875414]]]}, "properties": {"cleabs": "VOIE_NOM0000002339226189", "identifiant_voie_ban": "", "nom": "Cour Dupont", "nom_normalise": "COUR DUPONT", "type_voie": "cour"}}, {"type": "Feature", "geometry": {"type": "MultiLineString", "coordinates": [[[3.1898676, 50.6881132], [3.1895847, 50.6883667]]]}, "properties": {"cleabs": "VOIE_NOM0000002339226318", "identifiant_voie_ban": "59512_1662", "nom": "Cour Lefebvre", "nom_normalise": "COUR LEFEBVRE", "type_voie": "cour"}}, {"type": "Feature", "geometry": {"type": "MultiLineString", "coordinates": [[[3.2077777, 50.6785178], [3.2079763, 50.6783864], [3.2081637, 50.6782677]]]}, "properties": {"cleabs": "VOIE_NOM0000002339226465", "identifiant_voie_ban": "", "nom": "AV DU PARC DU SPORTS", "nom_normalise": "AV DU PARC DU SPORTS", "type_voie": "avenue"}}, {"type": "Feature", "geometry": {"type": "MultiLineString", "coordinates": [[[3.1846225, 50.6941926], [3.1846547, 50.6941261], [3.1846926, 50.694048], [3.184589, 50.6939333], [3.1847112, 50.6937438], [3.1849131, 50.6937148], [3.1850503, 50.6937388], [3.1851874, 50.6937637]]]}, "properties": {"cleabs": "VOIE_NOM0000002339226466", "identifiant_voie_ban": "", "nom": "CHE LEON ALLART", "nom_normalise": "CHE LEON ALLART", "type_voie": "chemin"}}, {"type": "Feature", "geometry": {"type": "MultiLineString", "coordinates": [[[3.1872591, 50.702621], [3.1884196, 50.7031182]]]}, "properties": {"cleabs": "VOIE_NOM0000002339226470", "identifiant_voie_ban": "59512_uqrucu", "nom": "Passage Roger Six", "nom_normalise": "PAS ROGER SIX", "type_voie": "passage"}}, {"type": "Feature", "geometry": {"type": "MultiLineString", "coordinates": [[[3.1768407, 50.7045494], [3.1771509, 50.7043318], [3.1771819, 50.704312], [3.1772087, 50.7042949]]]}, "properties": {"cleabs": "VOIE_NOM0000002339226938", "identifiant_voie_ban": "59512_5290", "nom": "Rue Sully", "nom_normalise": "R SULLY", "type_voie": "rue"}}, {"type": "Feature", "geometry": {"type": "MultiLineString", "coordinates": [[[3.1894379, 50.6764293], [3.1894903, 50.6764804], [3.1895385, 50.6765305], [3.1895912, 50.6766354], [3.1898009, 50.6768164], [3.1898873, 50.6768934], [3.1900104, 50.6769552], [3.1903669, 50.6771161], [3.1905041, 50.6771536]]]}, "properties": {"cleabs": "VOIE_NOM0000002339226953", "identifiant_voie_ban": "59512_4690", "nom": "Allée Raoul Dufy", "nom_normalise": "ALL RAOUL DUFY", "type_voie": "allée"}}, {"type": "Feature", "geometry": {"type": "MultiLineString", "coordinates": [[[3.1914838, 50.6929546], [3.1916064, 50.6928791], [3.1916205, 50.6928701], [3.1917361, 50.6928188], [3.1918476, 50.6927782], [3.1921129, 50.6927159]], [[3.1913682, 50.693032], [3.1914838, 50.6929546]], [[3.1921129, 50.6927159], [3.192411, 50.6926993], [3.193291, 50.6926701], [3.1934817, 50.6926671], [3.1936343, 50.6926785]], [[3.2022311, 50.6938161], [3.2023468, 50.6937926], [3.2025134, 50.6937573], [3.2026334, 50.6937347]], [[3.2026334, 50.6937347], [3.2027688, 50.6936941], [3.2028718, 50.6936625], [3.2029945, 50.6936139], [3.203106, 50.693567], [3.2032399, 50.6934959], [3.2033822, 50.6934131], [3.2035076, 50.6933268], [3.2035964, 50.6932647], [3.203733, 50.6931685], [3.2037907, 50.6931226], [3.2040527, 50.6929293], [3.2042823, 50.6927503], [3.2045667, 50.6925291], [3.2047851, 50.6923726], [3.2051078, 50.6921935], [3.2052947, 50.6919374], [3.2053552, 50.6918736], [3.2055101, 50.6917567], [3.2056622, 50.6916434], [3.205837, 50.6915543], [3.2060683, 50.6914713], [3.2063053, 50.6913911]], [[3.2063053, 50.6913911], [3.2063561, 50.691373], [3.2065692, 50.6913036], [3.2068359, 50.6912511], [3.2070337, 50.6912427], [3.2070775, 50.6912453], [3.2071185, 50.6912524]], [[3.1968684, 50.6931463], [3.1975286, 50.6932458], [3.1981435, 50.693339], [3.1987372, 50.6934251], [3.1993719, 50.693521], [3.2000532, 50.6936267], [3.2007615, 50.6937342], [3.2009594, 50.693767], [3.2010258, 50.6937714], [3.2012109, 50.6937747], [3.2012292, 50.6937738], [3.201297, 50.6937728], [3.2013748, 50.693787], [3.2014003, 50.6937915], [3.2014837, 50.6938075], [3.2014922, 50.6938093], [3.2015586, 50.6938253], [3.2016491, 50.6938386], [3.2017452, 50.6938465], [3.2018766, 50.6938481], [3.2019246, 50.6938471], [3.2019981, 50.6938452], [3.2021012, 50.693837], [3.2022311, 50.6938161]], [[3.1968684, 50.6931463], [3.1966225, 50.6931099], [3.1965801, 50.6931037], [3.195804, 50.6929784], [3.1953417, 50.6929002], [3.1947439, 50.692832], [3.1946999, 50.6927917]], [[3.1946999, 50.6927917], [3.1945543, 50.6927677], [3.1942137, 50.6927243], [3.1936343, 50.6926785]]]}, "properties": {"cleabs": "VOIE_NOM0000002339226972", "identifiant_voie_ban": "59512_5710", "nom": "Quai de Wattrelos", "nom_normalise": "QU DE WATTRELOS", "type_voie": "quai"}}, {"type": "Feature", "geometry": {"type": "MultiLineString", "coordinates": [[[3.1812817, 50.6861061], [3.1810342, 50.6860095], [3.1804585, 50.6857806], [3.1800525, 50.6856116], [3.1797653, 50.6854909]], [[3.1780055, 50.684763], [3.1782276, 50.6848596], [3.1787157, 50.6850617], [3.1792532, 50.6852843], [3.1797653, 50.6854909]]]}, "properties": {"cleabs": "VOIE_NOM0000002339283742", "identifiant_voie_ban": "59512_5510", "nom": "Rue de Valmy", "nom_normalise": "R DE VALMY", "type_voie": "rue"}}, {"type": "Feature", "geometry": {"type": "MultiLineString", "coordinates": [[[3.1794702, 50.6724938], [3.179687, 50.6726945], [3.1801415, 50.6730537]], [[3.1801415, 50.6730537], [3.1801869, 50.6730887], [3.1803186, 50.6732069]], [[3.1803186, 50.6732069], [3.1806416, 50.6734963], [3.1809463, 50.6737758]], [[3.1858603, 50.6778615], [3.185584, 50.6776241], [3.1851377, 50.6772461]], [[3.1839676, 50.6762769], [3.1836786, 50.6760296], [3.1833868, 50.675786]], [[3.1851377, 50.6772461], [3.1847453, 50.6769129], [3.1842948, 50.6765429], [3.1840073, 50.67631], [3.1839676, 50.6762769]], [[3.1833868, 50.675786], [3.1832508, 50.6756722], [3.183078, 50.6755235]], [[3.1809463, 50.6737758], [3.181306, 50.6740553], [3.1825652, 50.675098]], [[3.183078, 50.6755235], [3.1828286, 50.6753103], [3.1825652, 50.675098]]]}, "properties": {"cleabs": "VOIE_NOM0000002339286093", "identifiant_voie_ban": "59512_0980", "nom": "Rue Carpeaux", "nom_normalise": "R CARPEAUX", "type_voie": "rue"}}, {"type": "Feature", "geometry": {"type": "MultiLineString", "coordinates": [[[3.1624075, 50.6865566], [3.1623001, 50.6865433], [3.1621644, 50.6865103], [3.1619945, 50.6863974], [3.1618982, 50.6863303], [3.1618741, 50.6863114]], [[3.1618741, 50.6863114], [3.1618501, 50.6862926], [3.1617948, 50.6862335]], [[3.1617948, 50.6862335], [3.1615354, 50.6859628]], [[3.1603617, 50.6846578], [3.1603756, 50.6846102], [3.1604094, 50.6845707], [3.1604798, 50.6845006], [3.1606714, 50.6843397], [3.1608292, 50.6842157]], [[3.1615354, 50.6859628], [3.1615099, 50.685935], [3.1611556, 50.685573], [3.160773, 50.6851804]], [[3.160773, 50.6851804], [3.1607163, 50.6851213]], [[3.1607163, 50.6851213], [3.1605349, 50.6849348], [3.1604102, 50.6848094], [3.1603903, 50.6847771], [3.160386, 50.6847699], [3.160369, 50.6847287], [3.1603604, 50.6846946], [3.1603617, 50.6846578]]]}, "properties": {"cleabs": "VOIE_NOM0000002339290849", "identifiant_voie_ban": "59512_1480", "nom": "Rue de Croix", "nom_normalise": "R DE CROIX", "type_voie": "rue"}}, {"type": "Feature", "geometry": {"type": "MultiLineString", "coordinates": [[[3.1700056, 50.6732322], [3.1697249, 50.6729069]]]}, "properties": {"cleabs": "VOIE_NOM0000002339322064", "identifiant_voie_ban": "59512_1127", "nom": "Allée des Charmes", "nom_normalise": "ALL DES CHARMES", "type_voie": "allée"}}, {"type": "Feature", "geometry": {"type": "MultiLineString", "coordinates": [[[3.1753159, 50.6810481], [3.1750675, 50.681123], [3.174279, 50.6814022], [3.1734185, 50.6817086], [3.1728331, 50.6819238], [3.1727597, 50.6819482]]]}, "properties": {"cleabs": "VOIE_NOM0000002339345721", "identifiant_voie_ban": "59512_2610", "nom": "Rue Henri Bossut", "nom_normalise": "R HENRI BOSSUT", "type_voie": "rue"}}, {"type": "Feature", "geometry": {"type": "MultiLineString", "coordinates": [[[3.1781113, 50.6954584], [3.1781509, 50.6954844], [3.1781906, 50.6955013], [3.1787831, 50.695653]], [[3.1772717, 50.6949544], [3.1773991, 50.6950188], [3.1775605, 50.6951137], [3.1781113, 50.6954584]]]}, "properties": {"cleabs": "VOIE_NOM0000002339361117", "identifiant_voie_ban": "59512_3120", "nom": "Rue Latine", "nom_normalise": "R LATINE", "type_voie": "rue"}}, {"type": "Feature", "geometry": {"type": "MultiLineString", "coordinates": [[[3.1800165, 50.6807022], [3.1800108, 50.6807094], [3.1799222, 50.6807975], [3.1798362, 50.6808433]], [[3.1805878, 50.6801118], [3.1804961, 50.6801496], [3.18042, 50.6801991]], [[3.18042, 50.6801991], [3.1803341, 50.6802755], [3.1801795, 50.680483], [3.1800165, 50.6807022]]]}, "properties": {"cleabs": "VOIE_NOM0000002339361203", "identifiant_voie_ban": "59512_2820", "nom": "Rue Jean Baptiste Vercoutère", "nom_normalise": "R JEAN BAPTISTE VERCOUTERE", "type_voie": "rue"}}, {"type": "Feature", "geometry": {"type": "MultiLineString", "coordinates": [[[3.1708272, 50.6719111], [3.1708644, 50.6716445]]]}, "properties": {"cleabs": "VOIE_NOM0000002339361607", "identifiant_voie_ban": "59512_1205", "nom": "Allée des Chênes", "nom_normalise": "ALL DES CHENES", "type_voie": "allée"}}, {"type": "Feature", "geometry": {"type": "MultiLineString", "coordinates": [[[3.1849388, 50.6880237], [3.1850641, 50.6879266], [3.1856723, 50.6873568], [3.1859384, 50.6871339]]]}, "properties": {"cleabs": "VOIE_NOM0000002339361689", "identifiant_voie_ban": "59512_5100", "nom": "Rue de Saint-Quentin", "nom_normalise": "R DE SAINT-QUENTIN", "type_voie": "rue"}}, {"type": "Feature", "geometry": {"type": "MultiLineString", "coordinates": [[[3.1973303, 50.6902534], [3.1979362, 50.6894951]], [[3.196997, 50.6909844], [3.1969981, 50.690901], [3.1969993, 50.6908507], [3.1970132, 50.6908058], [3.1970777, 50.6906756], [3.1971479, 50.6905544], [3.1972138, 50.6904286]], [[3.1972138, 50.6904286], [3.1973303, 50.6902534]], [[3.1968684, 50.6909864], [3.1968773, 50.6910815], [3.1968745, 50.6911013], [3.1967736, 50.6912971], [3.1965394, 50.6917371], [3.1965086, 50.6917991]], [[3.1965086, 50.6917991], [3.1962815, 50.6922616], [3.1961134, 50.692628]]]}, "properties": {"cleabs": "VOIE_NOM0000002339361759", "identifiant_voie_ban": "59512_1580", "nom": "Rue Dampierre", "nom_normalise": "R DAMPIERRE", "type_voie": "rue"}}, {"type": "Feature", "geometry": {"type": "MultiLineString", "coordinates": [[[3.1672169, 50.6940997], [3.1672963, 50.6941678], [3.1673373, 50.6941982], [3.1674122, 50.6942089], [3.1678824, 50.694123], [3.1682241, 50.6940588]]]}, "properties": {"cleabs": "VOIE_NOM0000002339361942", "identifiant_voie_ban": "59512_3415", "nom": "Allée Louise et Victor Champier", "nom_normalise": "ALL LOUISE ET VICTOR CHAMPIER", "type_voie": "allée"}}, {"type": "Feature", "geometry": {"type": "MultiLineString", "coordinates": [[[3.194458, 50.6908843], [3.1940151, 50.6906822]]]}, "properties": {"cleabs": "VOIE_NOM0000002339361986", "identifiant_voie_ban": "59512_4b8uwj", "nom": "Cour Leriche", "nom_normalise": "COUR LERICHE", "type_voie": "cour"}}, {"type": "Feature", "geometry": {"type": "MultiLineString", "coordinates": [[[3.1767823, 50.6723353], [3.1767899, 50.6724869], [3.1763014, 50.6725127], [3.1761747, 50.6722222]], [[3.1761747, 50.6722222], [3.1762567, 50.6722588], [3.17635, 50.6722901], [3.1764532, 50.6723169], [3.1765789, 50.6723311], [3.1766933, 50.6723354], [3.1767823, 50.6723353]], [[3.1759142, 50.6720323], [3.1759411, 50.6720681]], [[3.1758311, 50.6717111], [3.1758215, 50.6717731], [3.175826, 50.6718431], [3.1758417, 50.6718987], [3.1758673, 50.671957], [3.1758957, 50.6720072], [3.1759142, 50.6720323]], [[3.1758687, 50.6715522], [3.1758561, 50.6715864], [3.1758339, 50.6716995], [3.1758311, 50.6717111]], [[3.1759613, 50.6713816], [3.1759206, 50.6714427], [3.1759079, 50.6714616], [3.1759023, 50.6714705], [3.1758687, 50.6715522]], [[3.1759411, 50.6720681], [3.1760049, 50.6721228], [3.1760742, 50.672172], [3.1761549, 50.6722132], [3.1761747, 50.6722222]], [[3.1773977, 50.6726458], [3.1773692, 50.6725812], [3.1773607, 50.6725642], [3.177335, 50.6725023]], [[3.1774604, 50.673211], [3.1774501, 50.6730926], [3.1774427, 50.6729957], [3.1774264, 50.6727956], [3.1774078, 50.6727077], [3.1773977, 50.6726458]], [[3.1745187, 50.670742], [3.1745511, 50.6707267], [3.174898, 50.6705701], [3.1749642, 50.6705404]], [[3.1746604, 50.6708666], [3.1745187, 50.670742]], [[3.1745187, 50.670742], [3.1744592, 50.6706928], [3.1744366, 50.6706748]], [[3.1756198, 50.6714458], [3.1755434, 50.6714136]], [[3.1758311, 50.6717111], [3.1753891, 50.6717136], [3.1753873, 50.6715888], [3.1756198, 50.6714458]], [[3.1756198, 50.6714458], [3.1756424, 50.6714574]], [[3.1758669, 50.6714338], [3.1756424, 50.6714574]], [[3.1756424, 50.6714574], [3.1757485, 50.6715129], [3.1758687, 50.6715522]], [[3.1759411, 50.6720681], [3.1755376, 50.6721647]], [[3.1755434, 50.6714136], [3.1752365, 50.671275], [3.1751941, 50.6712517], [3.1751007, 50.6712034], [3.1750087, 50.6711487], [3.1749422, 50.6710995], [3.1747156, 50.6709158], [3.1746604, 50.6708666]]]}, "properties": {"cleabs": "VOIE_NOM0000002339362003", "identifiant_voie_ban": "59512_2530", "nom": "Rue Hélène Boucher", "nom_normalise": "R HELENE BOUCHER", "type_voie": "rue"}}, {"type": "Feature", "geometry": {"type": "MultiLineString", "coordinates": [[[3.164863, 50.6944465], [3.1651874, 50.6947216], [3.1652866, 50.6948157]], [[3.1653461, 50.694873], [3.1652866, 50.6948157]], [[3.1653461, 50.694873], [3.1659196, 50.6952743]], [[3.1670412, 50.6960525], [3.167163, 50.6961376]], [[3.1659196, 50.6952743], [3.1660188, 50.695345], [3.1664563, 50.6956486]], [[3.1664563, 50.6956486], [3.1664762, 50.6956621], [3.1668585, 50.6959254], [3.1670412, 50.6960525]], [[3.1675, 50.696383], [3.1676288, 50.6964412]], [[3.1676288, 50.6964412], [3.1679812, 50.6966292]], [[3.1704126, 50.6982581], [3.170549, 50.6984832], [3.1706981, 50.69871], [3.170799, 50.6988875], [3.1708233, 50.6989566]], [[3.1704126, 50.6982581], [3.1702365, 50.6979963], [3.1700931, 50.6977848], [3.1700094, 50.6976799], [3.1699469, 50.6976055], [3.169886, 50.6975473]], [[3.1679812, 50.6966292], [3.1679925, 50.6966345], [3.1681128, 50.6966927], [3.1682471, 50.6967248], [3.1684296, 50.6967748]], [[3.169886, 50.6975473], [3.1695376, 50.6972929], [3.1693577, 50.6971657], [3.1693053, 50.6971272], [3.1690985, 50.696983], [3.1689712, 50.6969275], [3.1688694, 50.6968963], [3.1687265, 50.696857], [3.1684296, 50.6967748]], [[3.167163, 50.6961376], [3.1673244, 50.6962496], [3.1674249, 50.696323]], [[3.1675, 50.696383], [3.1674249, 50.696323]]]}, "properties": {"cleabs": "VOIE_NOM0000002339362010", "identifiant_voie_ban": "59512_0640", "nom": "Rue de Blanchemaille", "nom_normalise": "R DE BLANCHEMAILLE", "type_voie": "rue"}}, {"type": "Feature", "geometry": {"type": "MultiLineString", "coordinates": [[[3.1879534, 50.6714843], [3.187792, 50.6713652]], [[3.1881304, 50.6716133], [3.1879534, 50.6714843]], [[3.1870078, 50.6719963], [3.1870269, 50.6718222], [3.1870734, 50.6717809], [3.187134, 50.6717646], [3.1872385, 50.6717573], [3.1873472, 50.6717544], [3.1874164, 50.6717445], [3.1874756, 50.6717246], [3.1879534, 50.6714843]], [[3.1864877, 50.6722663], [3.1865977, 50.6722303], [3.1866726, 50.6722266], [3.1869592, 50.672219], [3.1870001, 50.6721992], [3.1870078, 50.6719963]], [[3.1878719, 50.6723396], [3.187474, 50.6720468], [3.1874004, 50.6720155], [3.1873058, 50.6720058], [3.1871377, 50.6720006], [3.1870078, 50.6719963]]]}, "properties": {"cleabs": "VOIE_NOM0000002339362081", "identifiant_voie_ban": "59512_4733", "nom": "Allée Rembrandt", "nom_normalise": "ALL REMBRANDT", "type_voie": "allée"}}, {"type": "Feature", "geometry": {"type": "MultiLineString", "coordinates": [[[3.1828562, 50.7045766], [3.1826745, 50.704733], [3.1824716, 50.7048876], [3.182349, 50.7049811], [3.1823024, 50.7050045], [3.1822362, 50.7050575]], [[3.1821714, 50.705098], [3.1822362, 50.7050575]], [[3.1821714, 50.705098], [3.1817308, 50.7051911]], [[3.1817308, 50.7051911], [3.1808848, 50.7056975], [3.1808467, 50.7057173]], [[3.180023, 50.7061385], [3.1804238, 50.7059871]], [[3.1800716, 50.7055165], [3.1802314, 50.7055459], [3.1807831, 50.7056995], [3.1808467, 50.7057173]], [[3.1804238, 50.7059871], [3.1804407, 50.7059808], [3.1805946, 50.7059295], [3.1806778, 50.7059024], [3.1809797, 50.7057656], [3.1810051, 50.7057548], [3.1812478, 50.7056351], [3.1815707, 50.7054587], [3.1816116, 50.7054362], [3.1818471, 50.7053031], [3.1821714, 50.705098]], [[3.183713, 50.703555], [3.1837707, 50.7034715], [3.1839113, 50.7032873], [3.1839296, 50.7032595], [3.1840912, 50.7030295], [3.1843442, 50.7026693], [3.1844988, 50.7024412], [3.1847672, 50.7020352], [3.1849751, 50.7016939], [3.1851746, 50.7013966], [3.1852448, 50.7012807], [3.1852743, 50.7012178]], [[3.183713, 50.703555], [3.1835837, 50.7037437], [3.1834066, 50.7039916], [3.183211, 50.7042234], [3.183028, 50.7044067], [3.1829337, 50.7044993], [3.1828562, 50.7045766]]]}, "properties": {"cleabs": "VOIE_NOM0000002339362158", "identifiant_voie_ban": "59512_0730", "nom": "Quai de Bordeaux", "nom_normalise": "QU DE BORDEAUX", "type_voie": "quai"}}, {"type": "Feature", "geometry": {"type": "MultiLineString", "coordinates": [[[3.1940814, 50.6870245], [3.1939852, 50.6869843], [3.1937746, 50.6869397], [3.1937096, 50.6869264], [3.1937193, 50.6869012], [3.1936034, 50.6868673], [3.1936117, 50.6868152], [3.1935084, 50.6867813], [3.1935027, 50.6867652], [3.1931549, 50.6866805], [3.1930595, 50.6868574]]]}, "properties": {"cleabs": "VOIE_NOM0000002339362197", "identifiant_voie_ban": "59512_5z8ldn", "nom": "Cour Lecomte", "nom_normalise": "COUR LECOMTE", "type_voie": "cour"}}, {"type": "Feature", "geometry": {"type": "MultiLineString", "coordinates": [[[3.1835339, 50.6777654], [3.183548, 50.6777653], [3.1838064, 50.6777694], [3.1840833, 50.6777726]], [[3.1840833, 50.6777726], [3.1842245, 50.677776], [3.1843036, 50.6777822]], [[3.1843036, 50.6777822], [3.1844548, 50.6778017], [3.1847276, 50.6778596], [3.1853241, 50.6780095], [3.1854924, 50.6780478]], [[3.1819239, 50.6777812], [3.1826865, 50.6777702], [3.1835339, 50.6777654]], [[3.1812629, 50.677783], [3.1817121, 50.6777842], [3.1819239, 50.6777812]], [[3.1807037, 50.677783], [3.1809664, 50.6777817], [3.1811613, 50.6777823], [3.1812629, 50.677783]], [[3.1805102, 50.6777832], [3.1807037, 50.677783]], [[3.1797546, 50.6777852], [3.1801698, 50.6777873], [3.1805102, 50.6777832]], [[3.1768538, 50.6777975], [3.177115, 50.6777774], [3.1772336, 50.6777601]], [[3.178694, 50.6777984], [3.1786305, 50.6777931], [3.1785457, 50.6777816], [3.1785019, 50.6777763], [3.1784496, 50.6777683]], [[3.178543, 50.6774218], [3.1786309, 50.6775114], [3.178706, 50.6775911], [3.1787727, 50.6776879], [3.1788025, 50.6777166], [3.1788393, 50.6777426], [3.1788803, 50.6777668], [3.1789143, 50.6777811], [3.1789892, 50.6777953]], [[3.1787943, 50.6778055], [3.178694, 50.6777984]], [[3.1789892, 50.6777953], [3.1789341, 50.6778062], [3.1788635, 50.6778081], [3.1788056, 50.6778063], [3.1787943, 50.6778055]], [[3.1789892, 50.6777953], [3.1791304, 50.6777915], [3.1797546, 50.6777852]], [[3.1745278, 50.6778178], [3.1746747, 50.6778158], [3.1750051, 50.6778127], [3.1756633, 50.6778081], [3.1768538, 50.6777975]], [[3.1742286, 50.6778658], [3.1743189, 50.6778414], [3.1743753, 50.6778315], [3.1744403, 50.6778233], [3.1745278, 50.6778178]]]}, "properties": {"cleabs": "VOIE_NOM0000002339362292", "identifiant_voie_ban": "59512_3450", "nom": "Boulevard de Lyon", "nom_normalise": "BD DE LYON", "type_voie": "boulevard"}}, {"type": "Feature", "geometry": {"type": "MultiLineString", "coordinates": [[[3.2053232, 50.6850959], [3.2055552, 50.6848273], [3.2057759, 50.6845747], [3.2059896, 50.6843464], [3.206043, 50.6842755], [3.2060923, 50.6842332]], [[3.2052058, 50.685054], [3.2054448, 50.6847862], [3.2056557, 50.6845354], [3.2058918, 50.684256], [3.2058932, 50.6842551], [3.2059678, 50.6841751]], [[3.2044739, 50.686036], [3.2044851, 50.6860243], [3.2046159, 50.6858715], [3.2049281, 50.6855327], [3.2052346, 50.6851957], [3.2053232, 50.6850959]], [[3.2052058, 50.685054], [3.2051172, 50.6851537], [3.2048092, 50.6854898], [3.2044985, 50.6858296], [3.2043677, 50.6859814], [3.2043551, 50.6859985]], [[3.2036331, 50.6869949], [3.2036907, 50.6869301], [3.2038735, 50.6867252], [3.2042827, 50.6862606], [3.2044739, 50.686036]], [[3.2043551, 50.6859985], [3.2041639, 50.6862178], [3.2037561, 50.6866833], [3.2035733, 50.6868882], [3.20351, 50.6869556]], [[3.2041372, 50.6859271], [3.2037153, 50.6863845], [3.2035494, 50.6865696], [3.2031997, 50.6870665]], [[3.2036331, 50.6869949], [3.20351, 50.6869556]], [[3.20351, 50.6869556], [3.2033624, 50.68712]], [[3.2016037, 50.6892263], [3.2016132, 50.689124], [3.2020997, 50.6885597]], [[3.2022171, 50.6886025], [3.2017376, 50.6891597], [3.2016037, 50.6892263]], [[3.2026354, 50.6879495], [3.2023134, 50.6883143], [3.2021643, 50.6884833], [3.2020997, 50.6885597]], [[3.202757, 50.6879861], [3.2027528, 50.6879924], [3.2022832, 50.6885253], [3.2022171, 50.6886025]], [[3.202757, 50.6879861], [3.2026354, 50.6879495]], [[3.2030249, 50.6875055], [3.2029644, 50.6875756], [3.2026354, 50.6879495]], [[3.2033624, 50.68712], [3.2033553, 50.687129], [3.2030249, 50.6875055]], [[3.2031997, 50.6870665], [3.2033624, 50.68712]], [[3.202757, 50.6879861], [3.2030833, 50.6876194], [3.2034728, 50.6871719], [3.2036331, 50.6869949]]]}, "properties": {"cleabs": "VOIE_NOM0000002339362297", "identifiant_voie_ban": "59512_2925", "nom": "Avenue Jules Brame", "nom_normalise": "AV JULES BRAME", "type_voie": "avenue"}}, {"type": "Feature", "geometry": {"type": "MultiLineString", "coordinates": [[[3.1701377, 50.6726299], [3.1703918, 50.6726053], [3.170485, 50.6725855]]]}, "properties": {"cleabs": "VOIE_NOM0000002339362399", "identifiant_voie_ban": "59512_4155", "nom": "Allée des Ormes", "nom_normalise": "ALL DES ORMES", "type_voie": "allée"}}, {"type": "Feature", "geometry": {"type": "MultiLineString", "coordinates": [[[3.1538315, 50.691022], [3.1542361, 50.6907702], [3.1543179, 50.6907351], [3.1543575, 50.6907252], [3.1543857, 50.6907288]], [[3.1524933, 50.6918447], [3.1525794, 50.6917971], [3.1533619, 50.6913124], [3.1538315, 50.691022]]]}, "properties": {"cleabs": "VOIE_NOM0000002339362424", "identifiant_voie_ban": "59512_2040", "nom": "Rue Favreuil", "nom_normalise": "R FAVREUIL", "type_voie": "rue"}}, {"type": "Feature", "geometry": {"type": "MultiLineString", "coordinates": [[[3.1619495, 50.6917197], [3.161358, 50.6918362], [3.1613156, 50.6918363], [3.1612591, 50.691831]], [[3.1629491, 50.691547], [3.1625962, 50.691604]], [[3.1625962, 50.691604], [3.1622319, 50.6916637], [3.1619495, 50.6917197]]]}, "properties": {"cleabs": "VOIE_NOM0000002339362455", "identifiant_voie_ban": "59512_4210", "nom": "Rue du Parc", "nom_normalise": "R DU PARC", "type_voie": "rue"}}, {"type": "Feature", "geometry": {"type": "MultiLineString", "coordinates": [[[3.1711208, 50.6884428], [3.171163, 50.6883809]], [[3.1711208, 50.6884428], [3.1711717, 50.6884473], [3.1712086, 50.6884795], [3.1712384, 50.6885225], [3.1712484, 50.6885656], [3.1712189, 50.688606], [3.1711695, 50.6886285], [3.1711215, 50.6886403], [3.1710594, 50.6886592], [3.1710171, 50.6886682], [3.1709903, 50.688671], [3.1709478, 50.6886584], [3.1709209, 50.688628], [3.1708797, 50.6885697], [3.1708739, 50.6885293], [3.1708752, 50.6884988], [3.1709528, 50.6884494], [3.1710276, 50.6884313], [3.1710798, 50.6884303], [3.1711208, 50.6884428]]]}, "properties": {"cleabs": "VOIE_NOM0000002339362488", "identifiant_voie_ban": "59512_0663", "nom": "Place Bodart Timal", "nom_normalise": "PL BODART TIMAL", "type_voie": "place"}}, {"type": "Feature", "geometry": {"type": "MultiLineString", "coordinates": [[[3.1738094, 50.7032381], [3.173907, 50.7032631], [3.1742764, 50.703434], [3.1744066, 50.7034957]], [[3.1744066, 50.7034957], [3.1748496, 50.7037033]], [[3.1749827, 50.7037605], [3.1749671, 50.7037552], [3.1748496, 50.7037033]], [[3.1798771, 50.7056424], [3.1797045, 50.705596], [3.1788401, 50.7053065]], [[3.1782968, 50.7051252], [3.1779007, 50.7049929], [3.177646, 50.7049063], [3.1773362, 50.7047865], [3.1769582, 50.7046084], [3.1768407, 50.7045494]], [[3.1788401, 50.7053065], [3.1787722, 50.7052851], [3.1784525, 50.7051779], [3.1782968, 50.7051252]], [[3.1761487, 50.7042533], [3.176194, 50.7042721], [3.1768407, 50.7045494]], [[3.1752585, 50.703858], [3.1751906, 50.703832], [3.1749827, 50.7037605]], [[3.1752585, 50.703858], [3.1754128, 50.7039188], [3.1754722, 50.7039456], [3.1761487, 50.7042533]]]}, "properties": {"cleabs": "VOIE_NOM0000002339362577", "identifiant_voie_ban": "59512_4830", "nom": "Rue Rollin", "nom_normalise": "R ROLLIN", "type_voie": "rue"}}, {"type": "Feature", "geometry": {"type": "MultiLineString", "coordinates": [[[3.1739633, 50.6889468], [3.1740482, 50.6889709], [3.1743309, 50.6890297], [3.1751056, 50.689183], [3.1751197, 50.6891857]], [[3.1751197, 50.6891857], [3.1761558, 50.6893807], [3.1771962, 50.6895856], [3.1772514, 50.6895963], [3.1772924, 50.6896017]]]}, "properties": {"cleabs": "VOIE_NOM0000002339362616", "identifiant_voie_ban": "59512_4590", "nom": "Rue de la Poste", "nom_normalise": "R DE LA POSTE", "type_voie": "rue"}}, {"type": "Feature", "geometry": {"type": "MultiLineString", "coordinates": [[[3.1908498, 50.6737476], [3.191112, 50.6736188], [3.1916715, 50.6733138], [3.1918167, 50.6732417], [3.1919745, 50.6731625]], [[3.1908498, 50.6737476], [3.1905975, 50.6738781], [3.1901254, 50.6741211], [3.1900225, 50.6741724]], [[3.1883212, 50.6750463], [3.18799, 50.6752272], [3.1874855, 50.6755035], [3.1869161, 50.675822], [3.1867935, 50.6758805]], [[3.1900225, 50.6741724], [3.189835, 50.674266], [3.1895081, 50.6744451], [3.1891726, 50.6746179]], [[3.1891726, 50.6746179], [3.1891078, 50.6746458], [3.1889358, 50.6747331], [3.1883734, 50.6750229], [3.1883212, 50.6750463]]]}, "properties": {"cleabs": "VOIE_NOM0000002339362699", "identifiant_voie_ban": "59512_2880", "nom": "Rue Jean Macé", "nom_normalise": "R JEAN MACE", "type_voie": "rue"}}, {"type": "Feature", "geometry": {"type": "MultiLineString", "coordinates": [[[3.1787976, 50.6779311], [3.178694, 50.6777984]], [[3.1787976, 50.6779311], [3.1787943, 50.6778055]], [[3.1805878, 50.6801118], [3.180402, 50.6798895], [3.1800543, 50.6794243]], [[3.1793847, 50.678614], [3.1790613, 50.6782125], [3.1788656, 50.6780001], [3.1788472, 50.6779795], [3.1787976, 50.6779311]], [[3.1793847, 50.678614], [3.1796869, 50.6789842], [3.1799379, 50.6792836], [3.1800543, 50.6794243]]]}, "properties": {"cleabs": "VOIE_NOM0000002339362749", "identifiant_voie_ban": "59512_3116", "nom": "Rue la Rochefoucauld", "nom_normalise": "R LA ROCHEFOUCAULD", "type_voie": "rue"}}, {"type": "Feature", "geometry": {"type": "MultiLineString", "coordinates": [[[3.1569737, 50.6961473], [3.1575757, 50.6966168]], [[3.1575757, 50.6966168], [3.1575884, 50.6966266], [3.1579312, 50.6968999], [3.1579538, 50.6969214]]]}, "properties": {"cleabs": "VOIE_NOM0000002339362867", "identifiant_voie_ban": "59512_2340", "nom": "Rue de Gênes", "nom_normalise": "R DE GENES", "type_voie": "rue"}}, {"type": "Feature", "geometry": {"type": "MultiLineString", "coordinates": [[[3.1885608, 50.6907014], [3.1870187, 50.690072]]]}, "properties": {"cleabs": "VOIE_NOM0000002339362926", "identifiant_voie_ban": "59512_gfbioc", "nom": "Cité Flipo", "nom_normalise": "CITE FLIPO", "type_voie": "cité"}}, {"type": "Feature", "geometry": {"type": "MultiLineString", "coordinates": [[[3.1806844, 50.677932], [3.180782, 50.6779659], [3.1808614, 50.6780555], [3.1811889, 50.6783961], [3.1814639, 50.67869], [3.1818057, 50.6790601], [3.1822295, 50.6794857]]]}, "properties": {"cleabs": "VOIE_NOM0000002339363044", "identifiant_voie_ban": "59512_4290", "nom": "Rue Paul Demulder", "nom_normalise": "R PAUL DEMULDER", "type_voie": "rue"}}, {"type": "Feature", "geometry": {"type": "MultiLineString", "coordinates": [[[3.1970587, 50.6732434], [3.1970744, 50.6732945], [3.1970845, 50.673343], [3.1971016, 50.673386], [3.1971272, 50.6734237], [3.1971626, 50.6734523], [3.1971994, 50.6734756], [3.1972461, 50.6734944]], [[3.1980032, 50.6717612], [3.1979216, 50.6718376], [3.1978386, 50.6719123], [3.1977598, 50.6719896], [3.1976684, 50.6720812], [3.1976164, 50.6721388], [3.197563, 50.6722079], [3.1975068, 50.6722816], [3.197428, 50.6723697], [3.1972863, 50.6726086], [3.1971476, 50.6728798], [3.1971168, 50.6729562], [3.1970931, 50.6730325], [3.1970583, 50.6731555], [3.19706, 50.6732147], [3.1970587, 50.6732434]], [[3.1981646, 50.6718651], [3.197917, 50.6720997], [3.1978551, 50.6721662], [3.1977961, 50.6722345], [3.197737, 50.6723064], [3.1976809, 50.6723809], [3.1976247, 50.6724582], [3.197525, 50.6726145], [3.1974801, 50.6726918], [3.1973234, 50.6730474], [3.1973124, 50.6731165], [3.1972961, 50.6733041], [3.1973121, 50.6734054], [3.1973009, 50.6734342], [3.1972882, 50.6734494], [3.1972461, 50.6734944]], [[3.19871, 50.6712441], [3.1986507, 50.6712281], [3.198607, 50.6712425], [3.1985745, 50.671256], [3.19849, 50.6713154], [3.1984394, 50.6713585], [3.1983803, 50.6714125], [3.198317, 50.67147], [3.1982536, 50.6715284], [3.1981917, 50.6715868], [3.1981312, 50.6716426], [3.1980736, 50.6716956], [3.1980032, 50.6717612]], [[3.19871, 50.6712441], [3.1987456, 50.6712979], [3.1987386, 50.6713177], [3.198726, 50.6713392], [3.1987133, 50.6713581], [3.1986936, 50.6713788], [3.1986458, 50.6714228], [3.198408, 50.6716368], [3.1983869, 50.6716556], [3.1983658, 50.6716763], [3.1983348, 50.6717033], [3.1981646, 50.6718651]]]}, "properties": {"cleabs": "VOIE_NOM0000002339363111", "identifiant_voie_ban": "59512_4607", "nom": "Avenue du Président Coty", "nom_normalise": "AV DU PRESIDENT COTY", "type_voie": "avenue"}}, {"type": "Feature", "geometry": {"type": "MultiLineString", "coordinates": [[[3.2069982, 50.6905159], [3.2071316, 50.6906539]]]}, "properties": {"cleabs": "VOIE_NOM0000002339363142", "identifiant_voie_ban": "59512_w3lajk", "nom": "Rangée Coulon", "nom_normalise": "RANGEE COULON", "type_voie": ""}}, {"type": "Feature", "geometry": {"type": "MultiLineString", "coordinates": [[[3.1810844, 50.683495], [3.1811142, 50.6835264], [3.1816104, 50.6840471]]]}, "properties": {"cleabs": "VOIE_NOM0000002339363185", "identifiant_voie_ban": "59512_3471", "nom": "Cite ma Campagne", "nom_normalise": "CITE MA CAMPAGNE", "type_voie": "cité"}}, {"type": "Feature", "geometry": {"type": "MultiLineString", "coordinates": [[[3.1747203, 50.6750895], [3.1744678, 50.6751724], [3.1741828, 50.6752733], [3.174101, 50.6753058], [3.1740066, 50.6753544], [3.173712, 50.6755073], [3.1735837, 50.6755865], [3.1735288, 50.675618], [3.1734752, 50.6756369], [3.1734145, 50.6756477], [3.1733509, 50.6756397], [3.1732915, 50.6756138], [3.1732462, 50.6755798], [3.1732079, 50.6755367], [3.1731823, 50.6754991], [3.173154, 50.675457], [3.1731595, 50.6754166], [3.1731749, 50.675378], [3.1731677, 50.675343], [3.1731449, 50.6752954], [3.1730868, 50.6752201], [3.1729336, 50.6750346], [3.1728158, 50.6748634]]]}, "properties": {"cleabs": "VOIE_NOM0000002339363379", "identifiant_voie_ban": "59512_5530", "nom": "Allée Van Gogh", "nom_normalise": "ALL VAN GOGH", "type_voie": "allée"}}, {"type": "Feature", "geometry": {"type": "MultiLineString", "coordinates": [[[3.1623732, 50.6925645], [3.1619495, 50.6917197]]]}, "properties": {"cleabs": "VOIE_NOM0000002339363381", "identifiant_voie_ban": "59512_3280", "nom": "Rue du Lieutenant Castelain", "nom_normalise": "R DU LIEUTENANT CASTELAIN", "type_voie": "rue"}}, {"type": "Feature", "geometry": {"type": "MultiLineString", "coordinates": [[[3.1599296, 50.68912], [3.1606572, 50.688726]]]}, "properties": {"cleabs": "VOIE_NOM0000002339363407", "identifiant_voie_ban": "59512_dj49q9", "nom": "Cour Govaere", "nom_normalise": "COUR GOVAERE", "type_voie": "cour"}}, {"type": "Feature", "geometry": {"type": "MultiLineString", "coordinates": [[[3.1871101, 50.6956363], [3.187185, 50.6956443], [3.1872457, 50.6956478], [3.187322, 50.6956485], [3.1874025, 50.6956287], [3.1875013, 50.6955908]], [[3.1875013, 50.6955908], [3.187648, 50.695544], [3.187727, 50.695516], [3.1877608, 50.6954944], [3.1878002, 50.6954387], [3.1879812, 50.6951154], [3.1881904, 50.6947571], [3.1882718, 50.6946134], [3.1883152, 50.69452]]]}, "properties": {"cleabs": "VOIE_NOM0000002339363433", "identifiant_voie_ban": "59512_1770", "nom": "Rue du Duc", "nom_normalise": "R DU DUC", "type_voie": "rue"}}, {"type": "Feature", "geometry": {"type": "MultiLineString", "coordinates": [[[3.1768392, 50.6780784], [3.1768547, 50.6780451], [3.1768954, 50.6779787], [3.1769136, 50.6779356], [3.1769049, 50.6778809], [3.1768893, 50.6778549], [3.1768694, 50.6778298], [3.1768538, 50.6777975]], [[3.1768392, 50.6780784], [3.1769364, 50.6779894], [3.1769885, 50.6779453], [3.1770576, 50.6779112], [3.1771267, 50.6778796], [3.1771845, 50.6778535], [3.1772324, 50.6778319], [3.1772917, 50.6778139]], [[3.1766441, 50.6784223], [3.1766765, 50.6783765], [3.1766961, 50.6783343], [3.1767649, 50.6782212], [3.1768392, 50.6780784]], [[3.1760911, 50.6822199], [3.1757707, 50.6818731], [3.1756771, 50.68177], [3.1755907, 50.6816795], [3.1755707, 50.6816409], [3.175454, 50.6813818], [3.1753159, 50.6810481]], [[3.1750094, 50.6802445], [3.1750065, 50.680232], [3.1749977, 50.6801297], [3.1749989, 50.6800606], [3.1750029, 50.680004], [3.175032, 50.6798487], [3.1750361, 50.6798191], [3.175085, 50.6796539], [3.1751228, 50.6795651], [3.1753, 50.6793414], [3.17539, 50.6792318], [3.1754125, 50.6792102]], [[3.1753159, 50.6810481], [3.1750737, 50.6804571], [3.1750566, 50.6804167], [3.1750195, 50.6803064], [3.1750094, 50.6802445]], [[3.1756125, 50.6790403], [3.1756463, 50.679016], [3.1757069, 50.6789747], [3.1761396, 50.6787327], [3.1765342, 50.6784907], [3.1766286, 50.678426], [3.1766441, 50.6784223]], [[3.1754125, 50.6792102], [3.1754998, 50.6791221], [3.1756125, 50.6790403]]]}, "properties": {"cleabs": "VOIE_NOM0000002339363456", "identifiant_voie_ban": "59512_0510", "nom": "Rue de Beaumont", "nom_normalise": "R DE BEAUMONT", "type_voie": "rue"}}, {"type": "Feature", "geometry": {"type": "MultiLineString", "coordinates": [[[3.1814745, 50.6905854], [3.1813574, 50.6906268], [3.1813164, 50.6906332], [3.1812825, 50.6906243], [3.1811255, 50.6905608], [3.1810887, 50.6905555], [3.181052, 50.6905627], [3.1809689, 50.6906202]], [[3.182316, 50.6908489], [3.1819028, 50.6906539]], [[3.182316, 50.6908489], [3.1828281, 50.6910509], [3.1834294, 50.6913085], [3.1841722, 50.6916215], [3.1846476, 50.6918209], [3.1847862, 50.6918584], [3.1848258, 50.6918547], [3.1848639, 50.691843], [3.1849315, 50.6917899], [3.1849498, 50.691772], [3.184961, 50.6917612]]]}, "properties": {"cleabs": "VOIE_NOM0000002339363526", "identifiant_voie_ban": "59512_2960", "nom": "Rue Jules Watteeuw", "nom_normalise": "R JULES WATTEEUW", "type_voie": "rue"}}, {"type": "Feature", "geometry": {"type": "MultiLineString", "coordinates": [[[3.1913916, 50.6821228], [3.1911037, 50.681819], [3.1909888, 50.6816954], [3.1909704, 50.6816783], [3.1909379, 50.6816703], [3.1909054, 50.6816668], [3.1908291, 50.6816732], [3.1906089, 50.6816915], [3.1902856, 50.6817305]], [[3.192546, 50.6833495], [3.1924355, 50.6832689], [3.192278, 50.6830807], [3.1919957, 50.6827644], [3.1917121, 50.6824615], [3.1913916, 50.6821228]]]}, "properties": {"cleabs": "VOIE_NOM0000002339363537", "identifiant_voie_ban": "59512_1220", "nom": "Rue du Chevalier Roland", "nom_normalise": "R DU CHEVALIER ROLAND", "type_voie": "rue"}}, {"type": "Feature", "geometry": {"type": "MultiLineString", "coordinates": [[[3.1716132, 50.6977576], [3.1715074, 50.6977855], [3.1714438, 50.6978053], [3.1710799, 50.6979647], [3.1704126, 50.6982581]], [[3.1691417, 50.6988898], [3.1692248, 50.698826], [3.1693094, 50.6987621], [3.1693855, 50.6987118], [3.1695421, 50.6986443], [3.169655, 50.6985939], [3.1698412, 50.6985102], [3.1700698, 50.6984093], [3.1704126, 50.6982581]], [[3.1675397, 50.7006543], [3.1676131, 50.7006148], [3.1677904, 50.7004036], [3.1681085, 50.7000281]], [[3.1689234, 50.699109], [3.168998, 50.6990165], [3.1691417, 50.6988898]], [[3.1681085, 50.7000281], [3.1685842, 50.6994945], [3.1689234, 50.699109]]]}, "properties": {"cleabs": "VOIE_NOM0000002339363617", "identifiant_voie_ban": "59512_0270", "nom": "Rue Archimède", "nom_normalise": "R ARCHIMEDE", "type_voie": "rue"}}, {"type": "Feature", "geometry": {"type": "MultiLineString", "coordinates": [[[3.1686439, 50.6873981], [3.1685573, 50.6872861], [3.1682212, 50.6868782], [3.1681432, 50.6867832]], [[3.1681432, 50.6867832], [3.1677138, 50.6863755], [3.1674388, 50.6860923]], [[3.1674388, 50.6860923], [3.1674303, 50.686086], [3.1664228, 50.6851137], [3.1663901, 50.6850653], [3.1663816, 50.6850429], [3.1663801, 50.6850196], [3.1663829, 50.6849971], [3.1663996, 50.6849433]], [[3.1689716, 50.6878194], [3.1686439, 50.6873981]], [[3.1689716, 50.6878194], [3.16899, 50.6878418], [3.1694016, 50.6884048]], [[3.1694016, 50.6884048], [3.1694158, 50.6884245], [3.1697777, 50.6889364], [3.1699182, 50.6891328]], [[3.1699182, 50.6891328], [3.1699296, 50.6891489], [3.1701254, 50.6894187]]]}, "properties": {"cleabs": "VOIE_NOM0000002339363640", "identifiant_voie_ban": "59512_5240", "nom": "Rue de Soubise", "nom_normalise": "R DE SOUBISE", "type_voie": "rue"}}, {"type": "Feature", "geometry": {"type": "MultiLineString", "coordinates": [[[3.1967306, 50.6875426], [3.1969854, 50.687308], [3.197243, 50.6870985]], [[3.1967306, 50.6875426], [3.1966476, 50.6876181], [3.1963267, 50.6879165]], [[3.1963267, 50.6879165], [3.1962675, 50.687966], [3.1961409, 50.6881008], [3.1961212, 50.6881214]]]}, "properties": {"cleabs": "VOIE_NOM0000002339363657", "identifiant_voie_ban": "59512_3000", "nom": "Rue Kléber", "nom_normalise": "R KLEBER", "type_voie": "rue"}}, {"type": "Feature", "geometry": {"type": "MultiLineString", "coordinates": [[[3.1613603, 50.686427], [3.1616213, 50.6863118], [3.1617948, 50.6862335]], [[3.1608385, 50.686661], [3.1613603, 50.686427]], [[3.1583998, 50.6878181], [3.1584844, 50.687774], [3.158641, 50.6877011], [3.1595535, 50.6872486]], [[3.1604675, 50.6868266], [3.1608385, 50.686661]], [[3.1595535, 50.6872486], [3.1604675, 50.6868266]]]}, "properties": {"cleabs": "VOIE_NOM0000002339363690", "identifiant_voie_ban": "59512_5700", "nom": "Rue Watt", "nom_normalise": "R WATT", "type_voie": "rue"}}, {"type": "Feature", "geometry": {"type": "MultiLineString", "coordinates": [[[3.1757041, 50.7007696], [3.1756139, 50.7008191], [3.1755421, 50.7008955], [3.1754788, 50.7009942], [3.1754187, 50.7011702], [3.175385, 50.7012376]], [[3.175385, 50.7012376], [3.1753443, 50.7012968], [3.1752795, 50.7013606]], [[3.1752795, 50.7013606], [3.174819, 50.7018109]], [[3.1735099, 50.7044733], [3.1731488, 50.7046658], [3.1724747, 50.7050419], [3.172029, 50.7052812], [3.1719515, 50.7053378], [3.1718726, 50.7054124], [3.1717784, 50.705548], [3.1716885, 50.7057267], [3.1716113, 50.7058794]], [[3.1737359, 50.7036178], [3.1736983, 50.7038009], [3.1736245, 50.7040927]], [[3.1736245, 50.7040927], [3.1735408, 50.7044266], [3.1735099, 50.7044733]], [[3.1737359, 50.7036178], [3.1737998, 50.7033108], [3.1738094, 50.7032381]], [[3.1744487, 50.7021981], [3.1744825, 50.7021622], [3.174819, 50.7018109]], [[3.1738094, 50.7032381], [3.1738232, 50.7031313], [3.1738522, 50.7029339], [3.1738661, 50.7028773], [3.1738969, 50.7028019], [3.173994, 50.7026824], [3.1744487, 50.7021981]]]}, "properties": {"cleabs": "VOIE_NOM0000002339363923", "identifiant_voie_ban": "59512_5470", "nom": "Rue Turgot", "nom_normalise": "R TURGOT", "type_voie": "rue"}}, {"type": "Feature", "geometry": {"type": "MultiLineString", "coordinates": [[[3.1521877, 50.6884118], [3.1518603, 50.6885406], [3.1515922, 50.6886342]]]}, "properties": {"cleabs": "VOIE_NOM0000002339364016", "identifiant_voie_ban": "59512_2838", "nom": "Impasse Jean de Markries", "nom_normalise": "IMP JEAN DE MARKRIES", "type_voie": "impasse"}}, {"type": "Feature", "geometry": {"type": "MultiLineString", "coordinates": [[[3.1959062, 50.6880294], [3.1960919, 50.687846]]]}, "properties": {"cleabs": "VOIE_NOM0000002339364038", "identifiant_voie_ban": "59512_n3ahih", "nom": "Cour Thesse", "nom_normalise": "COUR THESSE", "type_voie": "cour"}}, {"type": "Feature", "geometry": {"type": "MultiLineString", "coordinates": [[[3.1863221, 50.6873684], [3.1860701, 50.6875895], [3.1855548, 50.6880488], [3.1852774, 50.6882861]]]}, "properties": {"cleabs": "VOIE_NOM0000002339364135", "identifiant_voie_ban": "59512_4970", "nom": "Rue Saint-Eleuthère", "nom_normalise": "R SAINT-ELEUTHERE", "type_voie": "rue"}}, {"type": "Feature", "geometry": {"type": "MultiLineString", "coordinates": [[[3.170216, 50.6936362], [3.1709051, 50.6943558], [3.17101, 50.6944651]]]}, "properties": {"cleabs": "VOIE_NOM0000002339364260", "identifiant_voie_ban": "59512_3290", "nom": "Rue des Lignes", "nom_normalise": "R DES LIGNES", "type_voie": "rue"}}, {"type": "Feature", "geometry": {"type": "MultiLineString", "coordinates": [[[3.1748389, 50.6831863], [3.1745899, 50.6834972], [3.174514, 50.683596]], [[3.1746738, 50.6840624], [3.1745945, 50.6839997], [3.1744274, 50.6838671], [3.1743976, 50.6838447], [3.1743834, 50.6838205], [3.1743777, 50.6837981], [3.1743847, 50.683772], [3.1744128, 50.6837262], [3.1745013, 50.6836103], [3.174514, 50.683596]], [[3.17529, 50.6845497], [3.175365, 50.6846097], [3.1759075, 50.6850343]], [[3.1746738, 50.6840624], [3.1748438, 50.6841958]], [[3.1748438, 50.6841958], [3.1748834, 50.6842281], [3.1750832, 50.6843857], [3.17529, 50.6845497]]]}, "properties": {"cleabs": "VOIE_NOM0000002339364301", "identifiant_voie_ban": "59512_1300", "nom": "Rue Coligny", "nom_normalise": "R COLIGNY", "type_voie": "rue"}}, {"type": "Feature", "geometry": {"type": "MultiLineString", "coordinates": [[[3.1790259, 50.7062951], [3.1790527, 50.7062888], [3.1791191, 50.706278], [3.1791954, 50.7062662], [3.1792674, 50.706258], [3.1793324, 50.7062525], [3.1793917, 50.706248], [3.1794369, 50.7062371], [3.1794877, 50.7062029]], [[3.1763732, 50.706604], [3.1764368, 50.7066021], [3.1766077, 50.7065956], [3.1767843, 50.7065873], [3.1769638, 50.7065772], [3.1771376, 50.706567], [3.1773099, 50.7065542], [3.1774794, 50.7065387], [3.1776447, 50.7065224], [3.1778057, 50.7065042], [3.1779569, 50.7064851], [3.1781009, 50.7064661], [3.1782394, 50.7064461], [3.1783735, 50.7064235], [3.1785006, 50.7064], [3.1786235, 50.7063774], [3.1787407, 50.7063548], [3.1788508, 50.7063322], [3.1789553, 50.7063096], [3.1790259, 50.7062951]], [[3.178645, 50.7064635], [3.1781506, 50.7065306], [3.1781238, 50.7065351], [3.1781012, 50.7065405], [3.1780828, 50.7065442], [3.1780588, 50.7065469], [3.1780136, 50.7065541], [3.1779473, 50.7065632], [3.1778682, 50.7065732], [3.1777891, 50.7065823], [3.1776916, 50.7065932], [3.1775772, 50.7066059], [3.1774613, 50.7066168], [3.1773455, 50.7066269], [3.1772212, 50.7066369], [3.1770884, 50.7066452], [3.1769541, 50.7066526], [3.1768199, 50.7066599], [3.1766843, 50.7066673], [3.176543, 50.7066738], [3.1763975, 50.7066803], [3.1762491, 50.7066859], [3.1760993, 50.7066906], [3.1759482, 50.7066935], [3.1758012, 50.7066946], [3.1756556, 50.7066939], [3.1755087, 50.7066923], [3.1753716, 50.7066961]], [[3.1744964, 50.7065439], [3.1748003, 50.7065811], [3.1751551, 50.7066147], [3.1755099, 50.7066384], [3.1756908, 50.706649], [3.175876, 50.7066559], [3.1760653, 50.7066574], [3.1762617, 50.7066535], [3.1764609, 50.7066443], [3.1766616, 50.7066332], [3.176793, 50.706625], [3.1768594, 50.7066231], [3.1769554, 50.7066167], [3.1770572, 50.7066129], [3.1771207, 50.7066074], [3.177255, 50.7066001], [3.1774556, 50.7065845], [3.1776562, 50.7065645], [3.1778567, 50.7065418], [3.1780559, 50.7065155], [3.178625, 50.7064213]], [[3.1703162, 50.7056523], [3.1704293, 50.7056692], [3.1705056, 50.7056808], [3.170879, 50.7057763], [3.170995, 50.7057986], [3.1711732, 50.7058432], [3.1714363, 50.70592], [3.1716286, 50.7059637], [3.1718266, 50.7060092], [3.1718633, 50.7060172], [3.1720642, 50.7060645], [3.1721363, 50.7060814], [3.1722975, 50.7061252], [3.1723626, 50.7061448], [3.1724574, 50.7061878], [3.1725112, 50.7062021], [3.1725635, 50.7062145], [3.1726144, 50.7062279], [3.1726682, 50.7062413], [3.1727262, 50.7062556], [3.1727841, 50.7062708], [3.172845, 50.7062859], [3.1729072, 50.7063002], [3.172968, 50.7063154], [3.173026, 50.7063297], [3.1730797, 50.7063421], [3.173125, 50.7063528], [3.1731618, 50.7063627], [3.1732056, 50.7063752], [3.1732452, 50.7063841], [3.1732693, 50.7063903], [3.1733202, 50.7064028], [3.1733485, 50.70641], [3.1733838, 50.7064189], [3.173422, 50.7064287], [3.1734602, 50.7064376], [3.1734998, 50.7064474], [3.1735408, 50.7064573], [3.1735804, 50.7064653], [3.1736172, 50.7064742], [3.1736539, 50.7064822], [3.1737331, 50.7064974], [3.1737642, 50.7065036], [3.1738151, 50.7065143], [3.1738392, 50.7065188], [3.173866, 50.7065241], [3.1738972, 50.7065285], [3.1739325, 50.7065357], [3.1739679, 50.7065419], [3.173999, 50.7065472], [3.1740598, 50.706557], [3.1740923, 50.7065624], [3.1741531, 50.7065722], [3.1742195, 50.7065819], [3.1742775, 50.7065908], [3.1743425, 50.7066006], [3.1743835, 50.7066059], [3.1744316, 50.706613], [3.1744839, 50.706621], [3.174498, 50.7066219], [3.174925, 50.7066671], [3.1752303, 50.7066864], [3.1753716, 50.7066961]], [[3.172204, 50.7060311], [3.1723553, 50.7060722], [3.1725109, 50.7061141], [3.172665, 50.7061534], [3.1728135, 50.7061909], [3.1729564, 50.7062275], [3.1730978, 50.7062623], [3.1732421, 50.7062979], [3.1733948, 50.7063354], [3.1735561, 50.7063747], [3.1737244, 50.7064148]], [[3.1737244, 50.7064148], [3.1738969, 50.7064505], [3.1740736, 50.7064825], [3.1741712, 50.7064977]], [[3.1741712, 50.7064977], [3.1742532, 50.706511], [3.1744342, 50.7065359], [3.1744964, 50.7065439]], [[3.1701931, 50.7056202], [3.1702059, 50.7056238], [3.1702921, 50.7056461], [3.1703162, 50.7056523]], [[3.1716113, 50.7058794], [3.1717556, 50.7059168], [3.172054, 50.7059927], [3.172204, 50.7060311]]]}, "properties": {"cleabs": "VOIE_NOM0000002339364338", "identifiant_voie_ban": "59512_2280", "nom": "Quai de Gand", "nom_normalise": "QU DE GAND", "type_voie": "quai"}}, {"type": "Feature", "geometry": {"type": "MultiLineString", "coordinates": [[[3.1848172, 50.6738168], [3.184861, 50.6738087], [3.184909, 50.6738059], [3.1849613, 50.6738175], [3.1849839, 50.6738327]], [[3.1846952, 50.6740368], [3.1846682, 50.6739992], [3.184668, 50.6739427], [3.1847059, 50.6738879], [3.1847651, 50.673842], [3.1848172, 50.6738168]], [[3.1849839, 50.6738327], [3.1850108, 50.6738515], [3.1850209, 50.6739], [3.1849929, 50.6739682], [3.1849436, 50.6740158], [3.1848746, 50.6740464]], [[3.1848746, 50.6740464], [3.184804, 50.6740591], [3.1847503, 50.6740592], [3.1846952, 50.6740368]]]}, "properties": {"cleabs": "VOIE_NOM0000002339364362", "identifiant_voie_ban": "59512_1100", "nom": "Place Charles Louis Spriet", "nom_normalise": "PL CHARLES LOUIS SPRIET", "type_voie": "place"}}, {"type": "Feature", "geometry": {"type": "MultiLineString", "coordinates": [[[3.1773808, 50.6750777], [3.177749, 50.6753616]], [[3.1766982, 50.6745178], [3.1769163, 50.6746871], [3.1773624, 50.6750634], [3.1773808, 50.6750777]], [[3.1766982, 50.6745178], [3.1765239, 50.6743529], [3.1763214, 50.6741872], [3.1760268, 50.6739453], [3.1758554, 50.6738047], [3.1758342, 50.6737859]], [[3.177749, 50.6753616], [3.1780083, 50.6755865], [3.1786414, 50.6761177], [3.1787208, 50.6761903]]]}, "properties": {"cleabs": "VOIE_NOM0000002339364398", "identifiant_voie_ban": "59512_4530", "nom": "Rue Pigouche", "nom_normalise": "R PIGOUCHE", "type_voie": "rue"}}, {"type": "Feature", "geometry": {"type": "MultiLineString", "coordinates": [[[3.1819954, 50.6975023], [3.1817578, 50.69743], [3.1816262, 50.697379]], [[3.1816262, 50.697379], [3.1809273, 50.6971108], [3.1806019, 50.6969767]], [[3.1806019, 50.6969767], [3.1803727, 50.6968837]], [[3.1803727, 50.6968837], [3.1802411, 50.6968301], [3.1801887, 50.6968086]], [[3.1801887, 50.6968086], [3.1801505, 50.6967943], [3.1800515, 50.6967549]], [[3.1800515, 50.6967549], [3.1794926, 50.696535], [3.1793837, 50.6964903], [3.1792493, 50.696451], [3.1788915, 50.6963555], [3.1783881, 50.6962351]]]}, "properties": {"cleabs": "VOIE_NOM0000002339364404", "identifiant_voie_ban": "59512_4180", "nom": "Rue de la Paix", "nom_normalise": "R DE LA PAIX", "type_voie": "rue"}}, {"type": "Feature", "geometry": {"type": "MultiLineString", "coordinates": [[[3.1846239, 50.6922902], [3.1847294, 50.6921626], [3.1848335, 50.6920422], [3.1849025, 50.691973], [3.1849377, 50.6919398], [3.1849405, 50.6919371], [3.1849504, 50.6919281], [3.1849616, 50.6919155], [3.1850559, 50.6918283], [3.1850742, 50.6918086]], [[3.1857841, 50.691244], [3.185566, 50.6914606], [3.1853788, 50.6916493], [3.1851747, 50.6918506], [3.1851691, 50.691856], [3.1851648, 50.6918578], [3.1851479, 50.691874], [3.1850692, 50.6919791], [3.1850214, 50.6920267], [3.184975, 50.692095], [3.1848934, 50.6921965], [3.1847823, 50.692316]], [[3.186534, 50.6904128], [3.1866893, 50.6903794]], [[3.1857841, 50.691244], [3.1860882, 50.6909465], [3.1864444, 50.6906292], [3.1865979, 50.6905042], [3.1866893, 50.6903794]], [[3.1850742, 50.6918086], [3.185291, 50.6916054], [3.1854895, 50.6914167], [3.1856936, 50.6912046], [3.1857203, 50.6911786], [3.1860089, 50.6909107], [3.1863411, 50.6905854], [3.1864593, 50.6904587], [3.186534, 50.6904128]], [[3.1870187, 50.690072], [3.1873201, 50.6898203]], [[3.1866893, 50.6903794], [3.1867513, 50.6903317], [3.1870187, 50.690072]], [[3.1878774, 50.6892631], [3.1874355, 50.6897025], [3.1873201, 50.6898203]], [[3.1878774, 50.6892631], [3.1884559, 50.6887175], [3.18847, 50.6887049]], [[3.1889077, 50.688269], [3.1888246, 50.6883526], [3.18847, 50.6887049]], [[3.1893608, 50.6878205], [3.1889077, 50.688269]], [[3.1903771, 50.686857], [3.1899436, 50.6872803], [3.1893608, 50.6878205]], [[3.1931986, 50.684105], [3.19349, 50.6838317], [3.1937348, 50.6835917]], [[3.1920658, 50.6852114], [3.1920898, 50.685188], [3.1925176, 50.6847763], [3.192647, 50.6846469]], [[3.192647, 50.6846469], [3.192989, 50.6843045], [3.1931986, 50.684105]], [[3.1917084, 50.6855682], [3.1917155, 50.685561], [3.1920658, 50.6852114]], [[3.1915269, 50.6857443], [3.1915944, 50.6856814], [3.1917084, 50.6855682]], [[3.1913059, 50.6859547], [3.1915269, 50.6857443]], [[3.1913059, 50.6859547], [3.1911905, 50.6860652], [3.1908218, 50.6864319], [3.1907205, 50.6865272]], [[3.1907205, 50.6865272], [3.1904573, 50.6867788], [3.1903771, 50.686857]], [[3.1937348, 50.6835917], [3.1939093, 50.6834228], [3.1940796, 50.6832529]], [[3.1940796, 50.6832529], [3.1943976, 50.682941], [3.1944749, 50.6828637]], [[3.1944749, 50.6828637], [3.194852, 50.6824934], [3.1950237, 50.6823307]]]}, "properties": {"cleabs": "VOIE_NOM0000002339364445", "identifiant_voie_ban": "59512_4480", "nom": "Rue Pierre de Roubaix", "nom_normalise": "R PIERRE DE ROUBAIX", "type_voie": "rue"}}, {"type": "Feature", "geometry": {"type": "MultiLineString", "coordinates": [[[3.1767729, 50.6844883], [3.1766938, 50.6845001], [3.176612, 50.6845451], [3.175992, 50.6849686], [3.1759075, 50.6850343]], [[3.1759075, 50.6850343], [3.1755623, 50.6852806], [3.175296, 50.6854605]], [[3.175296, 50.6854605], [3.1746449, 50.6859002], [3.1743237, 50.6861358]], [[3.1743237, 50.6861358], [3.1741842, 50.6862383], [3.1739587, 50.686392], [3.1738812, 50.6864352]], [[3.1738812, 50.6864352], [3.1737192, 50.6865593]], [[3.1737192, 50.6865593], [3.1735994, 50.6866411]], [[3.1735994, 50.6866411], [3.1735472, 50.6866753], [3.1733345, 50.6868272]], [[3.1733345, 50.6868272], [3.1727426, 50.6872471]]]}, "properties": {"cleabs": "VOIE_NOM0000002339364530", "identifiant_voie_ban": "59512_2310", "nom": "Rue du Général Chanzy", "nom_normalise": "R DU GENERAL CHANZY", "type_voie": "rue"}}, {"type": "Feature", "geometry": {"type": "MultiLineString", "coordinates": [[[3.1967873, 50.6868758], [3.1969082, 50.6867293], [3.1972066, 50.6864471]], [[3.1972066, 50.6864471], [3.1975681, 50.6860723]], [[3.1975681, 50.6860723], [3.1975808, 50.6860543], [3.197675, 50.685942]], [[3.197675, 50.685942], [3.1982646, 50.6853775]]]}, "properties": {"cleabs": "VOIE_NOM0000002339364531", "identifiant_voie_ban": "59512_0080", "nom": "Rue Alfred de Musset", "nom_normalise": "R ALFRED DE MUSSET", "type_voie": "rue"}}, {"type": "Feature", "geometry": {"type": "MultiLineString", "coordinates": [[[3.174717, 50.7053743], [3.1748198, 50.7052862], [3.1757162, 50.7046066], [3.1761149, 50.7042902], [3.1761487, 50.7042533]]]}, "properties": {"cleabs": "VOIE_NOM0000002339364579", "identifiant_voie_ban": "59512_2700", "nom": "Rue d'Iéna", "nom_normalise": "R D'IENA", "type_voie": "rue"}}, {"type": "Feature", "geometry": {"type": "MultiLineString", "coordinates": [[[3.157383, 50.6951059], [3.157493, 50.6950393], [3.1582857, 50.6946327], [3.158383, 50.6945788]], [[3.1558709, 50.6958768], [3.1560529, 50.6957931], [3.1567567, 50.6954252], [3.1573125, 50.6951356], [3.157383, 50.6951059]]]}, "properties": {"cleabs": "VOIE_NOM0000002339364611", "identifiant_voie_ban": "59512_5230", "nom": "Rue de Solférino", "nom_normalise": "R DE SOLFERINO", "type_voie": "rue"}}, {"type": "Feature", "geometry": {"type": "MultiLineString", "coordinates": [[[3.1641215, 50.6876186], [3.1636615, 50.6868843], [3.1635962, 50.6867821]], [[3.1641215, 50.6876186], [3.1642182, 50.6877989]], [[3.1642182, 50.6877989], [3.164292, 50.6879181]], [[3.164292, 50.6879181], [3.1644425, 50.6881557], [3.1647492, 50.6886327]], [[3.1635962, 50.6867821], [3.1633221, 50.6863571], [3.1632639, 50.6862701]], [[3.163074, 50.686073], [3.16321, 50.6861778], [3.1632639, 50.6862701]], [[3.1627738, 50.6858284], [3.163074, 50.686073]], [[3.1624169, 50.6855363], [3.162431, 50.6855471], [3.1627738, 50.6858284]], [[3.1619183, 50.6851107], [3.1624169, 50.6855363]], [[3.1614977, 50.6847631], [3.1618461, 50.6850489], [3.1619183, 50.6851107]], [[3.1614212, 50.6847022], [3.1614977, 50.6847631]], [[3.1608292, 50.6842157], [3.1609893, 50.6843581], [3.1613759, 50.6846672], [3.1614212, 50.6847022]]]}, "properties": {"cleabs": "VOIE_NOM0000002339364639", "identifiant_voie_ban": "59512_2750", "nom": "Rue d'Isly", "nom_normalise": "R D'ISLY", "type_voie": "rue"}}, {"type": "Feature", "geometry": {"type": "MultiLineString", "coordinates": [[[3.1839676, 50.6762769], [3.1834094, 50.6765675], [3.1830697, 50.676735]], [[3.1852024, 50.6756442], [3.1847288, 50.6758827], [3.1841481, 50.6761824], [3.1839676, 50.6762769]], [[3.1869375, 50.6747254], [3.1860299, 50.675223]], [[3.1860299, 50.675223], [3.1857691, 50.6753589], [3.1852024, 50.6756442]], [[3.1830697, 50.676735], [3.1823945, 50.677077], [3.1817235, 50.6774288], [3.1816192, 50.6774783]], [[3.1816192, 50.6774783], [3.1815007, 50.6775341], [3.1813682, 50.6775962], [3.1813076, 50.6776304], [3.1812781, 50.6776717], [3.1812627, 50.6777068], [3.1812629, 50.677783]], [[3.1806844, 50.677932], [3.1806999, 50.6779023], [3.180704, 50.677861], [3.1807037, 50.677783]], [[3.1793847, 50.678614], [3.1798852, 50.6783692], [3.1799515, 50.6783341]], [[3.1799515, 50.6783341], [3.1804886, 50.6780552], [3.1806436, 50.6779715], [3.1806844, 50.677932]], [[3.190092, 50.6731394], [3.1903555, 50.6729945], [3.1909433, 50.6726912], [3.1910151, 50.6726534], [3.1911039, 50.6726102]], [[3.1883724, 50.6740026], [3.1884471, 50.6739639]], [[3.1879072, 50.6742312], [3.1881088, 50.674134], [3.1883724, 50.6740026]], [[3.1875182, 50.6744248], [3.1879072, 50.6742312]], [[3.1875182, 50.6744248], [3.1869375, 50.6747254]], [[3.1884471, 50.6739639], [3.1885472, 50.6739144], [3.1889108, 50.67372], [3.1890067, 50.673692], [3.1890674, 50.6736677], [3.1891815, 50.6736047]], [[3.1891815, 50.6736047], [3.1896959, 50.673332], [3.190092, 50.6731394]], [[3.178824, 50.6790097], [3.1788464, 50.6789558], [3.1788619, 50.6789298], [3.1788787, 50.6789064], [3.1788984, 50.6788777], [3.1793847, 50.678614]], [[3.178824, 50.6790097], [3.1787407, 50.6790161], [3.1786998, 50.679026], [3.1786631, 50.6790386], [3.1786166, 50.6790549], [3.1785672, 50.679072]], [[3.1785672, 50.679072], [3.1785037, 50.6790855], [3.1784571, 50.6790955], [3.1784049, 50.6791099], [3.1783668, 50.6791243]], [[3.1778322, 50.6792956], [3.1779902, 50.6792415], [3.1781749, 50.6791748], [3.178278, 50.6791478], [3.1783668, 50.6791243]], [[3.1778322, 50.6792956], [3.1765978, 50.679703], [3.1761111, 50.6798634], [3.1750968, 50.680213], [3.1750094, 50.6802445]]]}, "properties": {"cleabs": "VOIE_NOM0000002339364651", "identifiant_voie_ban": "59512_2720", "nom": "Rue Ingres", "nom_normalise": "R INGRES", "type_voie": "rue"}}, {"type": "Feature", "geometry": {"type": "MultiLineString", "coordinates": [[[3.1807719, 50.7014129], [3.1813211, 50.7016786], [3.1819395, 50.7019496], [3.1825311, 50.702226], [3.1826543, 50.702277]], [[3.180544, 50.7013002], [3.1805978, 50.7013288], [3.1806827, 50.7013691], [3.1807719, 50.7014129]], [[3.180544, 50.7013002], [3.1799806, 50.7010049], [3.1799338, 50.7009798], [3.1794199, 50.700697], [3.1794171, 50.7006952]], [[3.1794171, 50.7006952], [3.1791863, 50.700569]], [[3.1791396, 50.7005422], [3.1791863, 50.700569]], [[3.1791396, 50.7005422], [3.1785239, 50.7002281], [3.1784092, 50.700169], [3.1783002, 50.7001153]]]}, "properties": {"cleabs": "VOIE_NOM0000002339364701", "identifiant_voie_ban": "59512_1906", "nom": "Rue Drouot", "nom_normalise": "R DROUOT", "type_voie": "rue"}}, {"type": "Feature", "geometry": {"type": "MultiLineString", "coordinates": [[[3.1583427, 50.6894083], [3.1583074, 50.6894335], [3.1583117, 50.6894496], [3.1583316, 50.6894846]], [[3.1583316, 50.6894846], [3.1587223, 50.6897434], [3.1588667, 50.6898419]], [[3.1595887, 50.690313], [3.1600601, 50.6906399]], [[3.1588667, 50.6898419], [3.1591385, 50.6900264], [3.1592136, 50.6900748]], [[3.1592136, 50.6900748], [3.1595887, 50.690313]]]}, "properties": {"cleabs": "VOIE_NOM0000002339364723", "identifiant_voie_ban": "59512_0870", "nom": "Rue du Brondeloire", "nom_normalise": "R DU BRONDELOIRE", "type_voie": "rue"}}, {"type": "Feature", "geometry": {"type": "MultiLineString", "coordinates": [[[3.1966372, 50.6730817], [3.1966189, 50.6730916], [3.1965808, 50.6731114], [3.19654, 50.6731321], [3.1965019, 50.673151], [3.1964738, 50.6731752]], [[3.1964738, 50.6731752], [3.1964526, 50.6731923], [3.1964386, 50.6732175], [3.1964274, 50.6732426], [3.1964134, 50.6732669], [3.1964007, 50.673283], [3.1963839, 50.6732974], [3.1963599, 50.6733055], [3.196326, 50.6733173], [3.1962879, 50.67332], [3.1962738, 50.6733254]], [[3.1962738, 50.6733254], [3.1962752, 50.6733182], [3.1962906, 50.6732976], [3.1962863, 50.673268], [3.1962961, 50.6732401], [3.1963143, 50.6732159], [3.1963355, 50.6731988], [3.1963608, 50.6731907], [3.1963863, 50.6731897], [3.1964145, 50.6731888], [3.1964371, 50.6731816], [3.1964738, 50.6731752]], [[3.194931, 50.6740876], [3.1946943, 50.6742271], [3.1943575, 50.6744259]], [[3.1951818, 50.6739499], [3.194931, 50.6740876]], [[3.1962738, 50.6733254], [3.1962315, 50.6733506], [3.196202, 50.6733677], [3.1961696, 50.6733875], [3.1961386, 50.6734109], [3.1961076, 50.6734334], [3.1960823, 50.6734523], [3.1960569, 50.6734684], [3.1960344, 50.6734819], [3.1960146, 50.6734954]], [[3.1960146, 50.6734954], [3.1951818, 50.6739499]]]}, "properties": {"cleabs": "VOIE_NOM0000002339364750", "identifiant_voie_ban": "59512_2787", "nom": "Rue Jean Baptiste Chardin", "nom_normalise": "R JEAN BAPTISTE CHARDIN", "type_voie": "rue"}}, {"type": "Feature", "geometry": {"type": "MultiLineString", "coordinates": [[[3.1903035, 50.7065745], [3.1903317, 50.7065395], [3.1905694, 50.7062511], [3.1909575, 50.7057507], [3.1910841, 50.7055898]], [[3.1910841, 50.7055898], [3.1912064, 50.7054398]], [[3.1937334, 50.702236], [3.1934466, 50.7026106], [3.1925677, 50.7037328], [3.1925537, 50.7037516], [3.1920713, 50.7043473]], [[3.1919251, 50.7045351], [3.1919419, 50.7045126], [3.1920713, 50.7043473]], [[3.1917226, 50.704792], [3.1919251, 50.7045351]], [[3.1915426, 50.7050175], [3.1917226, 50.704792]], [[3.1912064, 50.7054398], [3.1914512, 50.7051352], [3.1915426, 50.7050175]]]}, "properties": {"cleabs": "VOIE_NOM0000002339364877", "identifiant_voie_ban": "59512_0920", "nom": "Rue du Caire", "nom_normalise": "R DU CAIRE", "type_voie": "rue"}}, {"type": "Feature", "geometry": {"type": "MultiLineString", "coordinates": [[[3.1784155, 50.6999563], [3.1784914, 50.6998512], [3.1785279, 50.6997758], [3.1786613, 50.6995432], [3.1787062, 50.6994588], [3.1787456, 50.6994076]], [[3.1783002, 50.7001153], [3.1784155, 50.6999563]], [[3.1783002, 50.7001153], [3.1777713, 50.7007702], [3.1777277, 50.7008233]], [[3.1756173, 50.7030005], [3.1750341, 50.7035308], [3.1748496, 50.7037033]], [[3.177051, 50.7016596], [3.1768989, 50.7017989], [3.1766932, 50.7019868], [3.1764763, 50.7021881], [3.1763581, 50.702304], [3.1761496, 50.7025026]], [[3.1761496, 50.7025026], [3.1756173, 50.7030005]], [[3.177369, 50.7012886], [3.1777277, 50.7008233]], [[3.177369, 50.7012886], [3.1771959, 50.7014907], [3.177051, 50.7016596]]]}, "properties": {"cleabs": "VOIE_NOM0000002339364944", "identifiant_voie_ban": "59512_2060", "nom": "Rue de Flandre", "nom_normalise": "R DE FLANDRE", "type_voie": "rue"}}, {"type": "Feature", "geometry": {"type": "MultiLineString", "coordinates": [[[3.1893407, 50.6847256], [3.1892614, 50.6846683], [3.1891353, 50.684576], [3.1891013, 50.6845519], [3.1890926, 50.6844801], [3.1890683, 50.6844137], [3.1890129, 50.6843384], [3.1884606, 50.6839444]]]}, "properties": {"cleabs": "VOIE_NOM0000002339365106", "identifiant_voie_ban": "59512_modppa", "nom": "Cour Remery", "nom_normalise": "COUR REMERY", "type_voie": "cour"}}, {"type": "Feature", "geometry": {"type": "MultiLineString", "coordinates": [[[3.1944749, 50.6828637], [3.195021, 50.6830764]]]}, "properties": {"cleabs": "VOIE_NOM0000002339365113", "identifiant_voie_ban": "59512_4650", "nom": "Rue de la Prudence", "nom_normalise": "R DE LA PRUDENCE", "type_voie": "rue"}}, {"type": "Feature", "geometry": {"type": "MultiLineString", "coordinates": [[[3.1865203, 50.6806522], [3.1869444, 50.6811308]]]}, "properties": {"cleabs": "VOIE_NOM0000002339365120", "identifiant_voie_ban": "59512_0340", "nom": "Rue d'Austerlitz", "nom_normalise": "R D'AUSTERLITZ", "type_voie": "rue"}}, {"type": "Feature", "geometry": {"type": "MultiLineString", "coordinates": [[[3.1879671, 50.6928514], [3.1879364, 50.6925832], [3.1878898, 50.6925806], [3.1878812, 50.6925501], [3.1877681, 50.6925206]]]}, "properties": {"cleabs": "VOIE_NOM0000002339365144", "identifiant_voie_ban": "59512_4h6y1j", "nom": "Cour Quagebeur", "nom_normalise": "COUR QUAGEBEUR", "type_voie": "cour"}}, {"type": "Feature", "geometry": {"type": "MultiLineString", "coordinates": [[[3.1694263, 50.6907101], [3.1698201, 50.6906046], [3.169894, 50.6907319]]]}, "properties": {"cleabs": "VOIE_NOM0000002339365181", "identifiant_voie_ban": "59512_crlob4", "nom": "Cour Leman", "nom_normalise": "COUR LEMAN", "type_voie": "cour"}}, {"type": "Feature", "geometry": {"type": "MultiLineString", "coordinates": [[[3.1705466, 50.7027841], [3.1704142, 50.7028794], [3.1701674, 50.7030404], [3.1700732, 50.703159], [3.1700253, 50.703229], [3.1700669, 50.7033905]]]}, "properties": {"cleabs": "VOIE_NOM0000002339365301", "identifiant_voie_ban": "59512_0410", "nom": "Rue de la Barbe d'Or", "nom_normalise": "R DE LA BARBE D'OR", "type_voie": "rue"}}, {"type": "Feature", "geometry": {"type": "MultiLineString", "coordinates": [[[3.1924408, 50.6887042], [3.1917772, 50.6884064]]]}, "properties": {"cleabs": "VOIE_NOM0000002339365390", "identifiant_voie_ban": "59512_gbach0", "nom": "Cour Vroman", "nom_normalise": "COUR VROMAN", "type_voie": "cour"}}, {"type": "Feature", "geometry": {"type": "MultiLineString", "coordinates": [[[3.175026, 50.6874431], [3.1749769, 50.6875401]], [[3.1752178, 50.6873576], [3.1751121, 50.6874125], [3.175026, 50.6874431]], [[3.1753297, 50.68744], [3.1752337, 50.6874527], [3.1750827, 50.6875005], [3.1749769, 50.6875401]], [[3.1752178, 50.6873576], [3.1753297, 50.68744]], [[3.1767077, 50.6840442], [3.1767397, 50.6843053], [3.1767642, 50.6844489], [3.1767729, 50.6844883]], [[3.1767729, 50.6844883], [3.1768174, 50.6847081], [3.1768948, 50.6850311], [3.1769121, 50.6851334], [3.1769108, 50.6851594], [3.1769067, 50.6851908], [3.1768842, 50.6852321]], [[3.1768842, 50.6852321], [3.1768266, 50.6853085], [3.1767661, 50.6853732], [3.1767393, 50.6853902]], [[3.1767393, 50.6853902], [3.1766505, 50.6854505], [3.1765124, 50.685544], [3.1764378, 50.6856025]], [[3.1758869, 50.686007], [3.1758406, 50.6860843], [3.175793, 50.686227]], [[3.1760587, 50.6858713], [3.1760277, 50.685892], [3.1759798, 50.6859253], [3.1758869, 50.686007]], [[3.1764378, 50.6856025], [3.1761912, 50.6857733], [3.1760587, 50.6858713]], [[3.1763, 50.6825714], [3.1763882, 50.6827498], [3.1764395, 50.6828736], [3.1764738, 50.6829956], [3.1764981, 50.6830628]], [[3.1764981, 50.6830628], [3.1765225, 50.683183], [3.1765926, 50.6834315], [3.1766227, 50.6835598], [3.1766401, 50.6836791], [3.176656, 50.683794], [3.1767077, 50.6840442]], [[3.1760911, 50.6822199], [3.1761507, 50.6822952], [3.176172, 50.6823346], [3.17629, 50.6825498], [3.1763, 50.6825714]], [[3.175793, 50.686227], [3.1756489, 50.6866167]], [[3.1756489, 50.6866167], [3.1756237, 50.686675], [3.1755943, 50.6867451], [3.1754977, 50.6870099], [3.1754683, 50.6870881], [3.1754205, 50.6871545], [3.17536, 50.687212], [3.1752375, 50.6873217], [3.1752178, 50.6873576]]]}, "properties": {"cleabs": "VOIE_NOM0000002339365452", "identifiant_voie_ban": "59512_2885", "nom": "Rue Jean Moulin", "nom_normalise": "R JEAN MOULIN", "type_voie": "rue"}}, {"type": "Feature", "geometry": {"type": "MultiLineString", "coordinates": [[[3.1901083, 50.6923466], [3.1898131, 50.6923533], [3.1898039, 50.6921765]]]}, "properties": {"cleabs": "VOIE_NOM0000002339365535", "identifiant_voie_ban": "59512_jkmox3", "nom": "Cour Veuve Couteau", "nom_normalise": "COUR VEUVE COUTEAU", "type_voie": "cour"}}, {"type": "Feature", "geometry": {"type": "MultiLineString", "coordinates": [[[3.1896816, 50.6885981], [3.1895783, 50.6885552], [3.1889077, 50.688269]], [[3.1904272, 50.6889083], [3.1896816, 50.6885981]], [[3.1914092, 50.689325], [3.1908347, 50.689089], [3.1904272, 50.6889083]], [[3.1916058, 50.6894063], [3.1915761, 50.6893938], [3.1914092, 50.689325]], [[3.1916058, 50.6894063], [3.1924152, 50.6897649], [3.1925766, 50.6898365]], [[3.1937225, 50.6902842], [3.193659, 50.6902852], [3.1935798, 50.690262], [3.192786, 50.6899223], [3.1925766, 50.6898365]]]}, "properties": {"cleabs": "VOIE_NOM0000002339365540", "identifiant_voie_ban": "59512_3570", "nom": "Rue Marie Buisine", "nom_normalise": "R MARIE BUISINE", "type_voie": "rue"}}, {"type": "Feature", "geometry": {"type": "MultiLineString", "coordinates": [[[3.2039031, 50.6818346], [3.2041436, 50.6815892], [3.2046304, 50.6811191]], [[3.2010188, 50.6846202], [3.2010441, 50.6845959], [3.2010723, 50.6845699]], [[3.2020959, 50.683774], [3.2023069, 50.6835601], [3.2024476, 50.6834154], [3.2028978, 50.6829651]], [[3.2031758, 50.6825599], [3.2038651, 50.6818741], [3.2039031, 50.6818346]], [[3.2028978, 50.6829651], [3.2031974, 50.6826532], [3.2031758, 50.6825599]], [[3.2022713, 50.6838285], [3.2023022, 50.6837934], [3.2023303, 50.6837593], [3.2023711, 50.6837135], [3.2024175, 50.6836622], [3.2024653, 50.6836101], [3.2025131, 50.6835553], [3.2025595, 50.6835014], [3.2026088, 50.6834475], [3.202658, 50.68339], [3.2027044, 50.6833369], [3.2027522, 50.6832839], [3.2027958, 50.6832354], [3.2028703, 50.6831527], [3.2029026, 50.6831159], [3.2029293, 50.6830826], [3.2029476, 50.6830548], [3.2029574, 50.6830287], [3.2029544, 50.6830027], [3.2029416, 50.6829821], [3.2028978, 50.6829651]], [[3.2010723, 50.6845699], [3.2011497, 50.6844971], [3.2013958, 50.6842481], [3.2014296, 50.6842112], [3.2016294, 50.684009], [3.2020823, 50.6835569], [3.202292, 50.6833484], [3.2030277, 50.6826077], [3.2031758, 50.6825599]], [[3.2012152, 50.6846513], [3.2012785, 50.6845821], [3.2013447, 50.6845219], [3.2015487, 50.6843187], [3.2017893, 50.6840841], [3.2020959, 50.683774]], [[3.198943, 50.6869082], [3.199057, 50.6867941], [3.1991977, 50.6866566], [3.1993651, 50.6864885], [3.199389, 50.6864651], [3.1994115, 50.6864417]], [[3.198853, 50.686999], [3.198943, 50.6869082]], [[3.1980823, 50.6875144], [3.1981541, 50.6874461], [3.1984594, 50.6871262], [3.198852, 50.6867522]], [[3.1982621, 50.6875949], [3.1986419, 50.6871968], [3.198853, 50.686999]], [[3.198852, 50.6867522], [3.1991896, 50.6864053], [3.1994823, 50.6861132], [3.1995653, 50.6860287]], [[3.2007763, 50.6850935], [3.2011422, 50.6847447], [3.2012152, 50.6846513]], [[3.1996962, 50.6859145], [3.1998608, 50.6857483], [3.2000156, 50.6855946], [3.2005038, 50.6851074], [3.2006065, 50.6850211], [3.2006501, 50.6849708], [3.2010188, 50.6846202]], [[3.2007763, 50.6850935], [3.2006821, 50.6851942], [3.200191, 50.6856643], [3.2000517, 50.6858018], [3.1999799, 50.6858683]], [[3.1995653, 50.6860287], [3.1996962, 50.6859145]], [[3.1999799, 50.6858683], [3.1997548, 50.686084], [3.199669, 50.6861685], [3.1994115, 50.6864417]]]}, "properties": {"cleabs": "VOIE_NOM0000002339365720", "identifiant_voie_ban": "59512_5555", "nom": "Avenue de Verdun", "nom_normalise": "AV DE VERDUN", "type_voie": "avenue"}}, {"type": "Feature", "geometry": {"type": "MultiLineString", "coordinates": [[[3.1947435, 50.6716399], [3.1947409, 50.6716776], [3.1947876, 50.671725], [3.1952989, 50.6720958], [3.1953994, 50.6721701], [3.195534, 50.6722695]], [[3.1953465, 50.672364], [3.1953394, 50.6723595], [3.1953309, 50.6723542], [3.1953168, 50.6723452], [3.1952899, 50.6723264], [3.1952545, 50.6723013], [3.1952077, 50.6722682], [3.1951568, 50.6722324], [3.195103, 50.6721939], [3.1950491, 50.6721536], [3.1949939, 50.6721124], [3.1948778, 50.6720273], [3.1948225, 50.671987], [3.1947716, 50.6719494], [3.1947234, 50.6719154], [3.1946781, 50.6718823], [3.1946356, 50.6718527], [3.1946002, 50.6718267], [3.1945719, 50.6718052], [3.1945535, 50.6717864], [3.1945435, 50.6717685], [3.1945589, 50.671729], [3.1945842, 50.671711], [3.1946152, 50.671693], [3.1946462, 50.6716786], [3.1946956, 50.6716543], [3.1947111, 50.6716462], [3.1947181, 50.6716426], [3.1947435, 50.6716399]], [[3.197337, 50.6736405], [3.1973058, 50.6735948], [3.1972745, 50.6735455], [3.1972461, 50.6734944]], [[3.197337, 50.6736405], [3.1973697, 50.6736862], [3.1974122, 50.6737382], [3.197452, 50.6738045], [3.1974862, 50.6738709], [3.1974862, 50.6738754], [3.1974935, 50.6739391], [3.1974852, 50.673966]], [[3.1966372, 50.6730817], [3.1962307, 50.6727772], [3.195534, 50.6722695]], [[3.1970587, 50.6732434], [3.1969641, 50.6732454], [3.1968454, 50.6732303], [3.1967916, 50.6732044], [3.1966372, 50.6730817]]]}, "properties": {"cleabs": "VOIE_NOM0000002339365775", "identifiant_voie_ban": "59512_1855", "nom": "Rue Edgar Degas", "nom_normalise": "R EDGAR DEGAS", "type_voie": "rue"}}, {"type": "Feature", "geometry": {"type": "MultiLineString", "coordinates": [[[3.1630376, 50.6922352], [3.1630096, 50.692333], [3.1630624, 50.6924882], [3.1631349, 50.6926227], [3.1632345, 50.6928379], [3.163307, 50.6929859], [3.1633184, 50.6930029]], [[3.1647987, 50.6951017], [3.1647406, 50.6950443]], [[3.1643505, 50.6945585], [3.1643945, 50.6946203], [3.1646683, 50.6949609], [3.1647406, 50.6950443]], [[3.1637629, 50.6937319], [3.164085, 50.6941658], [3.1643093, 50.6944966], [3.1643505, 50.6945585]], [[3.1633411, 50.6930388], [3.1635143, 50.693314], [3.1635697, 50.6934001], [3.1637402, 50.693696], [3.1637629, 50.6937319]], [[3.1633184, 50.6930029], [3.1633411, 50.6930388]]]}, "properties": {"cleabs": "VOIE_NOM0000002339365812", "identifiant_voie_ban": "59512_0120", "nom": "Rue de l'Alouette", "nom_normalise": "R DE L'ALOUETTE", "type_voie": "rue"}}, {"type": "Feature", "geometry": {"type": "MultiLineString", "coordinates": [[[3.1672392, 50.6804607], [3.1672785, 50.6803871], [3.1673023, 50.6803126], [3.1673175, 50.6802129], [3.1673101, 50.6801205], [3.1672956, 50.6799904], [3.167274, 50.6798729], [3.1672496, 50.6797661], [3.167214, 50.6796603], [3.1671656, 50.6795581], [3.1670904, 50.6794487], [3.1669585, 50.6792837], [3.1668167, 50.6791116]], [[3.1671309, 50.6805937], [3.1669223, 50.6807052], [3.1667772, 50.680814]], [[3.1672392, 50.6804607], [3.1671309, 50.6805937]], [[3.1668167, 50.6791116], [3.1667798, 50.6790677], [3.1664216, 50.6788089], [3.1662857, 50.6787076], [3.1661144, 50.6785697], [3.1660026, 50.6784989], [3.1657435, 50.678327], [3.1653756, 50.6781121], [3.1650516, 50.6779124], [3.1649255, 50.6777995], [3.1648631, 50.6777144]], [[3.1627673, 50.675996], [3.1630336, 50.6762262]], [[3.1619033, 50.67522], [3.1627673, 50.675996]], [[3.1617432, 50.6750595], [3.1619033, 50.67522]], [[3.1630336, 50.6762262], [3.1635846, 50.6767532], [3.1636866, 50.6768526], [3.1637901, 50.6769548], [3.1638114, 50.6770131], [3.1638103, 50.6771064]], [[3.1641428, 50.6772756], [3.1640649, 50.6772219], [3.1639446, 50.6771457], [3.1638103, 50.6771064]], [[3.1641428, 50.6772756], [3.1643963, 50.6774888], [3.1644841, 50.6775569], [3.1647529, 50.6777073], [3.164784, 50.6777145], [3.1648631, 50.6777144]], [[3.1573232, 50.6715448], [3.1579969, 50.6720249], [3.1585615, 50.6723984]], [[3.1585615, 50.6723984], [3.1594361, 50.6729752], [3.1599683, 50.6733667]], [[3.160083, 50.6734554], [3.1605078, 50.6738335], [3.1608266, 50.6741499]], [[3.1608266, 50.6741499], [3.1615704, 50.6749], [3.1617432, 50.6750595]], [[3.1599683, 50.6733667], [3.160083, 50.6734554]], [[3.155831, 50.669839], [3.1558439, 50.6699125], [3.1558454, 50.6699431], [3.1558243, 50.6699772], [3.1557821, 50.6700104], [3.1557215, 50.670059], [3.1556864, 50.6701066], [3.1556724, 50.6701434], [3.1557378, 50.6702941], [3.1558143, 50.6703747]], [[3.1558143, 50.6703747], [3.1560548, 50.6705288]], [[3.1560548, 50.6705288], [3.1563251, 50.6707007], [3.1567794, 50.6710528], [3.1571096, 50.6713988]], [[3.1571096, 50.6713988], [3.1573232, 50.6715448]]]}, "properties": {"cleabs": "VOIE_NOM0000002339365857", "identifiant_voie_ban": "59512_3160", "nom": "Avenue Le Notre", "nom_normalise": "AV LE NOTRE", "type_voie": "avenue"}}, {"type": "Feature", "geometry": {"type": "MultiLineString", "coordinates": [[[3.1713161, 50.6732376], [3.1715765, 50.6733826]]]}, "properties": {"cleabs": "VOIE_NOM0000002339366042", "identifiant_voie_ban": "59512_3296", "nom": "Allée des Lilas", "nom_normalise": "ALL DES LILAS", "type_voie": "allée"}}, {"type": "Feature", "geometry": {"type": "MultiLineString", "coordinates": [[[3.1857199, 50.6838122], [3.1859493, 50.6839697]], [[3.1859493, 50.6839697], [3.1859875, 50.6839966]], [[3.1859875, 50.6839966], [3.1863458, 50.6842455]], [[3.1863458, 50.6842455], [3.1866388, 50.6844057], [3.1867336, 50.6844567]], [[3.1851379, 50.6834227], [3.1855287, 50.6836805], [3.1857199, 50.6838122]], [[3.1845984, 50.6830439], [3.1851379, 50.6834227]], [[3.1841523, 50.6827394], [3.1845984, 50.6830439]], [[3.1835648, 50.6823482], [3.1831371, 50.68205], [3.1829218, 50.6818897]], [[3.1835648, 50.6823482], [3.1838847, 50.6825613], [3.1841523, 50.6827394]], [[3.1867336, 50.6844567], [3.1871087, 50.684659], [3.1874993, 50.684863], [3.1875262, 50.6848773], [3.1875545, 50.6848925], [3.1875871, 50.6849266], [3.1875914, 50.6849409]]]}, "properties": {"cleabs": "VOIE_NOM0000002339366072", "identifiant_voie_ban": "59512_4801", "nom": "Rue de Rocroi", "nom_normalise": "R DE ROCROI", "type_voie": "rue"}}, {"type": "Feature", "geometry": {"type": "MultiLineString", "coordinates": [[[3.1652709, 50.6806195], [3.1661879, 50.6807233], [3.1665708, 50.6807793], [3.1666259, 50.6807864], [3.1667772, 50.680814]], [[3.1649119, 50.6805464], [3.1650335, 50.6805731], [3.1651522, 50.6805972], [3.1652709, 50.6806195]], [[3.164472, 50.6803451], [3.1645654, 50.6804033], [3.1646362, 50.6804462], [3.1646885, 50.6804677], [3.1647946, 50.6805088], [3.1649119, 50.6805464]], [[3.164472, 50.6803451], [3.1643799, 50.6802563], [3.1642652, 50.6801569], [3.1641179, 50.6800189], [3.1637141, 50.6796533], [3.1635073, 50.6794669]], [[3.1627283, 50.6787716], [3.1626036, 50.6786614], [3.1621645, 50.6782491], [3.1618627, 50.6779642], [3.1617353, 50.6778468]], [[3.1635073, 50.6794669], [3.1631688, 50.6791631], [3.1627283, 50.6787716]], [[3.1576089, 50.6739342], [3.1577095, 50.6740283], [3.1585239, 50.674772]], [[3.1593313, 50.6755526], [3.1585239, 50.674772]], [[3.1595608, 50.6757749], [3.1593313, 50.6755526]], [[3.1617353, 50.6778468], [3.1614336, 50.6775708], [3.1605779, 50.6767571], [3.1603753, 50.6765635]], [[3.1603753, 50.6765635], [3.160041, 50.67624]], [[3.160041, 50.67624], [3.1595608, 50.6757749]], [[3.1551745, 50.6698927], [3.1553023, 50.6701115], [3.1553209, 50.6701932], [3.1553353, 50.6702784], [3.155347, 50.6704121], [3.1553375, 50.6705539], [3.1553223, 50.6706401], [3.155282, 50.6708573], [3.1552572, 50.6710547], [3.1552279, 50.6711759]], [[3.1549895, 50.6698939], [3.1550862, 50.6700948], [3.155136, 50.6702293], [3.1551958, 50.6703656], [3.1552286, 50.6704742], [3.155222, 50.6706187], [3.1552167, 50.6707335], [3.1552099, 50.6708394], [3.155199, 50.6709651], [3.1551894, 50.6710566], [3.1552279, 50.6711759]], [[3.155596, 50.6719409], [3.1555138, 50.6718405], [3.1554443, 50.6717536], [3.1553763, 50.6716639], [3.1553408, 50.6716002], [3.1553038, 50.6715204], [3.1552682, 50.6714146], [3.1552482, 50.6713276], [3.1552338, 50.6712378], [3.1552279, 50.6711759]], [[3.1569035, 50.6732459], [3.1562674, 50.6726059], [3.1562377, 50.6725764]], [[3.1562377, 50.6725764], [3.155596, 50.6719409]], [[3.1569035, 50.6732459], [3.1572619, 50.673608], [3.1576089, 50.6739342]]]}, "properties": {"cleabs": "VOIE_NOM0000002339366113", "identifiant_voie_ban": "59512_2860", "nom": "Avenue Jean Jaurès", "nom_normalise": "AV JEAN JAURES", "type_voie": "avenue"}}, {"type": "Feature", "geometry": {"type": "MultiLineString", "coordinates": [[[3.1593406, 50.6935914], [3.1594665, 50.6936567], [3.1595614, 50.6937338], [3.1596676, 50.6938207], [3.1602881, 50.6943574], [3.1603278, 50.6943932]], [[3.1608591, 50.6948654], [3.160828, 50.6948394], [3.1603278, 50.6943932]], [[3.1615705, 50.6955294], [3.161535, 50.6954963], [3.1608591, 50.6948654]], [[3.162429, 50.6966868], [3.162392, 50.6966303], [3.1619873, 50.695991], [3.1619149, 50.6958781], [3.1618539, 50.6957902]], [[3.1618539, 50.6957902], [3.1616016, 50.6955581], [3.1615705, 50.6955294]], [[3.1629899, 50.6975529], [3.1627073, 50.6971154], [3.162429, 50.6966868]], [[3.1632696, 50.6979922], [3.1632086, 50.6979178], [3.1629899, 50.6975529]], [[3.1632696, 50.6979922], [3.1633164, 50.6980442], [3.1633618, 50.6980908], [3.163417, 50.6981374]], [[3.163417, 50.6981374], [3.1634199, 50.6981428], [3.1634907, 50.698192], [3.1635331, 50.6982144], [3.1635445, 50.6982198]]]}, "properties": {"cleabs": "VOIE_NOM0000002339366163", "identifiant_voie_ban": "59512_4170", "nom": "Rue de l'Ouest", "nom_normalise": "R DE L'OUEST", "type_voie": "rue"}}, {"type": "Feature", "geometry": {"type": "MultiLineString", "coordinates": [[[3.1633184, 50.6930029], [3.1634243, 50.6929884], [3.1643392, 50.6928212], [3.16439, 50.6928113], [3.1650113, 50.692709], [3.1652908, 50.692662], [3.1665333, 50.6924558]]]}, "properties": {"cleabs": "VOIE_NOM0000002339366263", "identifiant_voie_ban": "59512_2930", "nom": "Rue Jules Deregnaucourt", "nom_normalise": "R JULES DEREGNAUCOURT", "type_voie": "rue"}}, {"type": "Feature", "geometry": {"type": "MultiLineString", "coordinates": [[[3.1655787, 50.6861343], [3.1660905, 50.6867249]], [[3.1650567, 50.6854934], [3.1655787, 50.6861343]], [[3.1660905, 50.6867249], [3.1667656, 50.687537]], [[3.1667656, 50.687537], [3.1667684, 50.6875406], [3.1670563, 50.6878812], [3.1670932, 50.687918]], [[3.1686619, 50.6898066], [3.1685441, 50.6896632], [3.1680009, 50.6890079], [3.167774, 50.6887489], [3.1675045, 50.6884191], [3.1673953, 50.6882909], [3.1670932, 50.687918]], [[3.1650567, 50.6854934], [3.1643563, 50.6846795], [3.1643194, 50.6846365]], [[3.1643194, 50.6846365], [3.1642854, 50.684597], [3.1642655, 50.684571], [3.1642513, 50.684545], [3.1642428, 50.6845181], [3.1642356, 50.6844903], [3.1642356, 50.6844858], [3.1642355, 50.6844607], [3.1642494, 50.684388], [3.164276, 50.6843108]]]}, "properties": {"cleabs": "VOIE_NOM0000002339366278", "identifiant_voie_ban": "59512_2730", "nom": "Rue D'Inkermann", "nom_normalise": "R D'INKERMANN", "type_voie": "rue"}}, {"type": "Feature", "geometry": {"type": "MultiLineString", "coordinates": [[[3.1751285, 50.6755206], [3.1747336, 50.6756854]], [[3.1747336, 50.6756854], [3.1747365, 50.6757096], [3.174714, 50.6757321], [3.1747156, 50.6757787], [3.1747058, 50.6758075], [3.1741842, 50.6760702]], [[3.1746699, 50.6756379], [3.1747336, 50.6756854]], [[3.1746699, 50.6756379], [3.1746008, 50.6756748], [3.1739665, 50.6759978]]]}, "properties": {"cleabs": "VOIE_NOM0000002339366281", "identifiant_voie_ban": "59512_n8i83v", "nom": "Cité Delcroix", "nom_normalise": "CITE DELCROIX", "type_voie": "cité"}}, {"type": "Feature", "geometry": {"type": "MultiLineString", "coordinates": [[[3.1685701, 50.701605], [3.1680551, 50.7018193], [3.1679041, 50.7018859]], [[3.1670562, 50.7022639], [3.1664256, 50.702551], [3.1660912, 50.702704], [3.1654986, 50.7029767], [3.1654112, 50.7030226]], [[3.1679041, 50.7018859], [3.1672368, 50.702182]], [[3.1672368, 50.702182], [3.1670562, 50.7022639]]]}, "properties": {"cleabs": "VOIE_NOM0000002339366288", "identifiant_voie_ban": "59512_1170", "nom": "Rue de la Chaussée", "nom_normalise": "R DE LA CHAUSSEE", "type_voie": "rue"}}, {"type": "Feature", "geometry": {"type": "MultiLineString", "coordinates": [[[3.1888076, 50.6770755], [3.1889083, 50.676816]], [[3.1888076, 50.6770755], [3.1882727, 50.6771534]], [[3.1888076, 50.6770755], [3.1889688, 50.6771156], [3.189137, 50.6771575], [3.189613, 50.6775418], [3.1897447, 50.6776546], [3.1898369, 50.6777595], [3.1898744, 50.6779559], [3.1898759, 50.6779676]], [[3.1898759, 50.6779676], [3.1903207, 50.6779678]], [[3.1898759, 50.6779676], [3.1898788, 50.6779873], [3.1896904, 50.6782138], [3.1895804, 50.6782687]]]}, "properties": {"cleabs": "VOIE_NOM0000002339366445", "identifiant_voie_ban": "59512_4560", "nom": "Square des Platanes", "nom_normalise": "SQ DES PLATANES", "type_voie": "square"}}, {"type": "Feature", "geometry": {"type": "MultiLineString", "coordinates": [[[3.1562377, 50.6725764], [3.1561292, 50.6726519], [3.1551751, 50.6732732], [3.1549101, 50.6734467], [3.1548834, 50.6734638]]]}, "properties": {"cleabs": "VOIE_NOM0000002339366506", "identifiant_voie_ban": "59512_2545", "nom": "Avenue Henri Briet", "nom_normalise": "AV HENRI BRIET", "type_voie": "avenue"}}, {"type": "Feature", "geometry": {"type": "MultiLineString", "coordinates": [[[3.1963868, 50.6783909], [3.1956549, 50.6779308]], [[3.1970834, 50.6788295], [3.1963868, 50.6783909]]]}, "properties": {"cleabs": "VOIE_NOM0000002339366594", "identifiant_voie_ban": "59512_2346", "nom": "Rue Georges Verriest", "nom_normalise": "R GEORGES VERRIEST", "type_voie": "rue"}}, {"type": "Feature", "geometry": {"type": "MultiLineString", "coordinates": [[[3.1863221, 50.6873684], [3.1865543, 50.6875098], [3.1866902, 50.6875886]], [[3.1854528, 50.6868241], [3.1859384, 50.6871339]], [[3.1859384, 50.6871339], [3.1863221, 50.6873684]]]}, "properties": {"cleabs": "VOIE_NOM0000002339366624", "identifiant_voie_ban": "59512_5320", "nom": "Rue Thiers", "nom_normalise": "R THIERS", "type_voie": "rue"}}, {"type": "Feature", "geometry": {"type": "MultiLineString", "coordinates": [[[3.1852858, 50.6798734], [3.1847296, 50.6791805], [3.1844615, 50.6788426], [3.1843182, 50.678684]]]}, "properties": {"cleabs": "VOIE_NOM0000002339366650", "identifiant_voie_ban": "59512_4455", "nom": "Rue de Picardie", "nom_normalise": "R DE PICARDIE", "type_voie": "rue"}}, {"type": "Feature", "geometry": {"type": "MultiLineString", "coordinates": [[[3.1801415, 50.6730537], [3.1799936, 50.6731329], [3.1793662, 50.6734273], [3.1793366, 50.6734497]], [[3.1794826, 50.6735895], [3.1795362, 50.6735814], [3.1796321, 50.6735399], [3.1800832, 50.6733293], [3.1803186, 50.6732069]], [[3.1793366, 50.6734497], [3.1792377, 50.6734355], [3.1791331, 50.6733917], [3.1789015, 50.6734145]], [[3.1793366, 50.6734497], [3.1793268, 50.6734821], [3.1793354, 50.6735099], [3.1793694, 50.6735421], [3.1794091, 50.6735744], [3.179443, 50.6735878], [3.1794826, 50.6735895]], [[3.1794826, 50.6735895], [3.1795083, 50.6736864], [3.1796217, 50.6737984], [3.179485, 50.6738856]]]}, "properties": {"cleabs": "VOIE_NOM0000002339366663", "identifiant_voie_ban": "59512_0430", "nom": "Square Bartholdi", "nom_normalise": "SQ BARTHOLDI", "type_voie": "square"}}, {"type": "Feature", "geometry": {"type": "MultiLineString", "coordinates": [[[3.1747839, 50.6876902], [3.1746748, 50.6875845], [3.1745685, 50.6874788], [3.1742553, 50.6871867], [3.1741292, 50.6870711], [3.1740384, 50.6869716], [3.1737945, 50.6866947], [3.1737192, 50.6865593]], [[3.1749769, 50.6875401], [3.1745646, 50.6871656], [3.1744016, 50.6870214]], [[3.1744016, 50.6870214], [3.1743223, 50.6869649], [3.1742629, 50.6869318], [3.1741935, 50.6868844], [3.1739811, 50.6867321], [3.1738139, 50.6865888], [3.1737192, 50.6865593]], [[3.1736795, 50.6865252], [3.1737192, 50.6865593]], [[3.1716081, 50.6846966], [3.1723335, 50.6853372], [3.1736313, 50.6864849], [3.1736795, 50.6865252]], [[3.1712865, 50.6844117], [3.1716081, 50.6846966]], [[3.169942, 50.6832308], [3.1707467, 50.6839377], [3.1712865, 50.6844117]], [[3.169415, 50.6827667], [3.1697437, 50.6830579], [3.169942, 50.6832308]], [[3.1684404, 50.6819119], [3.169415, 50.6827667]], [[3.1667772, 50.680814], [3.1669623, 50.6808479], [3.1670047, 50.6808559], [3.1670513, 50.6808702], [3.1671065, 50.6808871], [3.1671631, 50.6809086], [3.1672069, 50.6809301], [3.1672579, 50.6809605], [3.1673654, 50.6810331], [3.1674306, 50.6810778], [3.167633, 50.6812265], [3.1678044, 50.6813654]], [[3.168048, 50.6815759], [3.1684404, 50.6819119]], [[3.1678044, 50.6813654], [3.168048, 50.6815759]]]}, "properties": {"cleabs": "VOIE_NOM0000002339366696", "identifiant_voie_ban": "59512_2312", "nom": "Boulevard du Général de Gaulle", "nom_normalise": "BD DU GENERAL DE GAULLE", "type_voie": "boulevard"}}, {"type": "Feature", "geometry": {"type": "MultiLineString", "coordinates": [[[3.1801102, 50.6997322], [3.1800753, 50.6998364], [3.1797384, 50.7000783], [3.179551, 50.700223]], [[3.1788428, 50.7013206], [3.178885, 50.7012568], [3.1791429, 50.7006705], [3.1791863, 50.700569]], [[3.179551, 50.700223], [3.1791396, 50.7005422]]]}, "properties": {"cleabs": "VOIE_NOM0000002339366813", "identifiant_voie_ban": "59512_0890", "nom": "Rue Buffon", "nom_normalise": "R BUFFON", "type_voie": "rue"}}, {"type": "Feature", "geometry": {"type": "MultiLineString", "coordinates": [[[3.1823421, 50.695306], [3.1831495, 50.6954932]]]}, "properties": {"cleabs": "VOIE_NOM0000002339366846", "identifiant_voie_ban": "59512_3027", "nom": "Impasse Lamartine", "nom_normalise": "IMP LAMARTINE", "type_voie": "impasse"}}, {"type": "Feature", "geometry": {"type": "MultiLineString", "coordinates": [[[3.1762932, 50.6838627], [3.1759424, 50.6841189], [3.1753562, 50.6845101], [3.17529, 50.6845497]]]}, "properties": {"cleabs": "VOIE_NOM0000002339366870", "identifiant_voie_ban": "59512_4250", "nom": "Rue Pascal", "nom_normalise": "R PASCAL", "type_voie": "rue"}}, {"type": "Feature", "geometry": {"type": "MultiLineString", "coordinates": [[[3.1699047, 50.6913977], [3.1703974, 50.6921176], [3.170562, 50.6923426]], [[3.1707777, 50.6926393], [3.1707877, 50.6926537], [3.1711282, 50.6930947], [3.1712034, 50.6931816], [3.171219, 50.6931987], [3.1712346, 50.6932112]], [[3.1707777, 50.6926393], [3.1707267, 50.6925748]], [[3.170562, 50.6923426], [3.1707267, 50.6925748]]]}, "properties": {"cleabs": "VOIE_NOM0000002339366908", "identifiant_voie_ban": "59512_2670", "nom": "Rue de l'Hospice", "nom_normalise": "R DE L'HOSPICE", "type_voie": "rue"}}, {"type": "Feature", "geometry": {"type": "MultiLineString", "coordinates": [[[3.1859875, 50.6839966], [3.1857451, 50.6841405], [3.185891, 50.6842588]]]}, "properties": {"cleabs": "VOIE_NOM0000002339367142", "identifiant_voie_ban": "59512_wlr5xg", "nom": "Cour Duquesne", "nom_normalise": "COUR DUQUESNE", "type_voie": "cour"}}, {"type": "Feature", "geometry": {"type": "MultiLineString", "coordinates": [[[3.1617778, 50.6870869], [3.1614832, 50.6873017], [3.1614184, 50.6873485]], [[3.1624075, 50.6865566], [3.1623978, 50.686632], [3.1622033, 50.6867732], [3.1617778, 50.6870869]]]}, "properties": {"cleabs": "VOIE_NOM0000002339367171", "identifiant_voie_ban": "59512_5326", "nom": "Allée des Tilleuls", "nom_normalise": "ALL DES TILLEULS", "type_voie": "allée"}}, {"type": "Feature", "geometry": {"type": "MultiLineString", "coordinates": [[[3.181289, 50.6834185], [3.181588, 50.6833086]], [[3.1810844, 50.683495], [3.1811719, 50.6834635], [3.181289, 50.6834185]], [[3.1810844, 50.683495], [3.1809702, 50.6835383], [3.1807586, 50.6836167]], [[3.1807586, 50.6836167], [3.1803665, 50.6837644]], [[3.1792267, 50.6841878], [3.1790969, 50.6842374], [3.178764, 50.6843662], [3.1786893, 50.6844129]], [[3.1786893, 50.6844129], [3.1780055, 50.684763]], [[3.1780055, 50.684763], [3.1774472, 50.6850527], [3.1773527, 50.6851058]], [[3.1773527, 50.6851058], [3.1771003, 50.6852219], [3.1770439, 50.685248], [3.1770143, 50.6852526], [3.1769719, 50.6852499], [3.1768842, 50.6852321]], [[3.1796146, 50.6840473], [3.1802846, 50.6837959], [3.1803665, 50.6837644]], [[3.1792267, 50.6841878], [3.1795413, 50.6840734], [3.1796146, 50.6840473]]]}, "properties": {"cleabs": "VOIE_NOM0000002339367175", "identifiant_voie_ban": "59512_3470", "nom": "Rue ma Campagne", "nom_normalise": "R MA CAMPAGNE", "type_voie": "rue"}}, {"type": "Feature", "geometry": {"type": "MultiLineString", "coordinates": [[[3.162379, 50.6991429], [3.1623028, 50.6991905], [3.1622197, 50.6992535], [3.1619715, 50.699409], [3.1612709, 50.699899], [3.1612357, 50.6999278], [3.1612061, 50.6999565], [3.161143, 50.7001118], [3.1611319, 50.7001693]], [[3.160996, 50.7000941], [3.1610381, 50.7000204], [3.1611014, 50.699919], [3.1614172, 50.6996942], [3.1614707, 50.6996574], [3.1615257, 50.6996187], [3.1616568, 50.6995297], [3.1617301, 50.6994775], [3.1618105, 50.6994236], [3.1618894, 50.6993679], [3.1619726, 50.699313], [3.1620544, 50.6992564], [3.1621362, 50.6991997], [3.1622208, 50.699144], [3.1623011, 50.6990883]], [[3.1636492, 50.6982825], [3.1635688, 50.6983346], [3.163504, 50.6983706], [3.1634391, 50.6984156], [3.163387, 50.6984479], [3.1633108, 50.6984965], [3.1632009, 50.6985729], [3.1630246, 50.6986925], [3.1629147, 50.6987662], [3.1628132, 50.6988336], [3.1627343, 50.6988992], [3.1626454, 50.6989604], [3.1625637, 50.699017], [3.1624622, 50.6990818], [3.162379, 50.6991429]], [[3.1623011, 50.6990883], [3.1623829, 50.6990334], [3.1624632, 50.6989804], [3.1625493, 50.6989309], [3.1626339, 50.6988805], [3.1630512, 50.6986], [3.1631019, 50.6985623], [3.1631498, 50.6985281], [3.1631921, 50.6984984], [3.163233, 50.6984688], [3.163264, 50.6984409], [3.1633119, 50.6984085], [3.1633542, 50.6983825], [3.1634106, 50.6983483], [3.1634783, 50.6982908], [3.1635445, 50.6982198]], [[3.1636492, 50.6982825], [3.1637395, 50.698233], [3.1638848, 50.6981754], [3.1639751, 50.6981465]], [[3.1635445, 50.6982198], [3.1636785, 50.6981514], [3.1637871, 50.6981046], [3.1639183, 50.6980533]]]}, "properties": {"cleabs": "VOIE_NOM0000002339367228", "identifiant_voie_ban": "59512_u2qo37", "nom": "Avenue d'Alsace", "nom_normalise": "AV D'ALSACE", "type_voie": "avenue"}}, {"type": "Feature", "geometry": {"type": "MultiLineString", "coordinates": [[[3.1805352, 50.6847369], [3.1803852, 50.6846474], [3.1802804, 50.6845677], [3.180126, 50.6844521]], [[3.180126, 50.6844521], [3.1800297, 50.6843787], [3.1796925, 50.6841136], [3.1796146, 50.6840473]]]}, "properties": {"cleabs": "VOIE_NOM0000002339367352", "identifiant_voie_ban": "59512_1960", "nom": "Rue d'Espagne", "nom_normalise": "R D'ESPAGNE", "type_voie": "rue"}}, {"type": "Feature", "geometry": {"type": "MultiLineString", "coordinates": [[[3.1853309, 50.6844364], [3.1852448, 50.6844509], [3.185025, 50.6845885]]]}, "properties": {"cleabs": "VOIE_NOM0000002339367401", "identifiant_voie_ban": "59512_5hf76q", "nom": "Cour Decraene", "nom_normalise": "COUR DECRAENE", "type_voie": "cour"}}, {"type": "Feature", "geometry": {"type": "MultiLineString", "coordinates": [[[3.1663271, 50.6762874], [3.1662087, 50.6763369], [3.1659816, 50.676426], [3.1658871, 50.6764683], [3.1652638, 50.6767482], [3.1645249, 50.6770893]], [[3.1645249, 50.6770893], [3.1641428, 50.6772756]]]}, "properties": {"cleabs": "VOIE_NOM0000002339367411", "identifiant_voie_ban": "59512_0740", "nom": "Rue Bossuet", "nom_normalise": "R BOSSUET", "type_voie": "rue"}}, {"type": "Feature", "geometry": {"type": "MultiLineString", "coordinates": [[[3.1652475, 50.6820777], [3.1655941, 50.6822541], [3.1657073, 50.682314], [3.1658276, 50.6823946]]]}, "properties": {"cleabs": "VOIE_NOM0000002339367413", "identifiant_voie_ban": "59512_auar6w", "nom": "Rue du Onze Novembre", "nom_normalise": "R DU ONZE NOVEMBRE", "type_voie": "rue"}}, {"type": "Feature", "geometry": {"type": "MultiLineString", "coordinates": [[[3.1801375, 50.6951217], [3.1801873, 50.6952364], [3.1804108, 50.6953133], [3.1810417, 50.6955286], [3.1820163, 50.6958485], [3.1821648, 50.6958985]], [[3.1821648, 50.6958985], [3.1825962, 50.6960378], [3.183005, 50.6961745], [3.1830687, 50.6961951], [3.1838127, 50.6964408], [3.1843092, 50.6965971]]]}, "properties": {"cleabs": "VOIE_NOM0000002339367446", "identifiant_voie_ban": "59512_4351", "nom": "Rue Pellart", "nom_normalise": "R PELLART", "type_voie": "rue"}}, {"type": "Feature", "geometry": {"type": "MultiLineString", "coordinates": [[[3.1801102, 50.6997322], [3.1800408, 50.6996767], [3.1799671, 50.6996311], [3.179936, 50.6996033], [3.1798524, 50.6995514], [3.1798184, 50.6995182], [3.1797872, 50.6994958]], [[3.177501, 50.6994713], [3.1770573, 50.6994576], [3.1764865, 50.6994431], [3.1762195, 50.6994713], [3.1752436, 50.6995893]], [[3.1785774, 50.6994006], [3.1785096, 50.6993963], [3.1784135, 50.6993982], [3.1780745, 50.6994211], [3.177501, 50.6994713]], [[3.1797872, 50.6994958], [3.1797278, 50.6994636], [3.1796684, 50.6994493], [3.1795807, 50.6994369], [3.1791723, 50.6994222], [3.1790112, 50.6994162], [3.1787456, 50.6994076]], [[3.1787456, 50.6994076], [3.1785774, 50.6994006]]]}, "properties": {"cleabs": "VOIE_NOM0000002339367468", "identifiant_voie_ban": "59512_5210", "nom": "Rue des sept Ponts", "nom_normalise": "R DES SEPT PONTS", "type_voie": "rue"}}, {"type": "Feature", "geometry": {"type": "MultiLineString", "coordinates": [[[3.1982205, 50.6895808], [3.198316, 50.6894443], [3.1983836, 50.6893849], [3.198624, 50.6891082]]]}, "properties": {"cleabs": "VOIE_NOM0000002339367475", "identifiant_voie_ban": "59512_5635", "nom": "Allée des Villas", "nom_normalise": "ALL DES VILLAS", "type_voie": "allée"}}, {"type": "Feature", "geometry": {"type": "MultiLineString", "coordinates": [[[3.1875448, 50.6966514], [3.187665, 50.6966827]], [[3.1875448, 50.6966514], [3.1869537, 50.6965106], [3.186661, 50.6964437]]]}, "properties": {"cleabs": "VOIE_NOM0000002339367495", "identifiant_voie_ban": "59512_2250", "nom": "Rue Galilée", "nom_normalise": "R GALILEE", "type_voie": "rue"}}, {"type": "Feature", "geometry": {"type": "MultiLineString", "coordinates": [[[3.181631, 50.6885491], [3.1811244, 50.688295], [3.1809715, 50.688218], [3.1808993, 50.6881795], [3.1808653, 50.6881293], [3.1808538, 50.68808], [3.1808494, 50.6880495], [3.1808606, 50.6880199], [3.1810154, 50.6878644]]]}, "properties": {"cleabs": "VOIE_NOM0000002339367753", "identifiant_voie_ban": "59512_4285", "nom": "Rue Paul Claudel", "nom_normalise": "R PAUL CLAUDEL", "type_voie": "rue"}}, {"type": "Feature", "geometry": {"type": "MultiLineString", "coordinates": [[[3.1563929, 50.697005], [3.1566498, 50.696915], [3.1572384, 50.6967338], [3.1575757, 50.6966168]]]}, "properties": {"cleabs": "VOIE_NOM0000002339367761", "identifiant_voie_ban": "59512_3760", "nom": "Rue de Milan", "nom_normalise": "R DE MILAN", "type_voie": "rue"}}, {"type": "Feature", "geometry": {"type": "MultiLineString", "coordinates": [[[3.1725355, 50.6886329], [3.1722033, 50.6885679]], [[3.1725355, 50.6886329], [3.1735972, 50.6888674], [3.1739633, 50.6889468]], [[3.1686619, 50.6898066], [3.1687578, 50.689758], [3.1691303, 50.6896399], [3.1696469, 50.6895298], [3.1701254, 50.6894187]], [[3.1707802, 50.6892007], [3.1708253, 50.6891854], [3.1708592, 50.6891754]], [[3.1701254, 50.6894187], [3.1703131, 50.689353], [3.1706645, 50.6892376], [3.1707802, 50.6892007]], [[3.1708592, 50.6891754], [3.1721037, 50.6887753], [3.1722293, 50.6887312]]]}, "properties": {"cleabs": "VOIE_NOM0000002339367817", "identifiant_voie_ban": "59512_5190", "nom": "Rue de Sébastopol", "nom_normalise": "R DE SEBASTOPOL", "type_voie": "rue"}}, {"type": "Feature", "geometry": {"type": "MultiLineString", "coordinates": [[[3.1665333, 50.6924558], [3.1662741, 50.6918073], [3.1662456, 50.6917365]], [[3.1672169, 50.6940997], [3.1671574, 50.6940423]], [[3.1665333, 50.6924558], [3.166643, 50.6927176], [3.1668453, 50.6932253], [3.166851, 50.6932405]], [[3.166851, 50.6932405], [3.1671574, 50.6940423]]]}, "properties": {"cleabs": "VOIE_NOM0000002339367823", "identifiant_voie_ban": "59512_1040", "nom": "Rue des Champs", "nom_normalise": "R DES CHAMPS", "type_voie": "rue"}}, {"type": "Feature", "geometry": {"type": "MultiLineString", "coordinates": [[[3.1674408, 50.6981222], [3.1677652, 50.6979369], [3.168299, 50.6982834], [3.1683683, 50.6983139]], [[3.1691417, 50.6988898], [3.1689901, 50.6987635], [3.1683683, 50.6983139]]]}, "properties": {"cleabs": "VOIE_NOM0000002339367825", "identifiant_voie_ban": "59512_0280", "nom": "Rue d'Arcole", "nom_normalise": "R D'ARCOLE", "type_voie": "rue"}}, {"type": "Feature", "geometry": {"type": "MultiLineString", "coordinates": [[[3.1723392, 50.6906944], [3.1721699, 50.6915857]], [[3.1724433, 50.6901747], [3.1723392, 50.6906944]]]}, "properties": {"cleabs": "VOIE_NOM0000002339367845", "identifiant_voie_ban": "59512_4017", "nom": "Rue Neuve", "nom_normalise": "R NEUVE", "type_voie": "rue"}}, {"type": "Feature", "geometry": {"type": "MultiLineString", "coordinates": [[[3.1630236, 50.6796901], [3.1633734, 50.6795281], [3.1635073, 50.6794669]], [[3.1630236, 50.6796901], [3.1626979, 50.6798395], [3.1626682, 50.6798539], [3.1624638, 50.6799591]]]}, "properties": {"cleabs": "VOIE_NOM0000002339367848", "identifiant_voie_ban": "59512_0770", "nom": "Rue du Boulevard", "nom_normalise": "R DU BOULEVARD", "type_voie": "rue"}}, {"type": "Feature", "geometry": {"type": "MultiLineString", "coordinates": [[[3.1655604, 50.6968783], [3.1650307, 50.6964653]], [[3.1659146, 50.6971533], [3.1655604, 50.6968783]], [[3.1659882, 50.6972035], [3.1659146, 50.6971533]], [[3.1669708, 50.697841], [3.1664371, 50.697525], [3.1660803, 50.6973011], [3.1659882, 50.6972035]], [[3.1674408, 50.6981222], [3.1670713, 50.6979001], [3.1669708, 50.697841]], [[3.1680157, 50.6984902], [3.1675399, 50.6981831], [3.1674408, 50.6981222]], [[3.1689234, 50.699109], [3.168442, 50.6987849], [3.1680157, 50.6984902]], [[3.1716386, 50.7014653], [3.1714856, 50.7013318]], [[3.172435, 50.7021345], [3.1723331, 50.702079], [3.1722495, 50.7020101], [3.1720779, 50.7018407], [3.1717109, 50.701528], [3.1716386, 50.7014653]], [[3.1714856, 50.7013318], [3.1711114, 50.7010048], [3.1704808, 50.7004556]], [[3.1704808, 50.7004556], [3.1702144, 50.7002388], [3.1700954, 50.7001403]], [[3.1700954, 50.7001403], [3.1700076, 50.7000659], [3.1700005, 50.7000597]], [[3.1700005, 50.7000597], [3.1699693, 50.7000328]], [[3.1699693, 50.7000328], [3.1695286, 50.6996538]], [[3.1689234, 50.699109], [3.1690255, 50.6991977], [3.1694605, 50.6995857], [3.169479, 50.6996054]], [[3.169479, 50.6996054], [3.1695286, 50.6996538]], [[3.1644386, 50.6959977], [3.16461, 50.6961356], [3.1649825, 50.696425], [3.1650307, 50.6964653]], [[3.1641736, 50.6957629], [3.164219, 50.6958015], [3.1643663, 50.6959404], [3.1644386, 50.6959977]], [[3.1640457, 50.695528], [3.1640742, 50.6956168], [3.1641027, 50.6956751], [3.1641736, 50.6957629]]]}, "properties": {"cleabs": "VOIE_NOM0000002339367987", "identifiant_voie_ban": "59512_0110", "nom": "Rue de l'Alma", "nom_normalise": "R DE L'ALMA", "type_voie": "rue"}}, {"type": "Feature", "geometry": {"type": "MultiLineString", "coordinates": [[[3.182926, 50.6865209], [3.1832064, 50.6867242]], [[3.182926, 50.6865209], [3.1827872, 50.6864197]], [[3.1827872, 50.6864197], [3.1826173, 50.6863042], [3.1822659, 50.6860194]], [[3.1822659, 50.6860194], [3.1821994, 50.6859719], [3.1819387, 50.6857722]], [[3.1819387, 50.6857722], [3.1818793, 50.6857472], [3.1818001, 50.6857096], [3.1816742, 50.6856649]], [[3.1803897, 50.6851257], [3.1807505, 50.6852903], [3.1813616, 50.6855388], [3.1816742, 50.6856649]], [[3.1786893, 50.6844129], [3.1796414, 50.6848225], [3.1803897, 50.6851257]], [[3.1832064, 50.6867242], [3.1835322, 50.6869705], [3.183579, 50.6870081], [3.183892, 50.6872482], [3.1841809, 50.6874523]], [[3.178025, 50.6842748], [3.178343, 50.6843309], [3.1785508, 50.6843709], [3.1786116, 50.684387], [3.1786469, 50.6844004], [3.1786893, 50.6844129]], [[3.1772363, 50.6841377], [3.177837, 50.6842419], [3.178025, 50.6842748]], [[3.1767077, 50.6840442], [3.1768166, 50.6840836], [3.1770342, 50.6841075], [3.1772363, 50.6841377]]]}, "properties": {"cleabs": "VOIE_NOM0000002339367991", "identifiant_voie_ban": "59512_1640", "nom": "Rue Decrême", "nom_normalise": "R DECREME", "type_voie": "rue"}}, {"type": "Feature", "geometry": {"type": "MultiLineString", "coordinates": [[[3.1894108, 50.7029183], [3.1896642, 50.7030543], [3.1898016, 50.7031277]], [[3.1898016, 50.7031277], [3.1901556, 50.7033237]], [[3.1889379, 50.7026669], [3.1894108, 50.7029183]], [[3.1886774, 50.7025282], [3.1889379, 50.7026669]], [[3.187893, 50.7020978], [3.188659, 50.7025175], [3.1886774, 50.7025282]], [[3.187893, 50.7020978], [3.1874088, 50.7018517], [3.1869869, 50.7016316], [3.1864927, 50.7013506], [3.1864572, 50.7012816]], [[3.1934958, 50.7051186], [3.1938725, 50.7053271]], [[3.1931899, 50.7049513], [3.1934958, 50.7051186]], [[3.1929931, 50.704843], [3.1930044, 50.7048493], [3.1931899, 50.7049513]], [[3.1929124, 50.7048001], [3.1929931, 50.704843]], [[3.192683, 50.7046748], [3.1929124, 50.7048001]], [[3.1925541, 50.7046059], [3.1926448, 50.7046542], [3.192683, 50.7046748]], [[3.1920713, 50.7043473], [3.1925541, 50.7046059]], [[3.1920713, 50.7043473], [3.191192, 50.7038713]], [[3.191192, 50.7038713], [3.1909824, 50.7037576], [3.1901556, 50.7033237]]]}, "properties": {"cleabs": "VOIE_NOM0000002339368000", "identifiant_voie_ban": "59512_4140", "nom": "Rue d'Oran", "nom_normalise": "R D'ORAN", "type_voie": "rue"}}, {"type": "Feature", "geometry": {"type": "MultiLineString", "coordinates": [[[3.1699067, 50.6744734], [3.1699165, 50.6744366], [3.1699206, 50.6744034], [3.1699176, 50.6743532], [3.169909, 50.6743065], [3.1698918, 50.6742464], [3.1698832, 50.6741971], [3.1698702, 50.6741226]], [[3.1699067, 50.6744734], [3.1699929, 50.6744948], [3.170065, 50.6745037], [3.1701808, 50.6745]], [[3.1695445, 50.6746812], [3.169584, 50.674674], [3.1696038, 50.6746713], [3.1696418, 50.6746569], [3.1696855, 50.6746335], [3.1698138, 50.6745624], [3.1698533, 50.6745336], [3.1698688, 50.6745237], [3.1699067, 50.6744734]]]}, "properties": {"cleabs": "VOIE_NOM0000002339368033", "identifiant_voie_ban": "59512_1947", "nom": "Allée des Erables", "nom_normalise": "ALL DES ERABLES", "type_voie": "allée"}}, {"type": "Feature", "geometry": {"type": "MultiLineString", "coordinates": [[[3.1918875, 50.6866061], [3.19178, 50.6865569], [3.1915523, 50.6864729], [3.1915155, 50.6864622]]]}, "properties": {"cleabs": "VOIE_NOM0000002339368203", "identifiant_voie_ban": "59512_2460", "nom": "Rue Guizot", "nom_normalise": "R GUIZOT", "type_voie": "rue"}}, {"type": "Feature", "geometry": {"type": "MultiLineString", "coordinates": [[[3.1883344, 50.6706384], [3.1872643, 50.669976], [3.1871624, 50.6699169]], [[3.1881045, 50.6707258], [3.1880125, 50.6706676], [3.18767, 50.6704509], [3.1871265, 50.6701117], [3.1870345, 50.6700633], [3.1869595, 50.6700249]], [[3.1888193, 50.6711671], [3.1883579, 50.6708851], [3.1882361, 50.670809], [3.1881045, 50.6707258]], [[3.189604, 50.6714333], [3.1892813, 50.6712355], [3.1883641, 50.6706554], [3.1883344, 50.6706384]], [[3.189217, 50.6714187], [3.1890387, 50.6713086], [3.1888193, 50.6711671]], [[3.189217, 50.6714187], [3.1894081, 50.6715449]], [[3.1913196, 50.672504], [3.1909983, 50.6723008]], [[3.1909983, 50.6723008], [3.1908412, 50.6722184]], [[3.1911039, 50.6726102], [3.1908859, 50.6724723], [3.1905604, 50.6722691]], [[3.1917938, 50.6728039], [3.1913196, 50.672504]], [[3.190014, 50.6719281], [3.1898144, 50.6718027], [3.1894081, 50.6715449]], [[3.1897555, 50.6715264], [3.189604, 50.6714333]], [[3.1908412, 50.6722184], [3.1899763, 50.6716616], [3.1897824, 50.6715425], [3.1897555, 50.6715264]], [[3.1905604, 50.6722691], [3.190014, 50.6719281]], [[3.1956473, 50.6752522], [3.1950229, 50.6748529], [3.1943575, 50.6744259]], [[3.1953155, 50.6752733], [3.1952687, 50.6752438], [3.1944462, 50.6747237], [3.1940937, 50.6745017]], [[3.1955009, 50.6753825], [3.1953155, 50.6752733]], [[3.1959898, 50.6754571], [3.1956473, 50.6752522]], [[3.197786, 50.6768345], [3.1975495, 50.676685]], [[3.1986411, 50.6773679], [3.19813, 50.6770529], [3.197786, 50.6768345]], [[3.198978, 50.6775765], [3.1986935, 50.677401], [3.1986411, 50.6773679]], [[3.1959143, 50.6756538], [3.1955009, 50.6753825]], [[3.1977496, 50.676559], [3.1959898, 50.6754571]], [[3.1972508, 50.6764961], [3.1959143, 50.6756538]], [[3.1975495, 50.676685], [3.1972508, 50.6764961]], [[3.1991866, 50.6774505], [3.1977496, 50.676559]], [[3.1932618, 50.673734], [3.1926927, 50.6733723]], [[3.1930589, 50.6738473], [3.1928664, 50.6737256], [3.1928565, 50.6737211]], [[3.1943575, 50.6744259], [3.1932618, 50.673734]], [[3.1940937, 50.6745017], [3.1930589, 50.6738473]], [[3.1919745, 50.6731625], [3.1919094, 50.6731214], [3.1911039, 50.6726102]], [[3.192486, 50.6732425], [3.1924478, 50.6732183], [3.1917938, 50.6728039]], [[3.1926927, 50.6733723], [3.1926856, 50.6733678], [3.192486, 50.6732425]], [[3.1928565, 50.6737211], [3.1919745, 50.6731625]]]}, "properties": {"cleabs": "VOIE_NOM0000002339368266", "identifiant_voie_ban": "59512_0090", "nom": "Avenue Alfred Motte", "nom_normalise": "AV ALFRED MOTTE", "type_voie": "avenue"}}, {"type": "Feature", "geometry": {"type": "MultiLineString", "coordinates": [[[3.174433, 50.7009096], [3.174491, 50.7009391], [3.1750515, 50.7012219], [3.1751789, 50.7012872], [3.1752271, 50.7013221], [3.1752795, 50.7013606]], [[3.1735356, 50.7004487], [3.1740649, 50.7007208], [3.174433, 50.7009096]]]}, "properties": {"cleabs": "VOIE_NOM0000002339368274", "identifiant_voie_ban": "59512_5040", "nom": "Rue Saint-Laurent", "nom_normalise": "R SAINT-LAURENT", "type_voie": "rue"}}, {"type": "Feature", "geometry": {"type": "MultiLineString", "coordinates": [[[3.1917925, 50.6850126], [3.1919809, 50.6851684], [3.1920658, 50.6852114]], [[3.1907042, 50.6840953], [3.1915374, 50.6848012], [3.1917443, 50.6849741]], [[3.1917443, 50.6849741], [3.1917925, 50.6850126]]]}, "properties": {"cleabs": "VOIE_NOM0000002339368297", "identifiant_voie_ban": "59512_3630", "nom": "Rue Masséna", "nom_normalise": "R MASSENA", "type_voie": "rue"}}, {"type": "Feature", "geometry": {"type": "MultiLineString", "coordinates": [[[3.1967629, 50.6946935], [3.1965421, 50.6949586], [3.1963046, 50.6952659], [3.1962174, 50.6953836]], [[3.1962174, 50.6953836], [3.1961613, 50.6954743], [3.1958647, 50.695875], [3.1956497, 50.6961553], [3.1954782, 50.6963907], [3.1954065, 50.6964841], [3.1951718, 50.6967815]], [[3.1951718, 50.6967815], [3.1950832, 50.6968956], [3.1947542, 50.6973214], [3.1946699, 50.6974346], [3.1943817, 50.697812]], [[3.1941624, 50.6980824], [3.1941919, 50.6980447]], [[3.1916613, 50.7013454], [3.191719, 50.7012646], [3.1922504, 50.7005621], [3.1925147, 50.7002153], [3.1925442, 50.7001775], [3.1926215, 50.7000769]], [[3.1913, 50.7018207], [3.1915109, 50.7015413], [3.1916613, 50.7013454]], [[3.1936464, 50.6987437], [3.1939655, 50.6983322], [3.1941624, 50.6980824]], [[3.1926215, 50.7000769], [3.1930771, 50.6994902], [3.1935536, 50.6988623], [3.1936464, 50.6987437]], [[3.1943339, 50.6978668], [3.1943817, 50.697812]], [[3.1941919, 50.6980447], [3.1943058, 50.6979], [3.1943339, 50.6978668]], [[3.1901556, 50.7033237], [3.1898012, 50.7037765], [3.1895706, 50.7040766]], [[3.1887874, 50.7050944], [3.188523, 50.7054385], [3.1883458, 50.705673]], [[3.1887874, 50.7050944], [3.1891143, 50.7052447], [3.189188, 50.705302], [3.1891614, 50.7053675], [3.1886261, 50.7058054]], [[3.1866949, 50.7078416], [3.1867934, 50.7077275]], [[3.1872799, 50.7070753], [3.1877299, 50.7064887], [3.1883458, 50.705673]], [[3.1872799, 50.7070753], [3.187256, 50.7071086], [3.1869551, 50.7075029], [3.1867934, 50.7077275]], [[3.1895706, 50.7040766], [3.1894019, 50.7042985], [3.1890053, 50.704815], [3.1889772, 50.7048501]], [[3.1889772, 50.7048501], [3.1887874, 50.7050944]], [[3.1908979, 50.702348], [3.1909879, 50.7022313], [3.1913, 50.7018207]], [[3.1901556, 50.7033237], [3.1905394, 50.7028062], [3.1908979, 50.702348]]]}, "properties": {"cleabs": "VOIE_NOM0000002339368312", "identifiant_voie_ban": "59512_0100", "nom": "Rue d'Alger", "nom_normalise": "R D'ALGER", "type_voie": "rue"}}, {"type": "Feature", "geometry": {"type": "MultiLineString", "coordinates": [[[3.1972138, 50.6904286], [3.1976309, 50.6905392]]]}, "properties": {"cleabs": "VOIE_NOM0000002339368353", "identifiant_voie_ban": "59512_72vk97", "nom": "Impasse de l'Orange", "nom_normalise": "IMP DE L'ORANGE", "type_voie": "impasse"}}, {"type": "Feature", "geometry": {"type": "MultiLineString", "coordinates": [[[3.1861661, 50.7005291], [3.1860101, 50.7007591], [3.1858064, 50.7010806], [3.1857884, 50.7011641], [3.1856856, 50.7012684]], [[3.1862611, 50.700616], [3.1859197, 50.7011325], [3.1858355, 50.7012807]], [[3.1878029, 50.6980509], [3.1877594, 50.6981147], [3.1875613, 50.6984264], [3.1875135, 50.6985009], [3.187071, 50.6991647], [3.1870527, 50.6991917], [3.1866902, 50.6997261], [3.1862995, 50.7003136], [3.1861788, 50.7005094], [3.1861661, 50.7005291]]]}, "properties": {"cleabs": "VOIE_NOM0000002339368376", "identifiant_voie_ban": "59512_4890", "nom": "Quai de Rouen", "nom_normalise": "QU DE ROUEN", "type_voie": "quai"}}, {"type": "Feature", "geometry": {"type": "MultiLineString", "coordinates": [[[3.1966758, 50.6883341], [3.1971922, 50.6885379]], [[3.1971922, 50.6885379], [3.1969769, 50.6887366], [3.196936, 50.6887725], [3.1968375, 50.6888597], [3.1966462, 50.6890602], [3.1965182, 50.6892093]], [[3.1961212, 50.6881214], [3.1966758, 50.6883341]], [[3.1954315, 50.6887588], [3.1957694, 50.6884585], [3.1959369, 50.6883084], [3.1960312, 50.6882158], [3.1961212, 50.6881214]], [[3.1954315, 50.6887588], [3.1951979, 50.6889862]]]}, "properties": {"cleabs": "VOIE_NOM0000002339368485", "identifiant_voie_ban": "59512_0970", "nom": "Place Carnot", "nom_normalise": "PL CARNOT", "type_voie": "place"}}, {"type": "Feature", "geometry": {"type": "MultiLineString", "coordinates": [[[3.1667005, 50.6900497], [3.1666806, 50.6900103], [3.1666041, 50.6899476], [3.1663903, 50.6898034], [3.1656795, 50.6892919], [3.16562, 50.6892489]]]}, "properties": {"cleabs": "VOIE_NOM0000002339368571", "identifiant_voie_ban": "59512_1330", "nom": "Rue de la Concorde", "nom_normalise": "R DE LA CONCORDE", "type_voie": "rue"}}, {"type": "Feature", "geometry": {"type": "MultiLineString", "coordinates": [[[3.1696404, 50.6951239], [3.1690605, 50.6953535], [3.168032, 50.6957641], [3.1672559, 50.6960612], [3.167163, 50.6961376]], [[3.1708504, 50.694486], [3.170049, 50.6947949], [3.1695242, 50.6950092]], [[3.17101, 50.6944651], [3.1709408, 50.6944751], [3.1708504, 50.694486]]]}, "properties": {"cleabs": "VOIE_NOM0000002339368582", "identifiant_voie_ban": "59512_1850", "nom": "Rue des Écoles", "nom_normalise": "R DES ECOLES", "type_voie": "rue"}}, {"type": "Feature", "geometry": {"type": "MultiLineString", "coordinates": [[[3.1641063, 50.68988], [3.1634705, 50.6898369], [3.1626396, 50.6897635]], [[3.1645316, 50.6899099], [3.1644553, 50.6899038], [3.1641063, 50.68988]], [[3.1667005, 50.6900497], [3.1668206, 50.6900639], [3.1669266, 50.6900737], [3.167366, 50.6901], [3.1675342, 50.6901123], [3.1676415, 50.6901113], [3.167818, 50.6900742]], [[3.1664857, 50.6900375], [3.1667005, 50.6900497]], [[3.1655094, 50.6899759], [3.1646871, 50.6899205], [3.1645316, 50.6899099]], [[3.1664857, 50.6900375], [3.1655094, 50.6899759]]]}, "properties": {"cleabs": "VOIE_NOM0000002339368652", "identifiant_voie_ban": "59512_4750", "nom": "Rue Rémy Cogghe", "nom_normalise": "R REMY COGGHE", "type_voie": "rue"}}, {"type": "Feature", "geometry": {"type": "MultiLineString", "coordinates": [[[3.1792434, 50.6947918], [3.1792923, 50.6946419], [3.1797759, 50.6935787], [3.1801741, 50.6927293]], [[3.1746565, 50.6993631], [3.1747327, 50.699337], [3.1748329, 50.699301], [3.1749316, 50.6992649], [3.175722, 50.6990054], [3.1767395, 50.6986728], [3.1768199, 50.6986449], [3.1768947, 50.6986143]], [[3.1768947, 50.6986143], [3.1769497, 50.6985801], [3.1769778, 50.6985505], [3.1770116, 50.6985073], [3.1770439, 50.6984535], [3.1772925, 50.6980457], [3.1772968, 50.6980394]], [[3.1772968, 50.6980394], [3.1774316, 50.6978095]], [[3.1774316, 50.6978095], [3.1778349, 50.6971907]], [[3.1778349, 50.6971907], [3.1782183, 50.6965539], [3.1782266, 50.6964965], [3.1783881, 50.6962351]], [[3.179238, 50.6948771], [3.1792434, 50.6947918]], [[3.1787831, 50.695653], [3.1791047, 50.695116], [3.179238, 50.6948771]], [[3.1783881, 50.6962351], [3.1784977, 50.69606], [3.1785667, 50.6960006], [3.1787831, 50.695653]]]}, "properties": {"cleabs": "VOIE_NOM0000002339368745", "identifiant_voie_ban": "59512_1310", "nom": "Rue du Collège", "nom_normalise": "R DU COLLEGE", "type_voie": "rue"}}, {"type": "Feature", "geometry": {"type": "MultiLineString", "coordinates": [[[3.162429, 50.6966868], [3.1618857, 50.6968993], [3.1615344, 50.6970352], [3.1614059, 50.6970848], [3.161286, 50.6971307], [3.1610899, 50.6972045], [3.1608612, 50.697282], [3.1608104, 50.6973009], [3.1608034, 50.6973027]], [[3.1608034, 50.6973027], [3.1604096, 50.6974504], [3.1598113, 50.6976746], [3.1597732, 50.6976872]]]}, "properties": {"cleabs": "VOIE_NOM0000002339368813", "identifiant_voie_ban": "59512_1940", "nom": "Rue d'Epinal", "nom_normalise": "R D'EPINAL", "type_voie": "rue"}}, {"type": "Feature", "geometry": {"type": "MultiLineString", "coordinates": [[[3.1784155, 50.6999563], [3.1781154, 50.6997961], [3.1776044, 50.6995232], [3.177501, 50.6994713]]]}, "properties": {"cleabs": "VOIE_NOM0000002339369072", "identifiant_voie_ban": "59512_1470", "nom": "Rue de Courtrai", "nom_normalise": "R DE COURTRAI", "type_voie": "rue"}}, {"type": "Feature", "geometry": {"type": "MultiLineString", "coordinates": [[[3.1693105, 50.693239], [3.1693942, 50.6933232], [3.1697077, 50.6937149], [3.1697432, 50.6937642]], [[3.1690352, 50.6928625], [3.1692524, 50.6931816]], [[3.1693105, 50.693239], [3.1692524, 50.6931816]]]}, "properties": {"cleabs": "VOIE_NOM0000002339369150", "identifiant_voie_ban": "59512_4010", "nom": "Rue Nationale", "nom_normalise": "R NATIONALE", "type_voie": "rue"}}, {"type": "Feature", "geometry": {"type": "MultiLineString", "coordinates": [[[3.1613603, 50.686427], [3.1613079, 50.6863669], [3.1606856, 50.6856839], [3.1605368, 50.6855352], [3.1603682, 50.6853667]], [[3.1603682, 50.6853667], [3.1602973, 50.6853022]]]}, "properties": {"cleabs": "VOIE_NOM0000002339369176", "identifiant_voie_ban": "59512_1415", "nom": "Cour Six", "nom_normalise": "COUR SIX", "type_voie": "cour"}}, {"type": "Feature", "geometry": {"type": "MultiLineString", "coordinates": [[[3.1644386, 50.6959977], [3.1645613, 50.6959428], [3.1650578, 50.6956998], [3.1657278, 50.695375], [3.1659196, 50.6952743]]]}, "properties": {"cleabs": "VOIE_NOM0000002339369214", "identifiant_voie_ban": "59512_0370", "nom": "Rue de l'Avocat", "nom_normalise": "R DE L'AVOCAT", "type_voie": "rue"}}, {"type": "Feature", "geometry": {"type": "MultiLineString", "coordinates": [[[3.185671, 50.6885512], [3.1858351, 50.688603], [3.1867982, 50.6889138], [3.1869029, 50.6889424]], [[3.1869029, 50.6889424], [3.1877133, 50.6892131], [3.1878774, 50.6892631]], [[3.1893898, 50.689888], [3.189179, 50.6897986]], [[3.1886484, 50.689576], [3.1880118, 50.6893122], [3.1878774, 50.6892631]], [[3.189179, 50.6897986], [3.1887843, 50.6896323], [3.1886484, 50.689576]]]}, "properties": {"cleabs": "VOIE_NOM0000002339369245", "identifiant_voie_ban": "59512_2775", "nom": "Rue Jacques Prévert", "nom_normalise": "R JACQUES PREVERT", "type_voie": "rue"}}, {"type": "Feature", "geometry": {"type": "MultiLineString", "coordinates": [[[3.1956549, 50.6779308], [3.1947842, 50.6784814], [3.1946743, 50.6785408]], [[3.1968143, 50.6771788], [3.1969537, 50.6770879], [3.1975495, 50.676685]], [[3.1956549, 50.6779308], [3.1968143, 50.6771788]]]}, "properties": {"cleabs": "VOIE_NOM0000002339369347", "identifiant_voie_ban": "59512_3140", "nom": "Rue Leconte Baillon", "nom_normalise": "R LECONTE BAILLON", "type_voie": "rue"}}, {"type": "Feature", "geometry": {"type": "MultiLineString", "coordinates": [[[3.1720931, 50.6728982], [3.1722383, 50.6728469], [3.1725176, 50.672746]], [[3.1702003, 50.6740019], [3.1700861, 50.6740622], [3.170024, 50.674082], [3.1699704, 50.6741045], [3.1699239, 50.6741171], [3.1698702, 50.6741226]], [[3.1698702, 50.6741226], [3.1698123, 50.6741218], [3.1697869, 50.6741182]], [[3.1697082, 50.6734004], [3.1697969, 50.6733285], [3.1698745, 50.6732871], [3.1699492, 50.6732556], [3.1700056, 50.6732322]], [[3.1697869, 50.6741182], [3.1697459, 50.674112], [3.1696865, 50.674087], [3.1696441, 50.6740592], [3.1695973, 50.6740252], [3.1695718, 50.6739956], [3.169542, 50.6739508], [3.1695263, 50.673905], [3.1695262, 50.6738557], [3.1695302, 50.6737883], [3.1695327, 50.673713], [3.1695381, 50.6736205]], [[3.1695381, 50.6736205], [3.1695591, 50.6735604], [3.1695773, 50.6735227], [3.1696237, 50.6734634], [3.1696871, 50.6734193], [3.1697082, 50.6734004]], [[3.1700056, 50.6732322], [3.1700268, 50.673225], [3.1700959, 50.6732034], [3.1701255, 50.6731881]], [[3.1701011, 50.6722432], [3.1700996, 50.6722154], [3.1701063, 50.6720978]], [[3.1701011, 50.6722432], [3.1701186, 50.6724101], [3.1701348, 50.672612], [3.1701377, 50.6726299]], [[3.1701377, 50.6726299], [3.1701521, 50.6727071], [3.1701635, 50.6727331], [3.1702033, 50.6728165], [3.1702361, 50.6729115], [3.1702462, 50.6729842], [3.170245, 50.6730363], [3.1702142, 50.673109], [3.1701861, 50.6731485], [3.1701452, 50.6731791], [3.1701255, 50.6731881]], [[3.1708272, 50.6719111], [3.1708597, 50.6719182], [3.1709855, 50.671936], [3.1711691, 50.6719546], [3.1712779, 50.6719625], [3.1713895, 50.6719713]], [[3.1701063, 50.6720978], [3.1701076, 50.6720709], [3.1701173, 50.6720278], [3.1701356, 50.6719946], [3.1701708, 50.6719613], [3.170213, 50.6719272], [3.1702652, 50.6718993], [3.1703173, 50.6718777], [3.170378, 50.6718623], [3.17045, 50.6718523], [3.1705418, 50.671854], [3.1706195, 50.6718701], [3.1706252, 50.6718718], [3.170734, 50.6718914], [3.1708272, 50.6719111]], [[3.1702003, 50.6740019], [3.1702496, 50.6739624], [3.1703692, 50.6738518], [3.1704635, 50.6737575], [3.1705453, 50.6737107], [3.170668, 50.6736585], [3.1707427, 50.6736296], [3.1708626, 50.6735918], [3.1708697, 50.6735873]], [[3.1713161, 50.6732376], [3.1712992, 50.673252], [3.170926, 50.6735513], [3.1708697, 50.6735873]], [[3.1719323, 50.6729541], [3.1720479, 50.6729135], [3.1720931, 50.6728982]], [[3.1713161, 50.6732376], [3.1714584, 50.6731225], [3.1715204, 50.6730946], [3.1719323, 50.6729541]], [[3.1713895, 50.6719713], [3.171446, 50.6719757], [3.1716239, 50.6719826], [3.1716719, 50.6719808], [3.1717721, 50.6719483]]]}, "properties": {"cleabs": "VOIE_NOM0000002339369438", "identifiant_voie_ban": "59512_2609", "nom": "Avenue des Hêtres", "nom_normalise": "AV DES HETRES", "type_voie": "avenue"}}, {"type": "Feature", "geometry": {"type": "MultiLineString", "coordinates": [[[3.1717721, 50.6719483], [3.1721712, 50.6718105], [3.1727621, 50.6715844]], [[3.1735533, 50.6712845], [3.1740201, 50.6711089], [3.1745885, 50.6709026], [3.1746604, 50.6708666]], [[3.1727621, 50.6715844], [3.1731711, 50.6714286], [3.1735533, 50.6712845]]]}, "properties": {"cleabs": "VOIE_NOM0000002339369502", "identifiant_voie_ban": "59512_3580", "nom": "Rue du Maroc", "nom_normalise": "R DU MAROC", "type_voie": "rue"}}, {"type": "Feature", "geometry": {"type": "MultiLineString", "coordinates": [[[3.1775518, 50.6802768], [3.1778085, 50.6805806]], [[3.1778085, 50.6805806], [3.1778198, 50.6805941], [3.178258, 50.6810924], [3.1785133, 50.6813926]]]}, "properties": {"cleabs": "VOIE_NOM0000002339369817", "identifiant_voie_ban": "59512_3530", "nom": "Rue Marc Sangnier", "nom_normalise": "R MARC SANGNIER", "type_voie": "rue"}}, {"type": "Feature", "geometry": {"type": "MultiLineString", "coordinates": [[[3.1681432, 50.6867832], [3.169312, 50.6861526], [3.169367, 50.6861157], [3.1694093, 50.6860833], [3.1694374, 50.6860501]], [[3.1647492, 50.6886327], [3.1654613, 50.6882468]], [[3.1654613, 50.6882468], [3.1657871, 50.6880723], [3.1667656, 50.687537]], [[3.1667656, 50.687537], [3.167764, 50.6870116], [3.1681432, 50.6867832]], [[3.1595344, 50.6914743], [3.1592806, 50.6916155], [3.1592214, 50.6916523]], [[3.1602368, 50.6910983], [3.159691, 50.6913906]], [[3.159691, 50.6913906], [3.1595669, 50.6914572], [3.1595344, 50.6914743]], [[3.1602368, 50.6910983], [3.1604116, 50.6909993], [3.1609898, 50.6906836], [3.1612211, 50.6905586]], [[3.1612211, 50.6905586], [3.1617259, 50.6902851]], [[3.1624549, 50.6898624], [3.1624408, 50.6898705], [3.1622405, 50.6899767], [3.1617259, 50.6902851]], [[3.1635619, 50.6892723], [3.1626396, 50.6897635]], [[3.1626396, 50.6897635], [3.1625452, 50.6898156], [3.1624549, 50.6898624]], [[3.1642515, 50.6889044], [3.1641288, 50.6889691], [3.1639299, 50.6890744], [3.163741, 50.6891761], [3.1635619, 50.6892723]], [[3.1647492, 50.6886327], [3.1642515, 50.6889044]]]}, "properties": {"cleabs": "VOIE_NOM0000002339369822", "identifiant_voie_ban": "59512_0320", "nom": "Rue des Arts", "nom_normalise": "R DES ARTS", "type_voie": "rue"}}, {"type": "Feature", "geometry": {"type": "MultiLineString", "coordinates": [[[3.192277, 50.7015993], [3.1919968, 50.7018654]]]}, "properties": {"cleabs": "VOIE_NOM0000002339369854", "identifiant_voie_ban": "59512_4fiy37", "nom": "Cour Saint-Dominique", "nom_normalise": "COUR SAINT-DOMINIQUE", "type_voie": "cour"}}, {"type": "Feature", "geometry": {"type": "MultiLineString", "coordinates": [[[3.1864703, 50.704818], [3.1865298, 50.7048466]], [[3.1858022, 50.7045157], [3.1864703, 50.704818]], [[3.1853153, 50.7042965], [3.1858022, 50.7045157]], [[3.1841518, 50.7037518], [3.1846528, 50.7039763], [3.1853153, 50.7042965]], [[3.1840881, 50.7037241], [3.1840527, 50.703708]], [[3.1841518, 50.7037518], [3.1840881, 50.7037241]], [[3.1865298, 50.7048466], [3.1877372, 50.7053975], [3.1883458, 50.705673]], [[3.1883458, 50.705673], [3.1886261, 50.7058054]], [[3.1886261, 50.7058054], [3.189089, 50.7060155], [3.1896396, 50.7062659], [3.1901379, 50.7064985], [3.1903035, 50.7065745]], [[3.1903035, 50.7065745], [3.1908513, 50.7067926]]]}, "properties": {"cleabs": "VOIE_NOM0000002339369976", "identifiant_voie_ban": "59512_1380", "nom": "Rue de Constantine", "nom_normalise": "R DE CONSTANTINE", "type_voie": "rue"}}, {"type": "Feature", "geometry": {"type": "MultiLineString", "coordinates": [[[3.182634, 50.6990322], [3.1822011, 50.6988785]]]}, "properties": {"cleabs": "VOIE_NOM0000002339370005", "identifiant_voie_ban": "59512_4q5sct", "nom": "Impasse Beaufort", "nom_normalise": "IMP BEAUFORT", "type_voie": "impasse"}}, {"type": "Feature", "geometry": {"type": "MultiLineString", "coordinates": [[[3.1837516, 50.6693432], [3.1836375, 50.6694349]], [[3.1836375, 50.6694349], [3.1835433, 50.6695247], [3.1834279, 50.6696299], [3.1833928, 50.6697017], [3.1833661, 50.6697422], [3.183276, 50.6698213], [3.1832211, 50.6698563]], [[3.1834677, 50.6712711], [3.1834192, 50.6715135], [3.183414, 50.6716212]], [[3.1830376, 50.6714091], [3.1832483, 50.6715066], [3.183414, 50.6716212]], [[3.1848172, 50.6738168], [3.184793, 50.6737612], [3.1847248, 50.6736518], [3.184401, 50.6731623], [3.1843556, 50.6730951], [3.1839679, 50.6725088], [3.1839268, 50.6724469], [3.1835518, 50.6718687], [3.1834466, 50.6716804], [3.183414, 50.6716212]], [[3.1830995, 50.6709585], [3.1831689, 50.6710257], [3.1832566, 50.6710821], [3.1833077, 50.6711278]], [[3.1832211, 50.6698563], [3.1832437, 50.6698662], [3.1832763, 50.6698922], [3.1832919, 50.6699146], [3.1832935, 50.6699478], [3.1832502, 50.6701031], [3.1832281, 50.6702252], [3.1831977, 50.6704047], [3.1831607, 50.6707287], [3.1830995, 50.6709585]], [[3.1830995, 50.6709585], [3.1830506, 50.6711201], [3.1830637, 50.6712161]]]}, "properties": {"cleabs": "VOIE_NOM0000002339370063", "identifiant_voie_ban": "59512_1080", "nom": "Avenue Charles Fourier", "nom_normalise": "AV CHARLES FOURIER", "type_voie": "avenue"}}, {"type": "Feature", "geometry": {"type": "MultiLineString", "coordinates": [[[3.188076, 50.7034301], [3.1877605, 50.7036908], [3.1874098, 50.7040054], [3.1873154, 50.7040943]], [[3.1889379, 50.7026669], [3.1885689, 50.7029905], [3.1884196, 50.7031182]], [[3.1884196, 50.7031182], [3.188252, 50.703262], [3.188076, 50.7034301]]]}, "properties": {"cleabs": "VOIE_NOM0000002339370082", "identifiant_voie_ban": "59512_4670", "nom": "Rue des Pyramides", "nom_normalise": "R DES PYRAMIDES", "type_voie": "rue"}}, {"type": "Feature", "geometry": {"type": "MultiLineString", "coordinates": [[[3.1617353, 50.6778468], [3.1616606, 50.6779034], [3.1615266, 50.6779718], [3.16138, 50.6780483], [3.1606706, 50.6783624], [3.1605366, 50.6784209]]]}, "properties": {"cleabs": "VOIE_NOM0000002339370166", "identifiant_voie_ban": "59512_1440", "nom": "Avenue des Cottages", "nom_normalise": "AV DES COTTAGES", "type_voie": "avenue"}}, {"type": "Feature", "geometry": {"type": "MultiLineString", "coordinates": [[[3.1871165, 50.6761591], [3.1867684, 50.6763588], [3.1860327, 50.6767557], [3.185438, 50.6770868], [3.1851377, 50.6772461]]]}, "properties": {"cleabs": "VOIE_NOM0000002339370173", "identifiant_voie_ban": "59512_1860", "nom": "Rue Edgar Quinet", "nom_normalise": "R EDGAR QUINET", "type_voie": "rue"}}, {"type": "Feature", "geometry": {"type": "MultiLineString", "coordinates": [[[3.1803052, 50.6828232], [3.1809088, 50.6825701], [3.1809906, 50.6825377]], [[3.1799808, 50.6829672], [3.180253, 50.6828484], [3.1803052, 50.6828232]], [[3.1772363, 50.6841377], [3.1772673, 50.6840982], [3.177335, 50.6840712], [3.1774252, 50.684036], [3.1786664, 50.6835183]], [[3.1798553, 50.6830132], [3.1799808, 50.6829672]], [[3.1786664, 50.6835183], [3.1786903, 50.6835084], [3.1794914, 50.6831635], [3.1796381, 50.6831059], [3.1798553, 50.6830132]]]}, "properties": {"cleabs": "VOIE_NOM0000002339370383", "identifiant_voie_ban": "59512_1680", "nom": "Rue de Denain", "nom_normalise": "R DE DENAIN", "type_voie": "rue"}}, {"type": "Feature", "geometry": {"type": "MultiLineString", "coordinates": [[[3.1812604, 50.6829564], [3.1809487, 50.6830645], [3.180314, 50.6833194], [3.1796652, 50.6835761], [3.1781207, 50.6841885], [3.1780629, 50.6842245], [3.1780461, 50.6842442], [3.178025, 50.6842748]]]}, "properties": {"cleabs": "VOIE_NOM0000002339370420", "identifiant_voie_ban": "59512_4240", "nom": "Rue des Parvenus", "nom_normalise": "R DES PARVENUS", "type_voie": "rue"}}, {"type": "Feature", "geometry": {"type": "MultiLineString", "coordinates": [[[3.1756489, 50.6866167], [3.1754454, 50.6865775], [3.175236, 50.6865024]], [[3.175236, 50.6865024], [3.1752134, 50.686506], [3.1746024, 50.686261], [3.1745896, 50.686244]]]}, "properties": {"cleabs": "VOIE_NOM0000002339370442", "identifiant_voie_ban": "59512_gvcr37", "nom": "Cour Dubar", "nom_normalise": "COUR DUBAR", "type_voie": "cour"}}, {"type": "Feature", "geometry": {"type": "MultiLineString", "coordinates": [[[3.1840081, 50.7054031], [3.1830653, 50.7049576]]]}, "properties": {"cleabs": "VOIE_NOM0000002339370466", "identifiant_voie_ban": "59512_0633", "nom": "Rue du Blanc Pignon", "nom_normalise": "R DU BLANC PIGNON", "type_voie": "rue"}}, {"type": "Feature", "geometry": {"type": "MultiLineString", "coordinates": [[[3.2048399, 50.6898761], [3.2051314, 50.6899967], [3.2052206, 50.6900594], [3.2053834, 50.6901336], [3.2055336, 50.6902437]], [[3.2050352, 50.6896335], [3.2049101, 50.6897835], [3.2048399, 50.6898761]], [[3.2061857, 50.690799], [3.2065381, 50.6909618]], [[3.2061857, 50.690799], [3.2058426, 50.6905071], [3.2055336, 50.6902437]]]}, "properties": {"cleabs": "VOIE_NOM0000002339370482", "identifiant_voie_ban": "59512_0440", "nom": "Rue Basse", "nom_normalise": "R BASSE", "type_voie": "rue"}}, {"type": "Feature", "geometry": {"type": "MultiLineString", "coordinates": [[[3.1726936, 50.6766996], [3.1720903, 50.6770279], [3.1715391, 50.6773141], [3.1711824, 50.677494]], [[3.1711824, 50.677494], [3.1707862, 50.6776929], [3.1700601, 50.6780645], [3.1695202, 50.6783721], [3.1687533, 50.6787671], [3.1686123, 50.6788427], [3.1685235, 50.6788868]]]}, "properties": {"cleabs": "VOIE_NOM0000002339370492", "identifiant_voie_ban": "59512_0190", "nom": "Avenue Anatole France", "nom_normalise": "AV ANATOLE FRANCE", "type_voie": "avenue"}}, {"type": "Feature", "geometry": {"type": "MultiLineString", "coordinates": [[[3.1998344, 50.675224], [3.2012418, 50.6761272]], [[3.1978099, 50.6739556], [3.1991251, 50.6747693], [3.1992553, 50.6748507]], [[3.1992553, 50.6748507], [3.1998344, 50.675224]]]}, "properties": {"cleabs": "VOIE_NOM0000002339370524", "identifiant_voie_ban": "59512_1920", "nom": "Rue Emile Zola", "nom_normalise": "R EMILE ZOLA", "type_voie": "rue"}}, {"type": "Feature", "geometry": {"type": "MultiLineString", "coordinates": [[[3.2023379, 50.6796745], [3.2021087, 50.6799279], [3.2018176, 50.680255]], [[3.2015027, 50.6806082], [3.2010513, 50.681107], [3.2009444, 50.6812094]], [[3.2018176, 50.680255], [3.2016419, 50.6804536]], [[3.2016419, 50.6804536], [3.2015027, 50.6806082]]]}, "properties": {"cleabs": "VOIE_NOM0000002339370556", "identifiant_voie_ban": "59512_3190", "nom": "Rue Léon Blum", "nom_normalise": "R LEON BLUM", "type_voie": "rue"}}, {"type": "Feature", "geometry": {"type": "MultiLineString", "coordinates": [[[3.1878262, 50.6838844], [3.1883589, 50.6835803], [3.1884999, 50.6835011]]]}, "properties": {"cleabs": "VOIE_NOM0000002339370590", "identifiant_voie_ban": "59512_5170", "nom": "Rue Santos Dumont", "nom_normalise": "R SANTOS DUMONT", "type_voie": "rue"}}, {"type": "Feature", "geometry": {"type": "MultiLineString", "coordinates": [[[3.1854528, 50.6868241], [3.1856276, 50.6867377], [3.1864638, 50.6863389], [3.1868191, 50.686158]], [[3.1798043, 50.6904792], [3.1798072, 50.6904757], [3.1798268, 50.6904505], [3.1798494, 50.690428], [3.1799633, 50.6902924], [3.1799844, 50.6902529], [3.1799955, 50.6902232], [3.1799926, 50.6902026]], [[3.1795122, 50.6909418], [3.1794743, 50.6910199]], [[3.1795122, 50.6909418], [3.1796384, 50.6906841], [3.179734, 50.690561], [3.1798043, 50.6904792]], [[3.1817164, 50.6887212], [3.181684, 50.6887419], [3.1816558, 50.6887644], [3.1811656, 50.6891609], [3.1811177, 50.6891887], [3.1810585, 50.6892131], [3.1809907, 50.689232], [3.180923, 50.6892527], [3.1808511, 50.6892887], [3.1801553, 50.6898712], [3.1801018, 50.6899054], [3.1800608, 50.6899153], [3.1800171, 50.6899172], [3.1799789, 50.6899137], [3.1799308, 50.6899012], [3.1796918, 50.6898127], [3.1796493, 50.6897849], [3.1796124, 50.6897473], [3.1795868, 50.6897016], [3.179564, 50.6896424], [3.1795411, 50.6895428]], [[3.1821003, 50.6886444], [3.1819973, 50.6886598]], [[3.1817164, 50.6887212], [3.1817728, 50.6887077], [3.1819055, 50.6886815], [3.1819408, 50.6886716], [3.1819973, 50.6886598]], [[3.1821003, 50.6886444], [3.1822952, 50.6886333], [3.1825084, 50.688607]], [[3.1825962, 50.6886482], [3.1826792, 50.6885664]], [[3.1826792, 50.6885664], [3.1828764, 50.6884234], [3.1830723, 50.6882742], [3.183354, 50.6880656], [3.1837104, 50.6877931]], [[3.1837104, 50.6877931], [3.1837231, 50.6877841], [3.1840781, 50.6875207], [3.1841809, 50.6874523]], [[3.1841809, 50.6874523], [3.1844855, 50.6872904], [3.1850848, 50.6870077], [3.1854528, 50.6868241]], [[3.1937381, 50.6822412], [3.1935538, 50.6824335], [3.1932191, 50.6828046]], [[3.192546, 50.6833495], [3.1924318, 50.683408], [3.1921653, 50.6835215], [3.1919918, 50.6835801]], [[3.1932191, 50.6828046], [3.1931403, 50.6828918], [3.1929011, 50.6831309], [3.1927616, 50.6832289], [3.1926179, 50.6833108], [3.192546, 50.6833495]], [[3.1940265, 50.6819419], [3.193942, 50.6820264], [3.1937381, 50.6822412]], [[3.1919918, 50.6835801], [3.1918225, 50.6836369], [3.1914615, 50.683799], [3.1912866, 50.6838638]], [[3.1912866, 50.6838638], [3.1909848, 50.6839747], [3.1907042, 50.6840953]], [[3.1907042, 50.6840953], [3.1906069, 50.6841377], [3.1904292, 50.6842178]], [[3.1904292, 50.6842178], [3.1901613, 50.6843394]], [[3.1893407, 50.6847256], [3.1894915, 50.6846374], [3.1898511, 50.6844789]], [[3.1901613, 50.6843394], [3.1898511, 50.6844789]], [[3.18886, 50.6849919], [3.1891194, 50.6848453]], [[3.1891194, 50.6848453], [3.1891518, 50.6848264], [3.1891574, 50.6848228]], [[3.1891574, 50.6848228], [3.1893195, 50.6847355], [3.1893407, 50.6847256]], [[3.1883272, 50.6852987], [3.1884484, 50.6852259], [3.18886, 50.6849919]], [[3.1883272, 50.6852987], [3.1878636, 50.6855785], [3.1878368, 50.6855947]], [[3.1878368, 50.6855947], [3.187717, 50.6856676], [3.1876268, 50.6857198]], [[3.1868191, 50.686158], [3.1872406, 50.6859411], [3.1876268, 50.6857198]], [[3.1947553, 50.6812148], [3.194336, 50.6816354]], [[3.194336, 50.6816354], [3.1943135, 50.681657], [3.1940743, 50.6818916]], [[3.1940743, 50.6818916], [3.1940518, 50.6819177], [3.1940265, 50.6819419]], [[3.1958934, 50.6800581], [3.1948636, 50.681107], [3.1947553, 50.6812148]], [[3.1961227, 50.6798235], [3.1958934, 50.6800581]], [[3.1961395, 50.6797939], [3.1961227, 50.6798235]], [[3.1965517, 50.6793715], [3.1961395, 50.6797939]], [[3.1970834, 50.6788295], [3.1965517, 50.6793715]], [[3.1976326, 50.6784042], [3.1974297, 50.6785319], [3.1973367, 50.6786003], [3.1972101, 50.6787091], [3.1970834, 50.6788295]], [[3.1991866, 50.6774505], [3.1990809, 50.6775144]], [[3.1990809, 50.6775144], [3.198978, 50.6775765]], [[3.198978, 50.6775765], [3.1980904, 50.6781172], [3.1976326, 50.6784042]], [[3.2012418, 50.6761272], [3.2004163, 50.6766418], [3.200088, 50.676846]], [[3.200088, 50.676846], [3.1991866, 50.6774505]], [[3.2031156, 50.6743114], [3.2030906, 50.6744272]], [[3.2030906, 50.6744272], [3.203031, 50.6746929], [3.2029763, 50.6747962], [3.2029117, 50.6748879]], [[3.2029117, 50.6748879], [3.2028499, 50.6749723], [3.202698, 50.6751314], [3.2025616, 50.6752564], [3.2025531, 50.6752653], [3.2024588, 50.6753463]], [[3.2024588, 50.6753463], [3.2022293, 50.6755189], [3.2019814, 50.6756764], [3.2013784, 50.6760435]], [[3.2013784, 50.6760435], [3.2012418, 50.6761272]]]}, "properties": {"cleabs": "VOIE_NOM0000002339370635", "identifiant_voie_ban": "59512_3110", "nom": "Rue de Lannoy", "nom_normalise": "R DE LANNOY", "type_voie": "rue"}}, {"type": "Feature", "geometry": {"type": "MultiLineString", "coordinates": [[[3.1823663, 50.6984834], [3.18173, 50.6983247], [3.1816678, 50.6983113]], [[3.1850787, 50.6991426], [3.1848948, 50.6990989], [3.184332, 50.6989615], [3.1839544, 50.6988697]], [[3.1829066, 50.6986182], [3.1824611, 50.6985039], [3.1823663, 50.6984834]], [[3.1829066, 50.6986182], [3.183048, 50.6986529], [3.1831399, 50.6986752], [3.1839544, 50.6988697]]]}, "properties": {"cleabs": "VOIE_NOM0000002339370660", "identifiant_voie_ban": "59512_4570", "nom": "Rue Plutarque", "nom_normalise": "R PLUTARQUE", "type_voie": "rue"}}, {"type": "Feature", "geometry": {"type": "MultiLineString", "coordinates": [[[3.1965517, 50.6793715], [3.197092, 50.679586], [3.1972763, 50.6794017]]]}, "properties": {"cleabs": "VOIE_NOM0000002339370729", "identifiant_voie_ban": "59512_5gvr2y", "nom": "Cour Boussemart", "nom_normalise": "COUR BOUSSEMART", "type_voie": "cour"}}, {"type": "Feature", "geometry": {"type": "MultiLineString", "coordinates": [[[3.1608034, 50.6973027], [3.1607524, 50.6972606], [3.1603941, 50.6970044], [3.1600076, 50.6967465], [3.1599495, 50.6967124]]]}, "properties": {"cleabs": "VOIE_NOM0000002339370751", "identifiant_voie_ban": "59512_4740", "nom": "Rue de Remiremont", "nom_normalise": "R DE REMIREMONT", "type_voie": "rue"}}, {"type": "Feature", "geometry": {"type": "MultiLineString", "coordinates": [[[3.1807666, 50.6991669], [3.1803506, 50.6990113], [3.1802021, 50.698955], [3.1796659, 50.6987548], [3.1788948, 50.6984705]], [[3.1754782, 50.6975835], [3.1764398, 50.6978271], [3.1772968, 50.6980394]], [[3.1788948, 50.6984705], [3.1786119, 50.698366], [3.1784988, 50.6983392], [3.1781608, 50.6982535], [3.1776701, 50.6981304], [3.1772968, 50.6980394]]]}, "properties": {"cleabs": "VOIE_NOM0000002339370856", "identifiant_voie_ban": "59512_4100", "nom": "Rue du Nouveau Monde", "nom_normalise": "R DU NOUVEAU MONDE", "type_voie": "rue"}}, {"type": "Feature", "geometry": {"type": "MultiLineString", "coordinates": [[[3.1900805, 50.6947057], [3.1902289, 50.6947208], [3.1908366, 50.6947719], [3.1908678, 50.6947952], [3.1909102, 50.6948121], [3.190995, 50.6948273]]]}, "properties": {"cleabs": "VOIE_NOM0000002339370873", "identifiant_voie_ban": "59512_4200", "nom": "Rue Papin", "nom_normalise": "R PAPIN", "type_voie": "rue"}}, {"type": "Feature", "geometry": {"type": "MultiLineString", "coordinates": [[[3.1849388, 50.6880237], [3.1844968, 50.6876933], [3.1841809, 50.6874523]], [[3.1852774, 50.6882861], [3.1849388, 50.6880237]], [[3.1852774, 50.6882861], [3.1855111, 50.6884644], [3.1855961, 50.6885298], [3.185671, 50.6885512]]]}, "properties": {"cleabs": "VOIE_NOM0000002339370974", "identifiant_voie_ban": "59512_2140", "nom": "Rue des Fossés", "nom_normalise": "R DES FOSSES", "type_voie": "rue"}}, {"type": "Feature", "geometry": {"type": "MultiLineString", "coordinates": [[[3.1953465, 50.672364], [3.1954127, 50.6723235], [3.195534, 50.6722695]], [[3.1951891, 50.6725635], [3.1952508, 50.6724539], [3.195324, 50.6723775], [3.1953465, 50.672364]], [[3.1932618, 50.673734], [3.1944948, 50.6730455], [3.1949894, 50.6727702], [3.1950852, 50.6727036], [3.1951512, 50.6726299], [3.1951891, 50.6725635]], [[3.1930589, 50.6738473], [3.1932618, 50.673734]], [[3.1899233, 50.6755707], [3.1901389, 50.6754501], [3.1906632, 50.6751684], [3.1910324, 50.6749623]], [[3.1895822, 50.6757623], [3.1899233, 50.6755707]], [[3.1893765, 50.6758757], [3.1895019, 50.6758064], [3.1895822, 50.6757623]], [[3.1878093, 50.6767387], [3.1880432, 50.6766046], [3.1885407, 50.6763355], [3.1890002, 50.6760818], [3.1893765, 50.6758757]], [[3.1921894, 50.6743234], [3.1923331, 50.6742451], [3.1930589, 50.6738473]], [[3.1910324, 50.6749623], [3.1911353, 50.6749047], [3.1917469, 50.6745673], [3.1920231, 50.6744161], [3.1921894, 50.6743234]]]}, "properties": {"cleabs": "VOIE_NOM0000002339371010", "identifiant_voie_ban": "59512_3210", "nom": "Rue Léon Marlot", "nom_normalise": "R LEON MARLOT", "type_voie": "rue"}}, {"type": "Feature", "geometry": {"type": "MultiLineString", "coordinates": [[[3.1932933, 50.689235], [3.1930074, 50.6891107], [3.1924216, 50.6888586], [3.1923155, 50.6888121]], [[3.1943871, 50.6897134], [3.1937928, 50.6894541], [3.1932933, 50.689235]]]}, "properties": {"cleabs": "VOIE_NOM0000002339371143", "identifiant_voie_ban": "59512_1690", "nom": "Rue Desaix", "nom_normalise": "R DESAIX", "type_voie": "rue"}}, {"type": "Feature", "geometry": {"type": "MultiLineString", "coordinates": [[[3.1772087, 50.7042949], [3.1772524, 50.7042661]], [[3.1772524, 50.7042661], [3.177585, 50.7040171]], [[3.177585, 50.7040171], [3.1776794, 50.7039559], [3.1780233, 50.7037042], [3.1782009, 50.703572]], [[3.1772524, 50.7042661], [3.1774364, 50.7043511], [3.1779076, 50.7045478], [3.1779698, 50.7045621], [3.1780573, 50.7045261], [3.1787943, 50.7039687], [3.1788535, 50.7039237]]]}, "properties": {"cleabs": "VOIE_NOM0000002339371148", "identifiant_voie_ban": "59512_4610", "nom": "Place du Progrès", "nom_normalise": "PL DU PROGRES", "type_voie": "place"}}, {"type": "Feature", "geometry": {"type": "MultiLineString", "coordinates": [[[3.1910818, 50.6779155], [3.1909104, 50.6777803], [3.1906949, 50.6775778], [3.1906125, 50.6774496], [3.1905443, 50.6773232]], [[3.1905041, 50.6771536], [3.1904854, 50.6770603], [3.1904178, 50.676758], [3.190335, 50.6765257], [3.190244, 50.6763661], [3.1900654, 50.6761681], [3.1897707, 50.6759236], [3.1895822, 50.6757623]], [[3.1905443, 50.6773232], [3.1905171, 50.6772407], [3.1905041, 50.6771536]]]}, "properties": {"cleabs": "VOIE_NOM0000002339371208", "identifiant_voie_ban": "59512_1880", "nom": "Rue Edouard Branly", "nom_normalise": "R EDOUARD BRANLY", "type_voie": "rue"}}, {"type": "Feature", "geometry": {"type": "MultiLineString", "coordinates": [[[3.2121271, 50.6800512], [3.2117913, 50.6801334], [3.2117447, 50.6801434], [3.2116742, 50.6801606], [3.2113765, 50.6802284], [3.2111536, 50.6802907]], [[3.2111536, 50.6802907], [3.2107287, 50.6803452], [3.2105734, 50.6803527], [3.2104575, 50.6803439], [3.2102045, 50.6802887], [3.2100488, 50.6802216], [3.2098875, 50.6801519]], [[3.2111536, 50.6802907], [3.2108461, 50.6803845], [3.2106373, 50.6804549], [3.2105711, 50.6804873], [3.2105092, 50.6805529], [3.2104798, 50.6806193], [3.2104577, 50.680719], [3.2104509, 50.6808016]]]}, "properties": {"cleabs": "VOIE_NOM0000002339371211", "identifiant_voie_ban": "59512_4474", "nom": "Rue Pierre de Coubertin", "nom_normalise": "R PIERRE DE COUBERTIN", "type_voie": "rue"}}, {"type": "Feature", "geometry": {"type": "MultiLineString", "coordinates": [[[3.1999799, 50.6858683], [3.2000365, 50.6858898], [3.2000832, 50.6859067], [3.2001426, 50.6859273], [3.2002105, 50.6859514], [3.2003576, 50.6860077], [3.2004425, 50.6860417], [3.2005274, 50.686072], [3.2006066, 50.6861024], [3.2006816, 50.6861301], [3.2007495, 50.6861569], [3.2008118, 50.6861819], [3.2009419, 50.6862338]], [[3.2017738, 50.6865519], [3.2017398, 50.686543], [3.2017129, 50.6865323], [3.2015403, 50.6864581], [3.201437, 50.6864169], [3.2013833, 50.6863964], [3.2013309, 50.6863767], [3.2012828, 50.686358], [3.2012333, 50.6863401], [3.2011881, 50.6863231], [3.2011484, 50.6863079], [3.2011173, 50.6862972], [3.2010622, 50.6862785], [3.2009419, 50.6862338]]]}, "properties": {"cleabs": "VOIE_NOM0000002339371274", "identifiant_voie_ban": "59512_3265", "nom": "Rue de Liège", "nom_normalise": "R DE LIEGE", "type_voie": "rue"}}, {"type": "Feature", "geometry": {"type": "MultiLineString", "coordinates": [[[3.187045, 50.6842463], [3.1871591, 50.6841698]], [[3.1871591, 50.6841698], [3.1867908, 50.6838689]], [[3.1867336, 50.6844567], [3.187045, 50.6842463]], [[3.1877697, 50.6846418], [3.187045, 50.6842463]]]}, "properties": {"cleabs": "VOIE_NOM0000002339371326", "identifiant_voie_ban": "59512_vmt56k", "nom": "Cité Dillies Piat", "nom_normalise": "CITE DILLIES PIAT", "type_voie": "cité"}}, {"type": "Feature", "geometry": {"type": "MultiLineString", "coordinates": [[[3.1836846, 50.6992748], [3.1831657, 50.6991535], [3.1830568, 50.6991285], [3.182634, 50.6990322]], [[3.1836846, 50.6992748], [3.1835948, 50.6994445], [3.1833619, 50.6998962], [3.1833549, 50.6999097]], [[3.1833549, 50.6999097], [3.1827398, 50.6997616], [3.1821769, 50.6996234]], [[3.1835472, 50.6999542], [3.1833549, 50.6999097]]]}, "properties": {"cleabs": "VOIE_NOM0000002339371343", "identifiant_voie_ban": "59512_4000", "nom": "Place de la Nation", "nom_normalise": "PL DE LA NATION", "type_voie": "place"}}, {"type": "Feature", "geometry": {"type": "MultiLineString", "coordinates": [[[3.1869029, 50.6889424], [3.1871661, 50.6886808], [3.1872491, 50.6885982], [3.1873786, 50.6884714], [3.1877741, 50.6880805], [3.1882765, 50.6875961], [3.188482, 50.6873929], [3.1885454, 50.687348]]]}, "properties": {"cleabs": "VOIE_NOM0000002339371444", "identifiant_voie_ban": "59512_4930", "nom": "Rue de Saint-Amand", "nom_normalise": "R DE SAINT-AMAND", "type_voie": "rue"}}, {"type": "Feature", "geometry": {"type": "MultiLineString", "coordinates": [[[3.1909274, 50.6870877], [3.1911891, 50.6868001], [3.1914972, 50.6864811], [3.1915155, 50.6864622]]]}, "properties": {"cleabs": "VOIE_NOM0000002339371660", "identifiant_voie_ban": "59512_1000", "nom": "Rue Casimir Périer", "nom_normalise": "R CASIMIR PERIER", "type_voie": "rue"}}, {"type": "Feature", "geometry": {"type": "MultiLineString", "coordinates": [[[3.1869633, 50.6850702], [3.1868104, 50.6849672]], [[3.1869633, 50.6850702], [3.1870171, 50.6851033]], [[3.1867068, 50.6852231], [3.1869633, 50.6850702]]]}, "properties": {"cleabs": "VOIE_NOM0000002339371731", "identifiant_voie_ban": "59512_li5r10", "nom": "Cour Dujardin", "nom_normalise": "COUR DUJARDIN", "type_voie": "cour"}}, {"type": "Feature", "geometry": {"type": "MultiLineString", "coordinates": [[[3.1586751, 50.6975872], [3.1584161, 50.6974574], [3.1580793, 50.697273]]]}, "properties": {"cleabs": "VOIE_NOM0000002339371906", "identifiant_voie_ban": "59512_m24qo0", "nom": "Cour Chalmain", "nom_normalise": "COUR CHALMAIN", "type_voie": "cour"}}, {"type": "Feature", "geometry": {"type": "MultiLineString", "coordinates": [[[3.1749769, 50.6875401], [3.1747839, 50.6876902]], [[3.1747839, 50.6876902], [3.1745939, 50.6878754]], [[3.1745939, 50.6878754], [3.1744239, 50.6881376]], [[3.1733313, 50.6908321], [3.1733006, 50.6909318], [3.1732226, 50.6912603]], [[3.1734627, 50.6904245], [3.1734824, 50.6903859], [3.1735521, 50.690122]], [[3.1734627, 50.6904245], [3.1733313, 50.6908321]], [[3.1744239, 50.6881376], [3.1742932, 50.6883505], [3.1741542, 50.6885957], [3.1740293, 50.6888112], [3.1739633, 50.6889468]], [[3.1735521, 50.690122], [3.1736625, 50.6897889], [3.1737827, 50.6894119], [3.1738204, 50.6892907], [3.1738582, 50.689183], [3.1739633, 50.6889468]]]}, "properties": {"cleabs": "VOIE_NOM0000002339371948", "identifiant_voie_ban": "59512_3550", "nom": "Rue du Maréchal Foch", "nom_normalise": "R DU MARECHAL FOCH", "type_voie": "rue"}}, {"type": "Feature", "geometry": {"type": "MultiLineString", "coordinates": [[[3.1548332, 50.6910674], [3.1552268, 50.6908982], [3.1556161, 50.690721], [3.1556867, 50.6906957]]]}, "properties": {"cleabs": "VOIE_NOM0000002339371969", "identifiant_voie_ban": "59512_3170", "nom": "Rue de Lens", "nom_normalise": "R DE LENS", "type_voie": "rue"}}, {"type": "Feature", "geometry": {"type": "MultiLineString", "coordinates": [[[3.1677482, 50.6814642], [3.1675846, 50.6815317], [3.1674098, 50.6816172], [3.1668231, 50.6818989]], [[3.1678044, 50.6813654], [3.1677608, 50.6814265], [3.1677482, 50.6814642]], [[3.1668231, 50.6818989], [3.1661336, 50.6822462], [3.1658276, 50.6823946]], [[3.1658276, 50.6823946], [3.1656316, 50.6824927]], [[3.1631188, 50.6837541], [3.1632865, 50.6836561], [3.1634515, 50.6835661], [3.1635742, 50.6835041], [3.1640395, 50.6832719], [3.1641608, 50.683217], [3.1651127, 50.682742], [3.1656316, 50.6824927]]]}, "properties": {"cleabs": "VOIE_NOM0000002339372005", "identifiant_voie_ban": "59512_0940", "nom": "Boulevard de Cambrai", "nom_normalise": "BD DE CAMBRAI", "type_voie": "boulevard"}}, {"type": "Feature", "geometry": {"type": "MultiLineString", "coordinates": [[[3.154936, 50.6882155], [3.1548485, 50.6882506], [3.1546729, 50.6880974]], [[3.1554558, 50.6886626], [3.1554006, 50.6886331], [3.1552646, 50.6885076], [3.1550805, 50.6883445], [3.154936, 50.6882155]], [[3.1564199, 50.6875388], [3.155613, 50.6878925], [3.154936, 50.6882155]], [[3.1568987, 50.6879743], [3.1556084, 50.6886678], [3.1555519, 50.688676], [3.1555052, 50.6886715], [3.1554558, 50.6886626]]]}, "properties": {"cleabs": "VOIE_NOM0000002339372056", "identifiant_voie_ban": "59512_1258", "nom": "Allée des Clarisses", "nom_normalise": "ALL DES CLARISSES", "type_voie": "allée"}}, {"type": "Feature", "geometry": {"type": "MultiLineString", "coordinates": [[[3.1742762, 50.6830516], [3.1744784, 50.6830971], [3.1746975, 50.6831443], [3.1747809, 50.6831676], [3.1748389, 50.6831863]], [[3.1748389, 50.6831863], [3.1749011, 50.6832087], [3.1751557, 50.6833286]], [[3.1762932, 50.6838627], [3.1763159, 50.6838734], [3.1765267, 50.6839754], [3.1766172, 50.6840112], [3.1767077, 50.6840442]], [[3.1756636, 50.6835674], [3.1762932, 50.6838627]], [[3.175368, 50.6834297], [3.1753057, 50.6833992], [3.1751557, 50.6833286]], [[3.1756636, 50.6835674], [3.1753963, 50.6834422], [3.175368, 50.6834297]]]}, "properties": {"cleabs": "VOIE_NOM0000002339372058", "identifiant_voie_ban": "59512_1560", "nom": "Rue Daguesseau", "nom_normalise": "R DAGUESSEAU", "type_voie": "rue"}}, {"type": "Feature", "geometry": {"type": "MultiLineString", "coordinates": [[[3.1531378, 50.6873087], [3.1538607, 50.6881298], [3.1538891, 50.6881558]]]}, "properties": {"cleabs": "VOIE_NOM0000002339372164", "identifiant_voie_ban": "59512_2150", "nom": "Rue Foucault", "nom_normalise": "R FOUCAULT", "type_voie": "rue"}}, {"type": "Feature", "geometry": {"type": "MultiLineString", "coordinates": [[[3.1987845, 50.6725667], [3.1994733, 50.6728322]], [[3.1986006, 50.6724952], [3.1987845, 50.6725667]], [[3.2003218, 50.6731422], [3.200285, 50.6731297], [3.2000418, 50.6730439]], [[3.1994733, 50.6728322], [3.1998169, 50.6729644], [3.1999315, 50.6730046], [3.2000418, 50.6730439]], [[3.2004561, 50.6731868], [3.2003628, 50.6731574], [3.2003218, 50.6731422]], [[3.2007333, 50.673277], [3.2004561, 50.6731868]], [[3.2022168, 50.6738175], [3.2027646, 50.6741388], [3.2030194, 50.6742766], [3.2031156, 50.6743114]], [[3.201668, 50.6735833], [3.2012367, 50.6734404], [3.2011872, 50.6734244], [3.2007333, 50.673277]]]}, "properties": {"cleabs": "VOIE_NOM0000002339372168", "identifiant_voie_ban": "59512_1200", "nom": "Rue du Chemin Vert", "nom_normalise": "R DU CHEMIN VERT", "type_voie": "rue"}}, {"type": "Feature", "geometry": {"type": "MultiLineString", "coordinates": [[[3.1839544, 50.6988697], [3.1842141, 50.6983991], [3.1842197, 50.6983838]], [[3.1839544, 50.6988697], [3.1837565, 50.6992235], [3.1836846, 50.6992748]]]}, "properties": {"cleabs": "VOIE_NOM0000002339372244", "identifiant_voie_ban": "59512_5200", "nom": "Rue du Sentier", "nom_normalise": "R DU SENTIER", "type_voie": "rue"}}, {"type": "Feature", "geometry": {"type": "MultiLineString", "coordinates": [[[3.177051, 50.7016596], [3.1768317, 50.7015944], [3.1763253, 50.7014265], [3.1762447, 50.7013979], [3.1761739, 50.7013719], [3.1760834, 50.7013469], [3.1759307, 50.7013113], [3.1754628, 50.7012464], [3.175385, 50.7012376]], [[3.1778531, 50.7019349], [3.1778205, 50.7019116], [3.177126, 50.7016972], [3.177051, 50.7016596]], [[3.1784755, 50.7025316], [3.1785975, 50.7026598], [3.1785989, 50.7026607], [3.1786784, 50.7027494], [3.1787068, 50.7028104], [3.1787911, 50.7030678], [3.1788969, 50.7034041], [3.1789141, 50.7034705]], [[3.1780587, 50.7021266], [3.177907, 50.7019752], [3.1778531, 50.7019349]], [[3.1784755, 50.7025316], [3.1780587, 50.7021266]]]}, "properties": {"cleabs": "VOIE_NOM0000002339372291", "identifiant_voie_ban": "59512_0450", "nom": "Rue de la Basse Masure", "nom_normalise": "R DE LA BASSE MASURE", "type_voie": "rue"}}, {"type": "Feature", "geometry": {"type": "MultiLineString", "coordinates": [[[3.1936001, 50.670633], [3.1938561, 50.6703903], [3.1939166, 50.6703337], [3.1939194, 50.670331]], [[3.1936001, 50.670633], [3.1928206, 50.6713674]], [[3.1921719, 50.6719732], [3.1921775, 50.6719642], [3.1927573, 50.6714276], [3.1927741, 50.6714114]], [[3.1925364, 50.6723845], [3.1925206, 50.6723217], [3.1922601, 50.6721373], [3.1921694, 50.672062], [3.1921481, 50.6720145], [3.1921719, 50.6719732]], [[3.1917938, 50.6728039], [3.1922645, 50.6725564], [3.1924956, 50.672434], [3.1925364, 50.6723845]], [[3.1939194, 50.670331], [3.1940165, 50.6702393], [3.1945371, 50.6697449], [3.1947776, 50.6695157], [3.194848, 50.6694537]]]}, "properties": {"cleabs": "VOIE_NOM0000002339372297", "identifiant_voie_ban": "59512_4470", "nom": "Rue Pierre Brossolette", "nom_normalise": "R PIERRE BROSSOLETTE", "type_voie": "rue"}}, {"type": "Feature", "geometry": {"type": "MultiLineString", "coordinates": [[[3.1799926, 50.6902026], [3.1799884, 50.6901972], [3.1799784, 50.690182], [3.1799586, 50.6901667], [3.1798497, 50.6901238], [3.1797846, 50.6901024], [3.179151, 50.6898942], [3.1791043, 50.6898736], [3.1790774, 50.6898584], [3.1790717, 50.6898441], [3.1790773, 50.6898297]], [[3.1780437, 50.6895503], [3.1784255, 50.6896646], [3.1788696, 50.6898157], [3.1789728, 50.6898379], [3.1790773, 50.6898297]]]}, "properties": {"cleabs": "VOIE_NOM0000002339372303", "identifiant_voie_ban": "59512_5440", "nom": "Rue de la Tuilerie", "nom_normalise": "R DE LA TUILERIE", "type_voie": "rue"}}, {"type": "Feature", "geometry": {"type": "MultiLineString", "coordinates": [[[3.1817318, 50.7066178], [3.1818123, 50.7066195], [3.1819041, 50.7066032], [3.1819648, 50.7065933], [3.1820129, 50.7065923], [3.1820836, 50.706603]], [[3.1820836, 50.706603], [3.1822872, 50.7066341], [3.1824229, 50.7066491], [3.1824625, 50.7066491], [3.182502, 50.7066454], [3.1825726, 50.7066247]], [[3.1832147, 50.7067682], [3.1827424, 50.7066989], [3.1827255, 50.7066971], [3.1826689, 50.7066847], [3.1826307, 50.7066686], [3.1825726, 50.7066247]], [[3.1832147, 50.7067682], [3.1832741, 50.7067762], [3.1837859, 50.7068625], [3.1843544, 50.7069819], [3.1844548, 50.7070024], [3.1851889, 50.7071852], [3.1858567, 50.7073969], [3.1865812, 50.7076605], [3.1866321, 50.7076748], [3.1866788, 50.7076936], [3.1867934, 50.7077275]]]}, "properties": {"cleabs": "VOIE_NOM0000002339372365", "identifiant_voie_ban": "59512_1980", "nom": "Rue de l'Espierre", "nom_normalise": "R DE L'ESPIERRE", "type_voie": "rue"}}, {"type": "Feature", "geometry": {"type": "MultiLineString", "coordinates": [[[3.1870854, 50.6928052], [3.18721, 50.692499], [3.1874735, 50.6919324], [3.1874958, 50.6918642]]]}, "properties": {"cleabs": "VOIE_NOM0000002339372409", "identifiant_voie_ban": "59512_1700", "nom": "Rue Desbonnet", "nom_normalise": "R DESBONNET", "type_voie": "rue"}}, {"type": "Feature", "geometry": {"type": "MultiLineString", "coordinates": [[[3.1723274, 50.7000215], [3.172045, 50.7004696], [3.1715179, 50.701286], [3.1714856, 50.7013318]]]}, "properties": {"cleabs": "VOIE_NOM0000002339372449", "identifiant_voie_ban": "59512_2090", "nom": "Rue des Fondeurs", "nom_normalise": "R DES FONDEURS", "type_voie": "rue"}}, {"type": "Feature", "geometry": {"type": "MultiLineString", "coordinates": [[[3.1813537, 50.7024898], [3.1809903, 50.702825]]]}, "properties": {"cleabs": "VOIE_NOM0000002339372702", "identifiant_voie_ban": "59512_zphxci", "nom": "Cour Demester", "nom_normalise": "COUR DEMESTER", "type_voie": "cour"}}, {"type": "Feature", "geometry": {"type": "MultiLineString", "coordinates": [[[3.16547, 50.6852999], [3.1658646, 50.6850301], [3.1659347, 50.6848712], [3.1659542, 50.6847814]], [[3.1650567, 50.6854934], [3.1651711, 50.6854654], [3.1652458, 50.6854428], [3.1653403, 50.685397], [3.16547, 50.6852999]], [[3.164443, 50.6857149], [3.1646827, 50.6855935], [3.1650567, 50.6854934]], [[3.164443, 50.6857149], [3.1644134, 50.6857293], [3.1641482, 50.6858526], [3.1639296, 50.6859489], [3.1639197, 50.6859543]], [[3.1639197, 50.6859543], [3.1632639, 50.6862701]], [[3.1632639, 50.6862701], [3.1629169, 50.6863998], [3.162718, 50.6864746]], [[3.162718, 50.6864746], [3.1625754, 50.6865151]], [[3.1625754, 50.6865151], [3.1624767, 50.6865494], [3.1624075, 50.6865566]]]}, "properties": {"cleabs": "VOIE_NOM0000002339372786", "identifiant_voie_ban": "59512_4360", "nom": "Rue de la Perche", "nom_normalise": "R DE LA PERCHE", "type_voie": "rue"}}, {"type": "Feature", "geometry": {"type": "MultiLineString", "coordinates": [[[3.1803255, 50.6998665], [3.1804862, 50.6997685], [3.1806016, 50.6996346]]]}, "properties": {"cleabs": "VOIE_NOM0000002339372809", "identifiant_voie_ban": "59512_a9zpy7", "nom": "Cour Couteau", "nom_normalise": "COUR COUTEAU", "type_voie": "cour"}}, {"type": "Feature", "geometry": {"type": "MultiLineString", "coordinates": [[[3.2024588, 50.6753463], [3.2010275, 50.6744548]]]}, "properties": {"cleabs": "VOIE_NOM0000002339373069", "identifiant_voie_ban": "59512_1945", "nom": "Rue d'Epinoy", "nom_normalise": "R D'EPINOY", "type_voie": "rue"}}, {"type": "Feature", "geometry": {"type": "MultiLineString", "coordinates": [[[3.1996891, 50.6866172], [3.1996848, 50.6866136], [3.199648, 50.6865867], [3.199614, 50.6865608], [3.1995786, 50.6865348], [3.1995219, 50.6864927], [3.1994271, 50.686448], [3.1994115, 50.6864417]], [[3.2005874, 50.6872941], [3.2005519, 50.6872601], [3.200508, 50.6872243], [3.200005, 50.6868473], [3.1999569, 50.6868133], [3.1999073, 50.6867784], [3.1998591, 50.6867416], [3.1998124, 50.6867085], [3.1997684, 50.6866754], [3.1997245, 50.6866431], [3.1996891, 50.6866172]], [[3.2022171, 50.6886025], [3.2027884, 50.6887658], [3.2031095, 50.6888496], [3.2033838, 50.6889228], [3.2037924, 50.6890163], [3.203914, 50.6890457], [3.2039579, 50.6890645], [3.2039905, 50.6890851]], [[3.2022171, 50.6886025], [3.2020997, 50.6885597]], [[3.2010497, 50.6877412], [3.2008185, 50.6875217], [3.2005874, 50.6872941]], [[3.2020997, 50.6885597], [3.2019411, 50.6884738], [3.2017981, 50.6883861], [3.2014508, 50.6880977], [3.201112, 50.6878003], [3.2010497, 50.6877412]]]}, "properties": {"cleabs": "VOIE_NOM0000002339373203", "identifiant_voie_ban": "59512_0250", "nom": "Rue d'Anzin", "nom_normalise": "R D'ANZIN", "type_voie": "rue"}}, {"type": "Feature", "geometry": {"type": "MultiLineString", "coordinates": [[[3.2084817, 50.6895407], [3.2086268, 50.6894597]], [[3.2084817, 50.6895407], [3.2083337, 50.6896226]], [[3.20888, 50.6898711], [3.2087778, 50.6897511], [3.2084817, 50.6895407]]]}, "properties": {"cleabs": "VOIE_NOM0000002339373217", "identifiant_voie_ban": "59512_3ihwlf", "nom": "Cité Duretete Eloi", "nom_normalise": "CITE DURETETE ELOI", "type_voie": "cité"}}, {"type": "Feature", "geometry": {"type": "MultiLineString", "coordinates": [[[3.1848896, 50.7053309], [3.1852234, 50.7050343], [3.1854502, 50.7048482], [3.1855375, 50.7047646], [3.1857389, 50.7045795], [3.1858022, 50.7045157]]]}, "properties": {"cleabs": "VOIE_NOM0000002339373233", "identifiant_voie_ban": "59512_4157", "nom": "Impasse Oste de Roubaix", "nom_normalise": "IMP OSTE DE ROUBAIX", "type_voie": "impasse"}}, {"type": "Feature", "geometry": {"type": "MultiLineString", "coordinates": [[[3.1946215, 50.7027999], [3.1944781, 50.7029787], [3.1941391, 50.7033768], [3.1937804, 50.7038018], [3.1933738, 50.7042636], [3.1930573, 50.704632], [3.1929124, 50.7048001]]]}, "properties": {"cleabs": "VOIE_NOM0000002339373236", "identifiant_voie_ban": "59512_3020", "nom": "Rue de la Lainière", "nom_normalise": "R DE LA LAINIERE", "type_voie": "rue"}}, {"type": "Feature", "geometry": {"type": "MultiLineString", "coordinates": [[[3.1999912, 50.6901029], [3.200362, 50.6899202], [3.2010923, 50.6895672], [3.2013278, 50.6894627], [3.2015097, 50.689379]], [[3.1996119, 50.690283], [3.1999629, 50.6900949]], [[3.1984505, 50.6909534], [3.1984574, 50.690904], [3.1984644, 50.690887], [3.1984728, 50.6908663], [3.1984826, 50.6908439], [3.1985149, 50.6908187], [3.1990775, 50.6905396], [3.1995597, 50.6903064], [3.1996119, 50.690283]]]}, "properties": {"cleabs": "VOIE_NOM0000002339373345", "identifiant_voie_ban": "59512_3810", "nom": "Rue Molière", "nom_normalise": "R MOLIERE", "type_voie": "rue"}}, {"type": "Feature", "geometry": {"type": "MultiLineString", "coordinates": [[[3.1946743, 50.6785408], [3.1943656, 50.6787019], [3.1937975, 50.6789801], [3.1935353, 50.6791088]], [[3.1935353, 50.6791088], [3.1924216, 50.6796525]], [[3.1916195, 50.6800504], [3.1922017, 50.6797606], [3.1923596, 50.6796822], [3.1924216, 50.6796525]], [[3.1916195, 50.6800504], [3.1914165, 50.6801512], [3.1906271, 50.680541]], [[3.1906271, 50.680541], [3.1899166, 50.680893]], [[3.1870128, 50.682431], [3.1866209, 50.6826335], [3.1865025, 50.6826974]], [[3.1865025, 50.6826974], [3.1860232, 50.6829547], [3.185231, 50.683375], [3.1851379, 50.6834227]], [[3.1851379, 50.6834227], [3.1847333, 50.6836288], [3.1844091, 50.683815]], [[3.1844091, 50.683815], [3.1838847, 50.6840796], [3.1832827, 50.6844125], [3.1832123, 50.6844584]], [[3.1899166, 50.680893], [3.1890539, 50.681343]], [[3.1890539, 50.681343], [3.1870128, 50.682431]]]}, "properties": {"cleabs": "VOIE_NOM0000002339373362", "identifiant_voie_ban": "59512_2920", "nom": "Rue Jouffroy", "nom_normalise": "R JOUFFROY", "type_voie": "rue"}}, {"type": "Feature", "geometry": {"type": "MultiLineString", "coordinates": [[[3.1906256, 50.7013219], [3.1904653, 50.7015276], [3.1902656, 50.7017774], [3.1900913, 50.7020262], [3.1900421, 50.7020891]], [[3.1900421, 50.7020891], [3.1899943, 50.7021475], [3.1899057, 50.7022607], [3.1896526, 50.7025895], [3.189467, 50.7028348], [3.1894108, 50.7029183]]]}, "properties": {"cleabs": "VOIE_NOM0000002339373363", "identifiant_voie_ban": "59512_5330", "nom": "Rue Thomas Edison", "nom_normalise": "R THOMAS EDISON", "type_voie": "rue"}}, {"type": "Feature", "geometry": {"type": "MultiLineString", "coordinates": [[[3.1983958, 50.6735518], [3.1991489, 50.6740172]], [[3.1991489, 50.6740172], [3.1993783, 50.6741721], [3.1994577, 50.6742527], [3.1995174, 50.674337], [3.1995347, 50.6744258], [3.1995294, 50.6745155], [3.1995029, 50.674599], [3.199451, 50.6746898], [3.1993849, 50.6747563], [3.1992553, 50.6748507]]]}, "properties": {"cleabs": "VOIE_NOM0000002339373534", "identifiant_voie_ban": "59512_3400", "nom": "Rue Louis Loucheur", "nom_normalise": "R LOUIS LOUCHEUR", "type_voie": "rue"}}, {"type": "Feature", "geometry": {"type": "MultiLineString", "coordinates": [[[3.1792129, 50.6720258], [3.1792299, 50.6720419], [3.1795487, 50.6723519], [3.1796352, 50.6724344]], [[3.1788816, 50.6721707], [3.1788986, 50.6721931], [3.1789241, 50.67222], [3.1789752, 50.6722801], [3.1790078, 50.6723204], [3.1791026, 50.6723804]]]}, "properties": {"cleabs": "VOIE_NOM0000002339373569", "identifiant_voie_ban": "59512_0050", "nom": "Rue Albert Calmette", "nom_normalise": "R ALBERT CALMETTE", "type_voie": "rue"}}, {"type": "Feature", "geometry": {"type": "MultiLineString", "coordinates": [[[3.173252, 50.6927947], [3.1732661, 50.6928046], [3.1732959, 50.6928243], [3.1733369, 50.6928485], [3.1733935, 50.6928717], [3.1734472, 50.6928923], [3.173525, 50.6929164], [3.1735844, 50.6929289], [3.1736692, 50.6929476], [3.1737356, 50.692952], [3.1737936, 50.6929528], [3.1741907, 50.6929864]], [[3.1734161, 50.6916486], [3.1732994, 50.6918121], [3.1731095, 50.6920564], [3.1730097, 50.6921983], [3.172962, 50.6922801], [3.1729452, 50.6923151], [3.1729353, 50.6923402], [3.1729326, 50.6923627], [3.1729356, 50.6924048]], [[3.1729356, 50.6924048], [3.1730748, 50.6926218], [3.1731684, 50.6927294], [3.173225, 50.6927759], [3.173252, 50.6927947]]]}, "properties": {"cleabs": "VOIE_NOM0000002339373634", "identifiant_voie_ban": "59512_5610", "nom": "Rue du Vieil Abreuvoir", "nom_normalise": "R DU VIEIL ABREUVOIR", "type_voie": "rue"}}, {"type": "Feature", "geometry": {"type": "MultiLineString", "coordinates": [[[3.1660807, 50.7012351], [3.1661611, 50.7011973], [3.1662076, 50.7011757], [3.1663854, 50.7011046]], [[3.1663854, 50.7011046], [3.1668017, 50.700929]], [[3.1668017, 50.700929], [3.1671121, 50.7008093], [3.1674423, 50.7006724], [3.1675397, 50.7006543]]]}, "properties": {"cleabs": "VOIE_NOM0000002339373785", "identifiant_voie_ban": "59512_5270", "nom": "Rue Stephenson", "nom_normalise": "R STEPHENSON", "type_voie": "rue"}}, {"type": "Feature", "geometry": {"type": "MultiLineString", "coordinates": [[[3.1821347, 50.6841019], [3.1823896, 50.6842873]]]}, "properties": {"cleabs": "VOIE_NOM0000002339373964", "identifiant_voie_ban": "59512_bv1z53", "nom": "Cour Jenart", "nom_normalise": "COUR JENART", "type_voie": "cour"}}, {"type": "Feature", "geometry": {"type": "MultiLineString", "coordinates": [[[3.1832801, 50.7003037], [3.1835472, 50.6999542]], [[3.1832013, 50.7004079], [3.1832801, 50.7003037]], [[3.1832801, 50.7003037], [3.1836267, 50.700419]], [[3.183048, 50.7006091], [3.1832013, 50.7004079]]]}, "properties": {"cleabs": "VOIE_NOM0000002339374050", "identifiant_voie_ban": "59512_oi8ixp", "nom": "Impasse Lamarotte", "nom_normalise": "IMP LAMAROTTE", "type_voie": "impasse"}}, {"type": "Feature", "geometry": {"type": "MultiLineString", "coordinates": [[[3.1633572, 50.6854139], [3.163703, 50.6857473], [3.1638659, 50.6859086], [3.1639197, 50.6859543]]]}, "properties": {"cleabs": "VOIE_NOM0000002339374053", "identifiant_voie_ban": "59512_w12pwi", "nom": "Impasse du Midi", "nom_normalise": "IMP DU MIDI", "type_voie": "impasse"}}, {"type": "Feature", "geometry": {"type": "MultiLineString", "coordinates": [[[3.1543857, 50.6907288], [3.1544239, 50.6907368], [3.1546816, 50.6909402], [3.1548332, 50.6910674]], [[3.1548332, 50.6910674], [3.1552638, 50.6914411], [3.1552978, 50.6914769]]]}, "properties": {"cleabs": "VOIE_NOM0000002339374074", "identifiant_voie_ban": "59512_0800", "nom": "Rue Bourgelat", "nom_normalise": "R BOURGELAT", "type_voie": "rue"}}, {"type": "Feature", "geometry": {"type": "MultiLineString", "coordinates": [[[3.2130701, 50.6842654], [3.212457, 50.6842521], [3.2122663, 50.6842533], [3.2120742, 50.6842519]], [[3.212088, 50.683831], [3.2123925, 50.6837003]], [[3.212088, 50.683831], [3.2120742, 50.6842519]], [[3.2120742, 50.6842519], [3.2120563, 50.6846871]], [[3.2120563, 50.6846871], [3.2120307, 50.6853054]], [[3.2113607, 50.6842073], [3.2115172, 50.6841245]], [[3.2115172, 50.6841245], [3.2119795, 50.6838877], [3.212088, 50.683831]], [[3.2105334, 50.6846394], [3.2106659, 50.6845701]], [[3.2113607, 50.6842073], [3.2112776, 50.6842469], [3.2108111, 50.6844936], [3.2107307, 50.6845314], [3.2106659, 50.6845701]]]}, "properties": {"cleabs": "VOIE_NOM0000002339374090", "identifiant_voie_ban": "59512_5260", "nom": "Rue du Stand de Tir", "nom_normalise": "R DU STAND DE TIR", "type_voie": "rue"}}, {"type": "Feature", "geometry": {"type": "MultiLineString", "coordinates": [[[3.18886, 50.6849919], [3.1895056, 50.6853912]]]}, "properties": {"cleabs": "VOIE_NOM0000002339374145", "identifiant_voie_ban": "59512_cloyzc", "nom": "Cour Dujardin Philpart", "nom_normalise": "COUR DUJARDIN PHILPART", "type_voie": "cour"}}, {"type": "Feature", "geometry": {"type": "MultiLineString", "coordinates": [[[3.1996119, 50.690283], [3.1997295, 50.6903788], [3.1997478, 50.6903707], [3.1998116, 50.6904281], [3.1998398, 50.6904137], [3.2000538, 50.690591]]]}, "properties": {"cleabs": "VOIE_NOM0000002339374158", "identifiant_voie_ban": "59512_cgukkm", "nom": "Cour Veuve Auguste Deboosère", "nom_normalise": "COUR VEUVE AUGUSTE DEBOOSERE", "type_voie": "cour"}}, {"type": "Feature", "geometry": {"type": "MultiLineString", "coordinates": [[[3.160996, 50.7000941], [3.1610186, 50.7001057], [3.1610781, 50.7001361], [3.1611319, 50.7001693]], [[3.1605544, 50.6998604], [3.1606988, 50.6999374], [3.1609111, 50.7000493], [3.160996, 50.7000941]], [[3.1597378, 50.6994227], [3.1605544, 50.6998604]], [[3.1579113, 50.6982217], [3.1582086, 50.6983963]], [[3.1582086, 50.6983963], [3.1583303, 50.6984652], [3.1590326, 50.6989435], [3.1596783, 50.6993905], [3.1597378, 50.6994227]], [[3.1619302, 50.7006088], [3.1615409, 50.7003958], [3.161289, 50.7002615], [3.1611375, 50.700172], [3.1611319, 50.7001693]], [[3.1632268, 50.7013214], [3.1624029, 50.7008666], [3.1619302, 50.7006088]], [[3.1643327, 50.7020701], [3.1642137, 50.7019617], [3.1640748, 50.7018345], [3.1639558, 50.7017431], [3.163827, 50.701658], [3.1632268, 50.7013214]], [[3.1643327, 50.7020701], [3.1643937, 50.7021248], [3.1645212, 50.7022332], [3.164551, 50.7022583], [3.1646105, 50.7023085]]]}, "properties": {"cleabs": "VOIE_NOM0000002339374219", "identifiant_voie_ban": "59512_0300", "nom": "Boulevard d'Armentières", "nom_normalise": "BD D'ARMENTIERES", "type_voie": "boulevard"}}, {"type": "Feature", "geometry": {"type": "MultiLineString", "coordinates": [[[3.1858362, 50.6908042], [3.1856293, 50.6910073]], [[3.1856293, 50.6910073], [3.1856279, 50.6910208], [3.1855843, 50.6910657], [3.1852859, 50.6913524], [3.185169, 50.6914656], [3.1849973, 50.6916256]], [[3.1849973, 50.6916256], [3.1850059, 50.6916552], [3.1850046, 50.6916866], [3.184961, 50.6917612]], [[3.184961, 50.6917612], [3.1850742, 50.6918086]], [[3.1858362, 50.6908042], [3.1862106, 50.6904447]]]}, "properties": {"cleabs": "VOIE_NOM0000002339374220", "identifiant_voie_ban": "59512_4485", "nom": "Allée Pierre de Roubaix", "nom_normalise": "ALL PIERRE DE ROUBAIX", "type_voie": "allée"}}, {"type": "Feature", "geometry": {"type": "MultiLineString", "coordinates": [[[3.1924172, 50.6817973], [3.1923167, 50.6817373], [3.1919654, 50.6814866], [3.1914456, 50.6811087], [3.1909529, 50.6807828], [3.1906271, 50.680541]], [[3.1925529, 50.6818374], [3.1924172, 50.6817973]]]}, "properties": {"cleabs": "VOIE_NOM0000002339374240", "identifiant_voie_ban": "59512_0040", "nom": "Rue Achille Scrépel", "nom_normalise": "R ACHILLE SCREPEL", "type_voie": "rue"}}, {"type": "Feature", "geometry": {"type": "MultiLineString", "coordinates": [[[3.1818698, 50.6979197], [3.1816676, 50.6978833], [3.1812605, 50.6978165], [3.1811828, 50.6978158], [3.1802171, 50.6976422], [3.1801267, 50.6976253]], [[3.1801267, 50.6976253], [3.1796841, 50.6975442]], [[3.1796841, 50.6975442], [3.1795272, 50.6975158]], [[3.1795272, 50.6975158], [3.1793222, 50.6974784], [3.1781205, 50.6972513], [3.1778349, 50.6971907]]]}, "properties": {"cleabs": "VOIE_NOM0000002339374256", "identifiant_voie_ban": "59512_2043", "nom": "Allée du Fil d'art", "nom_normalise": "ALL DU FIL D'ART", "type_voie": "allée"}}, {"type": "Feature", "geometry": {"type": "MultiLineString", "coordinates": [[[3.1793291, 50.679647], [3.1793177, 50.6796057], [3.1792935, 50.6795645], [3.1792311, 50.6794802], [3.17894, 50.6790643], [3.1788933, 50.679032], [3.1788664, 50.6790195], [3.1788283, 50.6790097], [3.178824, 50.6790097]]]}, "properties": {"cleabs": "VOIE_NOM0000002339374280", "identifiant_voie_ban": "59512_3230", "nom": "Rue Lesueur", "nom_normalise": "R LESUEUR", "type_voie": "rue"}}, {"type": "Feature", "geometry": {"type": "MultiLineString", "coordinates": [[[3.2030532, 50.6896125], [3.2030221, 50.6896045], [3.2019728, 50.6893316], [3.2016617, 50.6892477], [3.2016037, 50.6892263]], [[3.2035001, 50.6897266], [3.2030532, 50.6896125]]]}, "properties": {"cleabs": "VOIE_NOM0000002339374372", "identifiant_voie_ban": "59512_5220", "nom": "Rue de Sevigné", "nom_normalise": "R DE SEVIGNE", "type_voie": "rue"}}, {"type": "Feature", "geometry": {"type": "MultiLineString", "coordinates": [[[3.1541034, 50.6912505], [3.1539008, 50.6910749], [3.1538315, 50.691022]], [[3.1546729, 50.6917604], [3.1545255, 50.691617], [3.1541034, 50.6912505]]]}, "properties": {"cleabs": "VOIE_NOM0000002339374410", "identifiant_voie_ban": "59512_0900", "nom": "Rue Bully Grenay", "nom_normalise": "R BULLY GRENAY", "type_voie": "rue"}}, {"type": "Feature", "geometry": {"type": "MultiLineString", "coordinates": [[[3.1898304, 50.6943247], [3.1898852, 50.6942538], [3.1900342, 50.694031], [3.1902814, 50.6936708], [3.1903741, 50.6935091], [3.1904106, 50.6934462], [3.1904232, 50.6934247], [3.1904414, 50.6933726]], [[3.1905643, 50.693009], [3.1906613, 50.6928725], [3.1907511, 50.6927278], [3.1907763, 50.6926587]], [[3.1904414, 50.6933726], [3.1904525, 50.6933448], [3.1904917, 50.6932326], [3.1905098, 50.6931598]], [[3.1905098, 50.6931598], [3.1905405, 50.6930629], [3.1905643, 50.693009]], [[3.1907632, 50.6925663], [3.1907718, 50.6925941], [3.1907763, 50.6926587]]]}, "properties": {"cleabs": "VOIE_NOM0000002339374452", "identifiant_voie_ban": "59512_3340", "nom": "Quai de Lorient", "nom_normalise": "QU DE LORIENT", "type_voie": "quai"}}, {"type": "Feature", "geometry": {"type": "MultiLineString", "coordinates": [[[3.1947553, 50.6812148], [3.1946718, 50.6811773], [3.1945571, 50.6811047], [3.1936211, 50.6804682], [3.1929867, 50.6800366], [3.1924216, 50.6796525]]]}, "properties": {"cleabs": "VOIE_NOM0000002339374453", "identifiant_voie_ban": "59512_1410", "nom": "Avenue Cordonnier", "nom_normalise": "AV CORDONNIER", "type_voie": "avenue"}}, {"type": "Feature", "geometry": {"type": "MultiLineString", "coordinates": [[[3.1891194, 50.6848453], [3.1901737, 50.6853821]], [[3.1901737, 50.6853821], [3.1905488, 50.6855717]], [[3.1905488, 50.6855717], [3.1913059, 50.6859547]], [[3.1930595, 50.6868574], [3.193276, 50.686962], [3.1935916, 50.6871105], [3.1938817, 50.6872411]], [[3.1926759, 50.6866579], [3.1930595, 50.6868574]], [[3.1913059, 50.6859547], [3.1918324, 50.6862168], [3.1921381, 50.6863769]], [[3.1921381, 50.6863769], [3.1923787, 50.6865022], [3.1926759, 50.6866579]]]}, "properties": {"cleabs": "VOIE_NOM0000002339374456", "identifiant_voie_ban": "59512_3080", "nom": "Rue Lalande", "nom_normalise": "R LALANDE", "type_voie": "rue"}}, {"type": "Feature", "geometry": {"type": "MultiLineString", "coordinates": [[[3.1850977, 50.7023873], [3.1851628, 50.7024043], [3.1857767, 50.7025837], [3.1858149, 50.7025953], [3.1858531, 50.7026069]], [[3.1895706, 50.7040766], [3.1888742, 50.7037707], [3.188076, 50.7034301]], [[3.186914, 50.7029257], [3.1858531, 50.7026069]], [[3.188076, 50.7034301], [3.1877236, 50.703278], [3.1872466, 50.7030706], [3.186914, 50.7029257]]]}, "properties": {"cleabs": "VOIE_NOM0000002339374472", "identifiant_voie_ban": "59512_4450", "nom": "Rue de Philippeville", "nom_normalise": "R DE PHILIPPEVILLE", "type_voie": "rue"}}, {"type": "Feature", "geometry": {"type": "MultiLineString", "coordinates": [[[3.1942215, 50.688539], [3.1932807, 50.6881717], [3.193193, 50.6881323]], [[3.2007988, 50.6903484], [3.200209, 50.6901708], [3.1999912, 50.6901029]], [[3.1999912, 50.6901029], [3.1999629, 50.6900949]], [[3.1992331, 50.6898789], [3.1997479, 50.6900297], [3.1999629, 50.6900949]], [[3.1982205, 50.6895808], [3.1983619, 50.6896246], [3.1985316, 50.6896763], [3.1988852, 50.6897781], [3.1992331, 50.6898789]], [[3.1979362, 50.6894951], [3.1982205, 50.6895808]], [[3.1979362, 50.6894951], [3.1976024, 50.6893951], [3.1973903, 50.6893345]], [[3.1973903, 50.6893345], [3.1972079, 50.6892953]], [[3.1970227, 50.6892731], [3.197116, 50.6892846], [3.1972079, 50.6892953]], [[3.1965182, 50.6892093], [3.1970227, 50.6892731]], [[3.1957988, 50.6891099], [3.1961451, 50.689157], [3.1965182, 50.6892093]], [[3.1957988, 50.6891099], [3.195386, 50.6890379], [3.1951979, 50.6889862]], [[3.1946843, 50.6887563], [3.1951979, 50.6889862]], [[3.1942215, 50.688539], [3.1946149, 50.6887224], [3.1946843, 50.6887563]]]}, "properties": {"cleabs": "VOIE_NOM0000002339374499", "identifiant_voie_ban": "59512_4540", "nom": "Rue du Pile", "nom_normalise": "R DU PILE", "type_voie": "rue"}}, {"type": "Feature", "geometry": {"type": "MultiLineString", "coordinates": [[[3.2121865, 50.6860904], [3.2122885, 50.6861539], [3.2123154, 50.68617], [3.2125392, 50.6863177], [3.2128578, 50.6864966], [3.2131622, 50.6866702], [3.2133788, 50.6867838], [3.2134807, 50.6868294], [3.2135444, 50.6868535], [3.2136335, 50.6868812], [3.213741, 50.6869079], [3.2138498, 50.686923], [3.2139954, 50.6869326], [3.2141437, 50.6869368], [3.2144008, 50.6869453], [3.2146311, 50.6869539], [3.2148049, 50.6869671], [3.2149321, 50.6869803], [3.2150423, 50.6869954], [3.2151399, 50.6870167], [3.2152233, 50.6870399], [3.2152912, 50.6870649], [3.2154624, 50.6871302], [3.215802, 50.6872597], [3.2158997, 50.6872999], [3.215928, 50.6873223], [3.2159676, 50.6873411], [3.2160214, 50.6873562]], [[3.2130493, 50.684698], [3.2130775, 50.6843435], [3.2130701, 50.6842654]], [[3.2130493, 50.684698], [3.2130256, 50.6850982]], [[3.2130493, 50.684698], [3.2120563, 50.6846871]], [[3.212405, 50.6853174], [3.2124656, 50.684952]], [[3.2120307, 50.6853054], [3.212405, 50.6853174]], [[3.2115109, 50.6853036], [3.2116465, 50.6853034], [3.2120307, 50.6853054]], [[3.2116701, 50.6858804], [3.2116642, 50.6858292], [3.2115083, 50.6857039], [3.211175, 50.6853895], [3.2108561, 50.6851307], [3.2106666, 50.685078]], [[3.2119936, 50.685896], [3.2118533, 50.6857769], [3.2118277, 50.6857536], [3.211686, 50.6856327], [3.2113514, 50.6853326], [3.2111019, 50.6851356], [3.2109078, 50.6849924], [3.2107733, 50.6849038]], [[3.2107733, 50.6849038], [3.2106628, 50.6848304], [3.210439, 50.6846854], [3.2102959, 50.6845878], [3.2101245, 50.6844714]], [[3.2106659, 50.6845701], [3.2106774, 50.6846033], [3.210713, 50.6846723], [3.2108547, 50.6847834], [3.2108844, 50.6847959], [3.2109183, 50.6848003], [3.2114226, 50.6847995], [3.2114607, 50.6847913], [3.2114747, 50.6847743], [3.2114885, 50.6843516], [3.2114813, 50.6843184], [3.21146, 50.6842906], [3.2113607, 50.6842073]], [[3.2119231, 50.6859293], [3.2119076, 50.6859203], [3.211753, 50.6857896], [3.2116113, 50.6856687], [3.2112767, 50.6853695], [3.2110301, 50.6851734], [3.2108388, 50.6850329], [3.210598, 50.6848718], [3.2103699, 50.684725], [3.2102283, 50.6846274]], [[3.2102283, 50.6846274], [3.2102056, 50.6846131], [3.2100569, 50.684511]], [[3.2090717, 50.6836647], [3.2091808, 50.6837435], [3.2098776, 50.6842044], [3.2099215, 50.6842313], [3.2105334, 50.6846394]], [[3.2084979, 50.6832421], [3.2085447, 50.6832905], [3.2085745, 50.6833353]], [[3.2085745, 50.6833353], [3.2086, 50.6833577], [3.2086638, 50.6834015]], [[3.2086638, 50.6834015], [3.2087134, 50.6834347], [3.2090717, 50.6836647]]]}, "properties": {"cleabs": "VOIE_NOM0000002339374646", "identifiant_voie_ban": "59512_0960", "nom": "Rue de Carihem", "nom_normalise": "R DE CARIHEM", "type_voie": "rue"}}, {"type": "Feature", "geometry": {"type": "MultiLineString", "coordinates": [[[3.1861412, 50.6781949], [3.1861054, 50.6780729], [3.1858603, 50.6778615]], [[3.1854924, 50.6780478], [3.1861412, 50.6781949]], [[3.1861412, 50.6781949], [3.1867857, 50.6783429], [3.1869949, 50.6783919]], [[3.188933, 50.6788664], [3.1889712, 50.6788816], [3.1890236, 50.6789201], [3.1890718, 50.6789721], [3.1891215, 50.6790429], [3.189197, 50.6792142], [3.1893936, 50.6796698]], [[3.1869949, 50.6783919], [3.18773, 50.6785604], [3.1884778, 50.6787415], [3.1887322, 50.678803]], [[3.1887322, 50.678803], [3.1887873, 50.6788173], [3.1888892, 50.6788494], [3.188933, 50.6788664]], [[3.1899166, 50.680893], [3.1902856, 50.6817305]], [[3.1902856, 50.6817305], [3.1903995, 50.6819834]], [[3.1912866, 50.6838638], [3.1911818, 50.6837734], [3.1910919, 50.6835447], [3.1909252, 50.6831716], [3.1907356, 50.6827071], [3.1907313, 50.6826972]], [[3.1907313, 50.6826972], [3.1906118, 50.6824533]], [[3.1904465, 50.6820883], [3.1903995, 50.6819834]], [[3.1906118, 50.6824533], [3.1906004, 50.6824246], [3.190579, 50.6823807], [3.1904465, 50.6820883]], [[3.1893936, 50.6796698], [3.1894421, 50.6797819], [3.1896102, 50.6801737]], [[3.1896102, 50.6801737], [3.18968, 50.6803343], [3.1899166, 50.680893]]]}, "properties": {"cleabs": "VOIE_NOM0000002339374648", "identifiant_voie_ban": "59512_4730", "nom": "Boulevard de Reims", "nom_normalise": "BD DE REIMS", "type_voie": "boulevard"}}, {"type": "Feature", "geometry": {"type": "MultiLineString", "coordinates": [[[3.1881865, 50.6910941], [3.188212, 50.6911093], [3.1882559, 50.6911281], [3.1882955, 50.6911433], [3.1883379, 50.6911522], [3.1883761, 50.6911584], [3.1884213, 50.6911583], [3.1884693, 50.6911574], [3.1885216, 50.6911564], [3.1885809, 50.6911563], [3.1886431, 50.6911544], [3.1887052, 50.6911543], [3.1887688, 50.6911542], [3.1888366, 50.6911541], [3.1888521, 50.6911532], [3.188951, 50.6911486]], [[3.188951, 50.6911486], [3.1896149, 50.6911359]], [[3.1900443, 50.6911209], [3.1903014, 50.6911106], [3.1905528, 50.6911048]], [[3.1897802, 50.691132], [3.1900443, 50.6911209]], [[3.1897279, 50.6911339], [3.1897802, 50.691132]], [[3.1896149, 50.6911359], [3.1896912, 50.6911349], [3.1897279, 50.6911339]], [[3.1908961, 50.691098], [3.1913862, 50.6910874]], [[3.1905528, 50.6911048], [3.1908961, 50.691098]], [[3.1913862, 50.6910874], [3.1925897, 50.6910658], [3.1926519, 50.6910639]], [[3.1926519, 50.6910639], [3.1937989, 50.6910397]], [[3.2005905, 50.6909105], [3.2010341, 50.6908999], [3.2016556, 50.6908881], [3.202311, 50.6908754], [3.2024876, 50.6908859], [3.2026742, 50.6909071], [3.2027576, 50.690924]], [[3.2027576, 50.690924], [3.2028552, 50.6909436], [3.2030136, 50.6909909], [3.2031381, 50.6910427], [3.2032867, 50.6911098], [3.2034311, 50.6911858], [3.2034439, 50.691193], [3.2036137, 50.6912771], [3.2037383, 50.6913388], [3.2037992, 50.6913692], [3.2039025, 50.6914148]], [[3.2039025, 50.6914148], [3.2041471, 50.6914637], [3.2042078, 50.691469], [3.2042869, 50.6914716], [3.20439, 50.6914589], [3.2044408, 50.6914426], [3.2045268, 50.6914021]], [[3.2039025, 50.6914148], [3.2039337, 50.691456], [3.2039833, 50.6914793], [3.2041445, 50.6915185], [3.2042307, 50.6915354], [3.2043127, 50.6915433], [3.2044201, 50.6915494], [3.2045416, 50.6915654]], [[3.2046432, 50.6908393], [3.2040965, 50.69085]], [[3.2046432, 50.6908393], [3.2050952, 50.6908215], [3.2055077, 50.6908163], [3.2055854, 50.6908189], [3.2056292, 50.6908224], [3.2056673, 50.6908304], [3.2056957, 50.6908447], [3.2057169, 50.6908599], [3.2057836, 50.690928]], [[3.2057836, 50.690928], [3.2061857, 50.690799]], [[3.2057836, 50.690928], [3.2058106, 50.6909719], [3.2058577, 50.6910876]], [[3.2004789, 50.690916], [3.2005905, 50.6909105]], [[3.19887, 50.6909438], [3.1991384, 50.6909388], [3.1995721, 50.6909345], [3.1996851, 50.6909326], [3.2002445, 50.6909191], [3.2004789, 50.690916]], [[3.1984505, 50.6909534], [3.1984646, 50.6909534], [3.19887, 50.6909438]], [[3.1972301, 50.6909814], [3.1972569, 50.6909804], [3.1979392, 50.6909641], [3.1984505, 50.6909534]], [[3.196997, 50.6909844], [3.1972103, 50.6909805], [3.1972301, 50.6909814]], [[3.1968684, 50.6909864], [3.196997, 50.6909844]], [[3.1943187, 50.6910299], [3.1947086, 50.6910248], [3.1955872, 50.6910109], [3.1965986, 50.6909904], [3.1968684, 50.6909864]], [[3.1937989, 50.6910397], [3.1939868, 50.691034], [3.1943187, 50.6910299]]]}, "properties": {"cleabs": "VOIE_NOM0000002339374683", "identifiant_voie_ban": "59512_0520", "nom": "Boulevard de Beaurepaire", "nom_normalise": "BD DE BEAUREPAIRE", "type_voie": "boulevard"}}, {"type": "Feature", "geometry": {"type": "MultiLineString", "coordinates": [[[3.1784607, 50.6923961], [3.1784748, 50.6923862], [3.1785241, 50.6923494], [3.1785565, 50.6923278], [3.1786227, 50.6922783]], [[3.1790238, 50.6918569], [3.1793489, 50.6915065], [3.1794798, 50.6913717]], [[3.1786227, 50.6922783], [3.1790238, 50.6918569]]]}, "properties": {"cleabs": "VOIE_NOM0000002339374738", "identifiant_voie_ban": "59512_3260", "nom": "Place de la Liberté", "nom_normalise": "PL DE LA LIBERTE", "type_voie": "place"}}, {"type": "Feature", "geometry": {"type": "MultiLineString", "coordinates": [[[3.1886431, 50.6874044], [3.1890743, 50.6871166], [3.1891364, 50.6871039], [3.1891929, 50.6871101], [3.1892311, 50.6871253], [3.1893231, 50.6871763]]]}, "properties": {"cleabs": "VOIE_NOM0000002339374763", "identifiant_voie_ban": "59512_2692", "nom": "Rue André Huys", "nom_normalise": "R ANDRE HUYS", "type_voie": "rue"}}, {"type": "Feature", "geometry": {"type": "MultiLineString", "coordinates": [[[3.1824047, 50.6993278], [3.182, 50.6991597], [3.1812445, 50.698862], [3.1811751, 50.698828]]]}, "properties": {"cleabs": "VOIE_NOM0000002339374772", "identifiant_voie_ban": "59512_5630", "nom": "Rue Villars", "nom_normalise": "R VILLARS", "type_voie": "rue"}}, {"type": "Feature", "geometry": {"type": "MultiLineString", "coordinates": [[[3.1950927, 50.6822561], [3.1950237, 50.6823307]], [[3.1950927, 50.6822561], [3.1953123, 50.6820673], [3.1954404, 50.6819585], [3.1955447, 50.6819018], [3.1956885, 50.6818451], [3.1958493, 50.681791], [3.1965646, 50.6815799], [3.1968143, 50.6815041], [3.1969638, 50.6814509], [3.1970639, 50.6814041], [3.1971639, 50.681342], [3.1975401, 50.6811054]], [[3.198129, 50.6807195], [3.1975401, 50.6811054]], [[3.1991053, 50.6801122], [3.198129, 50.6807195]], [[3.1999787, 50.6795464], [3.1991053, 50.6801122]], [[3.2010565, 50.6788698], [3.1999787, 50.6795464]]]}, "properties": {"cleabs": "VOIE_NOM0000002339374780", "identifiant_voie_ban": "59512_3660", "nom": "Rue de Maufait", "nom_normalise": "R DE MAUFAIT", "type_voie": "rue"}}, {"type": "Feature", "geometry": {"type": "MultiLineString", "coordinates": [[[3.1885738, 50.6719769], [3.1890784, 50.6717159], [3.1894081, 50.6715449]], [[3.1885738, 50.6719769], [3.1879762, 50.6722856]], [[3.1879762, 50.6722856], [3.1878719, 50.6723396]], [[3.1860453, 50.6732837], [3.1861538, 50.673227], [3.1868867, 50.6728463]], [[3.1849839, 50.6738327], [3.1851869, 50.6737319], [3.1860453, 50.6732837]], [[3.1878719, 50.6723396], [3.1877352, 50.6724089]], [[3.1868867, 50.6728463], [3.1869966, 50.6727905], [3.1877352, 50.6724089]], [[3.1825652, 50.675098], [3.1827428, 50.675008], [3.1832488, 50.6747327]], [[3.1821762, 50.6752969], [3.1825652, 50.675098]], [[3.1790863, 50.6769175], [3.1786197, 50.6771587], [3.1784097, 50.6772864]], [[3.1796868, 50.6765999], [3.1796572, 50.6766143]], [[3.1796572, 50.6766143], [3.1791667, 50.6768762], [3.1790863, 50.6769175]], [[3.1803648, 50.6762373], [3.1805269, 50.67615], [3.1818111, 50.6754832], [3.1821762, 50.6752969]], [[3.1796868, 50.6765999], [3.1803648, 50.6762373]], [[3.1846952, 50.6740368], [3.1845005, 50.6740901], [3.1842749, 50.6741882], [3.1837717, 50.6744546]], [[3.1837717, 50.6744546], [3.1832488, 50.6747327]]]}, "properties": {"cleabs": "VOIE_NOM0000002339375007", "identifiant_voie_ban": "59512_2170", "nom": "Boulevard de Fourmies", "nom_normalise": "BD DE FOURMIES", "type_voie": "boulevard"}}, {"type": "Feature", "geometry": {"type": "MultiLineString", "coordinates": [[[3.1763253, 50.6949961], [3.1761333, 50.695026], [3.1753244, 50.6952003]], [[3.1767998, 50.6945288], [3.1769205, 50.6943106]], [[3.1763253, 50.6949961], [3.1764904, 50.6949268], [3.176593, 50.6947813]], [[3.176593, 50.6947813], [3.1767998, 50.6945288]]]}, "properties": {"cleabs": "VOIE_NOM0000002339375010", "identifiant_voie_ban": "59512_5346", "nom": "Rue des Tisserands", "nom_normalise": "R DES TISSERANDS", "type_voie": "rue"}}, {"type": "Feature", "geometry": {"type": "MultiLineString", "coordinates": [[[3.1878029, 50.6980509], [3.1879772, 50.6978021], [3.1882849, 50.6973467], [3.1886459, 50.6967987], [3.1889986, 50.6962715], [3.1891278, 50.6960774], [3.1892809, 50.6958493], [3.1894102, 50.6956535], [3.1894677, 50.6955547], [3.189663, 50.6952627]], [[3.1900805, 50.6947057], [3.1902546, 50.6944318], [3.1902771, 50.6943985]], [[3.1900805, 50.6947057], [3.1900145, 50.6947983], [3.1898486, 50.6950211], [3.189805, 50.6950777], [3.189663, 50.6952627]]]}, "properties": {"cleabs": "VOIE_NOM0000002339375075", "identifiant_voie_ban": "59512_5350", "nom": "Quai de Toulon", "nom_normalise": "QU DE TOULON", "type_voie": "quai"}}, {"type": "Feature", "geometry": {"type": "MultiLineString", "coordinates": [[[3.1804865, 50.6817972], [3.1802283, 50.6818855], [3.1797106, 50.6820469], [3.1791801, 50.6822155]]]}, "properties": {"cleabs": "VOIE_NOM0000002339375094", "identifiant_voie_ban": "59512_fudxqp", "nom": "Impasse Saint-Louis", "nom_normalise": "IMP SAINT-LOUIS", "type_voie": "impasse"}}, {"type": "Feature", "geometry": {"type": "MultiLineString", "coordinates": [[[3.1666952, 50.6905756], [3.1665428, 50.6902124], [3.1664857, 50.6900375]], [[3.1671266, 50.691598], [3.1669814, 50.6912572], [3.1668532, 50.6909523], [3.1666952, 50.6905756]]]}, "properties": {"cleabs": "VOIE_NOM0000002339375125", "identifiant_voie_ban": "59512_3790", "nom": "Rue Mimerel", "nom_normalise": "R MIMEREL", "type_voie": "rue"}}, {"type": "Feature", "geometry": {"type": "MultiLineString", "coordinates": [[[3.1997742, 50.6852925], [3.1998053, 50.6852853], [3.1998193, 50.6852629], [3.1999736, 50.6850024], [3.2001082, 50.6847365], [3.2001867, 50.6845991], [3.2003063, 50.6844706], [3.2004162, 50.684395]]]}, "properties": {"cleabs": "VOIE_NOM0000002339375164", "identifiant_voie_ban": "59512_5211", "nom": "Rue du Sergent Louis Bettremieux", "nom_normalise": "R DU SERGENT LOUIS BETTREMIEUX", "type_voie": "rue"}}, {"type": "Feature", "geometry": {"type": "MultiLineString", "coordinates": [[[3.1742523, 50.6997343], [3.1744011, 50.6998624], [3.1748658, 50.7002234], [3.1750131, 50.700339], [3.1752157, 50.7004939], [3.1755569, 50.7007034], [3.1757041, 50.7007696]], [[3.1741601, 50.6996555], [3.1742523, 50.6997343]], [[3.1757041, 50.7007696], [3.1761907, 50.7009161], [3.177369, 50.7012886]], [[3.1775698, 50.701343], [3.177369, 50.7012886]]]}, "properties": {"cleabs": "VOIE_NOM0000002339375186", "identifiant_voie_ban": "59512_5030", "nom": "Rue Saint-Joseph", "nom_normalise": "R SAINT-JOSEPH", "type_voie": "rue"}}, {"type": "Feature", "geometry": {"type": "MultiLineString", "coordinates": [[[3.1801375, 50.6951217], [3.1800668, 50.695111], [3.1799339, 50.6950852], [3.179842, 50.6950647], [3.1797189, 50.6950262], [3.179238, 50.6948771]], [[3.1792434, 50.6947918], [3.1797992, 50.6949642], [3.179959, 50.6950017], [3.1800495, 50.6950222], [3.1800947, 50.6950329], [3.1802022, 50.6950525], [3.1803888, 50.6950836], [3.1805089, 50.6950933]], [[3.1822567, 50.6951455], [3.182213, 50.695159], [3.1820732, 50.6951897], [3.18198, 50.6952087], [3.18186, 50.6952188], [3.1817343, 50.6952234], [3.1816241, 50.6952218], [3.1809204, 50.6951869], [3.1805445, 50.6951641], [3.1804964, 50.6951606], [3.1803721, 50.6951509], [3.180211, 50.6951332], [3.1801375, 50.6951217]], [[3.1822567, 50.6951455], [3.1823216, 50.6951248], [3.1823851, 50.6950986], [3.1825671, 50.6950248], [3.1826869, 50.6949573], [3.1828659, 50.6948413], [3.1829616, 50.6947191], [3.1830108, 50.6946517], [3.183081, 50.6945386], [3.1831329, 50.6944523], [3.183265, 50.6942565]], [[3.1822085, 50.6950836], [3.1822692, 50.6950665], [3.182327, 50.6950413], [3.1825033, 50.6949692], [3.1826077, 50.6949117], [3.1826964, 50.6948433], [3.1827725, 50.6947786], [3.1828372, 50.6946969], [3.182927, 50.6945514], [3.1829636, 50.6944921], [3.1830464, 50.694352], [3.1831742, 50.6941427], [3.1833119, 50.6939406], [3.1833808, 50.6938499], [3.1835172, 50.6936872], [3.1837297, 50.6934419], [3.1838593, 50.6933341]], [[3.1805089, 50.6950933], [3.180557, 50.6950968], [3.1810134, 50.6951159], [3.1816281, 50.6951545], [3.181734, 50.6951543], [3.1818499, 50.6951515], [3.1819558, 50.6951414], [3.1820391, 50.6951243], [3.1821704, 50.6950963], [3.1822085, 50.6950836]], [[3.1845671, 50.6925775], [3.1844774, 50.6927795], [3.1843396, 50.6929565], [3.1840497, 50.6932521], [3.183954, 50.6933653]], [[3.1838593, 50.6933341], [3.1839549, 50.69322], [3.1841097, 50.6930501], [3.1842489, 50.6928803], [3.1843977, 50.6926208], [3.1844398, 50.6925453]], [[3.183954, 50.6933653], [3.1838527, 50.6934866], [3.1837402, 50.6936079], [3.1836262, 50.6937418], [3.1834729, 50.6939251], [3.1833801, 50.6940482], [3.183265, 50.6942565]], [[3.1724803, 50.6943411], [3.1725564, 50.6942997], [3.1726467, 50.6942493], [3.1727384, 50.6942115], [3.1732307, 50.6939963], [3.1738994, 50.6937163]], [[3.1738994, 50.6937163], [3.1739459, 50.6936974], [3.1740052, 50.6936803], [3.1740687, 50.6936667], [3.1741548, 50.6936496], [3.1742734, 50.6936287], [3.1743243, 50.6936224], [3.1744104, 50.693616], [3.1745008, 50.6936114], [3.1745785, 50.693614], [3.174676, 50.6936102], [3.1747848, 50.6936182], [3.1748668, 50.6936234], [3.1749304, 50.6936332]], [[3.1725723, 50.6944055], [3.1726654, 50.6943534], [3.1727458, 50.6943102], [3.1728558, 50.6942625], [3.1733354, 50.6940527], [3.173736, 50.6938808], [3.17388, 50.6938285], [3.1739632, 50.6938015], [3.1740535, 50.6937726], [3.1740973, 50.6937609], [3.1741693, 50.693742], [3.1742639, 50.6937239], [3.1743204, 50.6937184], [3.1744178, 50.6937039], [3.1744969, 50.6937011], [3.1745859, 50.6936983], [3.1746805, 50.6936928], [3.1747667, 50.6937007], [3.1748374, 50.6937087], [3.1749406, 50.6937247], [3.1749434, 50.6937256], [3.1750537, 50.6937497], [3.175171, 50.6937782], [3.1753153, 50.693822], [3.1755939, 50.6939096], [3.175874, 50.6940034], [3.1761512, 50.6940873], [3.1765317, 50.694225], [3.1766589, 50.6942526], [3.176772, 50.6942776]], [[3.1768281, 50.6941609], [3.176961, 50.6941822], [3.177101, 50.6942062], [3.1774233, 50.6942587], [3.1776876, 50.6943032]], [[3.1776216, 50.6944244], [3.1773333, 50.6943773], [3.1770124, 50.6943284], [3.1769205, 50.6943106]], [[3.1769205, 50.6943106], [3.1768625, 50.694299], [3.176772, 50.6942776]], [[3.1749304, 50.6936332], [3.1751, 50.6936689], [3.1752315, 50.6936983], [3.1753814, 50.6937412], [3.1756544, 50.6938314], [3.1759387, 50.6939252], [3.1762216, 50.6940164], [3.1766472, 50.6941369], [3.1767165, 50.6941467], [3.1768281, 50.6941609]], [[3.1776876, 50.6943032], [3.1782547, 50.6944783], [3.1792434, 50.6947918]], [[3.179238, 50.6948771], [3.1787048, 50.6947091], [3.1779482, 50.6944814], [3.1776216, 50.6944244]], [[3.1650232, 50.6976417], [3.165641, 50.6973161], [3.1659146, 50.6971533]], [[3.1659882, 50.6972035], [3.1657132, 50.6973653], [3.165121, 50.6977107]], [[3.1659146, 50.6971533], [3.1661261, 50.6970229], [3.1664448, 50.6968493], [3.1669341, 50.6965839], [3.1673178, 50.6963824], [3.1674249, 50.696323]], [[3.1675, 50.696383], [3.1673858, 50.6964361], [3.167005, 50.696635], [3.1665156, 50.6969012], [3.1661983, 50.6970731], [3.1659882, 50.6972035]], [[3.1674249, 50.696323], [3.1674743, 50.6962916], [3.1675533, 50.6962529], [3.1685212, 50.6958747], [3.1689685, 50.6956982], [3.1698884, 50.6953479]], [[3.1699919, 50.6954518], [3.1695629, 50.6956058], [3.1686006, 50.6959535], [3.1676298, 50.6963245], [3.1675579, 50.6963596], [3.1675, 50.696383]], [[3.1711963, 50.6948364], [3.1713233, 50.6947877], [3.1717367, 50.6946328], [3.1718976, 50.6945707], [3.1722785, 50.694423], [3.172342, 50.6943969], [3.1724803, 50.6943411]], [[3.1725723, 50.6944055], [3.1724835, 50.6944487], [3.1723706, 50.6944955], [3.1717753, 50.6947521], [3.1713535, 50.6949214], [3.1699919, 50.6954518]], [[3.1698884, 50.6953479], [3.1700535, 50.6952812], [3.1708337, 50.6949778], [3.1711963, 50.6948364]], [[3.1645749, 50.6979313], [3.1644239, 50.6979907]], [[3.1644239, 50.6979907], [3.16428, 50.698034], [3.1642193, 50.6980565], [3.1640231, 50.6981276], [3.1639751, 50.6981465]], [[3.1639183, 50.6980533], [3.1639183, 50.6980497], [3.1641229, 50.6979741], [3.1641864, 50.6979506], [3.164353, 50.6978993]], [[3.164353, 50.6978993], [3.164528, 50.6978452], [3.1646889, 50.6977929], [3.1648723, 50.6977236], [3.1650232, 50.6976417]], [[3.165121, 50.6977107], [3.1649094, 50.6978124], [3.164733, 50.6978835], [3.1645749, 50.6979313]]]}, "properties": {"cleabs": "VOIE_NOM0000002339375210", "identifiant_voie_ban": "59512_4005", "nom": "Avenue des Nations Unies", "nom_normalise": "AV DES NATIONS UNIES", "type_voie": "avenue"}}, {"type": "Feature", "geometry": {"type": "MultiLineString", "coordinates": [[[3.1700357, 50.68627], [3.1709251, 50.6852934], [3.170949, 50.6852691]], [[3.1714262, 50.684783], [3.1714642, 50.6847605], [3.1715051, 50.6847425], [3.1715503, 50.6847245], [3.1716081, 50.6846966]], [[3.170949, 50.6852691], [3.1710644, 50.6851478], [3.171329, 50.6848702], [3.1713952, 50.6848046], [3.1714262, 50.684783]]]}, "properties": {"cleabs": "VOIE_NOM0000002339375248", "identifiant_voie_ban": "59512_1120", "nom": "Rue Charles Quint", "nom_normalise": "R CHARLES QUINT", "type_voie": "rue"}}, {"type": "Feature", "geometry": {"type": "MultiLineString", "coordinates": [[[3.1742746, 50.6923285], [3.1742169, 50.6928194], [3.1742142, 50.6928401], [3.1742128, 50.6928526], [3.1741907, 50.6929864]], [[3.1741907, 50.6929864], [3.1741714, 50.6931345], [3.1741547, 50.6932152], [3.1741465, 50.6932781], [3.1741465, 50.6932799], [3.1741452, 50.693331], [3.1741609, 50.6933678], [3.1741865, 50.6934036], [3.1742064, 50.6934359], [3.1742376, 50.6934852], [3.1742703, 50.6935336]]]}, "properties": {"cleabs": "VOIE_NOM0000002339375333", "identifiant_voie_ban": "59512_1510", "nom": "Rue du Curé", "nom_normalise": "R DU CURE", "type_voie": "rue"}}, {"type": "Feature", "geometry": {"type": "MultiLineString", "coordinates": [[[3.1821769, 50.6996234], [3.1819857, 50.699891], [3.1819478, 50.699944], [3.1819225, 50.69998], [3.1817622, 50.7002054], [3.1817369, 50.7002476]], [[3.1829066, 50.6986182], [3.1830441, 50.6983595], [3.1830567, 50.6983389], [3.1831847, 50.6981861]], [[3.1829066, 50.6986182], [3.182634, 50.6990322]], [[3.182634, 50.6990322], [3.1824047, 50.6993278]], [[3.1824047, 50.6993278], [3.1821769, 50.6996234]], [[3.1834068, 50.6978654], [3.1834743, 50.6977693], [3.1835361, 50.6976786]], [[3.1831847, 50.6981861], [3.183397, 50.6978798], [3.1834068, 50.6978654]], [[3.1835361, 50.6976786], [3.1837919, 50.6973157], [3.1840407, 50.6969609], [3.1841616, 50.6967974]], [[3.1841616, 50.6967974], [3.1843092, 50.6965971]], [[3.1843092, 50.6965971], [3.1844286, 50.6964156]], [[3.1844286, 50.6964156], [3.1845157, 50.6962827], [3.1848798, 50.6957698]], [[3.1848798, 50.6957698], [3.1850372, 50.6955443]], [[3.1850372, 50.6955443], [3.1852269, 50.6952784], [3.1853633, 50.6950969]], [[3.1855431, 50.6948257], [3.1854434, 50.6949757]], [[3.1854434, 50.6949757], [3.1853633, 50.6950969]], [[3.1863331, 50.6937557], [3.186125, 50.6940297]], [[3.186125, 50.6940297], [3.1859999, 50.6941959], [3.1857539, 50.6945238], [3.1855473, 50.6948194], [3.1855431, 50.6948257]]]}, "properties": {"cleabs": "VOIE_NOM0000002339375379", "identifiant_voie_ban": "59512_3050", "nom": "Rue Lacroix", "nom_normalise": "R LACROIX", "type_voie": "rue"}}, {"type": "Feature", "geometry": {"type": "MultiLineString", "coordinates": [[[3.1904465, 50.6820883], [3.1908148, 50.681981]]]}, "properties": {"cleabs": "VOIE_NOM0000002339375482", "identifiant_voie_ban": "59512_mrvrrz", "nom": "Impasse Delplanque", "nom_normalise": "IMP DELPLANQUE", "type_voie": "impasse"}}, {"type": "Feature", "geometry": {"type": "MultiLineString", "coordinates": [[[3.1832013, 50.7004079], [3.1830952, 50.7003722], [3.1830599, 50.7003588], [3.1830498, 50.7003121], [3.1831398, 50.7002025]]]}, "properties": {"cleabs": "VOIE_NOM0000002339375528", "identifiant_voie_ban": "59512_yh7bdy", "nom": "Cour Inglebert", "nom_normalise": "COUR INGLEBERT", "type_voie": "cour"}}, {"type": "Feature", "geometry": {"type": "MultiLineString", "coordinates": [[[3.1891119, 50.6922225], [3.1894639, 50.6922991], [3.1894836, 50.6922659], [3.1895047, 50.6922568], [3.1895301, 50.6922541], [3.1895483, 50.692202], [3.1895411, 50.6921698]]]}, "properties": {"cleabs": "VOIE_NOM0000002339375551", "identifiant_voie_ban": "59512_6a93oc", "nom": "Cour Lothiois", "nom_normalise": "COUR LOTHIOIS", "type_voie": "cour"}}, {"type": "Feature", "geometry": {"type": "MultiLineString", "coordinates": [[[3.1924172, 50.6817973], [3.1924891, 50.6817837], [3.1925541, 50.6817701], [3.1926317, 50.6817547]], [[3.1913916, 50.6821228], [3.1917373, 50.6820262], [3.1922719, 50.6818648], [3.1923622, 50.6818305], [3.1924172, 50.6817973]]]}, "properties": {"cleabs": "VOIE_NOM0000002339375616", "identifiant_voie_ban": "59512_5130", "nom": "Rue Saint-Simon", "nom_normalise": "R SAINT-SIMON", "type_voie": "rue"}}, {"type": "Feature", "geometry": {"type": "MultiLineString", "coordinates": [[[3.1742477, 50.6980249], [3.173442, 50.6983302], [3.1725531, 50.6986635], [3.1723428, 50.6987454], [3.1721735, 50.6988103]]]}, "properties": {"cleabs": "VOIE_NOM0000002339375791", "identifiant_voie_ban": "59512_1540", "nom": "Rue Cuvelle", "nom_normalise": "R CUVELLE", "type_voie": "rue"}}, {"type": "Feature", "geometry": {"type": "MultiLineString", "coordinates": [[[3.1854924, 50.6780478], [3.1858603, 50.6778615]], [[3.1852218, 50.6782044], [3.1854924, 50.6780478]], [[3.1849272, 50.6783708], [3.1851175, 50.6782646], [3.1852218, 50.6782044]], [[3.1843182, 50.678684], [3.1844973, 50.6786066], [3.1847553, 50.6784671], [3.1849272, 50.6783708]], [[3.1832746, 50.6790885], [3.1835115, 50.6790002], [3.1839925, 50.6788254], [3.1843182, 50.678684]], [[3.1822295, 50.6794857], [3.1818954, 50.6796603], [3.181667, 50.6797621]], [[3.181667, 50.6797621], [3.181471, 50.6798512], [3.1813159, 50.6799268], [3.1812284, 50.6799556]], [[3.1812284, 50.6799556], [3.1810746, 50.6799989], [3.1809829, 50.6800161]], [[3.1809829, 50.6800161], [3.1809039, 50.6800324], [3.1807091, 50.6800739], [3.1806061, 50.6801028], [3.1805878, 50.6801118]], [[3.1832746, 50.6790885], [3.1830503, 50.6791489], [3.1827357, 50.6792499], [3.1825806, 50.6793174]], [[3.1825806, 50.6793174], [3.182503, 50.6793543], [3.1822295, 50.6794857]]]}, "properties": {"cleabs": "VOIE_NOM0000002339375856", "identifiant_voie_ban": "59512_2810", "nom": "Rue Jean Baptiste Notte", "nom_normalise": "R JEAN BAPTISTE NOTTE", "type_voie": "rue"}}, {"type": "Feature", "geometry": {"type": "MultiLineString", "coordinates": [[[3.1538891, 50.6881558], [3.1539343, 50.6881602], [3.1539823, 50.6881539], [3.1540049, 50.6881485], [3.1540655, 50.6881242], [3.1541191, 50.6880954], [3.1542319, 50.6880351], [3.1544167, 50.6879416], [3.1545831, 50.6878525]], [[3.1545831, 50.6878525], [3.1548243, 50.6877239], [3.1550992, 50.6875692], [3.1551528, 50.6875225]], [[3.1551528, 50.6875225], [3.1552262, 50.6875062], [3.155284, 50.6874882], [3.1554096, 50.6874243]], [[3.1553816, 50.6875024], [3.1559808, 50.6871625]]]}, "properties": {"cleabs": "VOIE_NOM0000002339375921", "identifiant_voie_ban": "59512_0550", "nom": "Rue Bell", "nom_normalise": "R BELL", "type_voie": "rue"}}, {"type": "Feature", "geometry": {"type": "MultiLineString", "coordinates": [[[3.165121, 50.6977107], [3.1650232, 50.6976417]], [[3.165121, 50.6977107], [3.1652272, 50.6977904], [3.1652868, 50.697872], [3.1655564, 50.6982144], [3.1658614, 50.6985891], [3.165911, 50.6986474], [3.1659776, 50.6987029], [3.1665654, 50.6991347], [3.1666263, 50.6991776]]]}, "properties": {"cleabs": "VOIE_NOM0000002339376018", "identifiant_voie_ban": "59512_3460", "nom": "Rue de la Lys", "nom_normalise": "R DE LA LYS", "type_voie": "rue"}}, {"type": "Feature", "geometry": {"type": "MultiLineString", "coordinates": [[[3.1986006, 50.6724952], [3.1983489, 50.672764], [3.1975442, 50.6735424], [3.197337, 50.6736405]]]}, "properties": {"cleabs": "VOIE_NOM0000002339376101", "identifiant_voie_ban": "59512_2781", "nom": "Avenue Jean Cocteau", "nom_normalise": "AV JEAN COCTEAU", "type_voie": "avenue"}}, {"type": "Feature", "geometry": {"type": "MultiLineString", "coordinates": [[[3.1713715, 50.6753805], [3.17155, 50.6755633], [3.1720462, 50.6761297], [3.1721511, 50.6762427], [3.1721781, 50.6762731], [3.1722192, 50.676317], [3.1722999, 50.6763878], [3.1725577, 50.6765948], [3.1726936, 50.6766996]], [[3.1726936, 50.6766996], [3.1729032, 50.6768626], [3.173083, 50.6769969]], [[3.1733874, 50.6772227], [3.173597, 50.6773785], [3.1737485, 50.6774932], [3.1741606, 50.6778076], [3.1742286, 50.6778658]], [[3.173083, 50.6769969], [3.1731382, 50.6770372]], [[3.1731382, 50.6770372], [3.1733874, 50.6772227]]]}, "properties": {"cleabs": "VOIE_NOM0000002339376102", "identifiant_voie_ban": "59512_4300", "nom": "Rue Paul Lafargue", "nom_normalise": "R PAUL LAFARGUE", "type_voie": "rue"}}, {"type": "Feature", "geometry": {"type": "MultiLineString", "coordinates": [[[3.1812215, 50.6929063], [3.1811977, 50.692953], [3.1810729, 50.6932179], [3.1810476, 50.693253], [3.1810138, 50.6932799], [3.1809658, 50.6932935], [3.1809178, 50.6932971], [3.180874, 50.6932981], [3.1808373, 50.6932963], [3.1808034, 50.6932973], [3.1807695, 50.6933027], [3.1807427, 50.6933225], [3.180702, 50.6933881], [3.1805981, 50.693565], [3.1805714, 50.6936108], [3.1805278, 50.6936638], [3.1804362, 50.6937438], [3.180287, 50.6938939], [3.1802448, 50.693937]], [[3.1797724, 50.6945811], [3.1800156, 50.6942263], [3.1801435, 50.6940502], [3.1802307, 50.6939514], [3.1802448, 50.693937]]]}, "properties": {"cleabs": "VOIE_NOM0000002339376128", "identifiant_voie_ban": "59512_1230", "nom": "Rue de Choiseul", "nom_normalise": "R DE CHOISEUL", "type_voie": "rue"}}, {"type": "Feature", "geometry": {"type": "MultiLineString", "coordinates": [[[3.1825962, 50.6886482], [3.1827094, 50.6887027], [3.1828565, 50.6887617], [3.1831083, 50.6888655]], [[3.183769, 50.68914], [3.183595, 50.6890684], [3.1834903, 50.6890219], [3.1831083, 50.6888655]], [[3.1826792, 50.6885664], [3.1827471, 50.6885959], [3.1829042, 50.6886621], [3.1831588, 50.6887703], [3.1831701, 50.6887747], [3.183654, 50.6889831]], [[3.183654, 50.6889831], [3.1838436, 50.6890645]], [[3.1838436, 50.6890645], [3.184002, 50.6891136], [3.1845736, 50.6893703]], [[3.183769, 50.68914], [3.1840335, 50.6892275], [3.1842032, 50.6892928]], [[3.1845736, 50.6893703], [3.1855401, 50.6898247], [3.1865548, 50.690306], [3.1866893, 50.6903794]], [[3.1860825, 50.6901909], [3.1851797, 50.6897553], [3.1844806, 50.6894288], [3.1842032, 50.6892928]], [[3.1860825, 50.6901909], [3.186534, 50.6904128]], [[3.1866893, 50.6903794], [3.1869695, 50.6905207], [3.1874209, 50.69073], [3.1878794, 50.6909411], [3.1880096, 50.6909983]], [[3.1881865, 50.6910941], [3.1880096, 50.6909983]]]}, "properties": {"cleabs": "VOIE_NOM0000002339376201", "identifiant_voie_ban": "59512_0540", "nom": "Boulevard de Belfort", "nom_normalise": "BD DE BELFORT", "type_voie": "boulevard"}}, {"type": "Feature", "geometry": {"type": "MultiLineString", "coordinates": [[[3.1603589, 50.6881934], [3.1603786, 50.6881781], [3.1603898, 50.6881556], [3.1603925, 50.6881251], [3.1603992, 50.6879995], [3.1604047, 50.6879681], [3.1604385, 50.6879241], [3.1604779, 50.687889]], [[3.1603589, 50.6881934], [3.1604295, 50.6881834], [3.1604803, 50.6881851], [3.1607134, 50.6881911], [3.1607657, 50.6881857], [3.1607939, 50.6881802], [3.1608207, 50.6881712], [3.1608644, 50.6881496]]]}, "properties": {"cleabs": "VOIE_NOM0000002339376223", "identifiant_voie_ban": "59512_0140", "nom": "Place d'Amiens", "nom_normalise": "PL D'AMIENS", "type_voie": "place"}}, {"type": "Feature", "geometry": {"type": "MultiLineString", "coordinates": [[[3.164472, 50.6803451], [3.1642661, 50.6804333], [3.1635369, 50.6807483], [3.1634467, 50.6807879], [3.1633282, 50.6808428]], [[3.1631406, 50.6809319], [3.1632126, 50.6808977], [3.1633282, 50.6808428]]]}, "properties": {"cleabs": "VOIE_NOM0000002339376224", "identifiant_voie_ban": "59512_0360", "nom": "Rue de l'Avenir", "nom_normalise": "R DE L'AVENIR", "type_voie": "rue"}}, {"type": "Feature", "geometry": {"type": "MultiLineString", "coordinates": [[[3.1741601, 50.6996555], [3.1742321, 50.6996141]], [[3.1742321, 50.6996141], [3.1744168, 50.6995053], [3.1745606, 50.699418], [3.1746325, 50.6993757], [3.1746565, 50.6993631]], [[3.1734246, 50.7006292], [3.1731041, 50.7011295], [3.1724771, 50.7020564], [3.172435, 50.7021345]], [[3.1734246, 50.7006292], [3.1735356, 50.7004487]], [[3.1735356, 50.7004487], [3.1735974, 50.7003481]], [[3.1735974, 50.7003481], [3.1738602, 50.699961], [3.1739151, 50.6998882], [3.1739517, 50.6998442]], [[3.1739517, 50.6998442], [3.173984, 50.6998056], [3.1740389, 50.6997472], [3.1741038, 50.6996986], [3.1741601, 50.6996555]], [[3.172435, 50.7021345], [3.1720247, 50.7027902], [3.1717969, 50.7031189]], [[3.1715398, 50.7035455], [3.1717969, 50.7031189]], [[3.1712347, 50.7039919], [3.1712628, 50.7039497], [3.1715398, 50.7035455]], [[3.1709352, 50.7044347], [3.1712347, 50.7039919]], [[3.1703172, 50.705533], [3.1705278, 50.705128], [3.1709352, 50.7044347]], [[3.1700132, 50.7058914], [3.1700863, 50.7057765], [3.170151, 50.7056831]], [[3.1701931, 50.7056202], [3.170151, 50.7056831]], [[3.170274, 50.7057179], [3.1701784, 50.7058697], [3.1701405, 50.7059254]], [[3.1703162, 50.7056523], [3.170274, 50.7057179]], [[3.1703172, 50.705533], [3.1701931, 50.7056202]], [[3.1703172, 50.705533], [3.1703162, 50.7056523]]]}, "properties": {"cleabs": "VOIE_NOM0000002339376284", "identifiant_voie_ban": "59512_5370", "nom": "Rue de Tourcoing", "nom_normalise": "R DE TOURCOING", "type_voie": "rue"}}, {"type": "Feature", "geometry": {"type": "MultiLineString", "coordinates": [[[3.1906917, 50.6759796], [3.1910103, 50.6758382], [3.1910656, 50.6758964], [3.191206, 50.6760461], [3.1913293, 50.6761688], [3.1914768, 50.6763274]]]}, "properties": {"cleabs": "VOIE_NOM0000002339376383", "identifiant_voie_ban": "59512_cj6n1q", "nom": "Impasse Beguinage Marlot", "nom_normalise": "IMP BEGUINAGE MARLOT", "type_voie": "impasse"}}, {"type": "Feature", "geometry": {"type": "MultiLineString", "coordinates": [[[3.1777804, 50.6782332], [3.1777082, 50.6781848], [3.1776642, 50.6781337], [3.177633, 50.6780835], [3.1776074, 50.6780396], [3.1775804, 50.6779957], [3.1775591, 50.6779481], [3.1775109, 50.6779051]], [[3.1779629, 50.6779296], [3.1778938, 50.6779638], [3.1778318, 50.6779935], [3.177798, 50.6780124], [3.1777684, 50.678034], [3.1777487, 50.6780609], [3.1777417, 50.6780879], [3.1777418, 50.678113], [3.1777448, 50.6781471], [3.1777505, 50.6781731], [3.1777605, 50.6782072], [3.1777804, 50.6782332]], [[3.1777804, 50.6782332], [3.1780086, 50.6784644], [3.1780568, 50.6785163], [3.1785672, 50.679072]]]}, "properties": {"cleabs": "VOIE_NOM0000002339376441", "identifiant_voie_ban": "59512_1020", "nom": "Boulevard du Cateau", "nom_normalise": "BD DU CATEAU", "type_voie": "boulevard"}}, {"type": "Feature", "geometry": {"type": "MultiLineString", "coordinates": [[[3.1613335, 50.6873019], [3.1607293, 50.6869806], [3.1605552, 50.6868821], [3.1604675, 50.6868266]], [[3.1614184, 50.6873485], [3.1613335, 50.6873019]], [[3.1618245, 50.6875642], [3.1614184, 50.6873485]], [[3.1642515, 50.6889044], [3.1634576, 50.6884684], [3.1633387, 50.6884049], [3.1632821, 50.6883744]], [[3.1632481, 50.6883565], [3.1629241, 50.688182]], [[3.1632821, 50.6883744], [3.1632481, 50.6883565]], [[3.1625561, 50.6879698], [3.1618245, 50.6875642]], [[3.1629241, 50.688182], [3.1625561, 50.6879698]]]}, "properties": {"cleabs": "VOIE_NOM0000002339376458", "identifiant_voie_ban": "59512_1710", "nom": "Rue Descartes", "nom_normalise": "R DESCARTES", "type_voie": "rue"}}, {"type": "Feature", "geometry": {"type": "MultiLineString", "coordinates": [[[3.1666177, 50.7016839], [3.166177, 50.7013175], [3.1661331, 50.7012745], [3.1660807, 50.7012351]], [[3.1672368, 50.702182], [3.1671928, 50.7021354], [3.1666177, 50.7016839]], [[3.1677201, 50.7026229], [3.1672368, 50.702182]], [[3.1682374, 50.7030717], [3.1681665, 50.7030081], [3.1680177, 50.7028809], [3.1677201, 50.7026229]], [[3.1682679, 50.7037546], [3.1684184, 50.7035372], [3.1685195, 50.7033612], [3.168518, 50.7033316], [3.1684854, 50.7032912], [3.1682374, 50.7030717]]]}, "properties": {"cleabs": "VOIE_NOM0000002339376462", "identifiant_voie_ban": "59512_0210", "nom": "Rue des Anges", "nom_normalise": "R DES ANGES", "type_voie": "rue"}}, {"type": "Feature", "geometry": {"type": "MultiLineString", "coordinates": [[[3.16547, 50.6852999], [3.165042, 50.6848805]]]}, "properties": {"cleabs": "VOIE_NOM0000002339376483", "identifiant_voie_ban": "59512_dyy35f", "nom": "Sentier de la Brasserie", "nom_normalise": "SEN DE LA BRASSERIE", "type_voie": "sentier"}}, {"type": "Feature", "geometry": {"type": "MultiLineString", "coordinates": [[[3.1796868, 50.6765999], [3.1795154, 50.6764548], [3.179262, 50.6762793], [3.1791347, 50.6762193], [3.1790526, 50.676188]], [[3.1796572, 50.6766143], [3.1797905, 50.676764], [3.180046, 50.6771297], [3.1803326, 50.6774972], [3.1804972, 50.6777052], [3.1805102, 50.6777832]]]}, "properties": {"cleabs": "VOIE_NOM0000002339376535", "identifiant_voie_ban": "59512_3700", "nom": "Rue Meissonier", "nom_normalise": "R MEISSONIER", "type_voie": "rue"}}, {"type": "Feature", "geometry": {"type": "MultiLineString", "coordinates": [[[3.1723045, 50.6941582], [3.1724803, 50.6943411]], [[3.1712346, 50.6932112], [3.171253, 50.6932238], [3.1712983, 50.6932416], [3.1713464, 50.6932568], [3.1713973, 50.6932846], [3.1717984, 50.6936672], [3.1719969, 50.6938607], [3.1721117, 50.6939719]], [[3.1721117, 50.6939719], [3.1723045, 50.6941582]]]}, "properties": {"cleabs": "VOIE_NOM0000002339376593", "identifiant_voie_ban": "59512_1327", "nom": "Rue de la Communaute Urbaine", "nom_normalise": "R DE LA COMMUNAUTE URBAINE", "type_voie": "rue"}}, {"type": "Feature", "geometry": {"type": "MultiLineString", "coordinates": [[[3.1886088, 50.6805324], [3.1894931, 50.6802098], [3.1896102, 50.6801737]], [[3.1881574, 50.6806964], [3.1886088, 50.6805324]], [[3.1876553, 50.6808785], [3.1877639, 50.6808397], [3.1881574, 50.6806964]], [[3.1858061, 50.6815345], [3.1864493, 50.6813065]], [[3.1869444, 50.6811308], [3.1876553, 50.6808785]], [[3.1864493, 50.6813065], [3.1869444, 50.6811308]], [[3.1835648, 50.6823482], [3.183332, 50.6824293], [3.1831698, 50.6824887]], [[3.1831698, 50.6824887], [3.1827776, 50.6826275]], [[3.1821542, 50.6828528], [3.1820187, 50.6829014], [3.1815251, 50.6830942], [3.1814066, 50.6831347]], [[3.1827776, 50.6826275], [3.1826084, 50.6826879], [3.1822176, 50.6828311]], [[3.1822176, 50.6828311], [3.1821542, 50.6828528]], [[3.1858061, 50.6815345], [3.1854154, 50.6816769], [3.1851206, 50.6817868]], [[3.1851206, 50.6817868], [3.1848075, 50.6819021], [3.1841657, 50.6821382], [3.1835648, 50.6823482]]]}, "properties": {"cleabs": "VOIE_NOM0000002339376614", "identifiant_voie_ban": "59512_4600", "nom": "Rue de la Potennerie", "nom_normalise": "R DE LA POTENNERIE", "type_voie": "rue"}}, {"type": "Feature", "geometry": {"type": "MultiLineString", "coordinates": [[[3.194931, 50.6740876], [3.1959294, 50.6748237]], [[3.1959294, 50.6748237], [3.1960074, 50.6748918]]]}, "properties": {"cleabs": "VOIE_NOM0000002339376615", "identifiant_voie_ban": "59512_2809", "nom": "Rue Jean Baptiste Greuze", "nom_normalise": "R JEAN BAPTISTE GREUZE", "type_voie": "rue"}}, {"type": "Feature", "geometry": {"type": "MultiLineString", "coordinates": [[[3.1657572, 50.6999721], [3.1656946, 50.6998654]], [[3.1656946, 50.6998654], [3.1656847, 50.6998474], [3.1656051, 50.6997067]], [[3.1645749, 50.6979313], [3.1646501, 50.6980128], [3.1646841, 50.6980693], [3.1649741, 50.6985867], [3.1652015, 50.6990073], [3.1653976, 50.6993354], [3.1655156, 50.6995605], [3.1656051, 50.6997067]], [[3.1663854, 50.7011046], [3.16633, 50.7009979], [3.166266, 50.7008813]], [[3.166266, 50.7008813], [3.1660614, 50.7005262], [3.1658481, 50.7001326], [3.1657728, 50.699999], [3.1657572, 50.6999721]]]}, "properties": {"cleabs": "VOIE_NOM0000002339376696", "identifiant_voie_ban": "59512_1010", "nom": "Rue de Cassel", "nom_normalise": "R DE CASSEL", "type_voie": "rue"}}, {"type": "Feature", "geometry": {"type": "MultiLineString", "coordinates": [[[3.1812215, 50.6929063], [3.1801741, 50.6927293]], [[3.1812555, 50.6929126], [3.1812215, 50.6929063]], [[3.1817191, 50.6929908], [3.1826167, 50.6931304], [3.1829531, 50.6931873], [3.1830804, 50.6932096], [3.1835271, 50.6932816], [3.1838593, 50.6933341]], [[3.1817191, 50.6929908], [3.1812555, 50.6929126]], [[3.183954, 50.6933653], [3.1842523, 50.6934098], [3.1847908, 50.693496], [3.1853082, 50.6935868]], [[3.183954, 50.6933653], [3.1838593, 50.6933341]], [[3.1853082, 50.6935868], [3.1855867, 50.6936303], [3.1857747, 50.6936606], [3.1858058, 50.6936659]], [[3.1858058, 50.6936659], [3.1862822, 50.6937468], [3.1863331, 50.6937557]], [[3.1863331, 50.6937557], [3.1864038, 50.6937673]], [[3.1864038, 50.6937673], [3.1866695, 50.6938082], [3.1869961, 50.6938588], [3.1874173, 50.6939138], [3.1874399, 50.6939174]], [[3.1874399, 50.6939174], [3.1876887, 50.6939592], [3.188011, 50.6940134], [3.1880563, 50.6940214]], [[3.1898304, 50.6943247], [3.1900043, 50.6943559]], [[3.1900043, 50.6943559], [3.19014, 50.6943754]], [[3.19014, 50.6943754], [3.1902771, 50.6943985]], [[3.1902771, 50.6943985], [3.1903224, 50.6944074]], [[3.1890572, 50.6942039], [3.1890727, 50.6942066], [3.189101, 50.6942119], [3.1895477, 50.6942803], [3.1898304, 50.6943247]], [[3.1880563, 50.6940214], [3.1881001, 50.6940304], [3.1883503, 50.6940784], [3.1890572, 50.6942039]], [[3.1911154, 50.6945399], [3.1914858, 50.6946076], [3.1918534, 50.6946689], [3.1919608, 50.6946858], [3.1921163, 50.6947125], [3.1922789, 50.6947391]], [[3.1903224, 50.6944074], [3.1907464, 50.6944723], [3.1908864, 50.6944981], [3.1911154, 50.6945399]], [[3.1922789, 50.6947391], [3.1924288, 50.694764], [3.1925701, 50.694788], [3.1929575, 50.6948539]], [[3.1929575, 50.6948539], [3.1931059, 50.6948796], [3.1934466, 50.6949303], [3.193858, 50.6949933]], [[3.1997885, 50.6959755], [3.1997348, 50.6959684], [3.1996514, 50.695956], [3.1995666, 50.6959472], [3.1995129, 50.6959401], [3.1995016, 50.6959383], [3.1994804, 50.6959329]], [[3.1993418, 50.6958982], [3.1994492, 50.695924], [3.1994804, 50.6959329]], [[3.1993418, 50.6958982], [3.1991665, 50.6958697], [3.1991311, 50.6958644]], [[3.1991311, 50.6958644], [3.1989064, 50.6958298]], [[3.1989064, 50.6958298], [3.1988781, 50.6958253], [3.1984836, 50.6957604], [3.1981754, 50.695708]], [[3.1981754, 50.695708], [3.1978065, 50.6956467], [3.1974149, 50.6955818], [3.1969017, 50.6954973], [3.1962174, 50.6953836]], [[3.1962174, 50.6953836], [3.1956124, 50.6952822], [3.1947034, 50.6951365], [3.1940785, 50.695028], [3.193858, 50.6949933]], [[3.1751377, 50.6919127], [3.1760692, 50.6920711], [3.1780581, 50.6923994], [3.178331, 50.6924834]], [[3.1801741, 50.6927293], [3.1792341, 50.6925763], [3.1788821, 50.6925238], [3.1787846, 50.6925025], [3.1786035, 50.6924489], [3.1784607, 50.6923961]], [[3.1784607, 50.6923961], [3.178331, 50.6924834]]]}, "properties": {"cleabs": "VOIE_NOM0000002339376725", "identifiant_voie_ban": "59512_2380", "nom": "Grande Rue", "nom_normalise": "GRANDE RUE", "type_voie": ""}}, {"type": "Feature", "geometry": {"type": "MultiLineString", "coordinates": [[[3.183713, 50.703555], [3.1833365, 50.7033851], [3.1830436, 50.7032518], [3.1827888, 50.7031364], [3.1822142, 50.7028717], [3.1820642, 50.7028154]], [[3.1813537, 50.7024898], [3.1818292, 50.7027116], [3.1820642, 50.7028154]], [[3.1806389, 50.7021561], [3.1813537, 50.7024898]], [[3.1806389, 50.7021561], [3.180554, 50.7021167], [3.1803601, 50.70203], [3.179927, 50.7018359]], [[3.1764907, 50.7002435], [3.1754007, 50.6996699], [3.1753554, 50.6996233], [3.1752436, 50.6995893]], [[3.1777277, 50.7008233], [3.1764907, 50.7002435]], [[3.1777277, 50.7008233], [3.1788428, 50.7013206]], [[3.1788428, 50.7013206], [3.1798506, 50.701801], [3.179927, 50.7018359]]]}, "properties": {"cleabs": "VOIE_NOM0000002339376874", "identifiant_voie_ban": "59512_1610", "nom": "Rue Daubenton", "nom_normalise": "R DAUBENTON", "type_voie": "rue"}}, {"type": "Feature", "geometry": {"type": "MultiLineString", "coordinates": [[[3.1567243, 50.6945441], [3.1568547, 50.6946606], [3.156985, 50.6947717]], [[3.156985, 50.6947717], [3.1570884, 50.6948586], [3.157383, 50.6951059]], [[3.1588875, 50.6963961], [3.1594315, 50.6968675], [3.1595024, 50.6969347]], [[3.1588875, 50.6963961], [3.1586424, 50.6961919], [3.1584923, 50.6960655], [3.1584413, 50.6960216]], [[3.157383, 50.6951059], [3.1579341, 50.6955745], [3.157978, 50.695613]], [[3.157978, 50.695613], [3.1584313, 50.6960136], [3.1584413, 50.6960216]]]}, "properties": {"cleabs": "VOIE_NOM0000002339377258", "identifiant_voie_ban": "59512_4840", "nom": "Rue de Rome", "nom_normalise": "R DE ROME", "type_voie": "rue"}}, {"type": "Feature", "geometry": {"type": "MultiLineString", "coordinates": [[[3.1618539, 50.6957902], [3.1612868, 50.6960601], [3.1609736, 50.6962158]], [[3.1609736, 50.6962158], [3.160755, 50.6963264]], [[3.160755, 50.6963264], [3.1607353, 50.6963354], [3.1605067, 50.6964443]], [[3.1609736, 50.6962158], [3.1611024, 50.696265], [3.1612198, 50.6963267], [3.161227, 50.6963465], [3.1612327, 50.6963698], [3.1612073, 50.6963878], [3.1611368, 50.69643], [3.1610522, 50.6964813], [3.1609676, 50.696529], [3.1608759, 50.6965731], [3.1607884, 50.6966046], [3.160756, 50.6966181], [3.1607277, 50.6966289], [3.1606967, 50.6966352], [3.160667, 50.6966326], [3.1606345, 50.6966227], [3.160609, 50.6966039], [3.1605777, 50.69656], [3.1605522, 50.6965223], [3.1605337, 50.69649], [3.1605067, 50.6964443]], [[3.1605067, 50.6964443], [3.1599495, 50.6967124]], [[3.1591007, 50.6972466], [3.158747, 50.6975351]], [[3.158747, 50.6975351], [3.1586751, 50.6975872]], [[3.1586751, 50.6975872], [3.1584707, 50.6977472]], [[3.1584707, 50.6977472], [3.1582171, 50.6979638], [3.1580466, 50.698112], [3.1579663, 50.6981776], [3.1579113, 50.6982217]], [[3.1599495, 50.6967124], [3.1599171, 50.6967277], [3.1595024, 50.6969347]], [[3.1595024, 50.6969347], [3.1592162, 50.6971513], [3.1591007, 50.6972466]]]}, "properties": {"cleabs": "VOIE_NOM0000002339377296", "identifiant_voie_ban": "59512_2230", "nom": "Rue du Fresnoy", "nom_normalise": "R DU FRESNOY", "type_voie": "rue"}}, {"type": "Feature", "geometry": {"type": "MultiLineString", "coordinates": [[[3.1605544, 50.6998604], [3.1600826, 50.7003528], [3.1594237, 50.701067]]]}, "properties": {"cleabs": "VOIE_NOM0000002339377306", "identifiant_voie_ban": "59512_1420", "nom": "Rue Corneille", "nom_normalise": "R CORNEILLE", "type_voie": "rue"}}, {"type": "Feature", "geometry": {"type": "MultiLineString", "coordinates": [[[3.1907632, 50.6925663], [3.1909792, 50.6925139], [3.1911527, 50.6924616], [3.1913702, 50.6924388], [3.1914804, 50.6924306], [3.1918631, 50.6923995]], [[3.1918631, 50.6923995], [3.1923178, 50.6923593], [3.192709, 50.6923156]], [[3.2048087, 50.6919284], [3.2047468, 50.6919904], [3.2042089, 50.6924157], [3.2038188, 50.6927277], [3.2035892, 50.6929031], [3.2034301, 50.69302], [3.2032695, 50.6931289], [3.2031666, 50.6931954], [3.2030398, 50.6932683], [3.2029312, 50.6933215], [3.2027873, 50.6933809], [3.2026406, 50.6934341], [3.2024657, 50.6934936], [3.2022611, 50.6935487], [3.2020874, 50.6935875], [3.2020041, 50.6936002], [3.2019293, 50.6936129], [3.2018064, 50.6936221], [3.2017302, 50.6936249], [3.2016511, 50.6936304], [3.2015776, 50.6936368], [3.201572, 50.6936368], [3.2015028, 50.693637], [3.2014138, 50.6936344], [3.2013247, 50.6936202], [3.2012384, 50.693597], [3.201169, 50.6935567], [3.201118, 50.6935182], [3.1997679, 50.6932907], [3.1995911, 50.6932353], [3.1995712, 50.6931905]], [[3.1995712, 50.6931905], [3.2008321, 50.6933805]], [[3.1995712, 50.6931905], [3.1989689, 50.6930892], [3.1985689, 50.6930189], [3.1982084, 50.6929612], [3.1974465, 50.6928421], [3.196987, 50.6927657], [3.1961134, 50.692628]], [[3.1961134, 50.692628], [3.1956908, 50.6925595], [3.1952469, 50.6924885], [3.1949939, 50.692453], [3.1948638, 50.6924343], [3.1941628, 50.6923394], [3.1938462, 50.6923201], [3.1934026, 50.6923065], [3.1930536, 50.6923016], [3.192709, 50.6923156]]]}, "properties": {"cleabs": "VOIE_NOM0000002339377328", "identifiant_voie_ban": "59512_5180", "nom": "Quai du Sartel", "nom_normalise": "QU DU SARTEL", "type_voie": "quai"}}, {"type": "Feature", "geometry": {"type": "MultiLineString", "coordinates": [[[3.1728939, 50.6930312], [3.1729251, 50.6930474], [3.1729604, 50.6930599], [3.1730085, 50.6930706], [3.1731202, 50.6930875], [3.1731612, 50.6930982], [3.1731796, 50.6931107], [3.1731994, 50.6931313], [3.1732249, 50.6931537], [3.1732547, 50.6931671], [3.1732928, 50.6931779], [3.1733352, 50.6931868], [3.1736942, 50.6932284]], [[3.1728939, 50.6930312], [3.1728344, 50.6929811], [3.1727239, 50.6928807], [3.1726998, 50.6928673], [3.1726546, 50.6928548], [3.1725924, 50.6928432], [3.1725387, 50.6928379], [3.1724864, 50.6928236], [3.1724637, 50.6928129], [3.1723773, 50.6927475], [3.1723023, 50.6926965]]]}, "properties": {"cleabs": "VOIE_NOM0000002339377337", "identifiant_voie_ban": "59512_2197", "nom": "Passage François Villon", "nom_normalise": "PAS FRANCOIS VILLON", "type_voie": "passage"}}, {"type": "Feature", "geometry": {"type": "MultiLineString", "coordinates": [[[3.1833631, 50.6712354], [3.1833559, 50.6711834], [3.1833077, 50.6711278]], [[3.1830376, 50.6714091], [3.1831321, 50.6713937], [3.183149, 50.671391], [3.1832449, 50.6713558], [3.1832759, 50.6713307], [3.183321, 50.6712965], [3.1833631, 50.6712354]], [[3.1833077, 50.6711278], [3.1832738, 50.6711377], [3.1832357, 50.6711521], [3.1831003, 50.6712026], [3.1830637, 50.6712161]], [[3.1850916, 50.6704925], [3.1849647, 50.6705367], [3.1848265, 50.6705817], [3.1846883, 50.670634], [3.1845501, 50.6706854], [3.1844316, 50.6707259], [3.1842878, 50.6707764], [3.1841707, 50.6708169], [3.1840452, 50.6708638], [3.1839042, 50.6709133], [3.1837773, 50.6709602], [3.1836503, 50.6710062], [3.1835474, 50.6710431], [3.183388, 50.6711017], [3.1833077, 50.6711278]], [[3.18544, 50.670369], [3.1853666, 50.6703925], [3.1852411, 50.6704366], [3.1851833, 50.6704592], [3.1850916, 50.6704925]], [[3.1860844, 50.6701375], [3.1860097, 50.6701627], [3.1858658, 50.6702159], [3.1855217, 50.6703375], [3.18544, 50.670369]], [[3.1867514, 50.6698762], [3.186726, 50.6698852], [3.1866654, 50.6699069], [3.1864834, 50.6699619], [3.1864341, 50.6699969], [3.1864201, 50.6700149]], [[3.1867758, 50.6699821], [3.1867024, 50.6699938], [3.1866135, 50.6700047], [3.186526, 50.6700219], [3.1864201, 50.6700149]], [[3.1864201, 50.6700149], [3.1862466, 50.6700816], [3.1860844, 50.6701375]], [[3.182776, 50.6713134], [3.1827365, 50.6713279], [3.1826913, 50.671345], [3.1826222, 50.6713693]], [[3.182776, 50.6713134], [3.182851, 50.6713609], [3.1829471, 50.6713958]], [[3.1829471, 50.6713958], [3.1830376, 50.6714091]], [[3.1830637, 50.6712161], [3.1829762, 50.6712485], [3.1828521, 50.6712873], [3.182776, 50.6713134]], [[3.1826222, 50.6713693], [3.182563, 50.6713909], [3.1824713, 50.6714216], [3.1823825, 50.671454], [3.1822302, 50.6715045], [3.1821583, 50.6715342]], [[3.1821583, 50.6715342], [3.1821272, 50.6715432], [3.1820285, 50.671582], [3.1819439, 50.6716117], [3.1816929, 50.6717009], [3.1815589, 50.6717478], [3.181439, 50.6717892], [3.1812895, 50.671846], [3.1811203, 50.6719099], [3.1810357, 50.6719379]], [[3.1810357, 50.6719379], [3.181006, 50.6719496], [3.180968, 50.6719613]], [[3.180968, 50.6719613], [3.1809031, 50.671982], [3.1807973, 50.6720217], [3.1805688, 50.6721028], [3.1804363, 50.6721514], [3.180291, 50.6722019], [3.1802304, 50.6722271]], [[3.1802304, 50.6722271], [3.1801401, 50.6722586], [3.1800132, 50.6723001], [3.1798735, 50.6723479], [3.1797508, 50.6723911], [3.1796352, 50.6724344]], [[3.1796352, 50.6724344], [3.1796013, 50.672447], [3.1795097, 50.6724803], [3.1794702, 50.6724938]], [[3.1769682, 50.673384], [3.1769287, 50.6734002], [3.1768328, 50.6734345], [3.1766931, 50.6734858], [3.1765972, 50.6735201], [3.1764675, 50.6735651], [3.1763476, 50.6736066], [3.1762122, 50.6736525], [3.1760683, 50.6737039], [3.1759569, 50.6737435], [3.1758342, 50.6737859]], [[3.1774604, 50.673211], [3.177435, 50.6732182], [3.1772982, 50.6732642], [3.1771966, 50.6733029], [3.1770528, 50.6733534], [3.1769682, 50.673384]], [[3.1794702, 50.6724938], [3.1793461, 50.6725362], [3.1792163, 50.6725812], [3.1790753, 50.6726344], [3.1789413, 50.6726821], [3.1787974, 50.6727308], [3.1786691, 50.6727786], [3.178528, 50.6728281], [3.178387, 50.6728768], [3.1782488, 50.6729254], [3.1780993, 50.6729795], [3.1779611, 50.6730308], [3.17782, 50.6730822], [3.1776776, 50.6731326], [3.177569, 50.6731705], [3.1774604, 50.673211]], [[3.1728158, 50.6748634], [3.1726762, 50.6749147], [3.1724068, 50.6750111], [3.1721881, 50.6750886], [3.172095, 50.6751237], [3.1720005, 50.6751579], [3.171882, 50.6751958]], [[3.1740923, 50.6744129], [3.1740528, 50.6744264], [3.1739357, 50.6744643], [3.1735986, 50.6745814], [3.1734674, 50.6746291], [3.1732686, 50.6747003], [3.1730499, 50.6747823], [3.1729357, 50.6748228], [3.1728158, 50.6748634]], [[3.1758342, 50.6737859], [3.1757919, 50.6737985], [3.1756917, 50.6738345], [3.175569, 50.6738778], [3.175428, 50.67393], [3.175294, 50.673976], [3.1751557, 50.6740237], [3.1750331, 50.6740733], [3.174916, 50.6741183], [3.1747876, 50.6741616], [3.1746678, 50.6742057], [3.1745733, 50.6742417], [3.1744322, 50.6742886], [3.1743067, 50.6743336], [3.1741783, 50.6743814], [3.1740923, 50.6744129]], [[3.1701626, 50.6758093], [3.1701259, 50.6758219], [3.1700498, 50.675848], [3.169944, 50.6758858], [3.1698396, 50.6759237], [3.1697409, 50.6759579]], [[3.1697409, 50.6759579], [3.1696478, 50.6759903], [3.1695378, 50.6760327]], [[3.1695378, 50.6760327], [3.1694531, 50.6760669], [3.1693953, 50.6760858]], [[3.1695378, 50.6760327], [3.1690671, 50.6755155], [3.1688021, 50.6752242]], [[3.1693953, 50.6760858], [3.1693375, 50.6761038], [3.1692415, 50.6761408], [3.1691611, 50.6761678], [3.1690723, 50.6761993], [3.1689778, 50.6762309], [3.1688875, 50.6762642], [3.1688014, 50.6762948], [3.1687337, 50.67632]], [[3.1687337, 50.67632], [3.1686702, 50.676339], [3.1686096, 50.6763642]], [[3.1709652, 50.6755219], [3.1708919, 50.6755489], [3.1707847, 50.675585], [3.1706873, 50.6756192], [3.1705801, 50.6756606], [3.1704772, 50.6756967], [3.170377, 50.6757345], [3.1702571, 50.675775], [3.1701626, 50.6758093]], [[3.1713715, 50.6753805], [3.1712826, 50.675412], [3.1711923, 50.6754417], [3.1710922, 50.6754742], [3.1710019, 50.6755093]], [[3.1710019, 50.6755093], [3.1709652, 50.6755219]], [[3.171882, 50.6751958], [3.1716662, 50.6752751], [3.1714391, 50.6753516], [3.1713715, 50.6753805]], [[3.171882, 50.6751958], [3.1715745, 50.6748812], [3.1711351, 50.6743955], [3.1710941, 50.6743785], [3.1710559, 50.6743785], [3.1709882, 50.6743813], [3.1709204, 50.6743904], [3.1708555, 50.674403], [3.1707483, 50.6744328]], [[3.1669338, 50.6769542], [3.1668266, 50.6769965], [3.166536, 50.6771046], [3.1656741, 50.6774109], [3.165289, 50.677546], [3.1648631, 50.6777144]], [[3.1686096, 50.6763642], [3.1685687, 50.6763795], [3.1685137, 50.6763975], [3.1684417, 50.6764245], [3.1683769, 50.6764488], [3.1677858, 50.6766551], [3.1676913, 50.6766912], [3.1675347, 50.6767461], [3.1673683, 50.6768074], [3.1672315, 50.6768551], [3.1671257, 50.6768911], [3.1669338, 50.6769542]]]}, "properties": {"cleabs": "VOIE_NOM0000002339377397", "identifiant_voie_ban": "59512_2470", "nom": "Avenue Gustave Delory", "nom_normalise": "AV GUSTAVE DELORY", "type_voie": "avenue"}}, {"type": "Feature", "geometry": {"type": "MultiLineString", "coordinates": [[[3.1919956, 50.6875276], [3.1922528, 50.6871871], [3.1923329, 50.6870846]], [[3.1925312, 50.6868501], [3.1926759, 50.6866579]], [[3.1923329, 50.6870846], [3.1924299, 50.6869678], [3.1925312, 50.6868501]]]}, "properties": {"cleabs": "VOIE_NOM0000002339377446", "identifiant_voie_ban": "59512_4280", "nom": "Rue Paul Bert", "nom_normalise": "R PAUL BERT", "type_voie": "rue"}}, {"type": "Feature", "geometry": {"type": "MultiLineString", "coordinates": [[[3.1781113, 50.6954584], [3.1777233, 50.6960099], [3.1776601, 50.6961195]], [[3.1773708, 50.6970163], [3.1775186, 50.6968403], [3.1776311, 50.6967037], [3.177742, 50.6964855]]]}, "properties": {"cleabs": "VOIE_NOM0000002339377466", "identifiant_voie_ban": "59512_0400", "nom": "Rue de la Banque", "nom_normalise": "R DE LA BANQUE", "type_voie": "rue"}}, {"type": "Feature", "geometry": {"type": "MultiLineString", "coordinates": [[[3.1860299, 50.675223], [3.186309, 50.6754648], [3.186717, 50.6758178], [3.1867935, 50.6758805]], [[3.1851994, 50.6744327], [3.1855778, 50.6748073], [3.1859803, 50.67518], [3.1860299, 50.675223]], [[3.1851994, 50.6744327], [3.1848746, 50.6740464]], [[3.1927573, 50.6809927], [3.1931931, 50.6811912]], [[3.1916195, 50.6800504], [3.1918306, 50.6802125], [3.1921169, 50.6804615], [3.1922897, 50.6806129], [3.1924442, 50.6807455], [3.1926185, 50.6808942], [3.1927573, 50.6809927]], [[3.1916195, 50.6800504], [3.1908372, 50.679349], [3.1906715, 50.6792137], [3.1905, 50.6790641]], [[3.1905, 50.6790641], [3.1902747, 50.6788689], [3.1898454, 50.6784971]], [[3.1898454, 50.6784971], [3.1895804, 50.6782687]], [[3.1883789, 50.6772448], [3.1882727, 50.6771534]], [[3.1882727, 50.6771534], [3.1881451, 50.677045], [3.1878093, 50.6767387]], [[3.1871165, 50.6761591], [3.1872114, 50.6762397], [3.1876365, 50.676598], [3.1878093, 50.6767387]], [[3.1867935, 50.6758805], [3.1871165, 50.6761591]], [[3.1895804, 50.6782687], [3.1895166, 50.6782131], [3.1887671, 50.6775771], [3.1883789, 50.6772448]]]}, "properties": {"cleabs": "VOIE_NOM0000002339377474", "identifiant_voie_ban": "59512_3320", "nom": "Avenue Linné", "nom_normalise": "AV LINNE", "type_voie": "avenue"}}, {"type": "Feature", "geometry": {"type": "MultiLineString", "coordinates": [[[3.1578145, 50.688106], [3.1573768, 50.6877252], [3.156646, 50.6870997]], [[3.1584127, 50.6878692], [3.158273, 50.6879188], [3.158225, 50.6879422]], [[3.158225, 50.6879422], [3.1581545, 50.6879772], [3.157902, 50.6880906], [3.1578145, 50.688106]], [[3.1578145, 50.688106], [3.1575139, 50.6881952], [3.1574546, 50.6882123], [3.1573854, 50.6882259], [3.1573176, 50.6882215]]]}, "properties": {"cleabs": "VOIE_NOM0000002339377530", "identifiant_voie_ban": "59512_4110", "nom": "Rue des Ogiers", "nom_normalise": "R DES OGIERS", "type_voie": "rue"}}, {"type": "Feature", "geometry": {"type": "MultiLineString", "coordinates": [[[3.1617209, 50.6909285], [3.1614193, 50.6907046], [3.1612565, 50.6905837], [3.1612211, 50.6905586]]]}, "properties": {"cleabs": "VOIE_NOM0000002339377563", "identifiant_voie_ban": "59512_3911", "nom": "Impasse Mozart", "nom_normalise": "IMP MOZART", "type_voie": "impasse"}}, {"type": "Feature", "geometry": {"type": "MultiLineString", "coordinates": [[[3.1689795, 50.6901759], [3.1691625, 50.6903829], [3.1692291, 50.6904411]], [[3.1692291, 50.6904411], [3.1694263, 50.6907101]], [[3.1694263, 50.6907101], [3.1694717, 50.6907639], [3.1695015, 50.6908069]], [[3.1695015, 50.6908069], [3.1698749, 50.6913547], [3.1699047, 50.6913977]]]}, "properties": {"cleabs": "VOIE_NOM0000002339377577", "identifiant_voie_ban": "59512_0680", "nom": "Rue du Bois", "nom_normalise": "R DU BOIS", "type_voie": "rue"}}, {"type": "Feature", "geometry": {"type": "MultiLineString", "coordinates": [[[3.1967981, 50.67089], [3.1961157, 50.6715327], [3.1960666, 50.6716127], [3.1960626, 50.6716773], [3.1961607, 50.6718413]]]}, "properties": {"cleabs": "VOIE_NOM0000002339377663", "identifiant_voie_ban": "59512_2965", "nom": "Allée Jules Wemmeersche", "nom_normalise": "ALL JULES WEMMEERSCHE", "type_voie": "allée"}}, {"type": "Feature", "geometry": {"type": "MultiLineString", "coordinates": [[[3.1868191, 50.686158], [3.1866761, 50.6860882], [3.1864131, 50.6859998], [3.1860963, 50.6859078]], [[3.1860963, 50.6859078], [3.186027, 50.6858873], [3.1857075, 50.6858061], [3.1856354, 50.6857802]], [[3.1856354, 50.6857802], [3.1855024, 50.6857337], [3.1852619, 50.6856363]], [[3.1852619, 50.6856363], [3.1851629, 50.6855969], [3.185044, 50.6855334], [3.1849491, 50.6854635], [3.1847891, 50.6853417], [3.1847494, 50.6853086]], [[3.1847494, 50.6853086], [3.1846516, 50.6852244], [3.1844845, 50.6850981], [3.1843755, 50.6850426], [3.1843684, 50.6850391], [3.1843316, 50.6850203], [3.1843203, 50.6850158]], [[3.1843203, 50.6850158], [3.1840714, 50.6849202], [3.183978, 50.6848763]], [[3.1838563, 50.6848209], [3.1837247, 50.6847538], [3.1835549, 50.6846697], [3.1833935, 50.6845811], [3.1832123, 50.6844584]], [[3.1838563, 50.6848209], [3.183978, 50.6848763]], [[3.1827817, 50.6841414], [3.1828455, 50.6841861], [3.1832123, 50.6844584]], [[3.182456, 50.683913], [3.1827817, 50.6841414]], [[3.1814066, 50.6831347], [3.1812832, 50.6829922], [3.1812604, 50.6829564]], [[3.181588, 50.6833086], [3.1814803, 50.6832163], [3.1814066, 50.6831347]], [[3.181588, 50.6833086], [3.1818415, 50.6835002], [3.1821346, 50.6837026], [3.182456, 50.683913]], [[3.1799001, 50.6809348], [3.1798362, 50.6808433]], [[3.1799001, 50.6809348], [3.1801883, 50.6813579]], [[3.1809906, 50.6825377], [3.1809309, 50.6824454], [3.1806328, 50.6820133], [3.1804865, 50.6817972]], [[3.1804865, 50.6817972], [3.1801883, 50.6813579]], [[3.1809906, 50.6825377], [3.1810985, 50.6827071], [3.1811184, 50.6827367], [3.1812604, 50.6829564]], [[3.1885454, 50.687348], [3.1876904, 50.686853]], [[3.1886431, 50.6874044], [3.1885454, 50.687348]], [[3.1886431, 50.6874044], [3.1891117, 50.6876774], [3.1893608, 50.6878205]], [[3.1898676, 50.6881132], [3.1893608, 50.6878205]], [[3.1899625, 50.6881687], [3.1898676, 50.6881132]], [[3.1903476, 50.6883907], [3.1899625, 50.6881687]], [[3.1906788, 50.6885624], [3.1907453, 50.6885937]], [[3.1903476, 50.6883907], [3.1905882, 50.6885195], [3.1906788, 50.6885624]], [[3.1919593, 50.6891061], [3.1918617, 50.6890703], [3.1915362, 50.6889326], [3.1911372, 50.6887538], [3.1908684, 50.6886429], [3.1907976, 50.6886143], [3.1907453, 50.6885937]], [[3.1919593, 50.6891061], [3.1928578, 50.6894995], [3.1936658, 50.6898536], [3.1940223, 50.6900047], [3.1940506, 50.6900172]], [[3.1876904, 50.686853], [3.1875729, 50.6867859]], [[3.1875729, 50.6867859], [3.1873959, 50.686683], [3.1871807, 50.6865487], [3.1870602, 50.6864295], [3.1869141, 50.6862602], [3.1868191, 50.686158]]]}, "properties": {"cleabs": "VOIE_NOM0000002339377759", "identifiant_voie_ban": "59512_2940", "nom": "Rue Jules Guesde", "nom_normalise": "R JULES GUESDE", "type_voie": "rue"}}, {"type": "Feature", "geometry": {"type": "MultiLineString", "coordinates": [[[3.1742746, 50.6923285], [3.1742506, 50.6923312], [3.1741135, 50.6923314], [3.1739878, 50.6923298], [3.1739539, 50.6923271], [3.1739185, 50.6923146], [3.1738902, 50.6922931], [3.1737994, 50.6921981], [3.1737838, 50.6921703], [3.1737752, 50.6921372], [3.1737779, 50.6921048], [3.1738338, 50.6919217], [3.1738923, 50.6916901]], [[3.1742746, 50.6923285], [3.1742972, 50.6923258], [3.1743451, 50.692314], [3.1744736, 50.6922735], [3.1745892, 50.6922195], [3.1746132, 50.6922015], [3.1746315, 50.6921799], [3.1746412, 50.6921512], [3.1746524, 50.692118], [3.1746776, 50.6920417], [3.1746874, 50.6920201], [3.1747029, 50.6920066]]]}, "properties": {"cleabs": "VOIE_NOM0000002339377791", "identifiant_voie_ban": "59512_5060", "nom": "Contour Saint-Martin", "nom_normalise": "CTR SAINT-MARTIN", "type_voie": "contour"}}, {"type": "Feature", "geometry": {"type": "MultiLineString", "coordinates": [[[3.1798851, 50.7003867], [3.1796374, 50.7002758], [3.179551, 50.700223]], [[3.1798851, 50.7003867], [3.179953, 50.7004234], [3.1799969, 50.7004431], [3.1800351, 50.7004628], [3.1800705, 50.7004816], [3.1801101, 50.7004968], [3.1801597, 50.7005209], [3.1801965, 50.7005379], [3.1802333, 50.7005549], [3.1802701, 50.7005737], [3.1803196, 50.7006015], [3.1803748, 50.7006283], [3.1804145, 50.7006498], [3.1804598, 50.7006739], [3.1805093, 50.7007008], [3.1805589, 50.7007276], [3.1806056, 50.7007536], [3.1806466, 50.7007751], [3.180682, 50.7007939], [3.1807118, 50.70081], [3.1807401, 50.7008243], [3.180767, 50.7008386], [3.1807939, 50.700852], [3.1808193, 50.7008664], [3.1808462, 50.7008798], [3.1808717, 50.7008932], [3.1808958, 50.7009066], [3.1809199, 50.7009192], [3.1809411, 50.7009299], [3.1809595, 50.7009397], [3.1809708, 50.7009469]]]}, "properties": {"cleabs": "VOIE_NOM0000002339377792", "identifiant_voie_ban": "59512_lc4us1", "nom": "Rue Pierre Dujardin", "nom_normalise": "R PIERRE DUJARDIN", "type_voie": "rue"}}, {"type": "Feature", "geometry": {"type": "MultiLineString", "coordinates": [[[3.1602368, 50.6910983], [3.1601489, 50.6910131], [3.1598728, 50.6908026]], [[3.1602368, 50.6910983], [3.1604038, 50.6912156], [3.1604945, 50.6912828], [3.1608669, 50.6915569], [3.1611331, 50.6917576], [3.1612025, 50.6918059], [3.1612138, 50.6918113], [3.1612591, 50.691831]]]}, "properties": {"cleabs": "VOIE_NOM0000002339377876", "identifiant_voie_ban": "59512_5640", "nom": "Rue du Vivier", "nom_normalise": "R DU VIVIER", "type_voie": "rue"}}, {"type": "Feature", "geometry": {"type": "MultiLineString", "coordinates": [[[3.1893936, 50.6796698], [3.1892314, 50.679722], [3.1883456, 50.6800285]], [[3.1883456, 50.6800285], [3.1880987, 50.6801132], [3.1877362, 50.6802376]], [[3.1877362, 50.6802376], [3.1872411, 50.6804062]], [[3.1809906, 50.6825377], [3.1814265, 50.6823953], [3.1816579, 50.682316], [3.1821502, 50.6821447], [3.1827342, 50.6819519], [3.1829218, 50.6818897]], [[3.1860153, 50.6808253], [3.1854243, 50.6810254], [3.1853228, 50.6810767]], [[3.1829218, 50.6818897], [3.1834917, 50.6816968], [3.1841138, 50.6814823], [3.1844411, 50.6813696], [3.1847148, 50.681275], [3.1853228, 50.6810767]], [[3.1872411, 50.6804062], [3.1865203, 50.6806522]], [[3.1865203, 50.6806522], [3.1860153, 50.6808253]]]}, "properties": {"cleabs": "VOIE_NOM0000002339377931", "identifiant_voie_ban": "59512_1830", "nom": "Rue Dupuy de Lôme", "nom_normalise": "R DUPUY DE LOME", "type_voie": "rue"}}, {"type": "Feature", "geometry": {"type": "MultiLineString", "coordinates": [[[3.1827046, 50.7052453], [3.1827215, 50.7052327], [3.1828512, 50.7051266], [3.1829103, 50.7050781], [3.1830653, 50.7049576]], [[3.1827046, 50.7052453], [3.1826398, 50.7052786]], [[3.1826398, 50.7052786], [3.1824099, 50.7054189], [3.1822478, 50.7055116]], [[3.1809882, 50.7061658], [3.180795, 50.7062576], [3.1805594, 50.7063575]], [[3.1822478, 50.7055116], [3.1820518, 50.7056249], [3.1817965, 50.7057707], [3.1814256, 50.7059659], [3.1811547, 50.7060964], [3.1809882, 50.7061658]], [[3.1847356, 50.7026598], [3.184945, 50.7023454], [3.1850883, 50.7021316], [3.1854144, 50.7016537], [3.1856167, 50.70136]], [[3.1856167, 50.70136], [3.1856856, 50.7012684]], [[3.1842652, 50.7034537], [3.1843776, 50.703283], [3.1843929, 50.7032274], [3.1843914, 50.7031888], [3.1844096, 50.7031484], [3.1844714, 50.7030568], [3.1847229, 50.7026795], [3.1847356, 50.7026598]], [[3.1840881, 50.7037241], [3.1841317, 50.7036567], [3.1842652, 50.7034537]], [[3.1832964, 50.7047706], [3.1836089, 50.7044399], [3.183751, 50.7042845], [3.1839409, 50.7040482], [3.1841518, 50.7037518]], [[3.1830653, 50.7049576], [3.1832964, 50.7047706]]]}, "properties": {"cleabs": "VOIE_NOM0000002339377936", "identifiant_voie_ban": "59512_3600", "nom": "Quai de Marseille", "nom_normalise": "QU DE MARSEILLE", "type_voie": "quai"}}, {"type": "Feature", "geometry": {"type": "MultiLineString", "coordinates": [[[3.1812898, 50.6723054], [3.1813195, 50.6723377]], [[3.180968, 50.6719613], [3.1812898, 50.6723054]]]}, "properties": {"cleabs": "VOIE_NOM0000002339378099", "identifiant_voie_ban": "59512_3883", "nom": "Cité Motte Grimonprez", "nom_normalise": "CITE MOTTE GRIMONPREZ", "type_voie": "cité"}}, {"type": "Feature", "geometry": {"type": "MultiLineString", "coordinates": [[[3.1797546, 50.6777852], [3.1796353, 50.6776068], [3.1792835, 50.6771515], [3.1791303, 50.6769632], [3.1790863, 50.6769175]]]}, "properties": {"cleabs": "VOIE_NOM0000002339378116", "identifiant_voie_ban": "59512_0160", "nom": "Rue de l'Amiral Duquesne", "nom_normalise": "R DE L'AMIRAL DUQUESNE", "type_voie": "rue"}}, {"type": "Feature", "geometry": {"type": "MultiLineString", "coordinates": [[[3.186885, 50.6977921], [3.1868737, 50.6977885], [3.1863136, 50.6976341], [3.1860251, 50.69756]], [[3.1878029, 50.6980509], [3.1877421, 50.6980286]], [[3.1877421, 50.6980286], [3.1875483, 50.6979759]], [[3.1875483, 50.6979759], [3.1874366, 50.6979483]], [[3.1874366, 50.6979483], [3.1873489, 50.6979233], [3.186885, 50.6977921]]]}, "properties": {"cleabs": "VOIE_NOM0000002339378182", "identifiant_voie_ban": "59512_0170", "nom": "Rue Ampère", "nom_normalise": "R AMPERE", "type_voie": "rue"}}, {"type": "Feature", "geometry": {"type": "MultiLineString", "coordinates": [[[3.1970834, 50.6788295], [3.1980972, 50.6794722]], [[3.1980972, 50.6794722], [3.1991053, 50.6801122]], [[3.1991053, 50.6801122], [3.1995158, 50.6803476], [3.1996659, 50.6804389]], [[3.2028232, 50.6823478], [3.2031291, 50.6825331], [3.2031758, 50.6825599]], [[3.2023588, 50.6820713], [3.2023362, 50.682057], [3.2022257, 50.681989]], [[3.2023588, 50.6820713], [3.2024112, 50.6821026], [3.2026208, 50.6822279], [3.2028232, 50.6823478]], [[3.2014272, 50.6815012], [3.2022257, 50.681989]], [[3.1996659, 50.6804389], [3.2009444, 50.6812094]], [[3.2009444, 50.6812094], [3.2011695, 50.6813455], [3.2014272, 50.6815012]]]}, "properties": {"cleabs": "VOIE_NOM0000002339378281", "identifiant_voie_ban": "59512_4790", "nom": "Rue Robert Schuman", "nom_normalise": "R ROBERT SCHUMAN", "type_voie": "rue"}}, {"type": "Feature", "geometry": {"type": "MultiLineString", "coordinates": [[[3.1807209, 50.6794269], [3.1809959, 50.6797092], [3.1812284, 50.6799556]]]}, "properties": {"cleabs": "VOIE_NOM0000002339378289", "identifiant_voie_ban": "59512_2004", "nom": "Rue Eugène Motte", "nom_normalise": "R EUGENE MOTTE", "type_voie": "rue"}}, {"type": "Feature", "geometry": {"type": "MultiLineString", "coordinates": [[[3.1861581, 50.6953201], [3.1860091, 50.6955294], [3.1861067, 50.6955562]]]}, "properties": {"cleabs": "VOIE_NOM0000002339378325", "identifiant_voie_ban": "59512_f56mnn", "nom": "Cour Deboschere", "nom_normalise": "COUR DEBOSCHERE", "type_voie": "cour"}}, {"type": "Feature", "geometry": {"type": "MultiLineString", "coordinates": [[[3.1877362, 50.6802376], [3.1881574, 50.6806964]]]}, "properties": {"cleabs": "VOIE_NOM0000002339378385", "identifiant_voie_ban": "59512_4960", "nom": "Rue Saint-Charles", "nom_normalise": "R SAINT-CHARLES", "type_voie": "rue"}}, {"type": "Feature", "geometry": {"type": "MultiLineString", "coordinates": [[[3.1750493, 50.6896739], [3.1751468, 50.6896747], [3.1752316, 50.6896844], [3.1753744, 50.6897067], [3.1765137, 50.6899222], [3.176812, 50.6899837], [3.17687, 50.6899971], [3.1769435, 50.6900248], [3.1769958, 50.6900364]]]}, "properties": {"cleabs": "VOIE_NOM0000002339378398", "identifiant_voie_ban": "59512_4920", "nom": "Rue de la Sagesse", "nom_normalise": "R DE LA SAGESSE", "type_voie": "rue"}}, {"type": "Feature", "geometry": {"type": "MultiLineString", "coordinates": [[[3.1905604, 50.6722691], [3.1898303, 50.6726489], [3.1895822, 50.6727714]], [[3.1895822, 50.6727714], [3.189344, 50.6728911], [3.1887351, 50.6731998]], [[3.1864687, 50.6743716], [3.1870636, 50.6740764]], [[3.1874484, 50.6738775], [3.1873751, 50.6739171], [3.1870636, 50.6740764]], [[3.1887351, 50.6731998], [3.1882433, 50.6734662], [3.1879135, 50.6736363]], [[3.1879135, 50.6736363], [3.1878937, 50.6736471], [3.1874484, 50.6738775]]]}, "properties": {"cleabs": "VOIE_NOM0000002339378543", "identifiant_voie_ban": "59512_2845", "nom": "Rue Jean Honoré Fragonard", "nom_normalise": "R JEAN HONORE FRAGONARD", "type_voie": "rue"}}, {"type": "Feature", "geometry": {"type": "MultiLineString", "coordinates": [[[3.1847292, 50.699765], [3.185958, 50.7000386]]]}, "properties": {"cleabs": "VOIE_NOM0000002339378557", "identifiant_voie_ban": "59512_oqq6m1", "nom": "Cour Candelier", "nom_normalise": "COUR CANDELIER", "type_voie": "cour"}}, {"type": "Feature", "geometry": {"type": "MultiLineString", "coordinates": [[[3.1827152, 50.7003925], [3.1827745, 50.7003816], [3.1830179, 50.7000923]]]}, "properties": {"cleabs": "VOIE_NOM0000002339378826", "identifiant_voie_ban": "59512_lv696a", "nom": "Cour Damerval", "nom_normalise": "COUR DAMERVAL", "type_voie": "cour"}}, {"type": "Feature", "geometry": {"type": "MultiLineString", "coordinates": [[[3.1608468, 50.7020424], [3.1610021, 50.7019937], [3.1618124, 50.7017657], [3.1631478, 50.7013718], [3.1631746, 50.7013529], [3.1632268, 50.7013214]]]}, "properties": {"cleabs": "VOIE_NOM0000002339378827", "identifiant_voie_ban": "59512_0150", "nom": "Rue de l'Amiral Courbet", "nom_normalise": "R DE L'AMIRAL COURBET", "type_voie": "rue"}}, {"type": "Feature", "geometry": {"type": "MultiLineString", "coordinates": [[[3.1954713, 50.6898992], [3.1958461, 50.6900108]], [[3.1958461, 50.6900108], [3.1958913, 50.6900242], [3.1965617, 50.6902268], [3.1972138, 50.6904286]]]}, "properties": {"cleabs": "VOIE_NOM0000002339378868", "identifiant_voie_ban": "59512_1990", "nom": "Rue d'Estaing", "nom_normalise": "R D'ESTAING", "type_voie": "rue"}}, {"type": "Feature", "geometry": {"type": "MultiLineString", "coordinates": [[[3.1527442, 50.6921163], [3.1528471, 50.6920399], [3.1530712, 50.6918808], [3.1532052, 50.6917963], [3.1533885, 50.6916893], [3.1537903, 50.6914321], [3.1538312, 50.6914016], [3.1539525, 50.6913305], [3.1540188, 50.6912919], [3.1540554, 50.6912775], [3.1541034, 50.6912505]]]}, "properties": {"cleabs": "VOIE_NOM0000002339378914", "identifiant_voie_ban": "59512_5080", "nom": "Rue de Saint-Omer", "nom_normalise": "R DE SAINT-OMER", "type_voie": "rue"}}, {"type": "Feature", "geometry": {"type": "MultiLineString", "coordinates": [[[3.1829471, 50.6713958], [3.1828444, 50.6714937], [3.1821781, 50.6723266], [3.1819208, 50.672641]], [[3.1814399, 50.6732223], [3.1815806, 50.6730615], [3.1819208, 50.672641]], [[3.1813195, 50.6723377], [3.1814443, 50.6724712], [3.1815363, 50.6725213], [3.1818388, 50.672616], [3.1819208, 50.672641]], [[3.1805838, 50.674287], [3.1801662, 50.6748018]], [[3.1809463, 50.6737758], [3.1809141, 50.6738782], [3.1805838, 50.674287]], [[3.1809463, 50.6737758], [3.181021, 50.6737425], [3.1811251, 50.6736464], [3.1814399, 50.6732223]], [[3.1797458, 50.6753166], [3.1796797, 50.6753983], [3.1795517, 50.6755538]], [[3.1801662, 50.6748018], [3.1799454, 50.6750722], [3.1797458, 50.6753166]], [[3.1790526, 50.676188], [3.1788923, 50.676383], [3.1783777, 50.6770074], [3.17823, 50.677179], [3.1782061, 50.6772194]], [[3.1795517, 50.6755538], [3.1794013, 50.6757487], [3.1792354, 50.6759392], [3.1790526, 50.676188]]]}, "properties": {"cleabs": "VOIE_NOM0000002339378935", "identifiant_voie_ban": "59512_2590", "nom": "Rue Henri Regnault", "nom_normalise": "R HENRI REGNAULT", "type_voie": "rue"}}, {"type": "Feature", "geometry": {"type": "MultiLineString", "coordinates": [[[3.1926662, 50.6914713], [3.192657, 50.6912784], [3.1926519, 50.6910639]], [[3.192709, 50.6923156], [3.1926997, 50.6921137], [3.1926891, 50.6919316], [3.1926662, 50.6914713]]]}, "properties": {"cleabs": "VOIE_NOM0000002339378949", "identifiant_voie_ban": "59512_5590", "nom": "Rue Victor Delannoy", "nom_normalise": "R VICTOR DELANNOY", "type_voie": "rue"}}, {"type": "Feature", "geometry": {"type": "MultiLineString", "coordinates": [[[3.155596, 50.6719409], [3.1555128, 50.6719841], [3.1552605, 50.6721343], [3.1548561, 50.6724121], [3.1548462, 50.6724202]], [[3.1548462, 50.6724202], [3.1545531, 50.6726198], [3.1543093, 50.6727627]]]}, "properties": {"cleabs": "VOIE_NOM0000002339378990", "identifiant_voie_ban": "59512_3410", "nom": "Avenue Louis Pluquet", "nom_normalise": "AV LOUIS PLUQUET", "type_voie": "avenue"}}, {"type": "Feature", "geometry": {"type": "MultiLineString", "coordinates": [[[3.204828, 50.6835192], [3.2047689, 50.6835776], [3.2047366, 50.6836127], [3.2046972, 50.6836549], [3.2046058, 50.6837493], [3.2045566, 50.6837996], [3.2045031, 50.6838536], [3.204399, 50.6839596], [3.2042921, 50.6840693], [3.204271, 50.6840935]], [[3.204271, 50.6840935], [3.2041908, 50.6841655], [3.2041458, 50.6842077], [3.2041064, 50.6842464], [3.2040698, 50.6842796], [3.2040346, 50.6843102], [3.2040008, 50.684339], [3.2039685, 50.6843686], [3.2039319, 50.6844001], [3.2038967, 50.6844298], [3.2038629, 50.6844567], [3.2038305, 50.6844837], [3.2037587, 50.6845431]], [[3.2037587, 50.6845431], [3.2036968, 50.6845943], [3.2036475, 50.6846303], [3.203594, 50.6846725], [3.2035348, 50.6847202], [3.2034729, 50.684775], [3.2033027, 50.6849521], [3.2031129, 50.6851606], [3.203044, 50.6852325], [3.2030116, 50.6852658], [3.2029863, 50.6852909]], [[3.2028033, 50.6854492], [3.2028807, 50.685379], [3.2029863, 50.6852909]], [[3.2017049, 50.6866274], [3.2017203, 50.6866121], [3.2017738, 50.6865519]], [[3.2005874, 50.6872941], [3.2013052, 50.6870004], [3.2014222, 50.6869312], [3.2015023, 50.6868458], [3.2017049, 50.6866274]], [[3.2000411, 50.6877437], [3.2001917, 50.6876169], [3.2002931, 50.687536], [3.2005142, 50.687358], [3.2005874, 50.6872941]], [[3.2000411, 50.6877437], [3.200027, 50.6877563], [3.1999651, 50.6878075], [3.1994834, 50.6881601]], [[3.2019847, 50.6863164], [3.2023026, 50.6859848], [3.2024853, 50.6857593], [3.2026204, 50.6856262], [3.202709, 50.6855337], [3.2028033, 50.6854492]], [[3.2019847, 50.6863164], [3.2017738, 50.6865519]]]}, "properties": {"cleabs": "VOIE_NOM0000002339379054", "identifiant_voie_ban": "59512_4608", "nom": "Avenue du Président Kennedy", "nom_normalise": "AV DU PRESIDENT KENNEDY", "type_voie": "avenue"}}, {"type": "Feature", "geometry": {"type": "MultiLineString", "coordinates": [[[3.191003, 50.7017386], [3.190854, 50.7019389]], [[3.1913, 50.7018207], [3.191003, 50.7017386]], [[3.191003, 50.7017386], [3.1910718, 50.7016371]]]}, "properties": {"cleabs": "VOIE_NOM0000002339379180", "identifiant_voie_ban": "59512_o5s38d", "nom": "Cour Duchatelet", "nom_normalise": "COUR DUCHATELET", "type_voie": "cour"}}, {"type": "Feature", "geometry": {"type": "MultiLineString", "coordinates": [[[3.196254, 50.6873836], [3.1964131, 50.6872559], [3.1966677, 50.6869899], [3.1967873, 50.6868758]], [[3.1953233, 50.6877943], [3.195618, 50.6876691], [3.1962131, 50.6874007], [3.196254, 50.6873836]], [[3.1948328, 50.688093], [3.1953233, 50.6877943]], [[3.1947469, 50.6881496], [3.1948328, 50.688093]], [[3.1942215, 50.688539], [3.1943074, 50.6884734], [3.1946384, 50.6882243], [3.1947469, 50.6881496]]]}, "properties": {"cleabs": "VOIE_NOM0000002339379304", "identifiant_voie_ban": "59512_3830", "nom": "Rue de Mons", "nom_normalise": "R DE MONS", "type_voie": "rue"}}, {"type": "Feature", "geometry": {"type": "MultiLineString", "coordinates": [[[3.1733345, 50.6868272], [3.173784, 50.6873246], [3.1740223, 50.6876088], [3.1740478, 50.687641], [3.1740606, 50.6876706], [3.1740523, 50.6877137]]]}, "properties": {"cleabs": "VOIE_NOM0000002339379331", "identifiant_voie_ban": "59512_3420", "nom": "Rue des Loups", "nom_normalise": "R DES LOUPS", "type_voie": "rue"}}, {"type": "Feature", "geometry": {"type": "MultiLineString", "coordinates": [[[3.1910324, 50.6749623], [3.1905409, 50.6745763], [3.1903525, 50.6744303], [3.1900225, 50.6741724]]]}, "properties": {"cleabs": "VOIE_NOM0000002339379377", "identifiant_voie_ban": "59512_2600", "nom": "Rue Henri Sellier", "nom_normalise": "R HENRI SELLIER", "type_voie": "rue"}}, {"type": "Feature", "geometry": {"type": "MultiLineString", "coordinates": [[[3.1559808, 50.6871625], [3.1558281, 50.6871035], [3.1557136, 50.6870722], [3.1556429, 50.6870588], [3.1555906, 50.6870508], [3.1555115, 50.6870545], [3.1554635, 50.6870617]], [[3.1527059, 50.6874088], [3.1525563, 50.687453], [3.1524829, 50.6874692], [3.1524405, 50.6874684]], [[3.1531378, 50.6873087], [3.1529246, 50.6873565], [3.152775, 50.6873908], [3.1527059, 50.6874088]], [[3.1532028, 50.687305], [3.1531378, 50.6873087]], [[3.1536293, 50.6872866], [3.153296, 50.6872977], [3.1532028, 50.687305]], [[3.1538497, 50.6872836], [3.1536787, 50.6872847], [3.1536293, 50.6872866]], [[3.1544542, 50.6872586], [3.1538497, 50.6872836]], [[3.1548086, 50.6872304], [3.1546646, 50.6872485], [3.1544542, 50.6872586]], [[3.154906, 50.6872132], [3.1548086, 50.6872304]], [[3.1554635, 50.6870617], [3.155424, 50.6870672], [3.1553449, 50.6870843], [3.154906, 50.6872132]], [[3.1560728, 50.6872216], [3.1559808, 50.6871625]], [[3.1564199, 50.6875388], [3.1562215, 50.6873399], [3.1561847, 50.6873112], [3.156138, 50.6872727], [3.156104, 50.6872449], [3.1560856, 50.6872297], [3.1560785, 50.6872252], [3.1560728, 50.6872216]], [[3.1568987, 50.6879743], [3.156624, 50.6877423], [3.1564199, 50.6875388]], [[3.1573176, 50.6882215], [3.1572484, 50.6882036], [3.1571295, 50.6881428], [3.1569908, 50.6880514], [3.1568987, 50.6879743]]]}, "properties": {"cleabs": "VOIE_NOM0000002339379392", "identifiant_voie_ban": "59512_5690", "nom": "Rue de Wasquehal", "nom_normalise": "R DE WASQUEHAL", "type_voie": "rue"}}, {"type": "Feature", "geometry": {"type": "MultiLineString", "coordinates": [[[3.185671, 50.6885512], [3.1856049, 50.6886078], [3.185309, 50.6888209], [3.184682, 50.6892714], [3.1845736, 50.6893703]], [[3.1866902, 50.6875886], [3.1865241, 50.6877396], [3.1860975, 50.6881189], [3.1857244, 50.6884667], [3.185671, 50.6885512]], [[3.1875729, 50.6867859], [3.1873378, 50.6869963], [3.1869253, 50.6873756], [3.1866902, 50.6875886]]]}, "properties": {"cleabs": "VOIE_NOM0000002339379498", "identifiant_voie_ban": "59512_0530", "nom": "Rue de Beaurewaert", "nom_normalise": "R DE BEAUREWAERT", "type_voie": "rue"}}, {"type": "Feature", "geometry": {"type": "MultiLineString", "coordinates": [[[3.1569088, 50.6907283], [3.1563191, 50.6910045], [3.1562726, 50.6910459]], [[3.1546729, 50.6917604], [3.1531733, 50.6924514], [3.1530858, 50.6924919]], [[3.1552978, 50.6914769], [3.1553881, 50.6914445], [3.1557845, 50.6912645], [3.1562726, 50.6910459]], [[3.1552978, 50.6914769], [3.1546729, 50.6917604]]]}, "properties": {"cleabs": "VOIE_NOM0000002339379608", "identifiant_voie_ban": "59512_0620", "nom": "Rue de Béthune", "nom_normalise": "R DE BETHUNE", "type_voie": "rue"}}, {"type": "Feature", "geometry": {"type": "MultiLineString", "coordinates": [[[3.18143, 50.698597], [3.1817625, 50.6987221], [3.1817442, 50.6987464], [3.1820838, 50.6988832]]]}, "properties": {"cleabs": "VOIE_NOM0000002339379625", "identifiant_voie_ban": "59512_fxf6yv", "nom": "Cour Bauters", "nom_normalise": "COUR BAUTERS", "type_voie": "cour"}}, {"type": "Feature", "geometry": {"type": "MultiLineString", "coordinates": [[[3.2028074, 50.6941526], [3.2028526, 50.6941409], [3.2029993, 50.6940967], [3.2031432, 50.6940515], [3.2032843, 50.6940056], [3.2034226, 50.6939569], [3.203558, 50.6939064], [3.2036892, 50.6938568], [3.2038175, 50.6938082], [3.203936, 50.6937622], [3.2040489, 50.6937154], [3.2040912, 50.6936937]], [[3.2041039, 50.6937108], [3.2040645, 50.6937387], [3.2038883, 50.6938341], [3.2037882, 50.6938863], [3.2036867, 50.693934], [3.2035781, 50.6939808], [3.2034638, 50.694025], [3.2033425, 50.6940665], [3.2032183, 50.6941071], [3.2030928, 50.6941459], [3.20297, 50.6941819], [3.2028543, 50.6942198]], [[3.2023756, 50.694278], [3.2024052, 50.6942663], [3.2025534, 50.6942257], [3.2027058, 50.6941842], [3.2028074, 50.6941526]], [[3.2028543, 50.6942198], [3.2026807, 50.6942704], [3.2025932, 50.694292], [3.2025128, 50.6943083]], [[3.1925433, 50.6944121], [3.1924825, 50.6943987], [3.1924202, 50.6943809]], [[3.1929187, 50.6946861], [3.1934259, 50.6946835], [3.1938314, 50.6946883]], [[3.1935511, 50.6945505], [3.1934748, 50.6945506], [3.1934211, 50.6945453], [3.1933476, 50.6945392], [3.1932699, 50.6945348], [3.1931837, 50.6945269], [3.1931017, 50.6945162], [3.1930282, 50.6945047], [3.1929646, 50.694494], [3.1929109, 50.6944851], [3.1928699, 50.6944789], [3.1928317, 50.6944718], [3.1928006, 50.6944673], [3.1927497, 50.6944593], [3.1926903, 50.6944487], [3.1926281, 50.6944371], [3.1925659, 50.694421], [3.1925433, 50.6944121]], [[3.1935511, 50.6945505], [3.1936994, 50.6945512], [3.194023, 50.6945561]], [[3.1993849, 50.6950277], [3.1993299, 50.6950322], [3.1992253, 50.6950378], [3.1991858, 50.6950397]], [[3.1977583, 50.6949037], [3.1979196, 50.6949519], [3.1979705, 50.6949662], [3.1980341, 50.6949796], [3.1981076, 50.6949893], [3.1981924, 50.6949946], [3.1982814, 50.6949953], [3.1983761, 50.6949925], [3.1984693, 50.6949852], [3.1985625, 50.6949742], [3.1986529, 50.6949642], [3.1987404, 50.6949542], [3.198828, 50.6949451], [3.1989127, 50.694936], [3.1990003, 50.6949269], [3.1990949, 50.6949178], [3.1991966, 50.6949086], [3.1992587, 50.6949022]], [[3.1991858, 50.6950397], [3.1991194, 50.6950424], [3.199012, 50.6950444], [3.1989103, 50.6950446], [3.1988114, 50.6950438], [3.1987139, 50.6950422], [3.1986164, 50.6950397], [3.1985203, 50.6950362], [3.1984285, 50.6950355], [3.1983437, 50.6950347], [3.1982618, 50.6950339], [3.198177, 50.6950287], [3.1980908, 50.6950163], [3.1980045, 50.6949958], [3.1979182, 50.694969], [3.1978362, 50.6949377], [3.1977583, 50.6949037]], [[3.195019, 50.6945572], [3.1949554, 50.6945573], [3.1948735, 50.6945574], [3.1947915, 50.6945576], [3.1947124, 50.6945577], [3.1946361, 50.6945569], [3.1945712, 50.694557], [3.194023, 50.6945561]], [[3.1967629, 50.6946935], [3.1967149, 50.69469], [3.1966682, 50.6946901], [3.1966004, 50.6946875], [3.196493, 50.6946796], [3.1963094, 50.6946844], [3.1958615, 50.6946833], [3.1952879, 50.6946824], [3.1949573, 50.6946802], [3.194477, 50.6946864], [3.1940927, 50.6946852], [3.1939853, 50.6946862], [3.1938314, 50.6946883]], [[3.1977583, 50.6949037], [3.1976791, 50.6948707], [3.1975998, 50.6948367], [3.197522, 50.6948036], [3.1974427, 50.6947687], [3.1973649, 50.6947357], [3.1972857, 50.6947026], [3.1972064, 50.6946713], [3.1971258, 50.6946418], [3.1970423, 50.6946168], [3.1969532, 50.6945954], [3.1968585, 50.6945794], [3.196761, 50.6945679], [3.1966578, 50.6945627], [3.1965533, 50.6945602], [3.1964445, 50.6945603], [3.1963301, 50.6945596], [3.1962114, 50.6945589], [3.1960871, 50.6945591], [3.1959613, 50.6945584], [3.195837, 50.6945586], [3.195724, 50.6945588], [3.1956336, 50.694558], [3.1955657, 50.6945581], [3.1955107, 50.6945582], [3.1954683, 50.6945583], [3.1951603, 50.6945579], [3.1951038, 50.6945571], [3.1950345, 50.6945572], [3.195019, 50.6945572]], [[3.1992587, 50.6949022], [3.1992982, 50.6948986], [3.1994042, 50.6948885], [3.1995087, 50.6948776], [3.1996118, 50.6948676], [3.1997134, 50.6948566], [3.1997953, 50.6948439], [3.1999182, 50.6948312], [3.2000467, 50.694813], [3.2001822, 50.6947895], [3.2003205, 50.6947605], [3.2004589, 50.6947325], [3.2005958, 50.6947045], [3.2007299, 50.6946791], [3.2008189, 50.6946637], [3.2008669, 50.6946538], [3.200936, 50.6946384]], [[3.200936, 50.6946384], [3.2007512, 50.6946926], [3.200627, 50.694726], [3.2005042, 50.6947611], [3.2003814, 50.6947972], [3.2002629, 50.6948333], [3.20015, 50.6948685], [3.2000357, 50.6949001], [3.1998184, 50.6949642], [3.1997323, 50.6949804], [3.1996363, 50.6949968], [3.199536, 50.6950113], [3.1994329, 50.6950231], [3.1993849, 50.6950277]], [[3.1967629, 50.6946935], [3.1968519, 50.6946943], [3.1969509, 50.6947112], [3.1970725, 50.6947496], [3.1975325, 50.6949481], [3.1981665, 50.6952207], [3.1987269, 50.695472], [3.198843, 50.6955239], [3.1989095, 50.6955516], [3.1989364, 50.6955641], [3.198955, 50.6956242], [3.1989064, 50.6958298]]]}, "properties": {"cleabs": "VOIE_NOM0000002339379647", "identifiant_voie_ban": "59512_0350", "nom": "Rue d'Avelghem", "nom_normalise": "R D'AVELGHEM", "type_voie": "rue"}}, {"type": "Feature", "geometry": {"type": "MultiLineString", "coordinates": [[[3.1801883, 50.6813579], [3.1795831, 50.6815526], [3.1788029, 50.6818014]], [[3.1788029, 50.6818014], [3.1786463, 50.6818465]], [[3.1786463, 50.6818465], [3.1785024, 50.681888], [3.1783909, 50.6819223]], [[3.1752447, 50.6829094], [3.1751883, 50.6829319], [3.1751248, 50.6829652], [3.1749416, 50.6830902], [3.1748712, 50.6831477], [3.1748389, 50.6831863]], [[3.1763, 50.6825714], [3.175826, 50.6827273], [3.1755325, 50.6828156]], [[3.1755325, 50.6828156], [3.175311, 50.682885], [3.1752447, 50.6829094]], [[3.1775811, 50.6821684], [3.1783909, 50.6819223]], [[3.1763, 50.6825714], [3.1763564, 50.682556], [3.1768023, 50.6824172], [3.1768686, 50.6823965], [3.1775811, 50.6821684]]]}, "properties": {"cleabs": "VOIE_NOM0000002339379652", "identifiant_voie_ban": "59512_0820", "nom": "Rue de Bouvines", "nom_normalise": "R DE BOUVINES", "type_voie": "rue"}}, {"type": "Feature", "geometry": {"type": "MultiLineString", "coordinates": [[[3.1967699, 50.6899977], [3.196932, 50.689547], [3.1969362, 50.6895398], [3.1970227, 50.6892731]]]}, "properties": {"cleabs": "VOIE_NOM0000002339379653", "identifiant_voie_ban": "59512_5340", "nom": "Rue de la Tortue", "nom_normalise": "R DE LA TORTUE", "type_voie": "rue"}}, {"type": "Feature", "geometry": {"type": "MultiLineString", "coordinates": [[[3.1800008, 50.6759327], [3.1802883, 50.6761719], [3.1803648, 50.6762373]], [[3.1795517, 50.6755538], [3.1800008, 50.6759327]], [[3.1769682, 50.673384], [3.1771254, 50.6735355], [3.177539, 50.6738759]], [[3.177539, 50.6738759], [3.1776636, 50.673978]], [[3.1776636, 50.673978], [3.1777911, 50.6740828]], [[3.1777911, 50.6740828], [3.1778067, 50.6740953], [3.1782982, 50.6745056], [3.178733, 50.6748685]], [[3.178733, 50.6748685], [3.1794625, 50.6754731], [3.1795517, 50.6755538]]]}, "properties": {"cleabs": "VOIE_NOM0000002339379681", "identifiant_voie_ban": "59512_0590", "nom": "Rue Bernard Palissy", "nom_normalise": "R BERNARD PALISSY", "type_voie": "rue"}}, {"type": "Feature", "geometry": {"type": "MultiLineString", "coordinates": [[[3.1858603, 50.6778615], [3.1859786, 50.677768], [3.1865706, 50.6774521], [3.1866706, 50.6773937]], [[3.1868735, 50.6772713], [3.187464, 50.6769366], [3.1878093, 50.6767387]], [[3.1866706, 50.6773937], [3.1868735, 50.6772713]]]}, "properties": {"cleabs": "VOIE_NOM0000002339379759", "identifiant_voie_ban": "59512_4310", "nom": "Rue Paul Wante", "nom_normalise": "R PAUL WANTE", "type_voie": "rue"}}, {"type": "Feature", "geometry": {"type": "MultiLineString", "coordinates": [[[3.1810475, 50.7037869], [3.1811579, 50.703836], [3.181799, 50.7041133], [3.1822307, 50.7043047], [3.1827317, 50.7045229], [3.1828562, 50.7045766]]]}, "properties": {"cleabs": "VOIE_NOM0000002339379798", "identifiant_voie_ban": "59512_0485", "nom": "Passage du Beau Chêne", "nom_normalise": "PAS DU BEAU CHENE", "type_voie": "passage"}}, {"type": "Feature", "geometry": {"type": "MultiLineString", "coordinates": [[[3.1913862, 50.6910874], [3.1914662, 50.6909527], [3.1918264, 50.6905636], [3.1921586, 50.6902633]], [[3.1921586, 50.6902633], [3.1923373, 50.6900746], [3.1925709, 50.6898427], [3.1925766, 50.6898365]]]}, "properties": {"cleabs": "VOIE_NOM0000002339379822", "identifiant_voie_ban": "59512_0380", "nom": "Rue de Babylone", "nom_normalise": "R DE BABYLONE", "type_voie": "rue"}}, {"type": "Feature", "geometry": {"type": "MultiLineString", "coordinates": [[[3.1735521, 50.690122], [3.1733318, 50.6901322], [3.1730592, 50.6901433], [3.1724433, 50.6901747]], [[3.1700523, 50.6903297], [3.1699223, 50.6903451], [3.1698051, 50.6903587], [3.1696837, 50.6903714], [3.1695778, 50.690385], [3.169445, 50.6903978], [3.1693547, 50.6904096], [3.1693053, 50.6904204], [3.1692291, 50.6904411]], [[3.1724433, 50.6901747], [3.1719857, 50.6901978], [3.1715224, 50.6902146], [3.1714476, 50.6902129]], [[3.1714476, 50.6902129], [3.17136, 50.6902247], [3.1709462, 50.6902441], [3.1707838, 50.6902578], [3.1706341, 50.690275], [3.1701497, 50.6903214], [3.1700523, 50.6903297]]]}, "properties": {"cleabs": "VOIE_NOM0000002339380011", "identifiant_voie_ban": "59512_2020", "nom": "Rue des Fabricants", "nom_normalise": "R DES FABRICANTS", "type_voie": "rue"}}, {"type": "Feature", "geometry": {"type": "MultiLineString", "coordinates": [[[3.1891191, 50.6724006], [3.1896715, 50.6721108], [3.190014, 50.6719281]], [[3.1882818, 50.6728272], [3.1884073, 50.6727588], [3.1891191, 50.6724006]], [[3.187463, 50.6732645], [3.1879718, 50.6729973], [3.1882818, 50.6728272]], [[3.186599, 50.6737154], [3.1871431, 50.6734257], [3.187463, 50.6732645]], [[3.1843565, 50.6748737], [3.184847, 50.6746235], [3.1851994, 50.6744327]], [[3.1841324, 50.6749898], [3.1843565, 50.6748737]], [[3.1837842, 50.6751707], [3.1841324, 50.6749898]], [[3.183078, 50.6755235], [3.1836813, 50.6752229], [3.1837842, 50.6751707]], [[3.1860112, 50.6740107], [3.1861818, 50.6739207], [3.186599, 50.6737154]], [[3.1851994, 50.6744327], [3.1856251, 50.6742149], [3.1860112, 50.6740107]]]}, "properties": {"cleabs": "VOIE_NOM0000002339380055", "identifiant_voie_ban": "59512_4910", "nom": "Rue Rubens", "nom_normalise": "R RUBENS", "type_voie": "rue"}}, {"type": "Feature", "geometry": {"type": "MultiLineString", "coordinates": [[[3.1848406, 50.7062319], [3.1852702, 50.7058508], [3.1857223, 50.7054571], [3.1862393, 50.7050184], [3.1864703, 50.704818]]]}, "properties": {"cleabs": "VOIE_NOM0000002339380056", "identifiant_voie_ban": "59512_0720", "nom": "Rue de Bône", "nom_normalise": "R DE BONE", "type_voie": "rue"}}, {"type": "Feature", "geometry": {"type": "MultiLineString", "coordinates": [[[3.1548086, 50.6872304], [3.1548582, 50.6872877], [3.1549404, 50.6873585], [3.1550537, 50.6874517], [3.1551528, 50.6875225]]]}, "properties": {"cleabs": "VOIE_NOM0000002339380161", "identifiant_voie_ban": "59512_3880", "nom": "Rue Morse", "nom_normalise": "R MORSE", "type_voie": "rue"}}, {"type": "Feature", "geometry": {"type": "MultiLineString", "coordinates": [[[3.1891191, 50.6724006], [3.1885738, 50.6719769]], [[3.1895822, 50.6727714], [3.1891191, 50.6724006]], [[3.1908498, 50.6737476], [3.1905325, 50.6734905]], [[3.1905325, 50.6734905], [3.1903073, 50.6733087]], [[3.190092, 50.6731394], [3.1895822, 50.6727714]], [[3.1903073, 50.6733087], [3.1901685, 50.6731967], [3.190092, 50.6731394]]]}, "properties": {"cleabs": "VOIE_NOM0000002339380212", "identifiant_voie_ban": "59512_4700", "nom": "Rue Raphaël", "nom_normalise": "R RAPHAEL", "type_voie": "rue"}}, {"type": "Feature", "geometry": {"type": "MultiLineString", "coordinates": [[[3.1698884, 50.6953479], [3.1696404, 50.6951239]], [[3.1695242, 50.6950092], [3.169493, 50.6949877], [3.1693854, 50.694916], [3.1691292, 50.6943394], [3.1689839, 50.6939761], [3.1689596, 50.6939143]], [[3.1696404, 50.6951239], [3.1695242, 50.6950092]]]}, "properties": {"cleabs": "VOIE_NOM0000002339380302", "identifiant_voie_ban": "59512_1950", "nom": "Rue de l'Ermitage", "nom_normalise": "R DE L'ERMITAGE", "type_voie": "rue"}}, {"type": "Feature", "geometry": {"type": "MultiLineString", "coordinates": [[[3.1917226, 50.704792], [3.1922517, 50.7049608]], [[3.1923656, 50.7048135], [3.1922517, 50.7049608]], [[3.1922517, 50.7049608], [3.1920731, 50.7051881]], [[3.1915426, 50.7050175], [3.1920731, 50.7051881]], [[3.1920731, 50.7051881], [3.1919578, 50.7053336]]]}, "properties": {"cleabs": "VOIE_NOM0000002339380313", "identifiant_voie_ban": "59512_lygybk", "nom": "Cour Saint-Henri", "nom_normalise": "COUR SAINT-HENRI", "type_voie": "cour"}}, {"type": "Feature", "geometry": {"type": "MultiLineString", "coordinates": [[[3.1932858, 50.6751975], [3.1929828, 50.6750051], [3.1929869, 50.6749719], [3.1933054, 50.6747775]], [[3.1931914, 50.6752578], [3.1932858, 50.6751975]], [[3.1932858, 50.6751975], [3.1934628, 50.6753112], [3.1936554, 50.6754518], [3.1935553, 50.6755094], [3.1931914, 50.6752578]], [[3.1928011, 50.6754864], [3.1931815, 50.6752641], [3.1931914, 50.6752578]]]}, "properties": {"cleabs": "VOIE_NOM0000002339380381", "identifiant_voie_ban": "59512_0220", "nom": "Allée Antoine Watteau", "nom_normalise": "ALL ANTOINE WATTEAU", "type_voie": "allée"}}, {"type": "Feature", "geometry": {"type": "MultiLineString", "coordinates": [[[3.1598126, 50.6874385], [3.159797, 50.6874286], [3.1595535, 50.6872486]], [[3.1604171, 50.6878469], [3.1598126, 50.6874385]], [[3.1617364, 50.6887219], [3.1608644, 50.6881496]], [[3.1604779, 50.687889], [3.1604171, 50.6878469]], [[3.1608644, 50.6881496], [3.160846, 50.6881371], [3.1604779, 50.687889]]]}, "properties": {"cleabs": "VOIE_NOM0000002339380427", "identifiant_voie_ban": "59512_4030", "nom": "Rue Newcommen", "nom_normalise": "R NEWCOMMEN", "type_voie": "rue"}}, {"type": "Feature", "geometry": {"type": "MultiLineString", "coordinates": [[[3.1952479, 50.6796957], [3.1951268, 50.6797713], [3.1951045, 50.6798512], [3.1953156, 50.6800168]], [[3.1953156, 50.6800168], [3.1948503, 50.6802267]], [[3.1953156, 50.6800168], [3.1955257, 50.6799304], [3.195561, 50.6799357], [3.1958934, 50.6800581]]]}, "properties": {"cleabs": "VOIE_NOM0000002339380467", "identifiant_voie_ban": "59512_jjnvmj", "nom": "Résidence la Roseraie", "nom_normalise": "RES LA ROSERAIE", "type_voie": "résidence"}}, {"type": "Feature", "geometry": {"type": "MultiLineString", "coordinates": [[[3.1992331, 50.6898789], [3.19942, 50.6896363], [3.1989208, 50.68949]]]}, "properties": {"cleabs": "VOIE_NOM0000002339380479", "identifiant_voie_ban": "59512_qlf84v", "nom": "Cour Bonte", "nom_normalise": "COUR BONTE", "type_voie": "cour"}}, {"type": "Feature", "geometry": {"type": "MultiLineString", "coordinates": [[[3.1647465, 50.7024249], [3.1648018, 50.7024724], [3.1649619, 50.7026203], [3.1653545, 50.7029652], [3.1654112, 50.7030226]], [[3.1654112, 50.7030226], [3.1659541, 50.7035576]], [[3.1659541, 50.7035576], [3.1664588, 50.7040397], [3.1664899, 50.7040683], [3.1665466, 50.704123], [3.1666629, 50.7042458]], [[3.1666002, 50.7045034], [3.1665129, 50.7045914]], [[3.1666634, 50.7044037], [3.1666002, 50.7045034]], [[3.1666634, 50.7044037], [3.1666972, 50.7043453], [3.1666885, 50.7042897], [3.1666629, 50.7042458]], [[3.1646105, 50.7023085], [3.1646275, 50.7023228], [3.1646884, 50.7023766], [3.1647465, 50.7024249]]]}, "properties": {"cleabs": "VOIE_NOM0000002339380918", "identifiant_voie_ban": "59512_2500", "nom": "Boulevard des Bâtisseurs", "nom_normalise": "BD DES BATISSEURS", "type_voie": "boulevard"}}, {"type": "Feature", "geometry": {"type": "MultiLineString", "coordinates": [[[3.2160214, 50.6873562], [3.2160807, 50.6873651], [3.2161161, 50.6873668], [3.2161613, 50.687364], [3.2162643, 50.6873369], [3.2163094, 50.6873207]], [[3.2156634, 50.687556], [3.2159018, 50.6874713], [3.2159399, 50.6874506], [3.2159624, 50.6874326], [3.2159793, 50.6874146], [3.2160214, 50.6873562]], [[3.2091579, 50.6897765], [3.2092524, 50.689744], [3.2093173, 50.689725], [3.2093992, 50.6897096]], [[3.20888, 50.6898711], [3.2089675, 50.6898441], [3.2091579, 50.6897765]], [[3.2081126, 50.6901354], [3.208368, 50.6900515], [3.2087291, 50.6899243], [3.20888, 50.6898711]], [[3.2093992, 50.6897096], [3.2098453, 50.6896416], [3.2098834, 50.6896344], [3.209954, 50.6896208], [3.2100485, 50.689591], [3.2101345, 50.6895487]], [[3.2093992, 50.6897096], [3.2098314, 50.6897026], [3.2098498, 50.6897026], [3.2099388, 50.6897043], [3.2100335, 50.689714], [3.2101141, 50.6897327]], [[3.2114184, 50.6891624], [3.2112831, 50.6892506], [3.2112126, 50.6892857], [3.2111591, 50.6893109], [3.21108, 50.6893299], [3.2109911, 50.6893417], [3.210929, 50.6893571]], [[3.2114184, 50.6891624], [3.2115154, 50.68906], [3.2116774, 50.6889547], [3.2118339, 50.6888764], [3.2121202, 50.6887628], [3.2122372, 50.688724]], [[3.2122372, 50.688724], [3.2127422, 50.6885473], [3.2130991, 50.68843]], [[3.2130991, 50.68843], [3.2132909, 50.6883651], [3.2136083, 50.6882568], [3.2137832, 50.6882018], [3.2138665, 50.6881774]], [[3.2138665, 50.6881774], [3.2142106, 50.6880575], [3.2143305, 50.6880151]], [[3.2143305, 50.6880151], [3.2146422, 50.6879078]], [[3.2146422, 50.6879078], [3.2149653, 50.6877986]], [[3.2149653, 50.6877986], [3.2153602, 50.6876589]], [[3.2153602, 50.6876589], [3.2154843, 50.6876183], [3.2156634, 50.687556]], [[3.2061857, 50.690799], [3.2064621, 50.6907008], [3.2066117, 50.6906485]], [[3.2066117, 50.6906485], [3.2069657, 50.6905276], [3.2069982, 50.6905159]], [[3.2077261, 50.6902724], [3.2074496, 50.6903626], [3.2073015, 50.6904122], [3.2069982, 50.6905159]], [[3.2077261, 50.6902724], [3.2079391, 50.6901922], [3.2081126, 50.6901354]]]}, "properties": {"cleabs": "VOIE_NOM0000002339380993", "identifiant_voie_ban": "59512_3150", "nom": "Rue de Leers", "nom_normalise": "R DE LEERS", "type_voie": "rue"}}, {"type": "Feature", "geometry": {"type": "MultiLineString", "coordinates": [[[3.1887322, 50.678803], [3.1887715, 50.6787231], [3.1887713, 50.6786917], [3.1887486, 50.6786459], [3.1886593, 50.6785581], [3.1883237, 50.6783298], [3.1878861, 50.6780155], [3.1874457, 50.6776904], [3.187035, 50.677385], [3.1868735, 50.6772713]]]}, "properties": {"cleabs": "VOIE_NOM0000002339381035", "identifiant_voie_ban": "59512_0290", "nom": "Rue Armand Meeschaert", "nom_normalise": "R ARMAND MEESCHAERT", "type_voie": "rue"}}, {"type": "Feature", "geometry": {"type": "MultiLineString", "coordinates": [[[3.1591007, 50.6972466], [3.1597732, 50.6976872]], [[3.1597732, 50.6976872], [3.1611168, 50.6985568], [3.1613731, 50.6987359], [3.1614567, 50.6988058]]]}, "properties": {"cleabs": "VOIE_NOM0000002339381043", "identifiant_voie_ban": "59512_5670", "nom": "Rue des Vosges", "nom_normalise": "R DES VOSGES", "type_voie": "rue"}}, {"type": "Feature", "geometry": {"type": "MultiLineString", "coordinates": [[[3.1788326, 50.6798308], [3.1787522, 50.6798614], [3.1785533, 50.6799326], [3.1782881, 50.6800218], [3.1779453, 50.6801416], [3.1776068, 50.6802561], [3.1775518, 50.6802768]], [[3.1775518, 50.6802768], [3.1763753, 50.6806868], [3.1754654, 50.681003], [3.1753159, 50.6810481]]]}, "properties": {"cleabs": "VOIE_NOM0000002339381075", "identifiant_voie_ban": "59512_1260", "nom": "Rue Claude Lorrain", "nom_normalise": "R CLAUDE LORRAIN", "type_voie": "rue"}}, {"type": "Feature", "geometry": {"type": "MultiLineString", "coordinates": [[[3.2103555, 50.6893688], [3.2104062, 50.6893167], [3.2104413, 50.6892673], [3.2104749, 50.689208], [3.2105127, 50.6891308], [3.2106586, 50.688873]], [[3.2106586, 50.688873], [3.2107394, 50.6886153]], [[3.2108144, 50.6893277], [3.2107465, 50.6892919], [3.2106926, 50.6892453], [3.2106501, 50.6892023], [3.2106442, 50.6891575], [3.2106607, 50.6890345], [3.2106586, 50.688873]], [[3.2107394, 50.6886153], [3.2108316, 50.6883639], [3.2109529, 50.6879958], [3.2109976, 50.6878701], [3.211066, 50.6876671], [3.2110841, 50.6876142], [3.2112266, 50.6872469], [3.2112658, 50.6871562], [3.2112854, 50.6871131], [3.2113934, 50.6869209], [3.2114789, 50.6867727], [3.2114971, 50.6867421], [3.2115266, 50.686699]], [[3.2126279, 50.6855799], [3.2127518, 50.6854882], [3.2129715, 50.6853343], [3.2131095, 50.685239], [3.2132842, 50.6851104], [3.2133784, 50.685025], [3.2134318, 50.6849602], [3.2134529, 50.684927], [3.2134711, 50.6848965], [3.2134963, 50.6848345], [3.2134976, 50.6848255], [3.2135059, 50.6847717], [3.2135086, 50.6847519], [3.2135156, 50.6847196], [3.2135167, 50.6846595], [3.2135181, 50.6846514], [3.2135051, 50.6845823], [3.2134864, 50.6845169], [3.2134381, 50.6844407], [3.2133458, 50.6843385], [3.2132707, 50.6842767], [3.2131687, 50.6841953], [3.2130808, 50.6841254], [3.2128739, 50.6839759], [3.2128329, 50.6839473], [3.2126358, 50.6837672]], [[3.2127412, 50.6836531], [3.2127427, 50.683662], [3.2127357, 50.683689], [3.2127175, 50.6837204], [3.2126851, 50.683751], [3.2126358, 50.6837672]], [[3.2126886, 50.683567], [3.2127184, 50.6835966], [3.2127411, 50.6836333], [3.2127412, 50.6836468], [3.2127412, 50.6836531]], [[3.2124204, 50.683598], [3.2124528, 50.6835773], [3.212488, 50.6835602], [3.2125374, 50.6835502], [3.2125868, 50.683551], [3.2126321, 50.6835572], [3.2126886, 50.683567]], [[3.2126358, 50.6837672], [3.2125793, 50.6837754], [3.2125242, 50.6837701], [3.2124719, 50.6837567], [3.2124337, 50.683738], [3.2123982, 50.6837102], [3.2123925, 50.6837003]], [[3.2123925, 50.6837003], [3.2123853, 50.6836591], [3.2123922, 50.6836241], [3.2124204, 50.683598]], [[3.2116128, 50.6826823], [3.2116228, 50.6826975], [3.2117408, 50.6828848], [3.211856, 50.6830677], [3.212171, 50.6834261], [3.2122121, 50.6834575], [3.2123212, 50.6835389], [3.2124204, 50.683598]], [[3.2126279, 50.6855799], [3.2125716, 50.6856213], [3.2124533, 50.6857157], [3.2123548, 50.6858011], [3.2123478, 50.6858065], [3.2122465, 50.6858973], [3.2122028, 50.6859324]], [[3.2115266, 50.686699], [3.2115491, 50.6866622], [3.211601, 50.6865858], [3.2117163, 50.6864483], [3.2118554, 50.6862928], [3.2119806, 50.6861544], [3.2120129, 50.6861212]], [[3.2112687, 50.6821301], [3.2112758, 50.6821408], [3.2114848, 50.6824788], [3.2116128, 50.6826823]], [[3.2110425, 50.6817571], [3.2111364, 50.681914], [3.2112687, 50.6821301]], [[3.2105405, 50.6809306], [3.2105518, 50.6809486], [3.2108405, 50.6814156], [3.2110425, 50.6817571]], [[3.2104509, 50.6808016], [3.2103756, 50.6806922], [3.2100449, 50.6803015], [3.2098875, 50.6801519]], [[3.2105405, 50.6809306], [3.2104509, 50.6808016]], [[3.208679, 50.6792422], [3.2084383, 50.6790928], [3.2083646, 50.6790435]], [[3.2093049, 50.679654], [3.2090486, 50.6794794], [3.208805, 50.6793228], [3.208679, 50.6792422]], [[3.2098875, 50.6801519], [3.2097854, 50.680057], [3.2094438, 50.6797489], [3.2093049, 50.679654]], [[3.2057717, 50.6773653], [3.2047069, 50.676685]], [[3.2070405, 50.6781816], [3.2069202, 50.67811], [3.2066809, 50.6779677], [3.2065931, 50.6779095], [3.2057717, 50.6773653]], [[3.2075177, 50.6784751], [3.207444, 50.6784259], [3.2073831, 50.6783847], [3.2070405, 50.6781816]], [[3.208012, 50.6788099], [3.2077528, 50.6786327], [3.2076763, 50.6785825], [3.2075177, 50.6784751]], [[3.2083646, 50.6790435], [3.2081253, 50.6788878], [3.208012, 50.6788099]], [[3.2047069, 50.676685], [3.2043926, 50.6764863]], [[3.2043926, 50.6764863], [3.2038545, 50.676148]], [[3.2038545, 50.676148], [3.2029725, 50.6755949], [3.2028154, 50.675518], [3.2024588, 50.6753463]]]}, "properties": {"cleabs": "VOIE_NOM0000002339381106", "identifiant_voie_ban": "59512_4211", "nom": "Avenue du Parc des Sports", "nom_normalise": "AV DU PARC DES SPORTS", "type_voie": "avenue"}}, {"type": "Feature", "geometry": {"type": "MultiLineString", "coordinates": [[[3.1971922, 50.6885379], [3.1973822, 50.6883555], [3.1974596, 50.6882826], [3.1977776, 50.6879582], [3.1981587, 50.6875475]]]}, "properties": {"cleabs": "VOIE_NOM0000002339381201", "identifiant_voie_ban": "59512_5250", "nom": "Rue Soult", "nom_normalise": "R SOULT", "type_voie": "rue"}}, {"type": "Feature", "geometry": {"type": "MultiLineString", "coordinates": [[[3.1834554, 50.7014987], [3.1831059, 50.7013646], [3.1830905, 50.7013934], [3.1825925, 50.7012182], [3.1826122, 50.7011984]]]}, "properties": {"cleabs": "VOIE_NOM0000002339381302", "identifiant_voie_ban": "59512_ebg7w5", "nom": "Cour Charles Masure", "nom_normalise": "COUR CHARLES MASURE", "type_voie": "cour"}}, {"type": "Feature", "geometry": {"type": "MultiLineString", "coordinates": [[[3.1824413, 50.7004458], [3.1819313, 50.7012443]]]}, "properties": {"cleabs": "VOIE_NOM0000002339381316", "identifiant_voie_ban": "59512_sycilu", "nom": "Cour Leroy", "nom_normalise": "COUR LEROY", "type_voie": "cour"}}, {"type": "Feature", "geometry": {"type": "MultiLineString", "coordinates": [[[3.2022713, 50.6838285], [3.2022345, 50.683816], [3.2021383, 50.6837829], [3.2020959, 50.683774]], [[3.2024396, 50.6838874], [3.2023293, 50.6838481], [3.2022713, 50.6838285]], [[3.204271, 50.6840935], [3.2041607, 50.6840471], [3.2040376, 50.6839979], [3.2038325, 50.6839363], [3.2037816, 50.6839176], [3.2036954, 50.6839123], [3.203646, 50.6839268], [3.2035743, 50.6840022], [3.2033916, 50.6842233]], [[3.2030521, 50.6841045], [3.2027423, 50.6839946], [3.2025881, 50.6839401], [3.2025146, 50.6839142], [3.2024396, 50.6838874]], [[3.2033916, 50.6842233], [3.2030521, 50.6841045]], [[3.2044674, 50.6847914], [3.2043189, 50.6847378]], [[3.2049738, 50.6849727], [3.2048705, 50.6849352], [3.2044674, 50.6847914]], [[3.2052058, 50.685054], [3.2049738, 50.6849727]], [[3.2053232, 50.6850959], [3.2052058, 50.685054]], [[3.2033916, 50.6842233], [3.2033635, 50.6842718], [3.2033481, 50.6843077], [3.203344, 50.6843364], [3.2033696, 50.6843867], [3.2034093, 50.6844243], [3.2036922, 50.6845207], [3.2037587, 50.6845431]], [[3.2043189, 50.6847378], [3.2041208, 50.6846663], [3.2037587, 50.6845431]]]}, "properties": {"cleabs": "VOIE_NOM0000002339381321", "identifiant_voie_ban": "59512_5740", "nom": "Rue d'Ypres", "nom_normalise": "R D'YPRES", "type_voie": "rue"}}, {"type": "Feature", "geometry": {"type": "MultiLineString", "coordinates": [[[3.1639197, 50.6859543], [3.1639509, 50.6859713], [3.1640982, 50.686103], [3.1638584, 50.6862047]]]}, "properties": {"cleabs": "VOIE_NOM0000002339381373", "identifiant_voie_ban": "59512_58c0ce", "nom": "Impasse Nuyts Ferraille", "nom_normalise": "IMP NUYTS FERRAILLE", "type_voie": "impasse"}}, {"type": "Feature", "geometry": {"type": "MultiLineString", "coordinates": [[[3.1714825, 50.6843199], [3.171419, 50.6843469], [3.1713584, 50.6843766], [3.1712865, 50.6844117]], [[3.1742762, 50.6830516], [3.1746852, 50.6828617], [3.1755553, 50.6824602], [3.1759233, 50.6822973], [3.1760911, 50.6822199]], [[3.1742762, 50.6830516], [3.1741803, 50.6830957], [3.1741141, 50.6831281], [3.1728731, 50.6837131], [3.1721031, 50.6840462], [3.1720184, 50.684084], [3.1714825, 50.6843199]]]}, "properties": {"cleabs": "VOIE_NOM0000002339381404", "identifiant_voie_ban": "59512_1570", "nom": "Rue Dammartin", "nom_normalise": "R DAMMARTIN", "type_voie": "rue"}}, {"type": "Feature", "geometry": {"type": "MultiLineString", "coordinates": [[[3.1723274, 50.7000215], [3.1735974, 50.7003481]], [[3.1708233, 50.6989566], [3.1711277, 50.6995682], [3.1711789, 50.6996695], [3.1712031, 50.6997027], [3.1712243, 50.6997233], [3.1712569, 50.699743], [3.1712993, 50.6997609], [3.1714648, 50.699801], [3.1715016, 50.6998099], [3.1723274, 50.7000215]]]}, "properties": {"cleabs": "VOIE_NOM0000002339381405", "identifiant_voie_ban": "59512_5070", "nom": "Rue Saint-Maurice", "nom_normalise": "R SAINT-MAURICE", "type_voie": "rue"}}, {"type": "Feature", "geometry": {"type": "MultiLineString", "coordinates": [[[3.1858717, 50.7038174], [3.1858137, 50.7037906], [3.1857882, 50.7037781], [3.1857542, 50.7037602], [3.1857075, 50.7037387], [3.1856509, 50.7037128], [3.1855886, 50.703685], [3.1855249, 50.7036555], [3.1854584, 50.7036242], [3.1853904, 50.7035947], [3.1853253, 50.7035652], [3.1852645, 50.7035393], [3.1852093, 50.7035142], [3.1851555, 50.7034892], [3.1851017, 50.7034641], [3.1850479, 50.7034391], [3.1849984, 50.7034158], [3.1849573, 50.7033979], [3.184922, 50.7033836], [3.184888, 50.7033765], [3.1848555, 50.7033792], [3.1848231, 50.7033937], [3.1847893, 50.7034179], [3.1847569, 50.703444], [3.1847244, 50.7034692], [3.1846752, 50.7035132], [3.1846597, 50.7035321], [3.1846541, 50.7035572], [3.1846698, 50.7035832]], [[3.1846698, 50.7035832], [3.1847108, 50.7036047], [3.1848099, 50.7036539], [3.1848679, 50.7036798], [3.1849288, 50.7037076], [3.1849939, 50.7037362], [3.1850604, 50.7037675], [3.1851298, 50.7037979], [3.1851977, 50.7038283], [3.1852628, 50.7038596], [3.1853251, 50.7038891], [3.1853817, 50.7039142], [3.1854313, 50.7039374], [3.1854723, 50.7039553], [3.1855049, 50.7039687], [3.1855247, 50.7039777], [3.1855417, 50.7039848], [3.1855572, 50.703992], [3.1856351, 50.7040224]]]}, "properties": {"cleabs": "VOIE_NOM0000002339381421", "identifiant_voie_ban": "59512_2239", "nom": "Rue Fromé", "nom_normalise": "R FROME", "type_voie": "rue"}}, {"type": "Feature", "geometry": {"type": "MultiLineString", "coordinates": [[[3.1742321, 50.6996141], [3.1741173, 50.6995308]], [[3.1741173, 50.6995308], [3.1738794, 50.6993714], [3.1737788, 50.6993016], [3.1737095, 50.6992631], [3.1736571, 50.6992425], [3.1735242, 50.6992041], [3.173387, 50.6991684], [3.1731989, 50.6991148], [3.1724168, 50.6988844], [3.1722499, 50.6988335], [3.1721735, 50.6988103]], [[3.1711637, 50.6989256], [3.1710069, 50.6989483], [3.1709321, 50.6989546], [3.1708233, 50.6989566]], [[3.1721735, 50.6988103], [3.1720703, 50.6988059], [3.1720124, 50.6988114], [3.1718062, 50.6988386]], [[3.1718062, 50.6988386], [3.1711764, 50.6989238], [3.1711637, 50.6989256]], [[3.1708233, 50.6989566], [3.1707216, 50.6989702], [3.1706722, 50.6989846], [3.1697103, 50.6994795], [3.169589, 50.6995442], [3.169479, 50.6996054]]]}, "properties": {"cleabs": "VOIE_NOM0000002339381500", "identifiant_voie_ban": "59512_2550", "nom": "Rue Henri Carrette", "nom_normalise": "R HENRI CARRETTE", "type_voie": "rue"}}, {"type": "Feature", "geometry": {"type": "MultiLineString", "coordinates": [[[3.1833188, 50.7016218], [3.1824685, 50.7013243]]]}, "properties": {"cleabs": "VOIE_NOM0000002339381535", "identifiant_voie_ban": "59512_812j4f", "nom": "Cour Willems Couteau", "nom_normalise": "COUR WILLEMS COUTEAU", "type_voie": "cour"}}, {"type": "Feature", "geometry": {"type": "MultiLineString", "coordinates": [[[3.1626881, 50.6829408], [3.1626628, 50.6829579], [3.1626304, 50.6830064], [3.1625755, 50.6830567], [3.1621935, 50.683304], [3.1620794, 50.6833759]]]}, "properties": {"cleabs": "VOIE_NOM0000002339381541", "identifiant_voie_ban": "59512_6fmwmm", "nom": "Impasse Planquart", "nom_normalise": "IMP PLANQUART", "type_voie": "impasse"}}, {"type": "Feature", "geometry": {"type": "MultiLineString", "coordinates": [[[3.1822176, 50.6828311], [3.1824404, 50.6830973], [3.1824941, 50.6831188], [3.1827931, 50.683392]]]}, "properties": {"cleabs": "VOIE_NOM0000002339381633", "identifiant_voie_ban": "59512_bhqg6s", "nom": "Cour Leclercq", "nom_normalise": "COUR LECLERCQ", "type_voie": "cour"}}, {"type": "Feature", "geometry": {"type": "MultiLineString", "coordinates": [[[3.172592, 50.695205], [3.1730252, 50.6950384]], [[3.172592, 50.695205], [3.1728552, 50.6953133], [3.1730702, 50.695383], [3.1731522, 50.6954098], [3.1732173, 50.6954294]], [[3.1724438, 50.6952286], [3.172592, 50.695205]], [[3.1706067, 50.6959382], [3.1712402, 50.6956951], [3.1724438, 50.6952286]]]}, "properties": {"cleabs": "VOIE_NOM0000002339381656", "identifiant_voie_ban": "59512_1910", "nom": "Rue Emile Moreau", "nom_normalise": "R EMILE MOREAU", "type_voie": "rue"}}, {"type": "Feature", "geometry": {"type": "MultiLineString", "coordinates": [[[3.1883724, 50.6740026], [3.1879135, 50.6736363]], [[3.187463, 50.6732645], [3.1868867, 50.6728463]], [[3.1879135, 50.6736363], [3.187463, 50.6732645]]]}, "properties": {"cleabs": "VOIE_NOM0000002339381699", "identifiant_voie_ban": "59512_5520", "nom": "Rue Van Dyck", "nom_normalise": "R VAN DYCK", "type_voie": "rue"}}, {"type": "Feature", "geometry": {"type": "MultiLineString", "coordinates": [[[3.1919593, 50.6891061], [3.1916058, 50.6894063]], [[3.1923155, 50.6888121], [3.1919593, 50.6891061]], [[3.1924408, 50.6887042], [3.1923155, 50.6888121]], [[3.193193, 50.6881323], [3.1931267, 50.688162], [3.1929591, 50.6882834], [3.1924408, 50.6887042]], [[3.1931686, 50.6880345], [3.1931872, 50.6881072], [3.193193, 50.6881323]], [[3.1931686, 50.6880345], [3.1938423, 50.6872905], [3.1938817, 50.6872411]], [[3.1943065, 50.686781], [3.1941307, 50.6869742], [3.1940814, 50.6870245]], [[3.1943065, 50.686781], [3.1943977, 50.6866148], [3.1944145, 50.6865923], [3.1944342, 50.6865636], [3.1943946, 50.6865493], [3.1940976, 50.6864484], [3.1940311, 50.6864269], [3.1940028, 50.6864081], [3.1939913, 50.6863723], [3.1940249, 50.6862753], [3.1940727, 50.6862214]], [[3.1945084, 50.6856643], [3.19432, 50.6859006], [3.1940727, 50.6862214]], [[3.1940814, 50.6870245], [3.1939182, 50.687197], [3.1938817, 50.6872411]]]}, "properties": {"cleabs": "VOIE_NOM0000002339381719", "identifiant_voie_ban": "59512_1340", "nom": "Rue de Condé", "nom_normalise": "R DE CONDE", "type_voie": "rue"}}, {"type": "Feature", "geometry": {"type": "MultiLineString", "coordinates": [[[3.1886774, 50.7025282], [3.1888236, 50.7023306], [3.1889825, 50.7021248], [3.1892454, 50.7017924], [3.1894296, 50.7015409], [3.1895182, 50.7014286], [3.189535, 50.7013972], [3.1895391, 50.7013451], [3.1895375, 50.7013119]]]}, "properties": {"cleabs": "VOIE_NOM0000002339381725", "identifiant_voie_ban": "59512_0630", "nom": "Rue de Biskra", "nom_normalise": "R DE BISKRA", "type_voie": "rue"}}, {"type": "Feature", "geometry": {"type": "MultiLineString", "coordinates": [[[3.1638467, 50.6852042], [3.1643141, 50.685611], [3.164443, 50.6857149]]]}, "properties": {"cleabs": "VOIE_NOM0000002339382055", "identifiant_voie_ban": "59512_zu8end", "nom": "Impasse du Sud", "nom_normalise": "IMP DU SUD", "type_voie": "impasse"}}, {"type": "Feature", "geometry": {"type": "MultiLineString", "coordinates": [[[3.1966377, 50.680056], [3.1961227, 50.6798235]], [[3.198129, 50.6807195], [3.1968174, 50.6801356]], [[3.1968174, 50.6801356], [3.1966504, 50.6800614], [3.1966377, 50.680056]], [[3.198129, 50.6807195], [3.2002443, 50.6816808], [3.2003815, 50.681738], [3.2003914, 50.6817416], [3.2004241, 50.6817783], [3.2004228, 50.6818151]]]}, "properties": {"cleabs": "VOIE_NOM0000002339382081", "identifiant_voie_ban": "59512_5000", "nom": "Rue Saint-Hubert", "nom_normalise": "R SAINT-HUBERT", "type_voie": "rue"}}, {"type": "Feature", "geometry": {"type": "MultiLineString", "coordinates": [[[3.1877854, 50.7013002], [3.1877644, 50.7013505], [3.1877515, 50.7016709]]]}, "properties": {"cleabs": "VOIE_NOM0000002339382087", "identifiant_voie_ban": "59512_uoxqrn", "nom": "Cour Desbouvries", "nom_normalise": "COUR DESBOUVRIES", "type_voie": "cour"}}, {"type": "Feature", "geometry": {"type": "MultiLineString", "coordinates": [[[3.1758635, 50.6857657], [3.1754049, 50.6855187], [3.175296, 50.6854605]], [[3.1760587, 50.6858713], [3.1758635, 50.6857657]]]}, "properties": {"cleabs": "VOIE_NOM0000002339382123", "identifiant_voie_ban": "59512_2510", "nom": "Rue du Havre", "nom_normalise": "R DU HAVRE", "type_voie": "rue"}}, {"type": "Feature", "geometry": {"type": "MultiLineString", "coordinates": [[[3.1790526, 50.676188], [3.1789763, 50.6761675], [3.178941, 50.6761658], [3.1788958, 50.6761649], [3.1788351, 50.6761704], [3.1787645, 50.6761786], [3.1787208, 50.6761903]], [[3.1787208, 50.6761903], [3.1786883, 50.6762002], [3.178615, 50.6762335], [3.178505, 50.6762759], [3.1780028, 50.6764381], [3.1770365, 50.6767338], [3.1765356, 50.6768835], [3.1764764, 50.6769033]]]}, "properties": {"cleabs": "VOIE_NOM0000002339382143", "identifiant_voie_ban": "59512_2620", "nom": "Rue Hilarion Frémaux", "nom_normalise": "R HILARION FREMAUX", "type_voie": "rue"}}, {"type": "Feature", "geometry": {"type": "MultiLineString", "coordinates": [[[3.1849925, 50.6842081], [3.1852716, 50.6840587], [3.1854563, 50.683957], [3.1857199, 50.6838122]], [[3.1838563, 50.6848209], [3.1839663, 50.6847642], [3.1843863, 50.6845302], [3.1849925, 50.6842081]]]}, "properties": {"cleabs": "VOIE_NOM0000002339382205", "identifiant_voie_ban": "59512_1790", "nom": "Rue Duguesclin", "nom_normalise": "R DUGUESCLIN", "type_voie": "rue"}}, {"type": "Feature", "geometry": {"type": "MultiLineString", "coordinates": [[[3.2043551, 50.6859985], [3.2044258, 50.6860208], [3.2044739, 50.686036]], [[3.2036025, 50.6857386], [3.203768, 50.6857976], [3.2039052, 50.6858386], [3.2039378, 50.6858484], [3.2041372, 50.6859271]], [[3.2041372, 50.6859271], [3.2043551, 50.6859985]], [[3.2032248, 50.6856028], [3.2036025, 50.6857386]], [[3.2032248, 50.6856028], [3.2029249, 50.6854858], [3.2028033, 50.6854492]]]}, "properties": {"cleabs": "VOIE_NOM0000002339382424", "identifiant_voie_ban": "59512_0830", "nom": "Allée Brame", "nom_normalise": "ALL BRAME", "type_voie": "allée"}}, {"type": "Feature", "geometry": {"type": "MultiLineString", "coordinates": [[[3.1712838, 50.6724533], [3.1712509, 50.6727594], [3.1712341, 50.6728025], [3.1712032, 50.6728402], [3.1711638, 50.6728726], [3.1711399, 50.6729049], [3.1711245, 50.6729381]], [[3.1712028, 50.6731364], [3.1712877, 50.6731955], [3.1713161, 50.6732376]], [[3.1711245, 50.6729381], [3.1711317, 50.6729911], [3.1711489, 50.6730575], [3.1711674, 50.6731014], [3.1712028, 50.6731364]], [[3.1707917, 50.673075], [3.1708668, 50.6731691], [3.1709135, 50.6732059], [3.1709404, 50.6732139], [3.1709884, 50.6732004], [3.1711365, 50.6731454], [3.1712028, 50.6731364]], [[3.1711245, 50.6729381], [3.1709815, 50.6728307], [3.170868, 50.6726998]]]}, "properties": {"cleabs": "VOIE_NOM0000002339382456", "identifiant_voie_ban": "59512_5325", "nom": "Allée des Thuyas", "nom_normalise": "ALL DES THUYAS", "type_voie": "allée"}}, {"type": "Feature", "geometry": {"type": "MultiLineString", "coordinates": [[[3.1666362, 50.6830343], [3.1657905, 50.6835702], [3.1654114, 50.6838229], [3.1647517, 50.6842392], [3.1647024, 50.6842788], [3.1646828, 50.6843255]], [[3.1682811, 50.6819956], [3.1684404, 50.6819119]], [[3.1666362, 50.6830343], [3.1678018, 50.6822897], [3.1682811, 50.6819956]]]}, "properties": {"cleabs": "VOIE_NOM0000002339382590", "identifiant_voie_ban": "59512_5540", "nom": "Rue Vauban", "nom_normalise": "R VAUBAN", "type_voie": "rue"}}, {"type": "Feature", "geometry": {"type": "MultiLineString", "coordinates": [[[3.2081126, 50.6901354], [3.2071374, 50.6893437], [3.2069915, 50.6892246]]]}, "properties": {"cleabs": "VOIE_NOM0000002339382652", "identifiant_voie_ban": "59512_0180", "nom": "Rue d'Amsterdam", "nom_normalise": "R D'AMSTERDAM", "type_voie": "rue"}}, {"type": "Feature", "geometry": {"type": "MultiLineString", "coordinates": [[[3.1754782, 50.6975835], [3.1755064, 50.697561], [3.1755374, 50.6975286], [3.1759155, 50.6969735]], [[3.1742477, 50.6980249], [3.1753809, 50.6976276], [3.1754415, 50.6976032], [3.1754782, 50.6975835]], [[3.1776216, 50.6944244], [3.1776876, 50.6943032]], [[3.1772717, 50.6949544], [3.1775233, 50.694596], [3.177595, 50.6944792], [3.1776216, 50.6944244]], [[3.17703, 50.6953146], [3.1772717, 50.6949544]], [[3.1768529, 50.695575], [3.1768979, 50.6955104], [3.17703, 50.6953146]], [[3.1761825, 50.6965712], [3.1762865, 50.6964158], [3.1764635, 50.6961346], [3.1767489, 50.6957242], [3.1768529, 50.695575]], [[3.1759155, 50.6969735], [3.1759211, 50.6969637], [3.1761825, 50.6965712]]]}, "properties": {"cleabs": "VOIE_NOM0000002339382659", "identifiant_voie_ban": "59512_4950", "nom": "Rue Saint-Antoine", "nom_normalise": "R SAINT-ANTOINE", "type_voie": "rue"}}, {"type": "Feature", "geometry": {"type": "MultiLineString", "coordinates": [[[3.1956381, 50.6862988], [3.1957529, 50.6860366], [3.195988, 50.685487]], [[3.195988, 50.685487], [3.1960034, 50.6854493], [3.1962275, 50.6849545], [3.196453, 50.6844776]], [[3.1972517, 50.6831896], [3.1971883, 50.6832265], [3.1969216, 50.6836657], [3.1966493, 50.6840995], [3.1964755, 50.6844354], [3.196453, 50.6844776]], [[3.1973631, 50.6831418], [3.1972517, 50.6831896]]]}, "properties": {"cleabs": "VOIE_NOM0000002339382684", "identifiant_voie_ban": "59512_3970", "nom": "Rue de Nancy", "nom_normalise": "R DE NANCY", "type_voie": "rue"}}, {"type": "Feature", "geometry": {"type": "MultiLineString", "coordinates": [[[3.1728414, 50.6917185], [3.1730078, 50.6916483], [3.1731194, 50.691623]], [[3.1667499, 50.6942852], [3.1665214, 50.6943878], [3.1660939, 50.6945633]], [[3.1660344, 50.6945069], [3.1664618, 50.6943304], [3.1666946, 50.6942377]], [[3.1652866, 50.6948157], [3.1654573, 50.6947445], [3.1660344, 50.6945069]], [[3.1660939, 50.6945633], [3.1655154, 50.6948019], [3.1653461, 50.694873]], [[3.1647406, 50.6950443], [3.1652866, 50.6948157]], [[3.1653461, 50.694873], [3.1647987, 50.6951017]], [[3.1676413, 50.6938425], [3.1680801, 50.6936624]], [[3.1666946, 50.6942377], [3.1667666, 50.6942053], [3.1670036, 50.6941036], [3.1671574, 50.6940423]], [[3.1672169, 50.6940997], [3.1670589, 50.6941573], [3.1668233, 50.6942563], [3.1667499, 50.6942852]], [[3.1671574, 50.6940423], [3.1673295, 50.6939712], [3.1676413, 50.6938425]], [[3.1680803, 50.6937423], [3.1673876, 50.6940286], [3.1672169, 50.6940997]], [[3.1680801, 50.6936624], [3.1682677, 50.693585], [3.1690972, 50.6932464], [3.1692524, 50.6931816]], [[3.1693105, 50.693239], [3.1691568, 50.6933038], [3.1683258, 50.6936423], [3.1680803, 50.6937423]], [[3.1692524, 50.6931816], [3.1700396, 50.6928548], [3.1707267, 50.6925748]], [[3.1707777, 50.6926393], [3.1700991, 50.6929113], [3.1693105, 50.693239]], [[3.1707267, 50.6925748], [3.1713784, 50.6923101], [3.1728414, 50.6917185]], [[3.1731194, 50.691623], [3.1731223, 50.6916643], [3.1731055, 50.6916894], [3.1722265, 50.6920325], [3.1714393, 50.6923576], [3.1707777, 50.6926393]], [[3.1641706, 50.6952748], [3.1647406, 50.6950443]], [[3.1647987, 50.6951017], [3.1642287, 50.6953312]]]}, "properties": {"cleabs": "VOIE_NOM0000002339382830", "identifiant_voie_ban": "59512_2800", "nom": "Avenue Jean Lebas", "nom_normalise": "AV JEAN LEBAS", "type_voie": "avenue"}}, {"type": "Feature", "geometry": {"type": "MultiLineString", "coordinates": [[[3.1811825, 50.7000995], [3.1811797, 50.7001058], [3.1811727, 50.7001157], [3.1811629, 50.70013], [3.1811474, 50.7001507], [3.1810448, 50.7002962], [3.1810336, 50.7003196], [3.181028, 50.7003393], [3.1810323, 50.7003662], [3.1810508, 50.7003868], [3.1810763, 50.7004047], [3.1811046, 50.7004209], [3.1811357, 50.700437], [3.1811697, 50.7004531], [3.1812037, 50.7004701], [3.1812348, 50.7004844], [3.1812631, 50.7004987], [3.1812886, 50.7005112], [3.1813112, 50.7005229], [3.1813296, 50.7005336], [3.181341, 50.7005434], [3.1813495, 50.7005515], [3.1813552, 50.7005632], [3.1813566, 50.7005802], [3.1813511, 50.7006009], [3.1813328, 50.700626], [3.1813061, 50.7006548], [3.1812751, 50.7006853], [3.1812399, 50.7007159], [3.1812061, 50.7007455], [3.1811708, 50.7007743], [3.181137, 50.7008031], [3.181106, 50.70083], [3.1810779, 50.7008543], [3.1810582, 50.7008723], [3.1810356, 50.7008912], [3.1810258, 50.7008993], [3.1810074, 50.7009145], [3.1809835, 50.7009361], [3.1809708, 50.7009469]], [[3.1809708, 50.7009469], [3.1809539, 50.7009622], [3.1809229, 50.7009891], [3.180892, 50.701017], [3.1808596, 50.7010449], [3.1808243, 50.7010727], [3.1807905, 50.7011006], [3.1807581, 50.7011276], [3.1807257, 50.7011545], [3.1806961, 50.7011797], [3.1806665, 50.7012022], [3.1806412, 50.7012229], [3.1806201, 50.7012408], [3.1806032, 50.7012552], [3.1805848, 50.7012696], [3.1805679, 50.701284], [3.180544, 50.7013002]]]}, "properties": {"cleabs": "VOIE_NOM0000002339382848", "identifiant_voie_ban": "59512_2843", "nom": "Rue Jean Henri Fabre", "nom_normalise": "R JEAN HENRI FABRE", "type_voie": "rue"}}, {"type": "Feature", "geometry": {"type": "MultiLineString", "coordinates": [[[3.1939888, 50.6889925], [3.1937581, 50.688878]], [[3.1940963, 50.6890453], [3.1939888, 50.6889925]]]}, "properties": {"cleabs": "VOIE_NOM0000002339382860", "identifiant_voie_ban": "59512_xhdczp", "nom": "Impasse Saint-André", "nom_normalise": "IMP SAINT-ANDRE", "type_voie": "impasse"}}, {"type": "Feature", "geometry": {"type": "MultiLineString", "coordinates": [[[3.1662456, 50.6917365], [3.1671266, 50.691598]], [[3.1646387, 50.6919728], [3.1661058, 50.6917582], [3.1662456, 50.6917365]], [[3.1682054, 50.6914296], [3.1671266, 50.691598]], [[3.1687914, 50.6913517], [3.1683522, 50.691407], [3.1682054, 50.6914296]], [[3.1699047, 50.6913977], [3.1696052, 50.6913811], [3.169495, 50.6913731], [3.1691544, 50.6913485], [3.1689933, 50.6913424], [3.1688267, 50.6913471], [3.1687914, 50.6913517]], [[3.1613363, 50.6930145], [3.1611599, 50.6930712], [3.1610526, 50.6930983], [3.1609991, 50.6931262], [3.1609878, 50.6931298]], [[3.1630376, 50.6922352], [3.162857, 50.6923126], [3.1623732, 50.6925645]], [[3.1616129, 50.6929145], [3.1617611, 50.6928596], [3.16196, 50.6927633], [3.1621095, 50.6926877], [3.1622336, 50.6926275], [3.1623732, 50.6925645]], [[3.1614944, 50.6929595], [3.1614196, 50.6929883], [3.1613363, 50.6930145]], [[3.1616129, 50.6929145], [3.161603, 50.692919], [3.1614944, 50.6929595]], [[3.1630376, 50.6922352], [3.1631886, 50.6921856], [3.1640372, 50.6920624], [3.1646387, 50.6919728]]]}, "properties": {"cleabs": "VOIE_NOM0000002339383148", "identifiant_voie_ban": "59512_2360", "nom": "Rue du Grand Chemin", "nom_normalise": "R DU GRAND CHEMIN", "type_voie": "rue"}}, {"type": "Feature", "geometry": {"type": "MultiLineString", "coordinates": [[[3.1666946, 50.6942377], [3.1665645, 50.6941714], [3.1664839, 50.694168], [3.1658895, 50.6942684]], [[3.1658895, 50.6942684], [3.1657313, 50.6942946], [3.164863, 50.6944465]], [[3.164863, 50.6944465], [3.1647994, 50.6944583], [3.1643505, 50.6945585]], [[3.1640231, 50.69468], [3.1642263, 50.6945846], [3.1643505, 50.6945585]], [[3.1634518, 50.6949419], [3.1635689, 50.6948924], [3.1638158, 50.6947781], [3.1640231, 50.69468]]]}, "properties": {"cleabs": "VOIE_NOM0000002339383226", "identifiant_voie_ban": "59512_1180", "nom": "Rue du Chemin de Fer", "nom_normalise": "R DU CHEMIN DE FER", "type_voie": "rue"}}, {"type": "Feature", "geometry": {"type": "MultiLineString", "coordinates": [[[3.1763976, 50.6878423], [3.1758092, 50.6876116], [3.1757455, 50.6875839], [3.1757158, 50.6875633], [3.1756917, 50.6875355], [3.17568, 50.6874368]], [[3.1773409, 50.6881559], [3.1788431, 50.6887057]], [[3.1799408, 50.6891258], [3.1790312, 50.6887915], [3.1788884, 50.6887451], [3.1788262, 50.6887263]]]}, "properties": {"cleabs": "VOIE_NOM0000002339383227", "identifiant_voie_ban": "59512_4606", "nom": "Rue du Président Vincent Auriol", "nom_normalise": "R DU PRESIDENT VINCENT AURIOL", "type_voie": "rue"}}, {"type": "Feature", "geometry": {"type": "MultiLineString", "coordinates": [[[3.1820642, 50.7028154], [3.1825106, 50.7024127], [3.1826543, 50.702277]], [[3.1830485, 50.7018896], [3.1830893, 50.7018501], [3.1831175, 50.7018213]], [[3.1826543, 50.702277], [3.1830485, 50.7018896]], [[3.1810475, 50.7037869], [3.1810771, 50.703759], [3.1812531, 50.70359], [3.181446, 50.7034049], [3.181998, 50.7028863], [3.1820642, 50.7028154]], [[3.1803824, 50.7047112], [3.1804582, 50.7045451], [3.1804946, 50.7044732]], [[3.1804946, 50.7044732], [3.1805255, 50.7044104], [3.1805985, 50.7042721], [3.1806421, 50.7042092], [3.1806927, 50.7041418], [3.1808081, 50.7040214], [3.1810475, 50.7037869]], [[3.1801515, 50.7053226], [3.1802497, 50.7051152], [3.1803576, 50.7048683], [3.1804011, 50.7047856], [3.1803824, 50.7047112]], [[3.1800716, 50.7055165], [3.180101, 50.7054375], [3.1801515, 50.7053226]], [[3.1799543, 50.7055006], [3.1799627, 50.7054871], [3.1800553, 50.7053003], [3.1801507, 50.7051081], [3.1802503, 50.7049061], [3.1803233, 50.7047552], [3.1803824, 50.7047112]], [[3.179616, 50.7061328], [3.1796849, 50.7060474], [3.1797663, 50.7058867], [3.1798042, 50.705805], [3.1798771, 50.7056424]], [[3.1798771, 50.7056424], [3.1799543, 50.7055006]], [[3.1799339, 50.7061045], [3.1799238, 50.7060569], [3.179908, 50.7059968], [3.1799106, 50.7059143], [3.1799567, 50.7057805], [3.180003, 50.7056728]], [[3.1794524, 50.7070232], [3.1795102, 50.706971], [3.1795665, 50.7069171], [3.1796243, 50.7068641], [3.1796792, 50.706812], [3.1797313, 50.7067616], [3.1797834, 50.7067131], [3.1798341, 50.7066664], [3.1798834, 50.7066205], [3.1799327, 50.7065792], [3.1799792, 50.7065441], [3.1800328, 50.7065064]], [[3.1795885, 50.7067358], [3.1796124, 50.706699], [3.179632, 50.7066613], [3.1796418, 50.7066236], [3.1796445, 50.7065886], [3.1796444, 50.7065581], [3.1796428, 50.706524]], [[3.1795196, 50.7068364], [3.1795604, 50.7067726], [3.1795885, 50.7067358]], [[3.180003, 50.7056728], [3.1800716, 50.7055165]], [[3.1832202, 50.7017162], [3.1833188, 50.7016218]], [[3.1831175, 50.7018213], [3.1831217, 50.7018169], [3.1832202, 50.7017162]], [[3.1833188, 50.7016218], [3.183361, 50.7015832], [3.1833822, 50.7015625], [3.1834554, 50.7014987]], [[3.1834554, 50.7014987], [3.1835779, 50.7013917], [3.1837131, 50.7012722], [3.1838625, 50.7011446], [3.1839892, 50.701025], [3.1840638, 50.7009441], [3.1840947, 50.7008912]], [[3.1793483, 50.7071337], [3.1793708, 50.707113], [3.1794524, 50.7070232]], [[3.1792606, 50.7071105], [3.1792901, 50.707079], [3.179438, 50.7069263], [3.1795112, 50.7068463], [3.1795196, 50.7068364]]]}, "properties": {"cleabs": "VOIE_NOM0000002339383269", "identifiant_voie_ban": "59512_3720", "nom": "Boulevard de Metz", "nom_normalise": "BD DE METZ", "type_voie": "boulevard"}}, {"type": "Feature", "geometry": {"type": "MultiLineString", "coordinates": [[[3.1582086, 50.6983963], [3.1581325, 50.698452], [3.1567522, 50.6993996], [3.1566676, 50.699458]]]}, "properties": {"cleabs": "VOIE_NOM0000002339383369", "identifiant_voie_ban": "59512_0950", "nom": "Rue du Capitaine Aubert", "nom_normalise": "R DU CAPITAINE AUBERT", "type_voie": "rue"}}, {"type": "Feature", "geometry": {"type": "MultiLineString", "coordinates": [[[3.1828793, 50.6760245], [3.1832655, 50.6758391], [3.1833868, 50.675786]]]}, "properties": {"cleabs": "VOIE_NOM0000002339383400", "identifiant_voie_ban": "59512_2780", "nom": "Rue des Jardins", "nom_normalise": "R DES JARDINS", "type_voie": "rue"}}, {"type": "Feature", "geometry": {"type": "MultiLineString", "coordinates": [[[3.1795411, 50.6895428], [3.1795861, 50.6894997], [3.1796326, 50.6894565], [3.1796931, 50.6894017], [3.1797902, 50.689293], [3.1799408, 50.6891258]], [[3.1799408, 50.6891258], [3.180187, 50.6888518], [3.180664, 50.6883324], [3.1806893, 50.6883073], [3.1807034, 50.6882812], [3.1807047, 50.6882758], [3.1807257, 50.6882121], [3.1807283, 50.6881609], [3.1807154, 50.6880954], [3.1806983, 50.6880461], [3.1806798, 50.6880264], [3.180462, 50.6879334], [3.1801239, 50.6878029], [3.1800489, 50.6877635], [3.1800121, 50.6877438], [3.1799766, 50.6877053], [3.1799567, 50.6876515]], [[3.1795411, 50.6895428], [3.1794029, 50.6896309], [3.179097, 50.6898108], [3.1790773, 50.6898297]]]}, "properties": {"cleabs": "VOIE_NOM0000002339383404", "identifiant_voie_ban": "59512_5725", "nom": "Rue Winston Churchill", "nom_normalise": "R WINSTON CHURCHILL", "type_voie": "rue"}}, {"type": "Feature", "geometry": {"type": "MultiLineString", "coordinates": [[[3.1733423, 50.6825567], [3.1733721, 50.6825871], [3.1734103, 50.682614], [3.1734711, 50.6826453]], [[3.1734711, 50.6826453], [3.1735419, 50.682691], [3.173716, 50.6828002], [3.1740091, 50.6829901], [3.1741264, 50.6830321], [3.1742762, 50.6830516]], [[3.1727597, 50.6819482], [3.1727908, 50.6819661], [3.1728361, 50.6819965], [3.1729296, 50.6820673], [3.1729679, 50.682104], [3.1731338, 50.6823021], [3.1732671, 50.6824697], [3.1733182, 50.682537], [3.1733423, 50.6825567]], [[3.1719151, 50.6815509], [3.1722759, 50.6817209], [3.1726324, 50.6818855], [3.17273, 50.6819312], [3.1727597, 50.6819482]], [[3.1717425, 50.6814704], [3.1718147, 50.6815026], [3.1719151, 50.6815509]], [[3.170565, 50.6807541], [3.1707251, 50.6809154], [3.1708456, 50.6810382], [3.1709207, 50.6810982], [3.1709745, 50.6811385], [3.1710438, 50.6811815], [3.1711146, 50.6812182], [3.1712885, 50.6812817], [3.1715601, 50.6813881], [3.1717425, 50.6814704]], [[3.1685235, 50.6788868], [3.1689626, 50.6792757], [3.1691199, 50.6794253]], [[3.1691199, 50.6794253], [3.1692544, 50.6795274], [3.1693776, 50.6796278], [3.169437, 50.6796528], [3.1695105, 50.6796715], [3.1695939, 50.6796885], [3.1696688, 50.6797162]], [[3.1696688, 50.6797162], [3.169659, 50.6797216], [3.1696435, 50.6797405], [3.169631, 50.6798042], [3.1696552, 50.6798679], [3.169695, 50.6799405], [3.1697249, 50.6800051], [3.1697505, 50.6800607], [3.1697563, 50.6801046], [3.1697438, 50.6801746], [3.1697172, 50.6802402]], [[3.170565, 50.6807541], [3.170334, 50.6805193], [3.1701584, 50.6804083], [3.1698685, 50.6802884], [3.1697172, 50.6802402]], [[3.1659533, 50.6759998], [3.1658883, 50.6759649], [3.1656533, 50.6758172], [3.165601, 50.6757831], [3.1654369, 50.67569], [3.1652713, 50.6755799], [3.1652415, 50.6755566]], [[3.1663271, 50.6762874], [3.1662917, 50.6762542], [3.1662464, 50.6762022], [3.1661359, 50.6761171], [3.1660524, 50.6760562], [3.1659533, 50.6759998]], [[3.1669338, 50.6769542], [3.1668671, 50.6768592], [3.1668359, 50.6768152], [3.1665836, 50.6765518], [3.166449, 50.6764075], [3.1663498, 50.6763098], [3.1663271, 50.6762874]], [[3.1669338, 50.6769542], [3.1669551, 50.6769793], [3.1670175, 50.6770555], [3.1672046, 50.6772643], [3.1673251, 50.6774203], [3.1674528, 50.6775844], [3.1676031, 50.6777762], [3.1676102, 50.6777807]], [[3.1676102, 50.6777807], [3.1676514, 50.677838], [3.1677507, 50.6779662], [3.1679606, 50.6782504]], [[3.1679606, 50.6782504], [3.1681223, 50.6784566], [3.1682429, 50.6786045], [3.1683889, 50.6787604], [3.1685235, 50.6788868]]]}, "properties": {"cleabs": "VOIE_NOM0000002339383512", "identifiant_voie_ban": "59512_0420", "nom": "Rue de Barbieux", "nom_normalise": "R DE BARBIEUX", "type_voie": "rue"}}, {"type": "Feature", "geometry": {"type": "MultiLineString", "coordinates": [[[3.1901675, 50.6695928], [3.1902155, 50.6695712], [3.1902888, 50.6695415]], [[3.1898788, 50.669779], [3.1900647, 50.6696513], [3.1901675, 50.6695928]], [[3.1895013, 50.6700327], [3.1896633, 50.6699239], [3.1897928, 50.6698357], [3.1898436, 50.6698024], [3.1898788, 50.669779]], [[3.1888208, 50.6704375], [3.1884754, 50.670229], [3.1886599, 50.670086], [3.1890293, 50.6703268]], [[3.1888208, 50.6704375], [3.1890293, 50.6703268]], [[3.1883344, 50.6706384], [3.1886488, 50.6705132], [3.1888208, 50.6704375]], [[3.1892041, 50.6702288], [3.1895013, 50.6700327]], [[3.1890293, 50.6703268], [3.1891449, 50.6702665], [3.1892041, 50.6702288]]]}, "properties": {"cleabs": "VOIE_NOM0000002339383627", "identifiant_voie_ban": "59512_2480", "nom": "Square Guynemer", "nom_normalise": "SQ GUYNEMER", "type_voie": "square"}}, {"type": "Feature", "geometry": {"type": "MultiLineString", "coordinates": [[[3.1603278, 50.6943932], [3.1595788, 50.6947675], [3.1592658, 50.6949509]], [[3.1592658, 50.6949509], [3.15905, 50.6950607]], [[3.1569737, 50.6961473], [3.1567607, 50.6962517], [3.1564814, 50.6963821], [3.1564194, 50.6964289]], [[3.15905, 50.6950607], [3.1587791, 50.6951938], [3.1582982, 50.6954466], [3.1580824, 50.6955608], [3.157978, 50.695613]], [[3.157978, 50.695613], [3.1574787, 50.6958873], [3.1573687, 50.6959386], [3.1570415, 50.6961131], [3.1569737, 50.6961473]]]}, "properties": {"cleabs": "VOIE_NOM0000002339383714", "identifiant_voie_ban": "59512_3990", "nom": "Rue de Naples", "nom_normalise": "R DE NAPLES", "type_voie": "rue"}}, {"type": "Feature", "geometry": {"type": "MultiLineString", "coordinates": [[[3.1550261, 50.6977264], [3.1558984, 50.6978922]], [[3.1579113, 50.6982217], [3.1578336, 50.6982263], [3.1577588, 50.6982344], [3.1576994, 50.6982372], [3.1576019, 50.6982275], [3.1573602, 50.6981784], [3.1558984, 50.6978922]]]}, "properties": {"cleabs": "VOIE_NOM0000002339383781", "identifiant_voie_ban": "59512_1090", "nom": "Rue Charles Gounod", "nom_normalise": "R CHARLES GOUNOD", "type_voie": "rue"}}, {"type": "Feature", "geometry": {"type": "MultiLineString", "coordinates": [[[3.1744487, 50.7021981], [3.1747306, 50.7023826], [3.1755507, 50.7029423], [3.1756173, 50.7030005]], [[3.1756173, 50.7030005], [3.1760139, 50.7032781], [3.1760705, 50.7033157]]]}, "properties": {"cleabs": "VOIE_NOM0000002339383810", "identifiant_voie_ban": "59512_1740", "nom": "Rue Dombasle", "nom_normalise": "R DOMBASLE", "type_voie": "rue"}}, {"type": "Feature", "geometry": {"type": "MultiLineString", "coordinates": [[[3.1815555, 50.6708109], [3.1815569, 50.6708118], [3.1816533, 50.6709247], [3.1819696, 50.671303], [3.1821583, 50.6715342]], [[3.1813853, 50.670611], [3.1815555, 50.6708109]]]}, "properties": {"cleabs": "VOIE_NOM0000002339383904", "identifiant_voie_ban": "59512_3910", "nom": "Avenue Mozart", "nom_normalise": "AV MOZART", "type_voie": "avenue"}}, {"type": "Feature", "geometry": {"type": "MultiLineString", "coordinates": [[[3.1796487, 50.6805574], [3.1795409, 50.6804256], [3.1792116, 50.6799594], [3.1791477, 50.6798563]], [[3.1798362, 50.6808433], [3.1796487, 50.6805574]]]}, "properties": {"cleabs": "VOIE_NOM0000002339383954", "identifiant_voie_ban": "59512_2840", "nom": "Rue Jean Goujon", "nom_normalise": "R JEAN GOUJON", "type_voie": "rue"}}, {"type": "Feature", "geometry": {"type": "MultiLineString", "coordinates": [[[3.1772864, 50.7030959], [3.1771708, 50.7031858], [3.1771398, 50.7032101], [3.1771258, 50.703229], [3.1768764, 50.7034258]]]}, "properties": {"cleabs": "VOIE_NOM0000002339383957", "identifiant_voie_ban": "59512_b54gql", "nom": "Cour Messian", "nom_normalise": "COUR MESSIAN", "type_voie": "cour"}}, {"type": "Feature", "geometry": {"type": "MultiLineString", "coordinates": [[[3.1847856, 50.6805651], [3.1850166, 50.6807855], [3.1853228, 50.6810767]], [[3.1853228, 50.6810767], [3.1856119, 50.6813553], [3.1858061, 50.6815345]], [[3.1858061, 50.6815345], [3.1858288, 50.6815551], [3.186003, 50.6817011], [3.1863571, 50.6819617]], [[3.1843207, 50.6801189], [3.1843505, 50.6801485], [3.1846198, 50.6804065], [3.1846991, 50.6804827], [3.1847856, 50.6805651]], [[3.1842739, 50.6800741], [3.1843207, 50.6801189]], [[3.1842739, 50.6800741], [3.1840159, 50.6798187], [3.183714, 50.6795203], [3.1836786, 50.6794863]], [[3.1836786, 50.6794863], [3.1836261, 50.6794334], [3.183337, 50.6791485], [3.1832746, 50.6790885]], [[3.1832746, 50.6790885], [3.1830889, 50.6789066], [3.1829401, 50.6787632]], [[3.1829401, 50.6787632], [3.1826836, 50.6785186], [3.1822258, 50.6780805], [3.1819239, 50.6777812]], [[3.1816192, 50.6774783], [3.1818771, 50.677731], [3.1819239, 50.6777812]], [[3.1898511, 50.6844789], [3.1897194, 50.6843912], [3.1891287, 50.6839605], [3.1891231, 50.683956]], [[3.1884999, 50.6835011], [3.189031, 50.6838879], [3.1891231, 50.683956]], [[3.1879433, 50.6831035], [3.1883554, 50.6833963], [3.1884999, 50.6835011]], [[3.1876119, 50.6828671], [3.1877408, 50.6829611], [3.1879433, 50.6831035]], [[3.1876119, 50.6828671], [3.1873286, 50.6826593], [3.1870907, 50.6824865], [3.1870128, 50.682431]], [[3.1863571, 50.6819617], [3.1864152, 50.6820038], [3.1870128, 50.682431]]]}, "properties": {"cleabs": "VOIE_NOM0000002339384047", "identifiant_voie_ban": "59512_3860", "nom": "Rue Montgolfier", "nom_normalise": "R MONTGOLFIER", "type_voie": "rue"}}, {"type": "Feature", "geometry": {"type": "MultiLineString", "coordinates": [[[3.1694066, 50.7007747], [3.1695968, 50.7005905], [3.1698024, 50.7004081], [3.1700954, 50.7001403]], [[3.1685701, 50.701605], [3.168645, 50.701587], [3.1687183, 50.7015483], [3.1691351, 50.7011125], [3.1692435, 50.7010083]], [[3.1692435, 50.7010083], [3.1694066, 50.7007747]]]}, "properties": {"cleabs": "VOIE_NOM0000002339384093", "identifiant_voie_ban": "59512_5360", "nom": "Rue de Toulouse", "nom_normalise": "R DE TOULOUSE", "type_voie": "rue"}}, {"type": "Feature", "geometry": {"type": "MultiLineString", "coordinates": [[[3.1835361, 50.6976786], [3.1842277, 50.6978822]]]}, "properties": {"cleabs": "VOIE_NOM0000002339384151", "identifiant_voie_ban": "59512_mp1zzn", "nom": "Impasse Miribel Jacob", "nom_normalise": "IMP MIRIBEL JACOB", "type_voie": "impasse"}}, {"type": "Feature", "geometry": {"type": "MultiLineString", "coordinates": [[[3.1943339, 50.6978668], [3.1945602, 50.6979355], [3.1945562, 50.6979822], [3.1947473, 50.6980743]]]}, "properties": {"cleabs": "VOIE_NOM0000002339384162", "identifiant_voie_ban": "59512_wi9mhy", "nom": "Cour Pinguet", "nom_normalise": "COUR PINGUET", "type_voie": "cour"}}, {"type": "Feature", "geometry": {"type": "MultiLineString", "coordinates": [[[3.1641706, 50.6952748], [3.1642004, 50.6953026], [3.1642146, 50.6953223], [3.1642287, 50.6953312]], [[3.1642287, 50.6953312], [3.1642288, 50.6953689], [3.1642289, 50.6954021], [3.164222, 50.6954291], [3.1642093, 50.6954551], [3.1641882, 50.695474], [3.1641614, 50.6954973], [3.1641248, 50.6955126], [3.1640965, 50.6955216], [3.1640457, 50.695528]], [[3.1641736, 50.6957629], [3.1637135, 50.6958892]], [[3.1640457, 50.695528], [3.1639821, 50.695529], [3.1639496, 50.6955272], [3.1639157, 50.6955228], [3.1638761, 50.6955121], [3.1638407, 50.6954995], [3.1638365, 50.6954978], [3.1638082, 50.695479], [3.1637756, 50.6954458], [3.1637656, 50.6954144], [3.1637627, 50.6953839], [3.163764, 50.6953704]], [[3.1638485, 50.695277], [3.1638936, 50.6952599], [3.1639883, 50.6952472], [3.1640603, 50.695248], [3.1641183, 50.6952587], [3.1641706, 50.6952748]], [[3.163764, 50.6953704], [3.1637654, 50.6953597], [3.1637879, 50.6953166], [3.1638485, 50.695277]], [[3.1635036, 50.6952335], [3.1636377, 50.6951947]], [[3.1637135, 50.6958892], [3.1632722, 50.6953217], [3.1633032, 50.6952849]], [[3.1634528, 50.6952461], [3.1635036, 50.6952335]], [[3.1633032, 50.6952849], [3.1634528, 50.6952461]]]}, "properties": {"cleabs": "VOIE_NOM0000002339384179", "identifiant_voie_ban": "59512_2290", "nom": "Place de la Gare", "nom_normalise": "PL DE LA GARE", "type_voie": "place"}}, {"type": "Feature", "geometry": {"type": "MultiLineString", "coordinates": [[[3.1748521, 50.6752338], [3.175498, 50.6749906], [3.176615, 50.674552], [3.1766982, 50.6745178]]]}, "properties": {"cleabs": "VOIE_NOM0000002339384195", "identifiant_voie_ban": "59512_0490", "nom": "Rue Beaucourt", "nom_normalise": "R BEAUCOURT", "type_voie": "rue"}}, {"type": "Feature", "geometry": {"type": "MultiLineString", "coordinates": [[[3.1938817, 50.6872411], [3.1938916, 50.6872455], [3.1943754, 50.6874323]], [[3.1943754, 50.6874323], [3.1944334, 50.6874538], [3.1946442, 50.6875342], [3.1946626, 50.6875414]], [[3.1959062, 50.6880294], [3.1961212, 50.6881214]], [[3.1946626, 50.6875414], [3.1950757, 50.6876995], [3.1953233, 50.6877943]], [[3.1953233, 50.6877943], [3.1956317, 50.6879131], [3.1959062, 50.6880294]]]}, "properties": {"cleabs": "VOIE_NOM0000002339384338", "identifiant_voie_ban": "59512_0230", "nom": "Rue d'Antoing", "nom_normalise": "R D'ANTOING", "type_voie": "rue"}}, {"type": "Feature", "geometry": {"type": "MultiLineString", "coordinates": [[[3.1699919, 50.6954518], [3.1701066, 50.6955243]], [[3.1706067, 50.6959382], [3.1705671, 50.6959087], [3.1702469, 50.695648], [3.1702228, 50.6956292], [3.1701066, 50.6955243]], [[3.1706067, 50.6959382], [3.1706393, 50.6959606], [3.1706818, 50.6959956], [3.1707087, 50.696026], [3.1711993, 50.6965323], [3.1713992, 50.6967394]]]}, "properties": {"cleabs": "VOIE_NOM0000002339384354", "identifiant_voie_ban": "59512_1125", "nom": "Rue Charlie Chaplin", "nom_normalise": "R CHARLIE CHAPLIN", "type_voie": "rue"}}, {"type": "Feature", "geometry": {"type": "MultiLineString", "coordinates": [[[3.1864325, 50.6954031], [3.1867832, 50.6955058], [3.1869742, 50.6955629], [3.1871269, 50.6955995]], [[3.1853633, 50.6950969], [3.1857408, 50.6951951], [3.1861581, 50.6953201]], [[3.1861581, 50.6953201], [3.1864325, 50.6954031]]]}, "properties": {"cleabs": "VOIE_NOM0000002339384393", "identifiant_voie_ban": "59512_2160", "nom": "Rue Fourcroy", "nom_normalise": "R FOURCROY", "type_voie": "rue"}}, {"type": "Feature", "geometry": {"type": "MultiLineString", "coordinates": [[[3.1730565, 50.6950949], [3.173096, 50.6950769], [3.1731312, 50.6950517], [3.1731594, 50.6950347], [3.1731749, 50.6950221], [3.1731875, 50.6949969]], [[3.173384, 50.6946135], [3.1735707, 50.6942704], [3.1735931, 50.6942094]], [[3.1731875, 50.6949969], [3.1732114, 50.6949547], [3.1733672, 50.694653], [3.173384, 50.6946135]]]}, "properties": {"cleabs": "VOIE_NOM0000002339384457", "identifiant_voie_ban": "59512_4340", "nom": "Rue du Pays", "nom_normalise": "R DU PAYS", "type_voie": "rue"}}, {"type": "Feature", "geometry": {"type": "MultiLineString", "coordinates": [[[3.1821347, 50.6841019], [3.182456, 50.683913]], [[3.1816625, 50.6843898], [3.181857, 50.6842755]], [[3.181857, 50.6842755], [3.1821347, 50.6841019]], [[3.1803897, 50.6851257], [3.1806716, 50.6849583], [3.1811255, 50.6846983], [3.181468, 50.6844932], [3.1816625, 50.6843898]], [[3.1797653, 50.6854909], [3.17984, 50.6854522], [3.1803897, 50.6851257]]]}, "properties": {"cleabs": "VOIE_NOM0000002339384461", "identifiant_voie_ban": "59512_5450", "nom": "Rue de Tunis", "nom_normalise": "R DE TUNIS", "type_voie": "rue"}}, {"type": "Feature", "geometry": {"type": "MultiLineString", "coordinates": [[[3.1723023, 50.6926965], [3.1723869, 50.6926542], [3.1724447, 50.6926218], [3.1726718, 50.6925254], [3.172803, 50.6924616], [3.1728552, 50.6924373], [3.1729356, 50.6924048]], [[3.1682241, 50.6940588], [3.1682551, 50.6940534], [3.1689596, 50.6939143]], [[3.1697432, 50.6937642], [3.1689596, 50.6939143]], [[3.170216, 50.6936362], [3.1701963, 50.6936443], [3.1701314, 50.693674], [3.1700608, 50.6936956], [3.1699719, 50.6937235], [3.1698985, 50.6937389], [3.1697587, 50.6937615], [3.1697432, 50.6937642]], [[3.1712346, 50.6932112], [3.171298, 50.693151], [3.1716929, 50.6929791], [3.1720371, 50.6928305], [3.1721189, 50.6927891], [3.1723023, 50.6926965]], [[3.1712346, 50.6932112], [3.1711104, 50.6932464], [3.170422, 50.6935461], [3.170216, 50.6936362]]]}, "properties": {"cleabs": "VOIE_NOM0000002339384515", "identifiant_voie_ban": "59512_3960", "nom": "Rue Nain", "nom_normalise": "R NAIN", "type_voie": "rue"}}, {"type": "Feature", "geometry": {"type": "MultiLineString", "coordinates": [[[3.1814745, 50.6905854], [3.1815566, 50.6906248], [3.181807, 50.6907312]], [[3.1831083, 50.6888655], [3.1830378, 50.6889051], [3.1828843, 50.6890148], [3.1828617, 50.6890336], [3.1825702, 50.6892719], [3.1821194, 50.6896333], [3.1816744, 50.6900045], [3.1816139, 50.6900737], [3.1816083, 50.6900836], [3.1815858, 50.6901285], [3.1815747, 50.690177], [3.1815651, 50.6902425], [3.1815554, 50.6903017], [3.1815513, 50.6903313], [3.1815405, 50.690474], [3.1815321, 50.6905135], [3.1814745, 50.6905854]]]}, "properties": {"cleabs": "VOIE_NOM0000002339384522", "identifiant_voie_ban": "59512_4985", "nom": "Rue Saint-Exupéry", "nom_normalise": "R SAINT-EXUPERY", "type_voie": "rue"}}, {"type": "Feature", "geometry": {"type": "MultiLineString", "coordinates": [[[3.170562, 50.6923426], [3.1702206, 50.6924876], [3.1697789, 50.6926353], [3.1695574, 50.6927083], [3.1693795, 50.692757], [3.16923, 50.6928012], [3.1690352, 50.6928625]], [[3.1690352, 50.6928625], [3.1689011, 50.692903], [3.1686936, 50.6929527], [3.1686032, 50.6929627], [3.1684973, 50.692979]], [[3.1684973, 50.692979], [3.1682389, 50.6930134], [3.1680723, 50.6930406], [3.1678139, 50.6930822]], [[3.1627058, 50.6940473], [3.1627876, 50.6940149], [3.1631814, 50.6938995], [3.163626, 50.6937697], [3.1637629, 50.6937319]], [[3.166851, 50.6932405], [3.1667535, 50.6932388], [3.1658696, 50.6933827], [3.1638801, 50.6937066], [3.1637629, 50.6937319]], [[3.1678139, 50.6930822], [3.1675259, 50.6931292], [3.1673593, 50.6931582]], [[3.1673593, 50.6931582], [3.166851, 50.6932405]]]}, "properties": {"cleabs": "VOIE_NOM0000002339384570", "identifiant_voie_ban": "59512_1970", "nom": "Rue de l'Espérance", "nom_normalise": "R DE L'ESPERANCE", "type_voie": "rue"}}, {"type": "Feature", "geometry": {"type": "MultiLineString", "coordinates": [[[3.1941919, 50.6980447], [3.1949401, 50.6982346], [3.1953516, 50.6983255]], [[3.1953516, 50.6983255], [3.1954124, 50.6983398], [3.1956683, 50.6983986], [3.1956402, 50.6984435]]]}, "properties": {"cleabs": "VOIE_NOM0000002339384727", "identifiant_voie_ban": "59512_3620", "nom": "Rue de Mascara", "nom_normalise": "R DE MASCARA", "type_voie": "rue"}}, {"type": "Feature", "geometry": {"type": "MultiLineString", "coordinates": [[[3.1657709, 50.7071346], [3.1657976, 50.7070681], [3.1658256, 50.7070008], [3.1658536, 50.7069308], [3.1658817, 50.7068616], [3.1659111, 50.7067925], [3.1659392, 50.7067243], [3.1659658, 50.706656], [3.1659924, 50.7065914], [3.1660191, 50.7065294], [3.1660457, 50.7064675], [3.1660709, 50.7064091], [3.1660934, 50.7063526], [3.1661158, 50.7062978], [3.1661368, 50.7062493], [3.166235, 50.7060186]]]}, "properties": {"cleabs": "VOIE_NOM0000002339384763", "identifiant_voie_ban": "59512_3716", "nom": "Rue des Métissages", "nom_normalise": "R DES METISSAGES", "type_voie": "rue"}}, {"type": "Feature", "geometry": {"type": "MultiLineString", "coordinates": [[[3.1736245, 50.7040927], [3.1727476, 50.703866], [3.1715398, 50.7035455]]]}, "properties": {"cleabs": "VOIE_NOM0000002339384932", "identifiant_voie_ban": "59512_1780", "nom": "Rue Duflot", "nom_normalise": "R DUFLOT", "type_voie": "rue"}}, {"type": "Feature", "geometry": {"type": "MultiLineString", "coordinates": [[[3.1852858, 50.6798734], [3.1859335, 50.6797001], [3.1865825, 50.6795286]], [[3.1852858, 50.6798734], [3.185228, 50.6798878], [3.1850248, 50.6799402], [3.1843207, 50.6801189]], [[3.1865825, 50.6795286], [3.1869903, 50.6794194]], [[3.1869903, 50.6794194], [3.187192, 50.6793599], [3.1873571, 50.6793184]], [[3.188933, 50.6788664], [3.1888358, 50.6789258], [3.188761, 50.6789573], [3.1886792, 50.6789781], [3.1879935, 50.679164], [3.187494, 50.6792823], [3.1874897, 50.6792832], [3.1874658, 50.6792895], [3.1873571, 50.6793184]]]}, "properties": {"cleabs": "VOIE_NOM0000002339385095", "identifiant_voie_ban": "59512_4410", "nom": "Rue Philippe Auguste", "nom_normalise": "R PHILIPPE AUGUSTE", "type_voie": "rue"}}, {"type": "Feature", "geometry": {"type": "MultiLineString", "coordinates": [[[3.1697599, 50.7011942], [3.1700429, 50.7009139], [3.1704808, 50.7004556]], [[3.1690346, 50.7019104], [3.1693853, 50.7015662], [3.1697599, 50.7011942]], [[3.1659541, 50.7035576], [3.166493, 50.7032876]], [[3.166493, 50.7032876], [3.1667229, 50.7031716], [3.1670826, 50.7029862], [3.1675875, 50.7026984]], [[3.1677201, 50.7026229], [3.1679655, 50.7024906], [3.1690346, 50.7019104]], [[3.1675875, 50.7026984], [3.1677201, 50.7026229]]]}, "properties": {"cleabs": "VOIE_NOM0000002339385195", "identifiant_voie_ban": "59512_2190", "nom": "Rue de France", "nom_normalise": "R DE FRANCE", "type_voie": "rue"}}, {"type": "Feature", "geometry": {"type": "MultiLineString", "coordinates": [[[3.1821421, 50.6966478], [3.1816026, 50.6966944], [3.1811196, 50.6967516], [3.1804968, 50.6968252], [3.1804319, 50.6968468], [3.1803727, 50.6968837]]]}, "properties": {"cleabs": "VOIE_NOM0000002339385241", "identifiant_voie_ban": "59512_5300", "nom": "Rue Ternaux", "nom_normalise": "R TERNAUX", "type_voie": "rue"}}, {"type": "Feature", "geometry": {"type": "MultiLineString", "coordinates": [[[3.1929902, 50.6758055], [3.1928505, 50.6758542], [3.1921397, 50.6761137], [3.1916588, 50.6762886], [3.1914768, 50.6763274]], [[3.1911351, 50.6770755], [3.1911149, 50.6769813], [3.1911077, 50.6769382], [3.1910733, 50.6768144], [3.1910419, 50.6767257], [3.1909979, 50.6766683], [3.1908858, 50.6765141], [3.1907766, 50.6763931]], [[3.191761, 50.6767757], [3.1917523, 50.6767281], [3.1917239, 50.6766806], [3.1915947, 50.6764996], [3.1914768, 50.6763274]], [[3.1911351, 50.6770755], [3.1910264, 50.6770918], [3.1906043, 50.6771535], [3.1905041, 50.6771536]], [[3.1914131, 50.6770383], [3.1915345, 50.6770022], [3.1916388, 50.6769536], [3.1916979, 50.6769032], [3.1917415, 50.6768475], [3.191761, 50.6767757]], [[3.1914131, 50.6770383], [3.1911351, 50.6770755]]]}, "properties": {"cleabs": "VOIE_NOM0000002339385258", "identifiant_voie_ban": "59512_2580", "nom": "Allée Henri Matisse", "nom_normalise": "ALL HENRI MATISSE", "type_voie": "allée"}}, {"type": "Feature", "geometry": {"type": "MultiLineString", "coordinates": [[[3.2145132, 50.6887919], [3.214438, 50.688696], [3.2143444, 50.6886154], [3.214092, 50.6883924], [3.2139147, 50.6882267], [3.2138665, 50.6881774]]]}, "properties": {"cleabs": "VOIE_NOM0000002339385314", "identifiant_voie_ban": "59512_g2n6mo", "nom": "Cour Wattine", "nom_normalise": "COUR WATTINE", "type_voie": "cour"}}, {"type": "Feature", "geometry": {"type": "MultiLineString", "coordinates": [[[3.1674526, 50.6838767], [3.1681658, 50.6842571], [3.1684488, 50.6844075], [3.1689709, 50.6846859], [3.1691959, 50.6848094], [3.1692186, 50.6848318], [3.1692201, 50.6848533], [3.1692131, 50.6848713], [3.1691962, 50.6849], [3.1690302, 50.6850878], [3.1689866, 50.6851354], [3.1686236, 50.6855613], [3.1684842, 50.6856987]]]}, "properties": {"cleabs": "VOIE_NOM0000002339385318", "identifiant_voie_ban": "59512_0200", "nom": "Avenue André Chenier", "nom_normalise": "AV ANDRE CHENIER", "type_voie": "avenue"}}, {"type": "Feature", "geometry": {"type": "MultiLineString", "coordinates": [[[3.1711601, 50.6738624], [3.171082, 50.6737414], [3.1710083, 50.6736742], [3.1708697, 50.6735873]]]}, "properties": {"cleabs": "VOIE_NOM0000002339385353", "identifiant_voie_ban": "59512_1032", "nom": "Allée des Cèdres", "nom_normalise": "ALL DES CEDRES", "type_voie": "allée"}}, {"type": "Feature", "geometry": {"type": "MultiLineString", "coordinates": [[[3.1876084, 50.6796707], [3.187353, 50.6797357]], [[3.1876084, 50.6796707], [3.1873571, 50.6793184]], [[3.1876582, 50.6797558], [3.1876084, 50.6796707]]]}, "properties": {"cleabs": "VOIE_NOM0000002339385364", "identifiant_voie_ban": "59512_7ugo48", "nom": "Clos Gustave Eiffel", "nom_normalise": "CLOS GUSTAVE EIFFEL", "type_voie": "clos"}}, {"type": "Feature", "geometry": {"type": "MultiLineString", "coordinates": [[[3.1783668, 50.6791243], [3.178394, 50.6792059], [3.1784394, 50.6792723], [3.178472, 50.679318], [3.178526, 50.6794023], [3.1787801, 50.6797662], [3.1788028, 50.6797922], [3.1788326, 50.6798308]]]}, "properties": {"cleabs": "VOIE_NOM0000002339385372", "identifiant_voie_ban": "59512_4050", "nom": "Rue Nicolas Poussin", "nom_normalise": "R NICOLAS POUSSIN", "type_voie": "rue"}}, {"type": "Feature", "geometry": {"type": "MultiLineString", "coordinates": [[[3.1699693, 50.7000328], [3.1704701, 50.6998078]]]}, "properties": {"cleabs": "VOIE_NOM0000002339385391", "identifiant_voie_ban": "59512_ipm50z", "nom": "Cour Lefebre Tiberghien", "nom_normalise": "COUR LEFEBRE TIBERGHIEN", "type_voie": "cour"}}, {"type": "Feature", "geometry": {"type": "MultiLineString", "coordinates": [[[3.1912866, 50.6838638], [3.1913957, 50.683931], [3.1923851, 50.6844975]], [[3.1923851, 50.6844975], [3.192647, 50.6846469]], [[3.1936392, 50.6851739], [3.1927857, 50.6847212], [3.192647, 50.6846469]], [[3.1967873, 50.6868758], [3.1967151, 50.6868409], [3.1964745, 50.6867219], [3.1957754, 50.686373], [3.1956381, 50.6862988]], [[3.1970845, 50.6870198], [3.1967873, 50.6868758]], [[3.1945084, 50.6856643], [3.1942819, 50.6855346], [3.1936392, 50.6851739]], [[3.1956381, 50.6862988], [3.195287, 50.6860974], [3.1946953, 50.6857717], [3.1945084, 50.6856643]], [[3.1980823, 50.6875144], [3.1978686, 50.6874116], [3.1977129, 50.6873337]], [[3.1981587, 50.6875475], [3.1980823, 50.6875144]], [[3.1994834, 50.6881601], [3.200136, 50.6885135], [3.2005096, 50.6886888], [3.2006624, 50.6887603], [3.2008493, 50.6888461], [3.2014084, 50.689127], [3.2015216, 50.6891905], [3.2015443, 50.6892049], [3.2016037, 50.6892263]], [[3.1988338, 50.6878713], [3.1990688, 50.6879857], [3.1994834, 50.6881601]], [[3.1981587, 50.6875475], [3.1982621, 50.6875949]], [[3.1982621, 50.6875949], [3.1984503, 50.6876843], [3.1988338, 50.6878713]], [[3.197243, 50.6870985], [3.197168, 50.68706], [3.1970845, 50.6870198]], [[3.1977129, 50.6873337], [3.197243, 50.6870985]]]}, "properties": {"cleabs": "VOIE_NOM0000002339385424", "identifiant_voie_ban": "59512_3920", "nom": "Boulevard de Mulhouse", "nom_normalise": "BD DE MULHOUSE", "type_voie": "boulevard"}}, {"type": "Feature", "geometry": {"type": "MultiLineString", "coordinates": [[[3.1939291, 50.6954778], [3.1939421, 50.6955478]], [[3.193858, 50.6949933], [3.1938972, 50.6952643]], [[3.1939015, 50.6952867], [3.1938972, 50.6952643]], [[3.1939291, 50.6954778], [3.1939029, 50.695293], [3.1939015, 50.6952867]], [[3.193858, 50.6949933], [3.1938314, 50.6946883]], [[3.1940335, 50.6961847], [3.1940089, 50.6960313], [3.1939668, 50.6957263], [3.1939522, 50.6956159], [3.1939421, 50.6955585], [3.1939421, 50.6955478]], [[3.1941278, 50.6968029], [3.1941349, 50.6968307]], [[3.1940335, 50.6961847], [3.1941278, 50.6968029]], [[3.1943817, 50.697812], [3.1942769, 50.6977287], [3.1942569, 50.6976874], [3.1942339, 50.6975897], [3.1941583, 50.6970289], [3.1941349, 50.6968307]]]}, "properties": {"cleabs": "VOIE_NOM0000002339385592", "identifiant_voie_ban": "59512_1360", "nom": "Rue de la Conférence", "nom_normalise": "R DE LA CONFERENCE", "type_voie": "rue"}}, {"type": "Feature", "geometry": {"type": "MultiLineString", "coordinates": [[[3.1538622, 50.6895368], [3.1532376, 50.6899208], [3.1531756, 50.6899577]], [[3.1531756, 50.6899577], [3.1525481, 50.6903434], [3.1516682, 50.6908569], [3.151623, 50.690882]]]}, "properties": {"cleabs": "VOIE_NOM0000002339385666", "identifiant_voie_ban": "59512_1590", "nom": "Rue du Danemark", "nom_normalise": "R DU DANEMARK", "type_voie": "rue"}}, {"type": "Feature", "geometry": {"type": "MultiLineString", "coordinates": [[[3.1920871, 50.6719599], [3.1921719, 50.6719732]], [[3.1915948, 50.6717309], [3.1916868, 50.6717729], [3.1919699, 50.6719556], [3.1920094, 50.6719537]], [[3.1920094, 50.6719537], [3.1920871, 50.6719599]]]}, "properties": {"cleabs": "VOIE_NOM0000002339385674", "identifiant_voie_ban": "59512_1810", "nom": "Allée Dupleix", "nom_normalise": "ALL DUPLEIX", "type_voie": "allée"}}, {"type": "Feature", "geometry": {"type": "MultiLineString", "coordinates": [[[3.1860112, 50.6740107], [3.1864007, 50.6743206], [3.1864687, 50.6743716]], [[3.1864687, 50.6743716], [3.1869375, 50.6747254]]]}, "properties": {"cleabs": "VOIE_NOM0000002339385716", "identifiant_voie_ban": "59512_2870", "nom": "Rue Jean Joseph Weerts", "nom_normalise": "R JEAN JOSEPH WEERTS", "type_voie": "rue"}}, {"type": "Feature", "geometry": {"type": "MultiLineString", "coordinates": [[[3.2152168, 50.6875021], [3.2153028, 50.6874633]], [[3.2151013, 50.6875615], [3.2152168, 50.6875021]], [[3.2153602, 50.6876589], [3.2152168, 50.6875021]]]}, "properties": {"cleabs": "VOIE_NOM0000002339385774", "identifiant_voie_ban": "59512_7eedgq", "nom": "Cour Jumelle", "nom_normalise": "COUR JUMELLE", "type_voie": "cour"}}, {"type": "Feature", "geometry": {"type": "MultiLineString", "coordinates": [[[3.1825011, 50.6823237], [3.1824741, 50.6822762], [3.1823776, 50.6821606]], [[3.1825011, 50.6823237], [3.1825379, 50.6823371], [3.1826187, 50.6824276], [3.1827535, 50.6825988], [3.1827776, 50.6826275]], [[3.1818664, 50.6825597], [3.1818973, 50.6825238], [3.1819382, 50.6825049], [3.1824234, 50.6823319], [3.1824672, 50.6823238], [3.1825011, 50.6823237]], [[3.1818664, 50.6825597], [3.1817487, 50.682437]], [[3.1821542, 50.6828528], [3.1818664, 50.6825597]]]}, "properties": {"cleabs": "VOIE_NOM0000002339385796", "identifiant_voie_ban": "59512_1450", "nom": "Rue Courbet", "nom_normalise": "R COURBET", "type_voie": "rue"}}, {"type": "Feature", "geometry": {"type": "MultiLineString", "coordinates": [[[3.1553472, 50.6946418], [3.1553827, 50.6947216], [3.1554212, 50.6948167], [3.1554909, 50.6949683], [3.1555394, 50.6951163], [3.1555837, 50.6952804], [3.1556464, 50.6954518]], [[3.1558709, 50.6958768], [3.1557489, 50.6957226], [3.1556808, 50.6956105], [3.155655, 50.6955146], [3.1556464, 50.6954518]], [[3.1561869, 50.6961932], [3.1561161, 50.6961269], [3.1559801, 50.6960005], [3.1559205, 50.695936], [3.1558709, 50.6958768]], [[3.1564194, 50.6964289], [3.1563867, 50.6963769], [3.1561869, 50.6961932]], [[3.156409, 50.6967268], [3.156431, 50.6965141], [3.1564237, 50.6964612], [3.1564194, 50.6964289]], [[3.1563929, 50.697005], [3.1563995, 50.6968516], [3.156409, 50.6967268]], [[3.1568776, 50.6974809], [3.1567785, 50.6974092], [3.1565448, 50.6972283], [3.1565051, 50.6971897], [3.1564583, 50.6971395], [3.1564228, 50.6970875], [3.1563987, 50.69704], [3.1563929, 50.697005]], [[3.1579113, 50.6982217], [3.1574964, 50.6979261], [3.1568776, 50.6974809]]]}, "properties": {"cleabs": "VOIE_NOM0000002339385811", "identifiant_voie_ban": "59512_1550", "nom": "Rue Cuvier", "nom_normalise": "R CUVIER", "type_voie": "rue"}}, {"type": "Feature", "geometry": {"type": "MultiLineString", "coordinates": [[[3.2009419, 50.6862338], [3.2009236, 50.6862553], [3.2007043, 50.686515], [3.2006776, 50.6865447]], [[3.2020739, 50.6849577], [3.2016802, 50.6854106]], [[3.2007763, 50.6850935], [3.2009786, 50.6851659], [3.2013506, 50.6852963], [3.2015274, 50.6853597], [3.2016802, 50.6854106]], [[3.2016802, 50.6854106], [3.201534, 50.6855769], [3.2013863, 50.6857368], [3.2009419, 50.6862338]]]}, "properties": {"cleabs": "VOIE_NOM0000002339385851", "identifiant_voie_ban": "59512_5380", "nom": "Rue de Tournai", "nom_normalise": "R DE TOURNAI", "type_voie": "rue"}}, {"type": "Feature", "geometry": {"type": "MultiLineString", "coordinates": [[[3.1977129, 50.6873337], [3.1975567, 50.6874785], [3.1971401, 50.6878596], [3.1967672, 50.688238], [3.1966758, 50.6883341]]]}, "properties": {"cleabs": "VOIE_NOM0000002339386006", "identifiant_voie_ban": "59512_1630", "nom": "Rue Davoust", "nom_normalise": "R DAVOUST", "type_voie": "rue"}}, {"type": "Feature", "geometry": {"type": "MultiLineString", "coordinates": [[[3.1683456, 50.6856487], [3.168271, 50.6857143], [3.1682174, 50.6857449], [3.1674388, 50.6860923]], [[3.1674388, 50.6860923], [3.1660905, 50.6867249]], [[3.1617364, 50.6887219], [3.1613556, 50.6888983], [3.1603682, 50.6893518], [3.1602737, 50.6894013]], [[3.1629241, 50.688182], [3.1628677, 50.6882072], [3.1624614, 50.6883943], [3.1617364, 50.6887219]], [[3.1660905, 50.6867249], [3.1641215, 50.6876186]], [[3.1641215, 50.6876186], [3.1634714, 50.6879452], [3.1630482, 50.6881289], [3.1629241, 50.688182]]]}, "properties": {"cleabs": "VOIE_NOM0000002339386042", "identifiant_voie_ban": "59512_2710", "nom": "Rue de l'Industrie", "nom_normalise": "R DE L'INDUSTRIE", "type_voie": "rue"}}, {"type": "Feature", "geometry": {"type": "MultiLineString", "coordinates": [[[3.1589629, 50.6889974], [3.1588953, 50.6890397], [3.1587529, 50.689143], [3.1583427, 50.6894083]], [[3.1594536, 50.6887213], [3.1600923, 50.6883418], [3.1603589, 50.6881934]], [[3.1594536, 50.6887213], [3.1592478, 50.6888373], [3.1589629, 50.6889974]]]}, "properties": {"cleabs": "VOIE_NOM0000002339386203", "identifiant_voie_ban": "59512_0850", "nom": "Rue Brézin", "nom_normalise": "R BREZIN", "type_voie": "rue"}}, {"type": "Feature", "geometry": {"type": "MultiLineString", "coordinates": [[[3.1696648, 50.6876982], [3.1694699, 50.6877308], [3.1689716, 50.6878194]], [[3.1697791, 50.6876783], [3.1696648, 50.6876982]], [[3.1697791, 50.6876783], [3.1701702, 50.6876096], [3.1703932, 50.6875716], [3.1705019, 50.6875526], [3.170516, 50.6875499]], [[3.172035, 50.6872705], [3.170516, 50.6875499]]]}, "properties": {"cleabs": "VOIE_NOM0000002339386247", "identifiant_voie_ban": "59512_1490", "nom": "Rue de Crouy", "nom_normalise": "R DE CROUY", "type_voie": "rue"}}, {"type": "Feature", "geometry": {"type": "MultiLineString", "coordinates": [[[3.1832488, 50.6747327], [3.1836199, 50.6750363], [3.1837842, 50.6751707]], [[3.1802304, 50.6722271], [3.1814399, 50.6732223]], [[3.1832488, 50.6747327], [3.181702, 50.6734409], [3.1814399, 50.6732223]]]}, "properties": {"cleabs": "VOIE_NOM0000002339386329", "identifiant_voie_ban": "59512_1620", "nom": "Rue David d'Angers", "nom_normalise": "R DAVID D'ANGERS", "type_voie": "rue"}}, {"type": "Feature", "geometry": {"type": "MultiLineString", "coordinates": [[[3.2033701, 50.6803261], [3.203225, 50.6804143], [3.2031898, 50.6804403], [3.203156, 50.6804691], [3.2031209, 50.6805015], [3.2030899, 50.680532], [3.2030576, 50.680568], [3.2030449, 50.6805868], [3.2030182, 50.6806183], [3.203007, 50.6806327], [3.2029817, 50.6806641], [3.2029564, 50.6806974], [3.2029255, 50.6807351], [3.2029114, 50.6807531], [3.2028861, 50.6807854], [3.2028763, 50.6808007], [3.2028637, 50.6808196], [3.2028524, 50.6808384], [3.2028441, 50.6808609], [3.2028399, 50.6808842]], [[3.2028399, 50.6808842], [3.2028428, 50.6809057], [3.2028486, 50.6809282], [3.2028628, 50.6809506], [3.2028812, 50.6809685], [3.2029011, 50.6809837], [3.2029237, 50.6809962], [3.202952, 50.6810052], [3.2029831, 50.6810105], [3.2030128, 50.6810158], [3.2030396, 50.681023], [3.2030679, 50.6810328], [3.2031005, 50.6810453], [3.2031344, 50.6810632], [3.203167, 50.6810802], [3.2031981, 50.6810963], [3.2032945, 50.6811715], [3.2033002, 50.6811823], [3.2033045, 50.6811975], [3.2033003, 50.6812191], [3.2032877, 50.6812442], [3.203268, 50.6812712], [3.203247, 50.6812999], [3.2032259, 50.6813287], [3.2032076, 50.6813547], [3.2031894, 50.6813772], [3.2031711, 50.6813997], [3.2031528, 50.6814212], [3.2031388, 50.6814401], [3.2031205, 50.6814563], [3.2030852, 50.6814752], [3.2030599, 50.6814878]], [[3.2030599, 50.6814878], [3.2029906, 50.6814673], [3.2029298, 50.6814485], [3.202869, 50.6814298], [3.2027474, 50.6813941], [3.2026922, 50.6813771], [3.2026469, 50.6813619], [3.2026088, 50.6813503], [3.2025762, 50.6813405], [3.2025409, 50.6813289], [3.2025084, 50.6813182], [3.2024801, 50.6813084], [3.2024489, 50.6812985], [3.2024178, 50.6812887], [3.2023881, 50.6812789], [3.2023613, 50.6812691], [3.202333, 50.6812592], [3.2023019, 50.6812476], [3.2022693, 50.6812369]], [[3.2030599, 50.6814878], [3.2030387, 50.6815013], [3.2030148, 50.681522], [3.2029937, 50.6815471], [3.2029698, 50.6815777], [3.2029431, 50.6816118], [3.2029193, 50.6816459], [3.2028982, 50.6816729], [3.2028589, 50.6817304], [3.202849, 50.6817403], [3.2028336, 50.6817547], [3.2028096, 50.6817735], [3.20278, 50.6817951], [3.2027448, 50.6818185], [3.2027181, 50.6818428], [3.2026815, 50.6818671], [3.202642, 50.6818905], [3.2026068, 50.681913], [3.202573, 50.6819319], [3.2025476, 50.6819472], [3.2025251, 50.6819607], [3.2025011, 50.6819751], [3.2024772, 50.6819895], [3.2024546, 50.6820039], [3.2024349, 50.6820156], [3.2024208, 50.6820245], [3.2023588, 50.6820713]]]}, "properties": {"cleabs": "VOIE_NOM0000002339386359", "identifiant_voie_ban": "59512_2552", "nom": "Rue Henri Delvarre", "nom_normalise": "R HENRI DELVARRE", "type_voie": "rue"}}, {"type": "Feature", "geometry": {"type": "MultiLineString", "coordinates": [[[3.1607599, 50.7035743], [3.1607502, 50.7036487], [3.1607292, 50.7037107], [3.1606631, 50.7038032], [3.1605787, 50.7039253], [3.1605703, 50.7039451], [3.1605408, 50.704008]], [[3.1605375, 50.703422], [3.1605321, 50.7034812]], [[3.1605458, 50.7033663], [3.1605375, 50.703422]], [[3.1606073, 50.7031446], [3.1606073, 50.70315], [3.1605822, 50.7032362], [3.1605486, 50.7033565], [3.1605458, 50.7033663]], [[3.1608293, 50.7032009], [3.1608015, 50.703322], [3.1607765, 50.7034728]], [[3.1607765, 50.7034728], [3.1607655, 50.7035491], [3.1607599, 50.7035743]], [[3.1608468, 50.7020424], [3.1607969, 50.7023377]], [[3.1607969, 50.7023377], [3.1607545, 50.7027873], [3.1608129, 50.70292]], [[3.1608129, 50.70292], [3.1608345, 50.70306]], [[3.1608345, 50.70306], [3.1608362, 50.7031345], [3.1608293, 50.7032009]], [[3.1606098, 50.7030325], [3.1606141, 50.7030719], [3.1606073, 50.7031446]], [[3.1605709, 50.7028171], [3.1606052, 50.702914], [3.1606098, 50.7030325]], [[3.1606956, 50.7020264], [3.1605833, 50.7027077], [3.1605709, 50.7028171]], [[3.1606956, 50.7020264], [3.1607163, 50.7018801], [3.1608245, 50.7012564], [3.1609117, 50.700681], [3.1609782, 50.7002691], [3.160996, 50.7000941]], [[3.1608468, 50.7020424], [3.1608689, 50.7018934], [3.1609588, 50.7012678], [3.161046, 50.7006925], [3.1611125, 50.7002815], [3.1611319, 50.7001693]], [[3.1605321, 50.7034812], [3.1604609, 50.7037595], [3.160454, 50.7038115]]]}, "properties": {"cleabs": "VOIE_NOM0000002339386399", "identifiant_voie_ban": "59512_4760", "nom": "Boulevard de la République", "nom_normalise": "BD DE LA REPUBLIQUE", "type_voie": "boulevard"}}, {"type": "Feature", "geometry": {"type": "MultiLineString", "coordinates": [[[3.1895745, 50.6946329], [3.1897094, 50.6944559], [3.1897502, 50.6943993], [3.1898304, 50.6943247]], [[3.189051, 50.6955535], [3.1891703, 50.6953676]], [[3.1891703, 50.6953676], [3.1892406, 50.6952544], [3.1894526, 50.6949149], [3.1894737, 50.6948825], [3.1895761, 50.6946939], [3.1895745, 50.6946329]], [[3.188208, 50.6968227], [3.1882291, 50.6967904], [3.1885382, 50.6963161], [3.1887615, 50.6959739], [3.1888233, 50.6958832], [3.1890355, 50.6955796], [3.1890468, 50.6955634], [3.189051, 50.6955535]], [[3.1874366, 50.6979483], [3.1876797, 50.6976024], [3.187809, 50.6974102], [3.1879298, 50.6972323], [3.188208, 50.6968227]]]}, "properties": {"cleabs": "VOIE_NOM0000002339386482", "identifiant_voie_ban": "59512_0840", "nom": "Quai de Brest", "nom_normalise": "QU DE BREST", "type_voie": "quai"}}, {"type": "Feature", "geometry": {"type": "MultiLineString", "coordinates": [[[3.1735099, 50.7044733], [3.1739151, 50.7047769], [3.1741645, 50.704965]], [[3.1761918, 50.7064643], [3.1762712, 50.7065234], [3.1763732, 50.706604]], [[3.1741645, 50.704965], [3.1746971, 50.70536], [3.174717, 50.7053743]], [[3.174717, 50.7053743], [3.1752482, 50.7057639], [3.1756478, 50.7060649], [3.1761918, 50.7064643]]]}, "properties": {"cleabs": "VOIE_NOM0000002339386504", "identifiant_voie_ban": "59512_3730", "nom": "Rue Meyerbeer", "nom_normalise": "R MEYERBEER", "type_voie": "rue"}}, {"type": "Feature", "geometry": {"type": "MultiLineString", "coordinates": [[[3.166493, 50.7032876], [3.1669102, 50.7033975], [3.1679525, 50.7036715], [3.1681887, 50.703734]], [[3.1709352, 50.7044347], [3.1704388, 50.704299], [3.169634, 50.7040901]], [[3.1682679, 50.7037546], [3.1681887, 50.703734]], [[3.1682679, 50.7037546], [3.1689298, 50.7039242], [3.1692112, 50.7039866], [3.1693498, 50.7040241], [3.1694572, 50.7040464], [3.169634, 50.7040901]]]}, "properties": {"cleabs": "VOIE_NOM0000002339386526", "identifiant_voie_ban": "59512_2450", "nom": "Rue de la Guinguette", "nom_normalise": "R DE LA GUINGUETTE", "type_voie": "rue"}}, {"type": "Feature", "geometry": {"type": "MultiLineString", "coordinates": [[[3.1692712, 50.6828476], [3.169415, 50.6827667]], [[3.1677895, 50.6836788], [3.168345, 50.6833694], [3.1689428, 50.6830392], [3.1692712, 50.6828476]], [[3.1674526, 50.6838767], [3.1677895, 50.6836788]], [[3.1659542, 50.6847814], [3.1659878, 50.6847024], [3.1666279, 50.6843399], [3.1671636, 50.6840458], [3.1674526, 50.6838767]]]}, "properties": {"cleabs": "VOIE_NOM0000002339386543", "identifiant_voie_ban": "59512_1290", "nom": "Rue Colbert", "nom_normalise": "R COLBERT", "type_voie": "rue"}}, {"type": "Feature", "geometry": {"type": "MultiLineString", "coordinates": [[[3.1972066, 50.6864471], [3.1967299, 50.6862683]]]}, "properties": {"cleabs": "VOIE_NOM0000002339386675", "identifiant_voie_ban": "59512_bsnz8a", "nom": "Cour Vanhaelst", "nom_normalise": "COUR VANHAELST", "type_voie": "cour"}}, {"type": "Feature", "geometry": {"type": "MultiLineString", "coordinates": [[[3.1832123, 50.6844584], [3.183084, 50.6845384], [3.1827262, 50.6847839], [3.1823049, 50.6850771], [3.1820696, 50.6852444], [3.1819922, 50.6853127], [3.1818599, 50.6854573], [3.1818008, 50.6855193], [3.1816742, 50.6856649]], [[3.1809272, 50.6865068], [3.1808667, 50.6865751], [3.1803926, 50.6871016], [3.1801561, 50.6873245], [3.1801095, 50.6873497]], [[3.1816742, 50.6856649], [3.1815575, 50.6858015], [3.1812817, 50.6861061]], [[3.1812817, 50.6861061], [3.1812128, 50.6861798], [3.1809272, 50.6865068]], [[3.1782663, 50.6893732], [3.1783479, 50.6892897], [3.1785505, 50.6890596], [3.1787165, 50.6888754], [3.1787334, 50.6888566], [3.1788262, 50.6887263]], [[3.1782663, 50.6893732], [3.1781915, 50.6894128], [3.1781351, 50.6894353], [3.1780773, 50.6894516], [3.1780264, 50.6894615], [3.1779714, 50.6894652], [3.177929, 50.6894634], [3.1778837, 50.689459], [3.1778088, 50.6894511]], [[3.1782663, 50.6893732], [3.1782367, 50.6894056], [3.1781691, 50.6894622], [3.1781268, 50.6894928], [3.1781128, 50.6895054], [3.1780437, 50.6895503]], [[3.1780437, 50.6895503], [3.1779605, 50.6896052], [3.177852, 50.6896619], [3.1777942, 50.6896889]], [[3.1797179, 50.6876357], [3.1796322, 50.6877632], [3.1795521, 50.6879024], [3.1794608, 50.6880336], [3.1792483, 50.6882672], [3.1791794, 50.6883373], [3.1789753, 50.6885511], [3.178881, 50.6886455], [3.1788431, 50.6887057]], [[3.1788262, 50.6887263], [3.1788431, 50.6887057]]]}, "properties": {"cleabs": "VOIE_NOM0000002339386826", "identifiant_voie_ban": "59512_1400", "nom": "Rue du Coq Français", "nom_normalise": "R DU COQ FRANCAIS", "type_voie": "rue"}}, {"type": "Feature", "geometry": {"type": "MultiLineString", "coordinates": [[[3.2028074, 50.6941526], [3.2027325, 50.6941491], [3.2026872, 50.6941277], [3.2026666, 50.6939276], [3.2026334, 50.6937347]], [[3.2028543, 50.6942198], [3.202833, 50.6941822], [3.2028074, 50.6941526]]]}, "properties": {"cleabs": "VOIE_NOM0000002339386893", "identifiant_voie_ban": "59512_1811", "nom": "Rue de la Distillerie", "nom_normalise": "R DE LA DISTILLERIE", "type_voie": "rue"}}, {"type": "Feature", "geometry": {"type": "MultiLineString", "coordinates": [[[3.1727426, 50.6872471], [3.1720737, 50.6870058], [3.1719902, 50.6869754]], [[3.1740523, 50.6877137], [3.1737468, 50.6876029], [3.1728105, 50.687273], [3.1727426, 50.6872471]], [[3.1740523, 50.6877137], [3.1740935, 50.6877818], [3.1742268, 50.687927], [3.1743033, 50.6880113], [3.1744239, 50.6881376]], [[3.1745939, 50.6878754], [3.1745204, 50.6878593], [3.1744299, 50.6878415], [3.1743337, 50.6878156], [3.1740523, 50.6877137]], [[3.1719902, 50.6869754], [3.1713806, 50.686751], [3.1702916, 50.6863621], [3.170187, 50.6863246], [3.1700823, 50.6862861], [3.1700357, 50.68627]], [[3.1700357, 50.68627], [3.1694374, 50.6860501]], [[3.1694374, 50.6860501], [3.1693328, 50.6860117], [3.1684842, 50.6856987]], [[3.1684842, 50.6856987], [3.1683456, 50.6856487]], [[3.1663996, 50.6849433], [3.1664223, 50.6849522], [3.1671916, 50.6852312], [3.1681773, 50.685587], [3.1683456, 50.6856487]], [[3.1661111, 50.6848387], [3.1659542, 50.6847814]], [[3.1663996, 50.6849433], [3.1661111, 50.6848387]], [[3.165636, 50.6846661], [3.1653291, 50.6845561], [3.1646828, 50.6843255]], [[3.1659542, 50.6847814], [3.165636, 50.6846661]], [[3.1646828, 50.6843255], [3.164663, 50.6843165], [3.1646376, 50.6843076], [3.164574, 50.6842942], [3.1645273, 50.6842952], [3.1644807, 50.6842979], [3.1642873, 50.6843108], [3.164276, 50.6843108]], [[3.1639447, 50.6840698], [3.1640676, 50.6840993], [3.1642175, 50.6841538], [3.1642473, 50.6841717], [3.1642728, 50.6842067], [3.1642729, 50.6842498], [3.164276, 50.6843108]], [[3.1639447, 50.6840698], [3.1639462, 50.6841003], [3.1639703, 50.6841434], [3.1640314, 50.6842348], [3.1640639, 50.6842635], [3.1641007, 50.6842859], [3.1641106, 50.6842886], [3.1641361, 50.6842957], [3.1641757, 50.684301], [3.1642364, 50.6843072], [3.164276, 50.6843108]], [[3.1631188, 50.6837541], [3.1632573, 50.6838006], [3.1632743, 50.6838078]], [[3.1632743, 50.6838078], [3.163659, 50.6839643], [3.1639447, 50.6840698]], [[3.1620794, 50.6833759], [3.1622632, 50.6834412], [3.1629759, 50.6837041], [3.1631188, 50.6837541]]]}, "properties": {"cleabs": "VOIE_NOM0000002339386978", "identifiant_voie_ban": "59512_3300", "nom": "Rue de Lille", "nom_normalise": "R DE LILLE", "type_voie": "rue"}}, {"type": "Feature", "geometry": {"type": "MultiLineString", "coordinates": [[[3.1858597, 50.6822685], [3.1858991, 50.6822451], [3.1862176, 50.6820615], [3.1863571, 50.6819617]], [[3.1827817, 50.6841414], [3.1830284, 50.6840073], [3.1835978, 50.6836583], [3.1836908, 50.6835998]], [[3.1845984, 50.6830439], [3.1848478, 50.6828856], [3.1852171, 50.6826679], [3.1857117, 50.6823611], [3.1858597, 50.6822685]], [[3.1836908, 50.6835998], [3.1840643, 50.6833713], [3.1845984, 50.6830439]]]}, "properties": {"cleabs": "VOIE_NOM0000002339387045", "identifiant_voie_ban": "59512_3650", "nom": "Rue de Maubeuge", "nom_normalise": "R DE MAUBEUGE", "type_voie": "rue"}}, {"type": "Feature", "geometry": {"type": "MultiLineString", "coordinates": [[[3.1825726, 50.7066247], [3.1827642, 50.7064557], [3.182929, 50.7063101], [3.1836348, 50.705733]], [[3.1836348, 50.705733], [3.1840081, 50.7054031]], [[3.1861619, 50.7035693], [3.186914, 50.7029257]], [[3.1861619, 50.7035693], [3.1859506, 50.70375], [3.185883, 50.7038084], [3.1858717, 50.7038174]], [[3.1853153, 50.7042965], [3.1856153, 50.7040395], [3.1856351, 50.7040224]], [[3.1856351, 50.7040224], [3.1857717, 50.7039055], [3.185859, 50.7038291], [3.1858717, 50.7038174]], [[3.1853153, 50.7042965], [3.1846744, 50.7048422], [3.1842997, 50.705155], [3.1840081, 50.7054031]], [[3.1874281, 50.7024825], [3.1878521, 50.702131], [3.187893, 50.7020978]], [[3.187893, 50.7020978], [3.1882761, 50.701776], [3.1883578, 50.7017031], [3.188738, 50.7013741], [3.1887434, 50.7013059]], [[3.186914, 50.7029257], [3.1872591, 50.702621]], [[3.1872858, 50.7026021], [3.1874281, 50.7024825]], [[3.1872591, 50.702621], [3.1872858, 50.7026021]]]}, "properties": {"cleabs": "VOIE_NOM0000002339387064", "identifiant_voie_ban": "59512_1660", "nom": "Rue Delespaul", "nom_normalise": "R DELESPAUL", "type_voie": "rue"}}, {"type": "Feature", "geometry": {"type": "MultiLineString", "coordinates": [[[3.1988149, 50.6788241], [3.1988559, 50.6788213], [3.1989223, 50.6788454], [3.1990003, 50.6789063], [3.1990315, 50.6789449], [3.1990472, 50.6789772]], [[3.1996659, 50.6804389], [3.2003858, 50.679981], [3.2004237, 50.6799145], [3.2004263, 50.6798508], [3.2003865, 50.679788], [3.1999787, 50.6795464]], [[3.19881, 50.6790125], [3.1987379, 50.6789785], [3.1986826, 50.6789383], [3.1986712, 50.6789167], [3.1986824, 50.6788889], [3.1987543, 50.6788493], [3.1988149, 50.6788241]], [[3.1990472, 50.6789772], [3.1989511, 50.6789773], [3.198865, 50.6789936], [3.19881, 50.6790125]], [[3.1991419, 50.679012], [3.1991065, 50.6789896], [3.1990472, 50.6789772]], [[3.19881, 50.6790125], [3.1982029, 50.6794101], [3.1980972, 50.6794722]], [[3.1999787, 50.6795464], [3.1991419, 50.679012]]]}, "properties": {"cleabs": "VOIE_NOM0000002339387141", "identifiant_voie_ban": "59512_4390", "nom": "Allée des Peupliers", "nom_normalise": "ALL DES PEUPLIERS", "type_voie": "allée"}}, {"type": "Feature", "geometry": {"type": "MultiLineString", "coordinates": [[[3.1697082, 50.6734004], [3.1696007, 50.6733548], [3.1695272, 50.6733289], [3.1694593, 50.6733057], [3.1694494, 50.673303], [3.1693632, 50.6732825], [3.16927, 50.673261], [3.1691696, 50.6732423], [3.1690736, 50.673229], [3.1689775, 50.673222], [3.1689012, 50.6732185]]]}, "properties": {"cleabs": "VOIE_NOM0000002339387259", "identifiant_voie_ban": "59512_2238", "nom": "Allée des Frênes", "nom_normalise": "ALL DES FRENES", "type_voie": "allée"}}, {"type": "Feature", "geometry": {"type": "MultiLineString", "coordinates": [[[3.1760705, 50.7033157], [3.1759394, 50.7033922], [3.1757744, 50.7034857], [3.1756476, 50.7035783]], [[3.1756476, 50.7035783], [3.1753065, 50.7038247], [3.1752585, 50.703858]], [[3.1768759, 50.7028848], [3.1761735, 50.7032608], [3.1760705, 50.7033157]], [[3.1771875, 50.7027039], [3.1772622, 50.7026617]], [[3.1771875, 50.7027039], [3.1771565, 50.7027219], [3.1768759, 50.7028848]], [[3.1777725, 50.7023083], [3.1775582, 50.7024549], [3.1772622, 50.7026617]], [[3.1780587, 50.7021266], [3.1777725, 50.7023083]]]}, "properties": {"cleabs": "VOIE_NOM0000002339387354", "identifiant_voie_ban": "59512_3010", "nom": "Rue la Bruyère", "nom_normalise": "R LA BRUYERE", "type_voie": "rue"}}, {"type": "Feature", "geometry": {"type": "MultiLineString", "coordinates": [[[3.2115172, 50.6841245], [3.2112153, 50.6838899], [3.2112011, 50.6838675], [3.211191, 50.6838217], [3.2111881, 50.6837849], [3.2112185, 50.683635], [3.2112198, 50.6836027], [3.2112168, 50.6835731], [3.2112069, 50.6835561], [3.2111771, 50.6835346], [3.2111093, 50.6835248], [3.2108211, 50.6835083], [3.2107716, 50.6835012], [3.2107334, 50.6834842], [3.2106739, 50.683452], [3.2104572, 50.6832908], [3.210409, 50.6832694], [3.210327, 50.6832462], [3.2098904, 50.6832074], [3.2098509, 50.6832075], [3.2098099, 50.6832076], [3.2097577, 50.6832202], [3.209197, 50.683564], [3.2090717, 50.6836647]]]}, "properties": {"cleabs": "VOIE_NOM0000002339387374", "identifiant_voie_ban": "59512_0798", "nom": "Rue des Bourleux", "nom_normalise": "R DES BOURLEUX", "type_voie": "rue"}}, {"type": "Feature", "geometry": {"type": "MultiLineString", "coordinates": [[[3.1755273, 50.6881944], [3.1754, 50.6881354], [3.1752655, 50.688053], [3.1751197, 50.6879626], [3.1749724, 50.6878569], [3.174859, 50.6877619], [3.1748364, 50.6877395], [3.174791, 50.6876965], [3.1747839, 50.6876902]], [[3.1755273, 50.6881944], [3.1753123, 50.6881274], [3.1750733, 50.6880416], [3.1748145, 50.6879388], [3.1747211, 50.6879039], [3.1746433, 50.6878861], [3.1745939, 50.6878754]], [[3.1770114, 50.6884328], [3.1767468, 50.6883075], [3.1764794, 50.6882101], [3.175809, 50.6879661], [3.1756251, 50.6878972], [3.175512, 50.6878481], [3.1753153, 50.6877649], [3.1751752, 50.6876942], [3.1750761, 50.6876288], [3.1750237, 50.687584], [3.1749769, 50.6875401]], [[3.1772894, 50.6895505], [3.1772833, 50.6894473], [3.1772674, 50.6893477], [3.1772416, 50.6892239], [3.1772145, 50.6891567], [3.1771761, 50.6890948], [3.1771321, 50.6890348], [3.1770641, 50.6889631], [3.1769479, 50.68886], [3.1768501, 50.6887839], [3.1766944, 50.6886728], [3.176625, 50.688629], [3.1765656, 50.688603], [3.1762784, 50.6884913], [3.175888, 50.6883429], [3.1755669, 50.6882123], [3.1755273, 50.6881944]], [[3.1771784, 50.6885429], [3.1770114, 50.6884328]], [[3.1778044, 50.6893918], [3.1778044, 50.689382], [3.1777927, 50.6892922], [3.1777685, 50.6892133], [3.1777414, 50.6891425], [3.17771, 50.6890761], [3.1776674, 50.6890062], [3.1776334, 50.6889605], [3.1775837, 50.6888941], [3.1774575, 50.6887597], [3.1773994, 50.6887041], [3.1771883, 50.6885483], [3.1771784, 50.6885429]], [[3.1772924, 50.6896017], [3.1772894, 50.6895505]], [[3.1772985, 50.68973], [3.1772938, 50.6896187], [3.1772924, 50.6896017]], [[3.1773175, 50.6899292], [3.1773104, 50.6899004], [3.1773045, 50.6898341], [3.1773, 50.6897712], [3.1772985, 50.68973]], [[3.1786031, 50.6907421], [3.1785706, 50.6907305], [3.1784687, 50.6906759], [3.1783668, 50.6906195]], [[3.1784146, 50.6909551], [3.1782873, 50.6909068], [3.1781302, 50.6908433], [3.1781062, 50.6908299]], [[3.1781062, 50.6908299], [3.1779773, 50.6907565], [3.1778499, 50.6906669], [3.1777762, 50.6906051], [3.1776997, 50.6905325], [3.1775862, 50.6903999], [3.1775039, 50.6902878], [3.1774314, 50.6901758], [3.1773745, 50.69007], [3.1773461, 50.6900099], [3.1773304, 50.6899821], [3.1773175, 50.6899292]], [[3.1778088, 50.6894511], [3.1778044, 50.6893918]], [[3.1778088, 50.6894511], [3.1778103, 50.6894681], [3.1778119, 50.6895121], [3.1778106, 50.6895516], [3.1778078, 50.689565]], [[3.1778078, 50.689565], [3.1778024, 50.6896305], [3.1777942, 50.6896889]], [[3.1777942, 50.6896889], [3.1777928, 50.6896934], [3.1777887, 50.6897571]], [[3.1783668, 50.6906195], [3.178269, 50.6905523], [3.1781798, 50.6904834], [3.1780806, 50.6903902], [3.1779884, 50.6902826], [3.1779174, 50.6901849], [3.1778449, 50.6900549], [3.1778106, 50.6899311], [3.1777919, 50.6898522], [3.1777847, 50.689802], [3.1777887, 50.6897571]], [[3.1794798, 50.6913717], [3.1792378, 50.691259], [3.1791261, 50.6912116], [3.1790313, 50.6911722], [3.1788134, 50.6910945], [3.1787384, 50.6910614], [3.1785164, 50.6909935], [3.1784146, 50.6909551]], [[3.1794743, 50.6910199], [3.179217, 50.6909548], [3.178886, 50.6908467], [3.1786993, 50.6907779], [3.1786031, 50.6907421]]]}, "properties": {"cleabs": "VOIE_NOM0000002339387389", "identifiant_voie_ban": "59512_2320", "nom": "Boulevard du Général Leclerc", "nom_normalise": "BD DU GENERAL LECLERC", "type_voie": "boulevard"}}, {"type": "Feature", "geometry": {"type": "MultiLineString", "coordinates": [[[3.2010723, 50.6845699], [3.2011459, 50.6846056]], [[3.2010188, 50.6846202], [3.2011121, 50.6846389]], [[3.2029863, 50.6852909], [3.2029509, 50.6852766], [3.2029155, 50.6852632], [3.2028689, 50.6852462], [3.2026015, 50.6851489], [3.2024303, 50.6850854], [3.2022436, 50.6850175], [3.2020739, 50.6849577]], [[3.2012152, 50.6846513], [3.2012591, 50.6846656], [3.2013906, 50.684712], [3.2015802, 50.6847817], [3.2016495, 50.6848058], [3.2017202, 50.6848299], [3.2017966, 50.6848558], [3.2018772, 50.6848871], [3.2020031, 50.6849318], [3.2020739, 50.6849577]], [[3.2011459, 50.6846056], [3.2012152, 50.6846513]], [[3.2011121, 50.6846389], [3.2012152, 50.6846513]]]}, "properties": {"cleabs": "VOIE_NOM0000002339387483", "identifiant_voie_ban": "59512_3225", "nom": "Rue Léonie Vanhoutte", "nom_normalise": "R LEONIE VANHOUTTE", "type_voie": "rue"}}, {"type": "Feature", "geometry": {"type": "MultiLineString", "coordinates": [[[3.1873201, 50.6898203], [3.1877317, 50.6899821], [3.1880883, 50.6901278]], [[3.1880883, 50.6901278], [3.1884872, 50.6902878], [3.1888296, 50.6904246]]]}, "properties": {"cleabs": "VOIE_NOM0000002339387521", "identifiant_voie_ban": "59512_3250", "nom": "Rue Leverrier", "nom_normalise": "R LEVERRIER", "type_voie": "rue"}}, {"type": "Feature", "geometry": {"type": "MultiLineString", "coordinates": [[[3.1874038, 50.6918302], [3.1865225, 50.6915112], [3.1859454, 50.6913021], [3.1857841, 50.691244]], [[3.188121, 50.6920822], [3.1888185, 50.6923494], [3.1889345, 50.6923851]], [[3.1874958, 50.6918642], [3.1874038, 50.6918302]], [[3.1874958, 50.6918642], [3.188121, 50.6920822]]]}, "properties": {"cleabs": "VOIE_NOM0000002339387609", "identifiant_voie_ban": "59512_1870", "nom": "Rue Edouard Anseele", "nom_normalise": "R EDOUARD ANSEELE", "type_voie": "rue"}}, {"type": "Feature", "geometry": {"type": "MultiLineString", "coordinates": [[[3.1993182, 50.6775337], [3.1991866, 50.6774505]], [[3.2001154, 50.6780395], [3.1993749, 50.6775687], [3.1993182, 50.6775337]], [[3.2013557, 50.6788218], [3.2014506, 50.6788826], [3.2017125, 50.6790482], [3.202184, 50.6793445]], [[3.2019188, 50.6794113], [3.2017404, 50.6792977], [3.2010565, 50.6788698]], [[3.2000838, 50.678263], [3.198978, 50.6775765]], [[3.2012495, 50.6787564], [3.2007554, 50.6784441], [3.2002499, 50.6781236], [3.2001154, 50.6780395]], [[3.2008682, 50.6787535], [3.2008243, 50.6787239], [3.2004845, 50.6785109], [3.2000923, 50.6782675], [3.2000838, 50.678263]], [[3.2013557, 50.6788218], [3.2013061, 50.6787922], [3.2012495, 50.6787564]], [[3.2010565, 50.6788698], [3.2008682, 50.6787535]], [[3.2056004, 50.6817295], [3.2052973, 50.6815308], [3.2046658, 50.6811415], [3.2046304, 50.6811191]], [[3.2077909, 50.68273], [3.2075928, 50.6826334], [3.2071313, 50.6823784], [3.2066415, 50.6821073], [3.2062705, 50.6818845], [3.2055327, 50.6814254]], [[3.2056004, 50.6817295], [3.2058199, 50.6818727], [3.2063184, 50.6821904], [3.2068395, 50.6825171], [3.2075801, 50.6829906], [3.2078662, 50.6831615], [3.2079242, 50.6832], [3.2079639, 50.683234], [3.2079952, 50.6832797], [3.2080095, 50.683321], [3.2080326, 50.6834376]], [[3.2082576, 50.6828593], [3.2081318, 50.6828416], [3.2080074, 50.6828158], [3.2078773, 50.6827693], [3.2077909, 50.68273]], [[3.2033701, 50.6803261], [3.2028434, 50.679994], [3.2023379, 50.6796745]], [[3.2033701, 50.6803261], [3.2045964, 50.6810985], [3.2046304, 50.6811191]], [[3.2048006, 50.6809546], [3.2052764, 50.6812652], [3.2055327, 50.6814254]], [[3.2024941, 50.6795387], [3.202184, 50.6793445]], [[3.2022147, 50.6795975], [3.2022034, 50.6795903], [3.2021354, 50.6795465], [3.2020745, 50.679508], [3.2019188, 50.6794113]], [[3.2023379, 50.6796745], [3.2022147, 50.6795975]], [[3.2048006, 50.6809546], [3.2024941, 50.6795387]]]}, "properties": {"cleabs": "VOIE_NOM0000002339387612", "identifiant_voie_ban": "59512_4810", "nom": "Avenue Roger Salengro", "nom_normalise": "AV ROGER SALENGRO", "type_voie": "avenue"}}, {"type": "Feature", "geometry": {"type": "MultiLineString", "coordinates": [[[3.190988, 50.6948452], [3.1912213, 50.6948933], [3.191318, 50.6946706], [3.1910776, 50.6946288]], [[3.1910776, 50.6946288], [3.190995, 50.6948273]], [[3.1911154, 50.6945399], [3.1910776, 50.6946288]], [[3.190995, 50.6948273], [3.190988, 50.6948452]]]}, "properties": {"cleabs": "VOIE_NOM0000002339387625", "identifiant_voie_ban": "59512_1050", "nom": "Place Chaptal", "nom_normalise": "PL CHAPTAL", "type_voie": "place"}}, {"type": "Feature", "geometry": {"type": "MultiLineString", "coordinates": [[[3.1608644, 50.6881496], [3.1611704, 50.6879725], [3.1616793, 50.6876577], [3.1618245, 50.6875642]]]}, "properties": {"cleabs": "VOIE_NOM0000002339387645", "identifiant_voie_ban": "59512_4430", "nom": "Rue Philippe de Girard", "nom_normalise": "R PHILIPPE DE GIRARD", "type_voie": "rue"}}, {"type": "Feature", "geometry": {"type": "MultiLineString", "coordinates": [[[3.1858355, 50.7012807], [3.1864572, 50.7012816]], [[3.1858355, 50.7012807], [3.1857139, 50.7012701], [3.1856856, 50.7012684]], [[3.1895375, 50.7013119], [3.1898357, 50.7013168], [3.1898922, 50.7013168], [3.1903868, 50.7013187], [3.1906256, 50.7013219]], [[3.1887434, 50.7013059], [3.1892973, 50.7013087], [3.1895375, 50.7013119]], [[3.1876046, 50.7013005], [3.1877854, 50.7013002]], [[3.1877854, 50.7013002], [3.1879691, 50.7013008], [3.1880694, 50.7013007], [3.1885498, 50.7013035], [3.1887434, 50.7013059]], [[3.1864572, 50.7012816], [3.1873926, 50.7012999]], [[3.1873926, 50.7012999], [3.1876046, 50.7013005]], [[3.1936399, 50.7021931], [3.1937334, 50.702236]], [[3.1937334, 50.702236], [3.1937872, 50.702261], [3.1939841, 50.7023863], [3.1940492, 50.7024284]], [[3.192277, 50.7015993], [3.192577, 50.7017299], [3.1934772, 50.7021179], [3.1936399, 50.7021931]], [[3.1916613, 50.7013454], [3.1917689, 50.7013767], [3.192277, 50.7015993]], [[3.1911088, 50.7013239], [3.1913024, 50.7013272], [3.1915779, 50.701333], [3.1916613, 50.7013454]], [[3.1906256, 50.7013219], [3.1911088, 50.7013239]], [[3.1948651, 50.7029404], [3.1946215, 50.7027999]], [[3.194307, 50.7025976], [3.1943467, 50.7026254], [3.1945337, 50.7027498], [3.1946215, 50.7027999]], [[3.1940492, 50.7024284], [3.1942943, 50.7025851], [3.194307, 50.7025976]]]}, "properties": {"cleabs": "VOIE_NOM0000002339387663", "identifiant_voie_ban": "59512_0990", "nom": "Rue de Cartigny", "nom_normalise": "R DE CARTIGNY", "type_voie": "rue"}}, {"type": "Feature", "geometry": {"type": "MultiLineString", "coordinates": [[[3.1810483, 50.6918737], [3.1805306, 50.6917121], [3.180129, 50.6915879], [3.1796609, 50.6914459], [3.1796425, 50.6914405], [3.1794798, 50.6913717]], [[3.1797246, 50.6910932], [3.1795903, 50.6910548], [3.1794743, 50.6910199]], [[3.1811642, 50.6919094], [3.1810978, 50.6918898], [3.1810483, 50.6918737]], [[3.181269, 50.6915638], [3.1811883, 50.691537], [3.1804529, 50.6913102], [3.1798095, 50.6911191], [3.1797246, 50.6910932]], [[3.1813821, 50.6915995], [3.1813185, 50.6915808], [3.181269, 50.6915638]], [[3.1844398, 50.6925453], [3.184191, 50.6925035], [3.1836722, 50.6924137], [3.1831449, 50.692313], [3.182988, 50.6922864], [3.1829343, 50.6922775], [3.1826912, 50.6922356], [3.1820748, 50.6921244], [3.1820423, 50.6921181], [3.1817624, 50.6920683], [3.1816945, 50.6920549]], [[3.182174, 50.6918263], [3.1820807, 50.6918094], [3.1819902, 50.6917898], [3.1818644, 50.6917505], [3.1816678, 50.6916844], [3.1813821, 50.6915995]], [[3.1816945, 50.6920549], [3.1816521, 50.6920469], [3.181532, 50.6920202], [3.1813156, 50.6919541], [3.1811642, 50.6919094]], [[3.1846239, 50.6922902], [3.1847823, 50.692316]], [[3.1844398, 50.6925453], [3.1845671, 50.6925775]], [[3.1846239, 50.6922902], [3.1844543, 50.6922618], [3.1836104, 50.6921105], [3.1830095, 50.6919938], [3.1829304, 50.6919778], [3.1827339, 50.6919395], [3.1825232, 50.6918976], [3.182174, 50.6918263]], [[3.1861826, 50.6927985], [3.1860073, 50.6927655], [3.1857571, 50.6927193], [3.1855451, 50.69269], [3.1853586, 50.692692], [3.1851905, 50.6926806], [3.1850378, 50.6926566], [3.1845671, 50.6925775]], [[3.1847823, 50.692316], [3.1849222, 50.6923391], [3.185, 50.6923534], [3.1850862, 50.6923685], [3.1851781, 50.6923863], [3.1852714, 50.6924077], [3.1853647, 50.6924345], [3.1854567, 50.6924649], [3.1855472, 50.692497], [3.1856363, 50.6925283], [3.1857339, 50.6925551], [3.1858399, 50.6925765], [3.1859474, 50.6925969], [3.1860562, 50.6926165], [3.1861623, 50.6926361], [3.1862654, 50.6926548], [3.1863672, 50.6926735], [3.1864662, 50.6926922], [3.1865666, 50.69271], [3.1866768, 50.6927295], [3.186797, 50.6927509], [3.186927, 50.692774], [3.1870585, 50.692799], [3.1870854, 50.6928052]], [[3.1870854, 50.6928052], [3.1871872, 50.692823], [3.1873102, 50.6928444], [3.1874275, 50.6928612], [3.1875391, 50.69287], [3.1876437, 50.6928726], [3.1877397, 50.6928688], [3.1878287, 50.6928633], [3.1879106, 50.692856], [3.1879671, 50.6928514]], [[3.1886457, 50.692976], [3.1886203, 50.6929788], [3.1883449, 50.6930088], [3.1880681, 50.6930379], [3.1877899, 50.6930527], [3.1875129, 50.6930361], [3.1872401, 50.6929925], [3.1869658, 50.6929427], [3.1866916, 50.6928928], [3.1864173, 50.6928421], [3.1862788, 50.6928163], [3.1861826, 50.6927985]], [[3.1879671, 50.6928514], [3.1881196, 50.6928359], [3.1881775, 50.6928305], [3.1882255, 50.6928259], [3.1882933, 50.6928195], [3.1883668, 50.6928131], [3.1884402, 50.6928067], [3.1886054, 50.6927921], [3.1887636, 50.6927775]], [[3.1894948, 50.6926167], [3.1896812, 50.6925976], [3.1901232, 50.6925493]], [[3.1894948, 50.6926167], [3.1894523, 50.6925952], [3.1891015, 50.692463], [3.1890096, 50.6924389]], [[3.188878, 50.6927666], [3.1889866, 50.6927287], [3.1890388, 50.6927107], [3.1890868, 50.6926909], [3.1891362, 50.6926702], [3.1891855, 50.6926522], [3.189242, 50.6926386], [3.1893069, 50.6926313], [3.1894948, 50.6926167]], [[3.1901232, 50.6925493], [3.1904974, 50.6925156], [3.1905808, 50.6925307]], [[3.1905808, 50.6925307], [3.1906883, 50.6925601], [3.1907632, 50.6925663]]]}, "properties": {"cleabs": "VOIE_NOM0000002339387758", "identifiant_voie_ban": "59512_2270", "nom": "Boulevard Gambetta", "nom_normalise": "BD GAMBETTA", "type_voie": "boulevard"}}, {"type": "Feature", "geometry": {"type": "MultiLineString", "coordinates": [[[3.1830485, 50.7018896], [3.1842908, 50.7023481]]]}, "properties": {"cleabs": "VOIE_NOM0000002339387807", "identifiant_voie_ban": "59512_tr4xo9", "nom": "Cour Veuve Verghote", "nom_normalise": "COUR VEUVE VERGHOTE", "type_voie": "cour"}}, {"type": "Feature", "geometry": {"type": "MultiLineString", "coordinates": [[[3.1766441, 50.6784223], [3.1768097, 50.6785253], [3.1770816, 50.6787232], [3.1771595, 50.678777], [3.1773606, 50.6789319], [3.1778024, 50.6792669], [3.1778322, 50.6792956]]]}, "properties": {"cleabs": "VOIE_NOM0000002339387953", "identifiant_voie_ban": "59512_4330", "nom": "Rue Payen", "nom_normalise": "R PAYEN", "type_voie": "rue"}}, {"type": "Feature", "geometry": {"type": "MultiLineString", "coordinates": [[[3.1837484, 50.6896712], [3.1837979, 50.6896918], [3.1848706, 50.6902161], [3.185431, 50.690488], [3.1855018, 50.6905265], [3.1855499, 50.6905641], [3.1855656, 50.6906018], [3.1855727, 50.6906054]], [[3.1855727, 50.6906054], [3.1855941, 50.6906502], [3.1856381, 50.6907103], [3.1856678, 50.6907228], [3.1858362, 50.6908042]]]}, "properties": {"cleabs": "VOIE_NOM0000002339387960", "identifiant_voie_ban": "59512_1735", "nom": "Rue du Docteur Albert Schweitzer", "nom_normalise": "R DU DOCTEUR ALBERT SCHWEITZER", "type_voie": "rue"}}, {"type": "Feature", "geometry": {"type": "MultiLineString", "coordinates": [[[3.1860721, 50.6961287], [3.1860452, 50.6961207], [3.1853663, 50.6959117], [3.1848798, 50.6957698]]]}, "properties": {"cleabs": "VOIE_NOM0000002339388031", "identifiant_voie_ban": "59512_3840", "nom": "Rue Montaigne", "nom_normalise": "R MONTAIGNE", "type_voie": "rue"}}, {"type": "Feature", "geometry": {"type": "MultiLineString", "coordinates": [[[3.1727621, 50.6715844], [3.1728061, 50.6716472], [3.1728162, 50.6716875], [3.1728206, 50.6717396], [3.1728264, 50.6718024], [3.1728309, 50.6718661], [3.1728395, 50.671919], [3.1728453, 50.671963], [3.1728554, 50.6720061], [3.1728738, 50.672033], [3.1729107, 50.6720706], [3.1730465, 50.672135], [3.1731214, 50.6721591], [3.1731836, 50.6721662], [3.1732415, 50.672168], [3.1732951, 50.6721625], [3.1733416, 50.6721472], [3.1734107, 50.6721112], [3.1736052, 50.6719934], [3.1737644, 50.6719043], [3.1739731, 50.671799], [3.1742424, 50.6716829], [3.1742649, 50.6716577], [3.1742676, 50.6716344], [3.1742633, 50.6716084], [3.1742406, 50.6715734], [3.1741939, 50.6715376], [3.1741062, 50.6714973], [3.1739818, 50.6714508], [3.1737485, 50.6713793], [3.173617, 50.6713257], [3.1735533, 50.6712845]]]}, "properties": {"cleabs": "VOIE_NOM0000002339388039", "identifiant_voie_ban": "59512_0030", "nom": "Square des Acacias", "nom_normalise": "SQ DES ACACIAS", "type_voie": "square"}}, {"type": "Feature", "geometry": {"type": "MultiLineString", "coordinates": [[[3.1784755, 50.7025316], [3.1785616, 50.7024992], [3.1786815, 50.7024335], [3.1788408, 50.7023462], [3.1795206, 50.7027796], [3.1797429, 50.7029004]]]}, "properties": {"cleabs": "VOIE_NOM0000002339388043", "identifiant_voie_ban": "59512_3p0tcx", "nom": "Cité Vandamme", "nom_normalise": "CITE VANDAMME", "type_voie": "cité"}}, {"type": "Feature", "geometry": {"type": "MultiLineString", "coordinates": [[[3.1863629, 50.6846583], [3.1865278, 50.6845683], [3.1865983, 50.6845296], [3.1867336, 50.6844567]]]}, "properties": {"cleabs": "VOIE_NOM0000002339388075", "identifiant_voie_ban": "59512_2010", "nom": "Rue Fabert", "nom_normalise": "R FABERT", "type_voie": "rue"}}, {"type": "Feature", "geometry": {"type": "MultiLineString", "coordinates": [[[3.1760911, 50.6822199], [3.1762012, 50.6821811], [3.1765807, 50.6820523], [3.1768078, 50.6819757], [3.177578, 50.6817108], [3.1780661, 50.6815414]], [[3.1785133, 50.6813926], [3.1788914, 50.6812674], [3.1796447, 50.6810096], [3.1799001, 50.6809348]], [[3.1780661, 50.6815414], [3.1780831, 50.6815359], [3.1785133, 50.6813926]]]}, "properties": {"cleabs": "VOIE_NOM0000002339388111", "identifiant_voie_ban": "59512_2540", "nom": "Rue d'Hem", "nom_normalise": "R D'HEM", "type_voie": "rue"}}, {"type": "Feature", "geometry": {"type": "MultiLineString", "coordinates": [[[3.2039905, 50.6890851], [3.2039975, 50.6890887], [3.2040203, 50.6891138], [3.2039754, 50.689191], [3.2035931, 50.6896798]], [[3.2035931, 50.6896798], [3.2035805, 50.6896951], [3.2035664, 50.6897202], [3.2035509, 50.6897301], [3.2035001, 50.6897266]]]}, "properties": {"cleabs": "VOIE_NOM0000002339388222", "identifiant_voie_ban": "59512_5490", "nom": "Rue de Valenciennes", "nom_normalise": "R DE VALENCIENNES", "type_voie": "rue"}}, {"type": "Feature", "geometry": {"type": "MultiLineString", "coordinates": [[[3.1975681, 50.6860723], [3.197933, 50.6861821], [3.1986012, 50.6862043]]]}, "properties": {"cleabs": "VOIE_NOM0000002339388397", "identifiant_voie_ban": "59512_mqrho5", "nom": "Impasse des Villas", "nom_normalise": "IMP DES VILLAS", "type_voie": "impasse"}}, {"type": "Feature", "geometry": {"type": "MultiLineString", "coordinates": [[[3.186404, 50.6850701], [3.1860843, 50.685321]], [[3.1867068, 50.6852231], [3.186404, 50.6850701]], [[3.1856935, 50.6846844], [3.1860077, 50.6848589], [3.1861959, 50.6849645], [3.186404, 50.6850701]], [[3.1856935, 50.6846844], [3.1853309, 50.6844364]], [[3.1853309, 50.6844364], [3.1853069, 50.6844194], [3.1849925, 50.6842081]], [[3.1849925, 50.6842081], [3.1848849, 50.6841364], [3.1844091, 50.683815]], [[3.1876268, 50.6857198], [3.1874385, 50.6855971], [3.1869573, 50.6853493]], [[3.1869573, 50.6853493], [3.1869276, 50.6853341], [3.1867068, 50.6852231]]]}, "properties": {"cleabs": "VOIE_NOM0000002339388564", "identifiant_voie_ban": "59512_3070", "nom": "Rue La Fontaine", "nom_normalise": "R LA FONTAINE", "type_voie": "rue"}}, {"type": "Feature", "geometry": {"type": "MultiLineString", "coordinates": [[[3.2088554, 50.6829463], [3.2088003, 50.6829455]], [[3.2086746, 50.6832912], [3.208894, 50.6830566], [3.208922, 50.6829865], [3.2089232, 50.6829479], [3.2088554, 50.6829463]]]}, "properties": {"cleabs": "VOIE_NOM0000002339388612", "identifiant_voie_ban": "59512_y0v1ry", "nom": "Rangée Fremaux", "nom_normalise": "RANGEE FREMAUX", "type_voie": ""}}, {"type": "Feature", "geometry": {"type": "MultiLineString", "coordinates": [[[3.1957988, 50.6891099], [3.1957499, 50.6892536], [3.1954713, 50.6898992]], [[3.1948718, 50.6904817], [3.1949436, 50.6904196], [3.195128, 50.6902533], [3.1951829, 50.6901958], [3.1952617, 50.6901329], [3.195325, 50.6900628], [3.1953827, 50.6900089], [3.1954713, 50.6898992]], [[3.194458, 50.6908843], [3.1945946, 50.6907648], [3.1948718, 50.6904817]], [[3.1943187, 50.6910299], [3.194458, 50.6908843]]]}, "properties": {"cleabs": "VOIE_NOM0000002339388665", "identifiant_voie_ban": "59512_3100", "nom": "Rue Lannes", "nom_normalise": "R LANNES", "type_voie": "rue"}}, {"type": "Feature", "geometry": {"type": "MultiLineString", "coordinates": [[[3.1584622, 50.6870068], [3.1584554, 50.6870723], [3.1584253, 50.6873784], [3.1583924, 50.6877122], [3.1583998, 50.6878181]], [[3.1583998, 50.6878181], [3.1584013, 50.687836], [3.1584127, 50.6878692]], [[3.1584127, 50.6878692], [3.1584339, 50.6878925], [3.1585642, 50.6879956], [3.1588886, 50.6882644], [3.1589877, 50.6883468]], [[3.1589877, 50.6883468], [3.1590033, 50.6883593], [3.1590401, 50.6883871], [3.1594536, 50.6887213]], [[3.1597072, 50.6889354], [3.1595287, 50.6887894], [3.1594536, 50.6887213]], [[3.1599296, 50.68912], [3.1597072, 50.6889354]], [[3.1600188, 50.6891926], [3.1599296, 50.68912]], [[3.1602737, 50.6894013], [3.160193, 50.6893377], [3.1600188, 50.6891926]], [[3.1605653, 50.6895885], [3.1604408, 50.6895151], [3.1602935, 50.6894165], [3.1602737, 50.6894013]], [[3.1611966, 50.6899673], [3.1611569, 50.6899431]], [[3.1611569, 50.6899431], [3.1609928, 50.6898437]], [[3.1607521, 50.6896986], [3.160612, 50.6896154], [3.1605653, 50.6895885]], [[3.16083, 50.6897425], [3.1607903, 50.6897192], [3.1607521, 50.6896986]], [[3.1609928, 50.6898437], [3.16083, 50.6897425]], [[3.1611966, 50.6899673], [3.1616707, 50.690252], [3.1617259, 50.6902851]], [[3.1617259, 50.6902851], [3.1618547, 50.6903639], [3.1620104, 50.6904633], [3.1621039, 50.6905305], [3.162281, 50.69069], [3.1623774, 50.6907895]], [[3.1628423, 50.6912815], [3.1628921, 50.6913739], [3.1629148, 50.6914232], [3.1629319, 50.6914681], [3.1629491, 50.691547]], [[3.1623774, 50.6907895], [3.1624312, 50.6908477], [3.1626921, 50.691122], [3.1628423, 50.6912815]], [[3.1629491, 50.691547], [3.1629819, 50.6916313], [3.1630694, 50.6920314], [3.1630938, 50.6921543], [3.1630376, 50.6922352]], [[3.1583791, 50.6861697], [3.1584867, 50.6862674], [3.1585364, 50.6863364]], [[3.1585364, 50.6863364], [3.158502, 50.6866424]], [[3.1585965, 50.6861344], [3.158584, 50.6861918], [3.1585364, 50.6863364]], [[3.158502, 50.6866424], [3.1584622, 50.6870068]]]}, "properties": {"cleabs": "VOIE_NOM0000002339388711", "identifiant_voie_ban": "59512_1930", "nom": "Rue de l'Épeule", "nom_normalise": "R DE L'EPEULE", "type_voie": "rue"}}, {"type": "Feature", "geometry": {"type": "MultiLineString", "coordinates": [[[3.15905, 50.6950607], [3.1598402, 50.6956591], [3.1604279, 50.6960837], [3.1606644, 50.6962539], [3.160755, 50.6963264]], [[3.1577373, 50.6941022], [3.1578902, 50.6942133], [3.1583264, 50.6945376], [3.158383, 50.6945788]], [[3.158383, 50.6945788], [3.1586478, 50.6947696], [3.15905, 50.6950607]]]}, "properties": {"cleabs": "VOIE_NOM0000002339388726", "identifiant_voie_ban": "59512_2760", "nom": "Rue d'Italie", "nom_normalise": "R D'ITALIE", "type_voie": "rue"}}, {"type": "Feature", "geometry": {"type": "MultiLineString", "coordinates": [[[3.1893168, 50.6918632], [3.1893238, 50.6918524], [3.1893561, 50.691794], [3.1893869, 50.6917366], [3.1894206, 50.6916809], [3.1894529, 50.6916261], [3.1894838, 50.6915731], [3.1895161, 50.691521], [3.1895484, 50.6914707], [3.1895849, 50.6914222], [3.1896229, 50.6913773], [3.1896566, 50.691335], [3.1896833, 50.691291], [3.1897043, 50.6912497], [3.189724, 50.6912174], [3.1897437, 50.6911931], [3.1897802, 50.691132]], [[3.1892236, 50.691884], [3.1892741, 50.6917969], [3.1893387, 50.6916828], [3.1893976, 50.6915795], [3.1894481, 50.6914897], [3.1894945, 50.691408], [3.1895352, 50.6913361], [3.1895506, 50.6913101], [3.1896149, 50.6911359]], [[3.1891119, 50.6922225], [3.1891175, 50.6922117], [3.1891526, 50.6921506], [3.1891876, 50.6920886], [3.1892227, 50.6920276], [3.1892564, 50.6919692], [3.1892901, 50.6919108], [3.1893168, 50.6918632]], [[3.1889345, 50.6923851], [3.1890046, 50.6922621], [3.1890818, 50.6921283], [3.1891618, 50.6919891], [3.1891843, 50.6919495], [3.1892011, 50.6919217], [3.1892236, 50.691884]], [[3.1890096, 50.6924389], [3.1890137, 50.6924254], [3.1890319, 50.6923769], [3.1890557, 50.6923266], [3.1890852, 50.6922709], [3.1891119, 50.6922225]], [[3.1888988, 50.6926661], [3.1889199, 50.6926301], [3.1889381, 50.6925987], [3.1889493, 50.6925789], [3.1889564, 50.6925682], [3.1889578, 50.6925646], [3.1889606, 50.6925592], [3.1889634, 50.6925529], [3.1889718, 50.692534], [3.1889844, 50.6925053], [3.1889984, 50.6924685], [3.1890096, 50.6924389]], [[3.1887636, 50.6927775], [3.1887422, 50.6927327], [3.1887464, 50.6927067], [3.1888573, 50.6925163], [3.1889317, 50.6923896], [3.1889345, 50.6923851]], [[3.1887636, 50.6927775], [3.1888398, 50.692746], [3.1888988, 50.6926661]]]}, "properties": {"cleabs": "VOIE_NOM0000002339388760", "identifiant_voie_ban": "59512_1320", "nom": "Boulevard de Colmar", "nom_normalise": "BD DE COLMAR", "type_voie": "boulevard"}}, {"type": "Feature", "geometry": {"type": "MultiLineString", "coordinates": [[[3.2004789, 50.690916], [3.2002774, 50.6913947], [3.2001473, 50.6917107]], [[3.2001473, 50.6917107], [3.2000704, 50.691902], [3.1999054, 50.6923447], [3.1998887, 50.6923842], [3.199746, 50.6927371], [3.1995837, 50.6931501], [3.1995712, 50.6931905]]]}, "properties": {"cleabs": "VOIE_NOM0000002339388795", "identifiant_voie_ban": "59512_2990", "nom": "Rue Kellermann", "nom_normalise": "R KELLERMANN", "type_voie": "rue"}}, {"type": "Feature", "geometry": {"type": "MultiLineString", "coordinates": [[[3.1579612, 50.6920865], [3.1580292, 50.6921456], [3.1583454, 50.6925167], [3.1587114, 50.6929739], [3.1588319, 50.6931254], [3.1589227, 50.6932374], [3.1590787, 50.6934293], [3.1592076, 50.6935529], [3.1592629, 50.6936139]], [[3.1530993, 50.6890416], [3.1530257, 50.688986], [3.1529761, 50.6889484], [3.1529322, 50.6889089], [3.1528968, 50.6888659], [3.1528684, 50.6888238], [3.1528442, 50.6887834], [3.1528187, 50.6887467], [3.1527776, 50.6887135], [3.1527337, 50.6886831]], [[3.1530318, 50.6886818], [3.1530051, 50.6887159], [3.1529882, 50.6887483], [3.15297, 50.6887896], [3.1529673, 50.6888353], [3.1529759, 50.6888829], [3.1530015, 50.6889322], [3.1530398, 50.6889806], [3.1530993, 50.6890416]], [[3.1530993, 50.6890416], [3.1531729, 50.689089], [3.153548, 50.6893299], [3.1538622, 50.6895368]], [[3.1538622, 50.6895368], [3.1543123, 50.6898342], [3.1554036, 50.6905283], [3.1556867, 50.6906957]], [[3.1556867, 50.6906957], [3.1562726, 50.6910459]], [[3.1562726, 50.6910459], [3.1570652, 50.691525]], [[3.1570652, 50.691525], [3.1572747, 50.6916521], [3.1578833, 50.6920139], [3.1579612, 50.6920865]]]}, "properties": {"cleabs": "VOIE_NOM0000002339389036", "identifiant_voie_ban": "59512_3440", "nom": "Rue du Luxembourg", "nom_normalise": "R DU LUXEMBOURG", "type_voie": "rue"}}, {"type": "Feature", "geometry": {"type": "MultiLineString", "coordinates": [[[3.1766109, 50.6906382], [3.1764635, 50.6909121]], [[3.1773175, 50.6899292], [3.1771961, 50.6899518], [3.177158, 50.6899599], [3.1770522, 50.6899905]], [[3.1772985, 50.68973], [3.1772422, 50.6897973], [3.1771704, 50.689854], [3.1770971, 50.6899124], [3.1770522, 50.6899905]], [[3.1770522, 50.6899905], [3.1770353, 50.6900022], [3.1769958, 50.6900364]], [[3.1769958, 50.6900364], [3.176948, 50.6900831], [3.1769198, 50.6901218], [3.1766109, 50.6906382]]]}, "properties": {"cleabs": "VOIE_NOM0000002339389092", "identifiant_voie_ban": "59512_2490", "nom": "Rue de la Halle", "nom_normalise": "R DE LA HALLE", "type_voie": "rue"}}, {"type": "Feature", "geometry": {"type": "MultiLineString", "coordinates": [[[3.1826398, 50.7052786], [3.1826907, 50.7052902], [3.1827614, 50.7053242], [3.1828039, 50.7053448], [3.1828492, 50.7053653], [3.1829384, 50.7054065], [3.1831125, 50.7054852], [3.1831946, 50.7055227], [3.1832342, 50.7055424], [3.1832767, 50.7055612], [3.1833163, 50.70558], [3.1833559, 50.7055997], [3.1834267, 50.7056337], [3.1836348, 50.705733]], [[3.1841331, 50.7059745], [3.1836348, 50.705733]], [[3.1846751, 50.7061891], [3.1845294, 50.7061489], [3.1844318, 50.7061176], [3.1842973, 50.7060514], [3.1841331, 50.7059745]], [[3.1848406, 50.7062319], [3.1847289, 50.7062042], [3.1846935, 50.7061944], [3.1846751, 50.7061891]], [[3.1855592, 50.7064184], [3.1851588, 50.7063104], [3.1848406, 50.7062319]], [[3.1872799, 50.7070753], [3.1868369, 50.7068867], [3.1865071, 50.7067364], [3.186224, 50.7066076], [3.1860712, 50.7065522], [3.1859269, 50.7065183], [3.1855592, 50.7064184]]]}, "properties": {"cleabs": "VOIE_NOM0000002339389101", "identifiant_voie_ban": "59512_2690", "nom": "Rue du Hutin", "nom_normalise": "R DU HUTIN", "type_voie": "rue"}}, {"type": "Feature", "geometry": {"type": "MultiLineString", "coordinates": [[[3.1932191, 50.6828046], [3.1940796, 50.6832529]], [[3.1940796, 50.6832529], [3.1947107, 50.6835651], [3.1955839, 50.6840088], [3.196303, 50.6843846], [3.196453, 50.6844776]], [[3.1982646, 50.6853775], [3.1989623, 50.6857282], [3.1995653, 50.6860287]], [[3.1973644, 50.6849213], [3.1969809, 50.684729], [3.1965662, 50.6845196], [3.196453, 50.6844776]], [[3.1982646, 50.6853775], [3.1977607, 50.6851154], [3.1973644, 50.6849213]]]}, "properties": {"cleabs": "VOIE_NOM0000002339389140", "identifiant_voie_ban": "59512_5600", "nom": "Rue Victor Hugo", "nom_normalise": "R VICTOR HUGO", "type_voie": "rue"}}, {"type": "Feature", "geometry": {"type": "MultiLineString", "coordinates": [[[3.1713992, 50.6967394], [3.1719706, 50.6964936], [3.1721413, 50.6964171], [3.172903, 50.6960589], [3.173099, 50.6959716], [3.173308, 50.6959237], [3.173452, 50.6959002]], [[3.169886, 50.6975473], [3.1704176, 50.6972522], [3.170529, 50.6971928], [3.1712835, 50.6967862], [3.1713992, 50.6967394]], [[3.1683683, 50.6983139], [3.1685066, 50.6982455], [3.1689508, 50.6980134], [3.1691356, 50.6979162], [3.1692259, 50.6978712], [3.169886, 50.6975473]], [[3.1656051, 50.6997067], [3.1658083, 50.699614], [3.1661834, 50.6994196]], [[3.1661834, 50.6994196], [3.1666263, 50.6991776]], [[3.1680157, 50.6984902], [3.1681483, 50.6984227], [3.1683683, 50.6983139]], [[3.1666263, 50.6991776], [3.166646, 50.6991678], [3.1667688, 50.6991075], [3.1669112, 50.6990373], [3.1672187, 50.698887], [3.1676842, 50.6986585], [3.1680157, 50.6984902]]]}, "properties": {"cleabs": "VOIE_NOM0000002339389151", "identifiant_voie_ban": "59512_2100", "nom": "Rue du Fontenoy", "nom_normalise": "R DU FONTENOY", "type_voie": "rue"}}, {"type": "Feature", "geometry": {"type": "MultiLineString", "coordinates": [[[3.1841936, 50.6885821], [3.1837526, 50.6889085], [3.183654, 50.6889831]], [[3.1845894, 50.6882836], [3.1846908, 50.6882063], [3.1849388, 50.6880237]], [[3.1845894, 50.6882836], [3.184326, 50.688485], [3.1841936, 50.6885821]]]}, "properties": {"cleabs": "VOIE_NOM0000002339389178", "identifiant_voie_ban": "59512_2560", "nom": "Rue Henri Lefebvre", "nom_normalise": "R HENRI LEFEBVRE", "type_voie": "rue"}}, {"type": "Feature", "geometry": {"type": "MultiLineString", "coordinates": [[[3.1764764, 50.6769033], [3.1766083, 50.6770638], [3.1768181, 50.6772941], [3.1769272, 50.6774007], [3.1770164, 50.6774625], [3.1771141, 50.6775234], [3.1771764, 50.6775637], [3.1772273, 50.6775896]], [[3.1764764, 50.6769033], [3.1763149, 50.6767681], [3.1760456, 50.6764831]], [[3.1760456, 50.6764831], [3.1758769, 50.6763056]], [[3.1725176, 50.672746], [3.1731356, 50.6733975]], [[3.1731356, 50.6733975], [3.173154, 50.6734199], [3.1732716, 50.6735436], [3.1734814, 50.673764]], [[3.1734814, 50.673764], [3.1738953, 50.6741978], [3.1740923, 50.6744129]], [[3.1751285, 50.6755206], [3.1750477, 50.6754373], [3.1749244, 50.6753109]], [[3.1758769, 50.6763056], [3.1757607, 50.6761838], [3.1756331, 50.6760565], [3.1752348, 50.6756362], [3.1751285, 50.6755206]], [[3.1748521, 50.6752338], [3.174906, 50.6752921], [3.1749244, 50.6753109]], [[3.1748521, 50.6752338], [3.1747203, 50.6750895]], [[3.1747203, 50.6750895], [3.1744523, 50.6748001], [3.1741717, 50.6745106], [3.1740923, 50.6744129]], [[3.1717721, 50.6719483], [3.1719067, 50.6720944], [3.1720598, 50.6722593], [3.1720952, 50.6722979], [3.1723986, 50.6726214], [3.1725176, 50.672746]], [[3.1713498, 50.6715092], [3.171663, 50.6718399], [3.1717721, 50.6719483]]]}, "properties": {"cleabs": "VOIE_NOM0000002339389217", "identifiant_voie_ban": "59512_1900", "nom": "Rue Edouard Vaillant", "nom_normalise": "R EDOUARD VAILLANT", "type_voie": "rue"}}, {"type": "Feature", "geometry": {"type": "MultiLineString", "coordinates": [[[3.1816945, 50.6920549], [3.1816525, 50.6921528], [3.1814687, 50.6924995], [3.1812555, 50.6929126]]]}, "properties": {"cleabs": "VOIE_NOM0000002339389450", "identifiant_voie_ban": "59512_3370", "nom": "Rue Louis Catrice", "nom_normalise": "R LOUIS CATRICE", "type_voie": "rue"}}, {"type": "Feature", "geometry": {"type": "MultiLineString", "coordinates": [[[3.1775598, 50.6933136], [3.1776402, 50.6932875], [3.1777192, 50.6932398], [3.1779371, 50.6929613], [3.1782747, 50.6925418], [3.178331, 50.6924834]], [[3.176772, 50.6942776], [3.1768281, 50.6941609]], [[3.1773483, 50.6934476], [3.1773271, 50.6934243], [3.1773114, 50.693392], [3.1773141, 50.6933633], [3.1773282, 50.6933391], [3.1773507, 50.6933166], [3.1773888, 50.6932977], [3.177434, 50.6932887], [3.1774721, 50.6932877], [3.1775216, 50.6932966], [3.1775598, 50.6933136]], [[3.1775598, 50.6933136], [3.1775895, 50.693336], [3.1776122, 50.6933611], [3.177618, 50.6933862], [3.1776124, 50.6934167], [3.1775941, 50.6934374], [3.1775744, 50.6934509], [3.1775405, 50.6934689], [3.1775123, 50.6934806], [3.1774558, 50.6934861]], [[3.1774558, 50.6934861], [3.1773823, 50.69347], [3.1773483, 50.6934476]], [[3.1773483, 50.6934476], [3.1772808, 50.6935222], [3.1770346, 50.6938232], [3.1768279, 50.6941052], [3.1768281, 50.6941609]], [[3.1768281, 50.6941609], [3.1769283, 50.6941275], [3.1771168, 50.6938957], [3.1773841, 50.6935831], [3.1774558, 50.6934861]]]}, "properties": {"cleabs": "VOIE_NOM0000002339389469", "identifiant_voie_ban": "59512_2884", "nom": "Rue Jean Monnet", "nom_normalise": "R JEAN MONNET", "type_voie": "rue"}}, {"type": "Feature", "geometry": {"type": "MultiLineString", "coordinates": [[[3.1609878, 50.6931298], [3.160961, 50.6931397], [3.1607774, 50.6931785], [3.160601, 50.6932254]], [[3.160601, 50.6932254], [3.1602608, 50.6933165], [3.159548, 50.6935274], [3.1593406, 50.6935914]], [[3.1593406, 50.6935914], [3.1592629, 50.6936139]], [[3.1567243, 50.6945441], [3.156665, 50.6945594], [3.1565563, 50.694573], [3.1564122, 50.6945893], [3.1562187, 50.6945995], [3.1558543, 50.6946152], [3.1553472, 50.6946418]], [[3.1577373, 50.6941022], [3.1576978, 50.6941193], [3.1574933, 50.6942371]], [[3.1574933, 50.6942371], [3.1573636, 50.6943127], [3.1571746, 50.6944134], [3.1570137, 50.6944701], [3.1568443, 50.6945197], [3.1567568, 50.694536], [3.1567243, 50.6945441]], [[3.1583723, 50.69386], [3.1584189, 50.6938501], [3.1587322, 50.6937617], [3.1591034, 50.6936581], [3.1592629, 50.6936139]], [[3.1583723, 50.69386], [3.1581719, 50.6939204], [3.1579814, 50.6939942], [3.1577373, 50.6941022]]]}, "properties": {"cleabs": "VOIE_NOM0000002339389558", "identifiant_voie_ban": "59512_3901", "nom": "Rue de Mouvaux", "nom_normalise": "R DE MOUVAUX", "type_voie": "rue"}}, {"type": "Feature", "geometry": {"type": "MultiLineString", "coordinates": [[[3.1835319, 50.6899578], [3.1844716, 50.6904329], [3.1850901, 50.6907371], [3.1855557, 50.6909661], [3.1856024, 50.6909903], [3.1856293, 50.6910073]]]}, "properties": {"cleabs": "VOIE_NOM0000002339389721", "identifiant_voie_ban": "59512_2955", "nom": "Rue Jules Verne", "nom_normalise": "R JULES VERNE", "type_voie": "rue"}}, {"type": "Feature", "geometry": {"type": "MultiLineString", "coordinates": [[[3.1764907, 50.7002435], [3.1765302, 50.7002193], [3.1774759, 50.6995422], [3.177501, 50.6994713]], [[3.1764907, 50.7002435], [3.1760707, 50.7005358], [3.1757041, 50.7007696]]]}, "properties": {"cleabs": "VOIE_NOM0000002339389722", "identifiant_voie_ban": "59512_4440", "nom": "Rue Philippe Lebon", "nom_normalise": "R PHILIPPE LEBON", "type_voie": "rue"}}, {"type": "Feature", "geometry": {"type": "MultiLineString", "coordinates": [[[3.1988338, 50.6878713], [3.1987579, 50.6879674], [3.1983584, 50.6883727], [3.1981008, 50.6886217], [3.1973903, 50.6893345]]]}, "properties": {"cleabs": "VOIE_NOM0000002339389736", "identifiant_voie_ban": "59512_2630", "nom": "Rue Hoche", "nom_normalise": "R HOCHE", "type_voie": "rue"}}, {"type": "Feature", "geometry": {"type": "MultiLineString", "coordinates": [[[3.1943754, 50.6874323], [3.1946074, 50.6871556], [3.1947987, 50.6869363]]]}, "properties": {"cleabs": "VOIE_NOM0000002339389756", "identifiant_voie_ban": "59512_5110", "nom": "Rue du Saint-Rédempteur", "nom_normalise": "R DU SAINT-REDEMPTEUR", "type_voie": "rue"}}, {"type": "Feature", "geometry": {"type": "MultiLineString", "coordinates": [[[3.1833631, 50.6712354], [3.1834677, 50.6712711]], [[3.1834677, 50.6712711], [3.1835952, 50.6713616], [3.1839846, 50.6716715], [3.1842962, 50.6719053], [3.1848924, 50.6723872]], [[3.1848924, 50.6723872], [3.1852522, 50.6726666], [3.1860453, 50.6732837]], [[3.186599, 50.6737154], [3.1863526, 50.6735229], [3.1860453, 50.6732837]], [[3.1883212, 50.6750463], [3.1879955, 50.674792]], [[3.1879955, 50.674792], [3.1878977, 50.674714], [3.1877759, 50.6746209], [3.1877717, 50.6746173]], [[3.1877717, 50.6746173], [3.1875182, 50.6744248]], [[3.1870636, 50.6740764], [3.1868554, 50.6739161], [3.186599, 50.6737154]], [[3.1875182, 50.6744248], [3.1873242, 50.6742752], [3.1870636, 50.6740764]], [[3.1893765, 50.6758757], [3.1889374, 50.675547], [3.1884841, 50.6751798], [3.1883212, 50.6750463]]]}, "properties": {"cleabs": "VOIE_NOM0000002339389760", "identifiant_voie_ban": "59512_2660", "nom": "Rue Horace Vernet", "nom_normalise": "R HORACE VERNET", "type_voie": "rue"}}, {"type": "Feature", "geometry": {"type": "MultiLineString", "coordinates": [[[3.1886369, 50.686498], [3.1886961, 50.6864728], [3.1901737, 50.6853821]], [[3.1876904, 50.686853], [3.1880734, 50.6865366], [3.188127, 50.6865239], [3.1882626, 50.6865112], [3.1886369, 50.686498]]]}, "properties": {"cleabs": "VOIE_NOM0000002339389864", "identifiant_voie_ban": "59512_3930", "nom": "Rue Nabuchodonosor", "nom_normalise": "R NABUCHODONOSOR", "type_voie": "rue"}}, {"type": "Feature", "geometry": {"type": "MultiLineString", "coordinates": [[[3.1753297, 50.68744], [3.1754498, 50.6874416], [3.1755699, 50.6874388], [3.1756278, 50.6874378], [3.17568, 50.6874368]], [[3.1752178, 50.6873576], [3.1752814, 50.6873557], [3.1753436, 50.6873592], [3.175393, 50.6873663], [3.1754594, 50.6873707], [3.1755682, 50.6873706], [3.1756261, 50.6873687], [3.1756784, 50.6873695], [3.1756812, 50.6873695], [3.1766459, 50.6873538], [3.1779426, 50.6873349]], [[3.17568, 50.6874368], [3.1766462, 50.6874229], [3.1779443, 50.687404]], [[3.1779443, 50.687404], [3.1780431, 50.6874021], [3.1789175, 50.6873918], [3.1790037, 50.6873935], [3.1790997, 50.6873978], [3.1792382, 50.6874111], [3.1793555, 50.6874253], [3.1794375, 50.6874386], [3.1795647, 50.6874609]], [[3.1779426, 50.6873349], [3.1780415, 50.687333], [3.1789186, 50.6873227], [3.1790105, 50.6873262], [3.1791122, 50.6873305], [3.1792549, 50.6873438], [3.1793807, 50.6873589], [3.1794782, 50.6873776], [3.179597, 50.6873989]]]}, "properties": {"cleabs": "VOIE_NOM0000002339389903", "identifiant_voie_ban": "59512_0201", "nom": "Avenue André Diligent", "nom_normalise": "AV ANDRE DILIGENT", "type_voie": "avenue"}}, {"type": "Feature", "geometry": {"type": "MultiLineString", "coordinates": [[[3.1737867, 50.675885], [3.1744182, 50.6755557], [3.1746226, 50.6754334], [3.1747566, 50.6753731], [3.1749244, 50.6753109]]]}, "properties": {"cleabs": "VOIE_NOM0000002339389961", "identifiant_voie_ban": "59512_ez3lpa", "nom": "Cour Poissonnier", "nom_normalise": "COUR POISSONNIER", "type_voie": "cour"}}, {"type": "Feature", "geometry": {"type": "MultiLineString", "coordinates": [[[3.1928011, 50.6754864], [3.1926646, 50.6752515], [3.192487, 50.6749691], [3.1924214, 50.6748049], [3.1923586, 50.6746157], [3.1922943, 50.6744426], [3.1922588, 50.6743753], [3.1921894, 50.6743234]], [[3.1929902, 50.6758055], [3.1928267, 50.6755285], [3.1928011, 50.6754864]], [[3.1961395, 50.6797939], [3.19608, 50.6797509], [3.1959922, 50.6796802], [3.1953092, 50.6790953]], [[3.1946743, 50.6785408], [3.1942109, 50.6781404], [3.1936129, 50.6776217], [3.1935419, 50.677524], [3.1934808, 50.6774191], [3.1934464, 50.6772846], [3.1934183, 50.6769553], [3.1933907, 50.6767786]], [[3.1953092, 50.6790953], [3.1947381, 50.678608], [3.1946743, 50.6785408]], [[3.1930896, 50.6759687], [3.193121, 50.6760324], [3.1931409, 50.6760889], [3.1931695, 50.6761723]], [[3.1929902, 50.6758055], [3.1930626, 50.6759095], [3.1930896, 50.6759687]], [[3.1930896, 50.6759687], [3.1939008, 50.6764592]], [[3.1931695, 50.6761723], [3.1933294, 50.6766279], [3.1933907, 50.6767786]]]}, "properties": {"cleabs": "VOIE_NOM0000002339389990", "identifiant_voie_ban": "59512_1190", "nom": "Rue du Chemin Neuf", "nom_normalise": "R DU CHEMIN NEUF", "type_voie": "rue"}}, {"type": "Feature", "geometry": {"type": "MultiLineString", "coordinates": [[[3.1849294, 50.6965782], [3.1849659, 50.6965288], [3.1854668, 50.6963441], [3.185931, 50.6961774], [3.1860354, 50.6961458]], [[3.1860354, 50.6961458], [3.1860721, 50.6961287]], [[3.1860721, 50.6961287], [3.1865292, 50.6959548], [3.186707, 50.6958882], [3.1867945, 50.6958844], [3.1869768, 50.6958985]]]}, "properties": {"cleabs": "VOIE_NOM0000002339390018", "identifiant_voie_ban": "59512_2260", "nom": "Rue Galvani", "nom_normalise": "R GALVANI", "type_voie": "rue"}}, {"type": "Feature", "geometry": {"type": "MultiLineString", "coordinates": [[[3.1900421, 50.7020891], [3.1903448, 50.7021829], [3.1907494, 50.702307], [3.1908979, 50.702348]]]}, "properties": {"cleabs": "VOIE_NOM0000002339390077", "identifiant_voie_ban": "59512_3575", "nom": "Rue Marie et Pierre Curie", "nom_normalise": "R MARIE ET PIERRE CURIE", "type_voie": "rue"}}, {"type": "Feature", "geometry": {"type": "MultiLineString", "coordinates": [[[3.1627738, 50.6858284], [3.1631489, 50.685652]]]}, "properties": {"cleabs": "VOIE_NOM0000002339390082", "identifiant_voie_ban": "59512_dhaeg2", "nom": "Impasse du Nord", "nom_normalise": "IMP DU NORD", "type_voie": "impasse"}}, {"type": "Feature", "geometry": {"type": "MultiLineString", "coordinates": [[[3.1887032, 50.6928808], [3.1887089, 50.692871], [3.1887636, 50.6927775]], [[3.1887032, 50.6928808], [3.1886597, 50.6929518], [3.1886457, 50.692976]], [[3.1880563, 50.6940214], [3.1880559, 50.6939209], [3.1881148, 50.6938042], [3.1882173, 50.6936318]], [[3.1886237, 50.6931466], [3.1886293, 50.6931385], [3.1886785, 50.6930711], [3.1887094, 50.6930271], [3.1887037, 50.6929975], [3.1886457, 50.692976]], [[3.1883673, 50.6933336], [3.1884796, 50.6931342], [3.188571, 50.6930255], [3.1885907, 50.693003], [3.1886457, 50.692976]], [[3.1882173, 50.6936318], [3.1883196, 50.693418], [3.1883575, 50.6933498], [3.1883673, 50.6933336]], [[3.1880563, 50.6940214], [3.1881449, 50.6939379], [3.1882038, 50.693822], [3.1883134, 50.6936648], [3.1883373, 50.6936244], [3.1884356, 50.6934636], [3.1884567, 50.6934331], [3.1884946, 50.6933702], [3.1885255, 50.6933154], [3.1886237, 50.6931466]]]}, "properties": {"cleabs": "VOIE_NOM0000002339390122", "identifiant_voie_ban": "59512_3950", "nom": "Rue Nadaud", "nom_normalise": "R NADAUD", "type_voie": "rue"}}, {"type": "Feature", "geometry": {"type": "MultiLineString", "coordinates": [[[3.1739517, 50.6998442], [3.1733421, 50.6996674], [3.1730083, 50.6995665]], [[3.1711637, 50.6989256], [3.1711893, 50.6989911], [3.1712092, 50.6990153], [3.1712305, 50.6990395], [3.171263, 50.6990511], [3.1712955, 50.6990609], [3.1721922, 50.6993244]], [[3.1721922, 50.6993244], [3.1723987, 50.699386], [3.1730083, 50.6995665]]]}, "properties": {"cleabs": "VOIE_NOM0000002339390177", "identifiant_voie_ban": "59512_4850", "nom": "Rue de la Rondelle", "nom_normalise": "R DE LA RONDELLE", "type_voie": "rue"}}, {"type": "Feature", "geometry": {"type": "MultiLineString", "coordinates": [[[3.194848, 50.6694537], [3.1946837, 50.6693337], [3.1946682, 50.669322], [3.1945931, 50.6692683], [3.1945662, 50.6692486]], [[3.1958747, 50.6702077], [3.1954144, 50.6698656], [3.194848, 50.6694537]], [[3.1964922, 50.6706652], [3.1958747, 50.6702077]], [[3.1967981, 50.67089], [3.1966026, 50.6707458], [3.1964922, 50.6706652]], [[3.1980032, 50.6717612], [3.197863, 50.6716681], [3.1975954, 50.6714738], [3.1967981, 50.67089]], [[3.1980811, 50.6718105], [3.1980032, 50.6717612]]]}, "properties": {"cleabs": "VOIE_NOM0000002339390189", "identifiant_voie_ban": "59512_2910", "nom": "Rue Joseph Dubar", "nom_normalise": "R JOSEPH DUBAR", "type_voie": "rue"}}, {"type": "Feature", "geometry": {"type": "MultiLineString", "coordinates": [[[3.1624169, 50.6855363], [3.1625762, 50.6854616], [3.1635931, 50.6849847], [3.1642729, 50.6846616], [3.1643194, 50.6846365]], [[3.1615354, 50.6859628], [3.1620812, 50.6856956], [3.1623534, 50.6855669], [3.1624169, 50.6855363]]]}, "properties": {"cleabs": "VOIE_NOM0000002339390228", "identifiant_voie_ban": "59512_5120", "nom": "Rue Saint-Roch", "nom_normalise": "R SAINT-ROCH", "type_voie": "rue"}}, {"type": "Feature", "geometry": {"type": "MultiLineString", "coordinates": [[[3.1760705, 50.7033157], [3.1760989, 50.7033345], [3.1763324, 50.7034392], [3.1771815, 50.7038202], [3.1774929, 50.7039697], [3.177585, 50.7040171]]]}, "properties": {"cleabs": "VOIE_NOM0000002339390251", "identifiant_voie_ban": "59512_0480", "nom": "Rue Bayard", "nom_normalise": "R BAYARD", "type_voie": "rue"}}, {"type": "Feature", "geometry": {"type": "MultiLineString", "coordinates": [[[3.1675397, 50.7006543], [3.1675991, 50.7006785], [3.167802, 50.7009088], [3.1679467, 50.7010782], [3.167975, 50.7011024]], [[3.167975, 50.7011024], [3.1680388, 50.7011544]], [[3.1680388, 50.7011544], [3.1680374, 50.7011723], [3.1680559, 50.7012109], [3.1681481, 50.7013041], [3.1685701, 50.701605]], [[3.1717969, 50.7031189], [3.1721179, 50.7032028], [3.1730443, 50.7034456], [3.1737359, 50.7036178]], [[3.1705466, 50.7027841], [3.1703373, 50.7027279], [3.1702963, 50.7027136], [3.1702326, 50.7026841], [3.169652, 50.7023125], [3.1696251, 50.7022954]], [[3.1717969, 50.7031189], [3.1705466, 50.7027841]], [[3.1690346, 50.7019104], [3.1686607, 50.7016596], [3.1685701, 50.701605]], [[3.1696251, 50.7022954], [3.1690346, 50.7019104]]]}, "properties": {"cleabs": "VOIE_NOM0000002339390310", "identifiant_voie_ban": "59512_2770", "nom": "Rue Jacquard", "nom_normalise": "R JACQUARD", "type_voie": "rue"}}, {"type": "Feature", "geometry": {"type": "MultiLineString", "coordinates": [[[3.1940743, 50.6818916], [3.1950927, 50.6822561]], [[3.1940265, 50.6819419], [3.1950237, 50.6823307]], [[3.1950927, 50.6822561], [3.1955934, 50.6824501]], [[3.1950237, 50.6823307], [3.1964467, 50.682866], [3.1972517, 50.6831896]], [[3.1955934, 50.6824501], [3.1963573, 50.6827414], [3.1973631, 50.6831418]], [[3.1972517, 50.6831896], [3.197461, 50.6832673]], [[3.1973631, 50.6831418], [3.1974819, 50.6831847]], [[3.197461, 50.6832673], [3.1978585, 50.683421], [3.1989393, 50.6838339]], [[3.1974819, 50.6831847], [3.1975484, 50.6832106], [3.1981977, 50.6834582], [3.1989969, 50.6837548]], [[3.1989393, 50.6838339], [3.1999154, 50.6842038], [3.2001729, 50.6843039], [3.2004162, 50.684395]], [[3.1989969, 50.6837548], [3.1999646, 50.6841535], [3.2002221, 50.6842527], [3.2004159, 50.6843259], [3.2004795, 50.6843501], [3.2010723, 50.6845699]], [[3.2004162, 50.684395], [3.2010188, 50.6846202]]]}, "properties": {"cleabs": "VOIE_NOM0000002339390436", "identifiant_voie_ban": "59512_2970", "nom": "Avenue Julien Lagache", "nom_normalise": "AV JULIEN LAGACHE", "type_voie": "avenue"}}, {"type": "Feature", "geometry": {"type": "MultiLineString", "coordinates": [[[3.1939008, 50.6764592], [3.1940261, 50.6763791], [3.1941867, 50.6762757], [3.1952813, 50.6755668], [3.1955009, 50.6753825]], [[3.1933907, 50.6767786], [3.1934866, 50.6767219], [3.193674, 50.6766076], [3.1938768, 50.6764754], [3.1939008, 50.6764592]], [[3.191761, 50.6767757], [3.1919078, 50.6767683], [3.1920237, 50.6767834], [3.1923276, 50.676852], [3.1925863, 50.6769144], [3.1926414, 50.6769278]], [[3.1929143, 50.6770243], [3.1932921, 50.6768361], [3.1933907, 50.6767786]], [[3.1926414, 50.6769278], [3.192705, 50.6769438], [3.192804, 50.6769679], [3.1929143, 50.6770243]], [[3.1905443, 50.6773232], [3.1907363, 50.6773166], [3.190913, 50.677354], [3.1915335, 50.677485], [3.1917384, 50.6775241], [3.1918233, 50.6775599]], [[3.1910818, 50.6779155], [3.1917542, 50.6775932], [3.1918233, 50.6775599]], [[3.1909351, 50.677983], [3.1910282, 50.6779407], [3.1910818, 50.6779155]], [[3.1898454, 50.6784971], [3.1902148, 50.678326], [3.190773, 50.678056], [3.1909351, 50.677983]], [[3.1924083, 50.6772727], [3.1926381, 50.6771611], [3.1929143, 50.6770243]], [[3.1918233, 50.6775599], [3.1924083, 50.6772727]]]}, "properties": {"cleabs": "VOIE_NOM0000002339390447", "identifiant_voie_ban": "59512_3360", "nom": "Rue Louis Braille", "nom_normalise": "R LOUIS BRAILLE", "type_voie": "rue"}}, {"type": "Feature", "geometry": {"type": "MultiLineString", "coordinates": [[[3.1863128, 50.6970329], [3.1864223, 50.6968362], [3.186661, 50.6964437]], [[3.1860251, 50.69756], [3.1861051, 50.697402]], [[3.1861051, 50.697402], [3.1861696, 50.697287], [3.1862075, 50.6972179], [3.1863128, 50.6970329]], [[3.1854045, 50.6986001], [3.1855617, 50.6983369], [3.1860251, 50.69756]], [[3.1850787, 50.6991426], [3.1854045, 50.6986001]], [[3.1840947, 50.7008912], [3.1841438, 50.7008067], [3.1845046, 50.70017]], [[3.1845046, 50.70017], [3.1847292, 50.699765]], [[3.1847292, 50.699765], [3.1848176, 50.6996096], [3.1850759, 50.699148], [3.1850787, 50.6991426]], [[3.186661, 50.6964437], [3.1868871, 50.6960736], [3.1869768, 50.6958985]], [[3.1869768, 50.6958985], [3.1871101, 50.6956363]], [[3.1871101, 50.6956363], [3.1871269, 50.6955995]], [[3.1871269, 50.6955995], [3.1872757, 50.6953408], [3.1874554, 50.6950426], [3.1876772, 50.69466]], [[3.1876772, 50.69466], [3.1879117, 50.6942729]], [[3.1879117, 50.6942729], [3.1879412, 50.6942226], [3.1880563, 50.6940214]]]}, "properties": {"cleabs": "VOIE_NOM0000002339390550", "identifiant_voie_ban": "59512_5280", "nom": "Boulevard de Strasbourg", "nom_normalise": "BD DE STRASBOURG", "type_voie": "boulevard"}}, {"type": "Feature", "geometry": {"type": "MultiLineString", "coordinates": [[[3.1875914, 50.6849409], [3.1875802, 50.6849777], [3.1875027, 50.6850272], [3.1871617, 50.6852287], [3.1869573, 50.6853493]]]}, "properties": {"cleabs": "VOIE_NOM0000002339390610", "identifiant_voie_ban": "59512_0810", "nom": "Rue de Bourgogne", "nom_normalise": "R DE BOURGOGNE", "type_voie": "rue"}}, {"type": "Feature", "geometry": {"type": "MultiLineString", "coordinates": [[[3.1854349, 50.6819936], [3.1852395, 50.6818674], [3.1851206, 50.6817868]], [[3.1865025, 50.6826974], [3.1868906, 50.6829983], [3.1873001, 50.6833342], [3.1873511, 50.68337]], [[3.1858597, 50.6822685], [3.1855722, 50.6820823], [3.1854349, 50.6819936]], [[3.1865025, 50.6826974], [3.1861159, 50.6824332], [3.1858597, 50.6822685]]]}, "properties": {"cleabs": "VOIE_NOM0000002339390749", "identifiant_voie_ban": "59512_5400", "nom": "Rue des Trente", "nom_normalise": "R DES TRENTE", "type_voie": "rue"}}, {"type": "Feature", "geometry": {"type": "MultiLineString", "coordinates": [[[3.1964922, 50.6706652], [3.19634, 50.6707463], [3.1950084, 50.6714761]], [[3.1950084, 50.6714761], [3.1948646, 50.6715553], [3.1947801, 50.6715985], [3.1947745, 50.6716048], [3.1947435, 50.6716399]]]}, "properties": {"cleabs": "VOIE_NOM0000002339390765", "identifiant_voie_ban": "59512_1110", "nom": "Rue Charles Pranard", "nom_normalise": "R CHARLES PRANARD", "type_voie": "rue"}}, {"type": "Feature", "geometry": {"type": "MultiLineString", "coordinates": [[[3.1748461, 50.6905446], [3.174832, 50.6905474], [3.1747896, 50.6905483], [3.1747473, 50.6905466], [3.1744449, 50.6905201], [3.1741, 50.6904829], [3.1734627, 50.6904245]]]}, "properties": {"cleabs": "VOIE_NOM0000002339390898", "identifiant_voie_ban": "59512_2680", "nom": "Rue de l'Hôtel de Ville", "nom_normalise": "R DE L'HOTEL DE VILLE", "type_voie": "rue"}}, {"type": "Feature", "geometry": {"type": "MultiLineString", "coordinates": [[[3.1985485, 50.6721651], [3.198388, 50.6723008], [3.1983628, 50.6723413], [3.1983686, 50.6723861], [3.1984266, 50.6724237], [3.1985426, 50.6724738], [3.1986006, 50.6724952]]]}, "properties": {"cleabs": "VOIE_NOM0000002339390907", "identifiant_voie_ban": "59512_5375", "nom": "Rond-Point des Tourelles", "nom_normalise": "RPT DES TOURELLES", "type_voie": "rond-point"}}, {"type": "Feature", "geometry": {"type": "MultiLineString", "coordinates": [[[3.1607521, 50.6896986], [3.160267, 50.6899433], [3.1602218, 50.6899676]], [[3.1602218, 50.6899676], [3.159693, 50.6902617], [3.1595887, 50.690313]]]}, "properties": {"cleabs": "VOIE_NOM0000002339390941", "identifiant_voie_ban": "59512_5460", "nom": "Rue de Turenne", "nom_normalise": "R DE TURENNE", "type_voie": "rue"}}, {"type": "Feature", "geometry": {"type": "MultiLineString", "coordinates": [[[3.2005451, 50.6721251], [3.1994733, 50.6728322]], [[3.1983958, 50.6735518], [3.1988184, 50.6732747], [3.1994733, 50.6728322]], [[3.1978099, 50.6739556], [3.1979437, 50.673863], [3.1983958, 50.6735518]], [[3.1960074, 50.6748918], [3.196244, 50.6747263]], [[3.1956473, 50.6752522], [3.1956187, 50.6751634], [3.1957989, 50.6750303], [3.1960074, 50.6748918]], [[3.196244, 50.6747263], [3.1963229, 50.6746786], [3.1964046, 50.6746246], [3.1970836, 50.6742027], [3.1971669, 50.6741846], [3.1972643, 50.6741826]], [[3.1972643, 50.6741826], [3.1972716, 50.6742338], [3.1972294, 50.674294], [3.1971675, 50.6743533], [3.1969689, 50.6744855], [3.1967562, 50.6746115], [3.1964378, 50.674822], [3.1962603, 50.6749371], [3.1961096, 50.6750316], [3.1957856, 50.6752358], [3.1956473, 50.6752522]], [[3.1978099, 50.6739556], [3.1977507, 50.6739746], [3.1976434, 50.6739738], [3.1974852, 50.673966]], [[3.1972643, 50.6741826], [3.1974726, 50.6740019], [3.1974852, 50.673966]]]}, "properties": {"cleabs": "VOIE_NOM0000002339390986", "identifiant_voie_ban": "59512_2950", "nom": "Rue Jules Michelet", "nom_normalise": "R JULES MICHELET", "type_voie": "rue"}}, {"type": "Feature", "geometry": {"type": "MultiLineString", "coordinates": [[[3.1727266, 50.6785023], [3.172776, 50.6784825], [3.1729608, 50.6784096], [3.1735757, 50.6781628], [3.1736716, 50.6781259], [3.1741172, 50.6779395], [3.1742286, 50.6778658]], [[3.172677, 50.6784521], [3.1727264, 50.6784323], [3.1729098, 50.6783594], [3.1735261, 50.6781136], [3.1736206, 50.6780757], [3.174069, 50.6778885], [3.1742286, 50.6778658]], [[3.1715264, 50.6789796], [3.1717323, 50.6788994], [3.1723853, 50.6786374], [3.1727266, 50.6785023]], [[3.1714768, 50.6789294], [3.1716813, 50.6788493], [3.1723357, 50.6785881], [3.172677, 50.6784521]], [[3.1714768, 50.6789294], [3.1709028, 50.6791707], [3.1703175, 50.6794039], [3.1700156, 50.679521], [3.1696926, 50.6796507], [3.1696786, 50.6796884], [3.1696688, 50.6797162]], [[3.1715264, 50.6789796], [3.1711456, 50.6791291], [3.1705194, 50.6793812], [3.1701145, 50.679537], [3.1698071, 50.6796595], [3.1697182, 50.6796973], [3.1696688, 50.6797162]]]}, "properties": {"cleabs": "VOIE_NOM0000002339390988", "identifiant_voie_ban": "59512_3040", "nom": "Boulevard Lacordaire", "nom_normalise": "BD LACORDAIRE", "type_voie": "boulevard"}}, {"type": "Feature", "geometry": {"type": "MultiLineString", "coordinates": [[[3.1936066, 50.6968378], [3.1940049, 50.6968084], [3.1941278, 50.6968029]]]}, "properties": {"cleabs": "VOIE_NOM0000002339391103", "identifiant_voie_ban": "59512_5xsp4h", "nom": "Cour Minet", "nom_normalise": "COUR MINET", "type_voie": "cour"}}, {"type": "Feature", "geometry": {"type": "MultiLineString", "coordinates": [[[3.1629899, 50.6975529], [3.1626976, 50.697626]]]}, "properties": {"cleabs": "VOIE_NOM0000002339391160", "identifiant_voie_ban": "59512_swpxne", "nom": "Cour Becquart", "nom_normalise": "COUR BECQUART", "type_voie": "cour"}}, {"type": "Feature", "geometry": {"type": "MultiLineString", "coordinates": [[[3.1903224, 50.6944074], [3.1904262, 50.6942099], [3.1906074, 50.693944], [3.1907662, 50.693732]], [[3.1907662, 50.693732], [3.1909221, 50.6934823], [3.1909614, 50.6934266], [3.1910373, 50.6933206], [3.1911034, 50.6932388], [3.1911133, 50.6932298], [3.1911513, 50.6931939], [3.1912499, 50.6931138], [3.1912809, 50.6930923]]]}, "properties": {"cleabs": "VOIE_NOM0000002339391290", "identifiant_voie_ban": "59512_1210", "nom": "Quai de Cherbourg", "nom_normalise": "QU DE CHERBOURG", "type_voie": "quai"}}, {"type": "Feature", "geometry": {"type": "MultiLineString", "coordinates": [[[3.1843001, 50.6945179], [3.1844559, 50.6942296], [3.1844714, 50.6942072], [3.1844995, 50.6941883], [3.1845405, 50.6941837], [3.1845885, 50.6941864], [3.1846225, 50.6941926]], [[3.1846225, 50.6941926], [3.1848798, 50.6942434]], [[3.1848798, 50.6942434], [3.1851512, 50.6942968], [3.1851838, 50.6943075], [3.1852008, 50.6943281], [3.1851967, 50.6943658], [3.1849973, 50.6946892]]]}, "properties": {"cleabs": "VOIE_NOM0000002339391358", "identifiant_voie_ban": "59512_2788", "nom": "Place Jean-Baptiste Clément", "nom_normalise": "PL JEAN-BAPTISTE CLEMENT", "type_voie": "place"}}, {"type": "Feature", "geometry": {"type": "MultiLineString", "coordinates": [[[3.1886484, 50.689576], [3.1880883, 50.6901278]]]}, "properties": {"cleabs": "VOIE_NOM0000002339391568", "identifiant_voie_ban": "59512_1x2up0", "nom": "Cité Bernard Spriet", "nom_normalise": "CITE BERNARD SPRIET", "type_voie": "cité"}}, {"type": "Feature", "geometry": {"type": "MultiLineString", "coordinates": [[[3.1919918, 50.6835801], [3.1918218, 50.6834511], [3.1914221, 50.683091], [3.1911528, 50.6828509], [3.1910167, 50.6827075], [3.1909968, 50.6826878], [3.1909615, 50.682669]], [[3.1909615, 50.682669], [3.1909035, 50.6826691], [3.1908273, 50.6826809], [3.1907313, 50.6826972]], [[3.1906118, 50.6824533], [3.1906965, 50.682446], [3.1907177, 50.6824442], [3.1907558, 50.6824495], [3.1908663, 50.6825427], [3.1909302, 50.6826144], [3.1909486, 50.6826421], [3.1909615, 50.682669]]]}, "properties": {"cleabs": "VOIE_NOM0000002339391649", "identifiant_voie_ban": "59512_0570", "nom": "Rue Béranger", "nom_normalise": "R BERANGER", "type_voie": "rue"}}, {"type": "Feature", "geometry": {"type": "MultiLineString", "coordinates": [[[3.1872022, 50.6972245], [3.1875448, 50.6966514]], [[3.186885, 50.6977921], [3.1871405, 50.6973448], [3.1872022, 50.6972245]]]}, "properties": {"cleabs": "VOIE_NOM0000002339391773", "identifiant_voie_ban": "59512_2570", "nom": "Rue Henri Martin", "nom_normalise": "R HENRI MARTIN", "type_voie": "rue"}}, {"type": "Feature", "geometry": {"type": "MultiLineString", "coordinates": [[[3.1857832, 50.6719165], [3.1848924, 50.6723872]], [[3.1869347, 50.6713225], [3.186805, 50.67139], [3.1860778, 50.6717689]], [[3.1860778, 50.6717689], [3.1857832, 50.6719165]], [[3.1872222, 50.6711722], [3.1869347, 50.6713225]], [[3.1881045, 50.6707258], [3.1878254, 50.670859], [3.1872222, 50.6711722]]]}, "properties": {"cleabs": "VOIE_NOM0000002339391800", "identifiant_voie_ban": "59512_3750", "nom": "Rue Mignard", "nom_normalise": "R MIGNARD", "type_voie": "rue"}}, {"type": "Feature", "geometry": {"type": "MultiLineString", "coordinates": [[[3.180899, 50.6877003], [3.18102, 50.6875611], [3.1810663, 50.6874749], [3.1810815, 50.6873681], [3.1815377, 50.6869681]]]}, "properties": {"cleabs": "VOIE_NOM0000002339391815", "identifiant_voie_ban": "59512_wrni0f", "nom": "Cité Duyck", "nom_normalise": "CITE DUYCK", "type_voie": "cité"}}, {"type": "Feature", "geometry": {"type": "MultiLineString", "coordinates": [[[3.1909274, 50.6870877], [3.1910378, 50.6871315]], [[3.1910378, 50.6871315], [3.1913137, 50.6872477]], [[3.1913137, 50.6872477], [3.1916235, 50.6873783]], [[3.1919956, 50.6875276], [3.1916235, 50.6873783]], [[3.1919956, 50.6875276], [3.1923819, 50.6877019]], [[3.1923819, 50.6877019], [3.1931686, 50.6880345]], [[3.1903771, 50.686857], [3.1909274, 50.6870877]]]}, "properties": {"cleabs": "VOIE_NOM0000002339391827", "identifiant_voie_ban": "59512_3240", "nom": "Rue de Leuze", "nom_normalise": "R DE LEUZE", "type_voie": "rue"}}, {"type": "Feature", "geometry": {"type": "MultiLineString", "coordinates": [[[3.1904272, 50.6889083], [3.1904554, 50.6888813], [3.1907453, 50.6885937]], [[3.1899796, 50.6893317], [3.1904272, 50.6889083]], [[3.1899796, 50.6893317], [3.1899416, 50.6893667]], [[3.1874038, 50.6918302], [3.1874995, 50.6917224], [3.1880979, 50.6911795], [3.1881133, 50.6911624]], [[3.1885608, 50.6907014], [3.1884243, 50.6908425], [3.1881865, 50.6910941]], [[3.1881133, 50.6911624], [3.1881865, 50.6910941]], [[3.1888296, 50.6904246], [3.1885608, 50.6907014]], [[3.1899416, 50.6893667], [3.1893898, 50.689888]], [[3.1893898, 50.689888], [3.1888296, 50.6904246]]]}, "properties": {"cleabs": "VOIE_NOM0000002339391956", "identifiant_voie_ban": "59512_3820", "nom": "Rue Monge", "nom_normalise": "R MONGE", "type_voie": "rue"}}, {"type": "Feature", "geometry": {"type": "MultiLineString", "coordinates": [[[3.1903476, 50.6883907], [3.191056, 50.6878359], [3.1910813, 50.6878152]], [[3.1910813, 50.6878152], [3.1916235, 50.6873783]]]}, "properties": {"cleabs": "VOIE_NOM0000002339392019", "identifiant_voie_ban": "59512_1390", "nom": "Rue Copernic", "nom_normalise": "R COPERNIC", "type_voie": "rue"}}, {"type": "Feature", "geometry": {"type": "MultiLineString", "coordinates": [[[3.1631188, 50.6837541], [3.1621332, 50.6842894]], [[3.1621332, 50.6842894], [3.1614212, 50.6847022]], [[3.1614212, 50.6847022], [3.1612281, 50.684828], [3.1607163, 50.6851213]], [[3.1607163, 50.6851213], [3.1602973, 50.6853022]], [[3.1602973, 50.6853022], [3.1597289, 50.6855488]], [[3.1597289, 50.6855488], [3.1594595, 50.6856649], [3.1593495, 50.6857278], [3.159097, 50.6858457], [3.1590321, 50.6858745]], [[3.1590321, 50.6858745], [3.1589898, 50.6858997], [3.1589419, 50.6859213], [3.1588841, 50.6859546], [3.1588432, 50.6859779], [3.1587473, 50.6860274], [3.1586458, 50.6860886]], [[3.1590321, 50.6858745], [3.1588783, 50.685916], [3.1588275, 50.6859286], [3.1587555, 50.6859341], [3.1586962, 50.6859395], [3.1586284, 50.6859396]], [[3.1582385, 50.68595], [3.1582766, 50.6859221], [3.1582893, 50.6859149]], [[3.1582893, 50.6859149], [3.1583189, 50.6858996], [3.1583697, 50.6858825], [3.1584205, 50.6858753], [3.1584728, 50.685877], [3.1585222, 50.685885], [3.1585491, 50.6858967]], [[3.1585491, 50.6858967], [3.1586284, 50.6859396]], [[3.1585965, 50.6861344], [3.158533, 50.6861632], [3.1584709, 50.6861749], [3.158396, 50.6861732], [3.1583791, 50.6861697]], [[3.1586284, 50.6859396], [3.158661, 50.6859791], [3.1586681, 50.6860123], [3.1586654, 50.6860446], [3.1586458, 50.6860886]], [[3.1586458, 50.6860886], [3.1585965, 50.6861344]], [[3.1583791, 50.6861697], [3.1583508, 50.6861652], [3.1583126, 50.6861527]], [[3.1583126, 50.6861527], [3.1582843, 50.6861366], [3.1582645, 50.6861214], [3.1582489, 50.686107], [3.1582319, 50.6860882], [3.1582177, 50.6860676], [3.1582106, 50.6860452], [3.1582077, 50.6860209], [3.1582132, 50.6859832], [3.1582385, 50.68595]]]}, "properties": {"cleabs": "VOIE_NOM0000002339392061", "identifiant_voie_ban": "59512_3850", "nom": "Boulevard Montesquieu", "nom_normalise": "BD MONTESQUIEU", "type_voie": "boulevard"}}, {"type": "Feature", "geometry": {"type": "MultiLineString", "coordinates": [[[3.1592214, 50.6916523], [3.159203, 50.6916586], [3.1590225, 50.6917307], [3.1588461, 50.6917955], [3.1579612, 50.6920865]], [[3.1579612, 50.6920865], [3.1573925, 50.6922676], [3.1559332, 50.6927252], [3.1558626, 50.6927478], [3.1556227, 50.6928252], [3.1541648, 50.6933089], [3.1540322, 50.6933629]]]}, "properties": {"cleabs": "VOIE_NOM0000002339392086", "identifiant_voie_ban": "59512_0750", "nom": "Rue Boucher de Perthes", "nom_normalise": "R BOUCHER DE PERTHES", "type_voie": "rue"}}, {"type": "Feature", "geometry": {"type": "MultiLineString", "coordinates": [[[3.1847856, 50.6805651], [3.186687, 50.6799036], [3.1867406, 50.6798811], [3.186756, 50.6798469], [3.1867487, 50.6797922], [3.1866621, 50.6796497], [3.1865825, 50.6795286]]]}, "properties": {"cleabs": "VOIE_NOM0000002339392122", "identifiant_voie_ban": "59512_1952", "nom": "Rue Ernest Renan", "nom_normalise": "R ERNEST RENAN", "type_voie": "rue"}}, {"type": "Feature", "geometry": {"type": "MultiLineString", "coordinates": [[[3.1614567, 50.6988058], [3.1625914, 50.6984122], [3.1632745, 50.6981851], [3.163417, 50.6981374]], [[3.1597378, 50.6994227], [3.1600073, 50.6993147], [3.1614059, 50.6988247], [3.1614567, 50.6988058]]]}, "properties": {"cleabs": "VOIE_NOM0000002339392143", "identifiant_voie_ban": "59512_3350", "nom": "Rue de Lorraine", "nom_normalise": "R DE LORRAINE", "type_voie": "rue"}}, {"type": "Feature", "geometry": {"type": "MultiLineString", "coordinates": [[[3.1812249, 50.6938378], [3.1814032, 50.6935351], [3.1814818, 50.6933977], [3.1817191, 50.6929908]], [[3.1805089, 50.6950933], [3.1805889, 50.694946], [3.1811968, 50.6938863], [3.1812249, 50.6938378]]]}, "properties": {"cleabs": "VOIE_NOM0000002339392272", "identifiant_voie_ban": "59512_4090", "nom": "Rue Notre Dame des Victoires", "nom_normalise": "R NOTRE DAME DES VICTOIRES", "type_voie": "rue"}}, {"type": "Feature", "geometry": {"type": "MultiLineString", "coordinates": [[[3.2075969, 50.6887507], [3.2074394, 50.6889116], [3.2073393, 50.6889764], [3.2069915, 50.6892246]], [[3.2055336, 50.6902437], [3.2054194, 50.6903166], [3.2047035, 50.6907333], [3.2046432, 50.6908393]], [[3.2069915, 50.6892246], [3.2066407, 50.6894702]], [[3.2055336, 50.6902437], [3.2057435, 50.690107], [3.2058365, 50.6900422], [3.2062379, 50.6897562], [3.2064309, 50.6896195], [3.2066295, 50.6894792], [3.2066407, 50.6894702]]]}, "properties": {"cleabs": "VOIE_NOM0000002339392377", "identifiant_voie_ban": "59512_0760", "nom": "Rue Boucicaut", "nom_normalise": "R BOUCICAUT", "type_voie": "rue"}}, {"type": "Feature", "geometry": {"type": "MultiLineString", "coordinates": [[[3.1781062, 50.6908299], [3.1780497, 50.6908533], [3.1780102, 50.6908668], [3.1779693, 50.6908767], [3.1779185, 50.6908831], [3.1766952, 50.690918], [3.1766048, 50.690919], [3.1765384, 50.6909165], [3.1764635, 50.6909121]], [[3.1764635, 50.6909121], [3.1762996, 50.6909096], [3.1755143, 50.6909332], [3.1754211, 50.6909369], [3.1753928, 50.6909432], [3.1753688, 50.6909531], [3.1753576, 50.6909639]]]}, "properties": {"cleabs": "VOIE_NOM0000002339392473", "identifiant_voie_ban": "59512_4500", "nom": "Rue Pierre Motte", "nom_normalise": "R PIERRE MOTTE", "type_voie": "rue"}}, {"type": "Feature", "geometry": {"type": "MultiLineString", "coordinates": [[[3.2059678, 50.6841751], [3.2060923, 50.6842332]], [[3.204828, 50.6835192], [3.2038964, 50.6829787], [3.2038341, 50.682942], [3.2032707, 50.6826145], [3.2031758, 50.6825599]], [[3.2059678, 50.6841751], [3.2052882, 50.683785], [3.2049413, 50.6835845], [3.204828, 50.6835192]]]}, "properties": {"cleabs": "VOIE_NOM0000002339392552", "identifiant_voie_ban": "59512_3194", "nom": "Rue Léo Lagrange", "nom_normalise": "R LEO LAGRANGE", "type_voie": "rue"}}, {"type": "Feature", "geometry": {"type": "MultiLineString", "coordinates": [[[3.1722293, 50.6887312], [3.172378, 50.6896606], [3.1724433, 50.6901747]], [[3.172035, 50.6872705], [3.1719902, 50.6869754]], [[3.1722033, 50.6885679], [3.1721422, 50.6880457], [3.1720408, 50.6873055], [3.172035, 50.6872705]], [[3.1722293, 50.6887312], [3.1722033, 50.6885679]]]}, "properties": {"cleabs": "VOIE_NOM0000002339392585", "identifiant_voie_ban": "59512_1530", "nom": "Rue du Curoir", "nom_normalise": "R DU CUROIR", "type_voie": "rue"}}, {"type": "Feature", "geometry": {"type": "MultiLineString", "coordinates": [[[3.1945243, 50.6868488], [3.1944267, 50.6868185], [3.1943503, 50.6867943], [3.1943065, 50.686781]], [[3.1947987, 50.6869363], [3.1945243, 50.6868488]], [[3.1967306, 50.6875426], [3.196254, 50.6873836]], [[3.1947987, 50.6869363], [3.1949924, 50.6869979], [3.195025, 50.6870087]], [[3.195025, 50.6870087], [3.1951947, 50.6870631], [3.1957095, 50.6872229], [3.1959061, 50.6872837], [3.196254, 50.6873836]]]}, "properties": {"cleabs": "VOIE_NOM0000002339392600", "identifiant_voie_ban": "59512_0790", "nom": "Rue Bourdaloue", "nom_normalise": "R BOURDALOUE", "type_voie": "rue"}}, {"type": "Feature", "geometry": {"type": "MultiLineString", "coordinates": [[[3.1876772, 50.69466], [3.1874014, 50.6945905], [3.1873706, 50.694647]]]}, "properties": {"cleabs": "VOIE_NOM0000002339392622", "identifiant_voie_ban": "59512_0ez6fk", "nom": "Cour Quivron", "nom_normalise": "COUR QUIVRON", "type_voie": "cour"}}, {"type": "Feature", "geometry": {"type": "MultiLineString", "coordinates": [[[3.1841616, 50.6967974], [3.1843653, 50.6968599], [3.1843723, 50.6968626], [3.1848037, 50.6969974], [3.1852041, 50.6971261], [3.1854021, 50.6971904], [3.1856312, 50.6972645], [3.1861051, 50.697402]]]}, "properties": {"cleabs": "VOIE_NOM0000002339392790", "identifiant_voie_ban": "59512_4230", "nom": "Rue Parmentier", "nom_normalise": "R PARMENTIER", "type_voie": "rue"}}, {"type": "Feature", "geometry": {"type": "MultiLineString", "coordinates": [[[3.2073379, 50.6838471], [3.2074579, 50.683819], [3.2077444, 50.6837611], [3.2078813, 50.6837528]], [[3.2078301, 50.6836506], [3.2074053, 50.6837447], [3.2069891, 50.6838548], [3.206371, 50.6840084], [3.2061763, 50.6840653], [3.2061101, 50.6840932], [3.2060748, 50.6841103], [3.2060199, 50.6841391], [3.2059678, 50.6841751]], [[3.2060923, 50.6842332], [3.2061458, 50.6841936], [3.2062191, 50.684146], [3.2062374, 50.684137], [3.206298, 50.6841072], [3.2064617, 50.6840666], [3.2070331, 50.6839212], [3.2073379, 50.6838471]]]}, "properties": {"cleabs": "VOIE_NOM0000002339392803", "identifiant_voie_ban": "59512_1280", "nom": "Rue de Cohem", "nom_normalise": "R DE COHEM", "type_voie": "rue"}}, {"type": "Feature", "geometry": {"type": "MultiLineString", "coordinates": [[[3.1869949, 50.6783919], [3.1869556, 50.6784458], [3.1868559, 50.6786147]], [[3.1868559, 50.6786147], [3.1867923, 50.6786004], [3.1866709, 50.6786222]], [[3.1866709, 50.6786222], [3.1866696, 50.6786356], [3.1866245, 50.6786563], [3.1861942, 50.6787979], [3.1859699, 50.6788664], [3.1859135, 50.6788925], [3.1858967, 50.6789356], [3.1859805, 50.6790539], [3.1860456, 50.6790763], [3.1861374, 50.6790833], [3.1865099, 50.6789867], [3.1866425, 50.6789417], [3.1866678, 50.6789201], [3.1867213, 50.6788572], [3.1868475, 50.6786264], [3.1868559, 50.6786147]]]}, "properties": {"cleabs": "VOIE_NOM0000002339392859", "identifiant_voie_ban": "59512_2185", "nom": "Square Francis Bousquet", "nom_normalise": "SQ FRANCIS BOUSQUET", "type_voie": "square"}}, {"type": "Feature", "geometry": {"type": "MultiLineString", "coordinates": [[[3.1600188, 50.6891926], [3.1595083, 50.6894813]], [[3.1595083, 50.6894813], [3.1594153, 50.6895343], [3.1589245, 50.6898051], [3.1588667, 50.6898419]]]}, "properties": {"cleabs": "VOIE_NOM0000002339392876", "identifiant_voie_ban": "59512_2520", "nom": "Rue Heilmann", "nom_normalise": "R HEILMANN", "type_voie": "rue"}}, {"type": "Feature", "geometry": {"type": "MultiLineString", "coordinates": [[[3.18847, 50.6887049], [3.1888534, 50.6888676], [3.1896514, 50.6891913]], [[3.1896514, 50.6891913], [3.1896556, 50.6891922], [3.1899796, 50.6893317]], [[3.1909504, 50.6897761], [3.1911003, 50.6898378], [3.1912659, 50.6899004]], [[3.1899416, 50.6893667], [3.1903604, 50.6895375], [3.1909504, 50.6897761]], [[3.1912659, 50.6899004], [3.1920483, 50.6902204], [3.1921586, 50.6902633]], [[3.1928873, 50.6905494], [3.1930981, 50.6906307]], [[3.1921586, 50.6902633], [3.1925081, 50.690401], [3.1927741, 50.6905065], [3.1928873, 50.6905494]], [[3.1930981, 50.6906307], [3.1937474, 50.6908801], [3.1937701, 50.690898], [3.1937973, 50.6909886], [3.1937989, 50.6910397]]]}, "properties": {"cleabs": "VOIE_NOM0000002339392879", "identifiant_voie_ban": "59512_2200", "nom": "Rue Franklin", "nom_normalise": "R FRANKLIN", "type_voie": "rue"}}, {"type": "Feature", "geometry": {"type": "MultiLineString", "coordinates": [[[3.1801399, 50.6875453], [3.1804864, 50.6876534], [3.1807509, 50.6877427], [3.1810154, 50.6878644]], [[3.1801679, 50.6874851], [3.1803022, 50.6874984], [3.1805596, 50.6875779], [3.1808127, 50.6876637], [3.180899, 50.6877003]], [[3.180899, 50.6877003], [3.1811028, 50.6877961]], [[3.1810154, 50.6878644], [3.1822735, 50.6884916]], [[3.1811028, 50.6877961], [3.1815825, 50.6880323], [3.1820368, 50.6882604], [3.1823368, 50.6884045]], [[3.1822735, 50.6884916], [3.1825084, 50.688607]], [[3.1825084, 50.688607], [3.1825962, 50.6886482]], [[3.1823368, 50.6884045], [3.1826792, 50.6885664]], [[3.1781384, 50.6863978], [3.1782064, 50.6864309], [3.1790213, 50.6868102], [3.1790539, 50.6868263], [3.1796694, 50.6871179], [3.179719, 50.6871493], [3.1797587, 50.6871905], [3.1797842, 50.6872273], [3.1798084, 50.6872802]], [[3.1781384, 50.6863978], [3.1780649, 50.6863647], [3.1778682, 50.6862734]], [[3.1778682, 50.6862734], [3.1773645, 50.6860381], [3.1771226, 50.6859254], [3.1764378, 50.6856025]]]}, "properties": {"cleabs": "VOIE_NOM0000002339392962", "identifiant_voie_ban": "59512_5010", "nom": "Rue Saint-Jean", "nom_normalise": "R SAINT-JEAN", "type_voie": "rue"}}, {"type": "Feature", "geometry": {"type": "MultiLineString", "coordinates": [[[3.1782061, 50.6772194], [3.1783093, 50.6772435], [3.1783772, 50.6772667], [3.1784097, 50.6772864]], [[3.1784097, 50.6772864], [3.1784508, 50.6773133], [3.1784763, 50.6773384], [3.178499, 50.6773626], [3.1785245, 50.6773922], [3.178543, 50.6774218]], [[3.1775109, 50.6779051], [3.1774162, 50.6778783], [3.1772917, 50.6778139]], [[3.1779629, 50.6779296], [3.1779121, 50.6779377], [3.1778627, 50.6779405], [3.1777892, 50.6779397], [3.177713, 50.6779371], [3.1776155, 50.6779265], [3.1775109, 50.6779051]], [[3.1772273, 50.6775896], [3.1772315, 50.6775699], [3.1772399, 50.6775403], [3.1772778, 50.677481], [3.1773172, 50.6774388], [3.1773707, 50.6773965], [3.1774285, 50.6773659], [3.1775413, 50.6773209], [3.1776683, 50.6772803], [3.1778827, 50.6772208], [3.1779575, 50.6772117], [3.1780197, 50.677208], [3.1780818, 50.677207], [3.1781228, 50.6772097], [3.1782061, 50.6772194]], [[3.178543, 50.6774218], [3.1785643, 50.677472], [3.1785715, 50.6774971], [3.178583, 50.67755], [3.1785776, 50.6776155], [3.1785692, 50.6776416], [3.1785509, 50.6776676], [3.1785284, 50.6776991], [3.1785003, 50.6777341], [3.1784496, 50.6777683]], [[3.1784496, 50.6777683], [3.1784411, 50.6777737], [3.1783636, 50.6778115], [3.1782338, 50.6778619], [3.1780645, 50.6779088], [3.1779629, 50.6779296]], [[3.1772336, 50.6777601], [3.1772179, 50.6777243], [3.177215, 50.6776947], [3.1772134, 50.6776588], [3.1772231, 50.6776022], [3.1772273, 50.6775896]], [[3.1772917, 50.6778139], [3.1772789, 50.6778058], [3.1772336, 50.6777601]]]}, "properties": {"cleabs": "VOIE_NOM0000002339392990", "identifiant_voie_ban": "59512_5390", "nom": "Place du Travail", "nom_normalise": "PL DU TRAVAIL", "type_voie": "place"}}, {"type": "Feature", "geometry": {"type": "MultiLineString", "coordinates": [[[3.1823421, 50.695306], [3.1823449, 50.6953176], [3.1823522, 50.6953607], [3.1823452, 50.6953975], [3.1823172, 50.6954649], [3.1822037, 50.6957217], [3.1821786, 50.6957953], [3.1821633, 50.6958832], [3.1821648, 50.6958985]], [[3.1822567, 50.6951455], [3.1823051, 50.695228], [3.1823335, 50.6952683], [3.1823421, 50.695306]], [[3.1816678, 50.6983113], [3.1816158, 50.6984047], [3.1815595, 50.6984667], [3.1814638, 50.6985655], [3.18143, 50.698597]], [[3.18143, 50.698597], [3.1814004, 50.6986248], [3.1812751, 50.6987444], [3.1811751, 50.698828]], [[3.1818502, 50.6979602], [3.1817856, 50.6980868], [3.1817197, 50.6982224], [3.1816678, 50.6983113]], [[3.1818502, 50.6979602], [3.1818698, 50.6979197]], [[3.1818698, 50.6979197], [3.1818978, 50.6978578], [3.181944, 50.6977348], [3.1819704, 50.6976199], [3.1819954, 50.6975023]], [[3.1820399, 50.6972869], [3.1819954, 50.6975023]], [[3.1821421, 50.6966478], [3.1821411, 50.6967716], [3.1821219, 50.6969341], [3.1821108, 50.696979], [3.1820857, 50.6970777], [3.1820607, 50.6971827], [3.1820399, 50.6972869]], [[3.1821648, 50.6958985], [3.1821583, 50.6960421], [3.1821409, 50.6963131], [3.1821421, 50.6966478]], [[3.1811751, 50.698828], [3.1810638, 50.6989233], [3.1808469, 50.6991003]], [[3.1808469, 50.6991003], [3.1807666, 50.6991669]], [[3.1807666, 50.6991669], [3.180637, 50.6992774]], [[3.180637, 50.6992774], [3.1803158, 50.6995489], [3.1801102, 50.6997322]]]}, "properties": {"cleabs": "VOIE_NOM0000002339393058", "identifiant_voie_ban": "59512_2640", "nom": "Rue de l'Hommelet", "nom_normalise": "R DE L'HOMMELET", "type_voie": "rue"}}, {"type": "Feature", "geometry": {"type": "MultiLineString", "coordinates": [[[3.1926317, 50.6817547], [3.1927597, 50.681619], [3.1931931, 50.6811912]], [[3.1927573, 50.6809927], [3.1931931, 50.6811912]], [[3.1925529, 50.6818374], [3.1926317, 50.6817547]], [[3.1937381, 50.6822412], [3.1932403, 50.6820894], [3.1926378, 50.6818633], [3.1925529, 50.6818374]], [[3.1931931, 50.6811912], [3.1934788, 50.6813012], [3.1940984, 50.6815541], [3.194336, 50.6816354]]]}, "properties": {"cleabs": "VOIE_NOM0000002339393061", "identifiant_voie_ban": "59512_2220", "nom": "Place de la Fraternité", "nom_normalise": "PL DE LA FRATERNITE", "type_voie": "place"}}, {"type": "Feature", "geometry": {"type": "MultiLineString", "coordinates": [[[3.206188, 50.6796906], [3.2067818, 50.6791503], [3.2072518, 50.6787322], [3.2074459, 50.6785399], [3.2075177, 50.6784751]], [[3.206188, 50.6796906], [3.2061514, 50.6797247], [3.2054606, 50.6803523]], [[3.2054606, 50.6803523], [3.2053015, 50.6804979], [3.2048006, 50.6809546]]]}, "properties": {"cleabs": "VOIE_NOM0000002339393073", "identifiant_voie_ban": "59512_3680", "nom": "Avenue Maxence Van der Meersch", "nom_normalise": "AV MAXENCE VAN DER MEERSCH", "type_voie": "avenue"}}, {"type": "Feature", "geometry": {"type": "MultiLineString", "coordinates": [[[3.2097245, 50.685767], [3.2099497, 50.6858914], [3.2100799, 50.6859629], [3.2106859, 50.6863056], [3.2108643, 50.6864022], [3.2109238, 50.6864335]], [[3.2109238, 50.6864335], [3.2113485, 50.6866616], [3.2114545, 50.6866812], [3.2115266, 50.686699]]]}, "properties": {"cleabs": "VOIE_NOM0000002339393117", "identifiant_voie_ban": "59512_3522", "nom": "Rue Marcel Arnaud", "nom_normalise": "R MARCEL ARNAUD", "type_voie": "rue"}}, {"type": "Feature", "geometry": {"type": "MultiLineString", "coordinates": [[[3.1970845, 50.6870198], [3.1972593, 50.6869315], [3.1978056, 50.68684], [3.1985015, 50.6867178], [3.1986159, 50.686705], [3.1987148, 50.6867112], [3.198818, 50.686737], [3.198852, 50.6867522]]]}, "properties": {"cleabs": "VOIE_NOM0000002339393189", "identifiant_voie_ban": "59512_0500", "nom": "Rue Beaumarchais", "nom_normalise": "R BEAUMARCHAIS", "type_voie": "rue"}}, {"type": "Feature", "geometry": {"type": "MultiLineString", "coordinates": [[[3.1627362, 50.6846978], [3.161986, 50.6850756], [3.1619183, 50.6851107]]]}, "properties": {"cleabs": "VOIE_NOM0000002339393286", "identifiant_voie_ban": "59512_4001", "nom": "Allée des Mésanges", "nom_normalise": "ALL DES MESANGES", "type_voie": "allée"}}, {"type": "Feature", "geometry": {"type": "MultiLineString", "coordinates": [[[3.183769, 50.68914], [3.1838436, 50.6890645]], [[3.183769, 50.68914], [3.1836817, 50.6892119], [3.1832197, 50.6895904], [3.1829732, 50.6897899]], [[3.1829732, 50.6897899], [3.1828958, 50.6898529], [3.1826958, 50.6900129], [3.1821605, 50.6904408], [3.1819028, 50.6906539]], [[3.1819028, 50.6906539], [3.1818563, 50.6906916], [3.181807, 50.6907312]], [[3.181807, 50.6907312], [3.1817211, 50.6908031], [3.1815268, 50.6909837]], [[3.1810975, 50.6918144], [3.1811102, 50.6917974], [3.1811327, 50.6917686], [3.1811566, 50.6917381], [3.1811917, 50.6916922], [3.1812058, 50.6916725], [3.1812198, 50.6916545], [3.1812325, 50.6916366], [3.1812353, 50.6916312]], [[3.1813526, 50.6916597], [3.1813414, 50.6916777], [3.1813035, 50.691728], [3.1812627, 50.6917801], [3.1812289, 50.6918259], [3.1812036, 50.6918591]], [[3.1810483, 50.6918737], [3.1810553, 50.6918647], [3.1810638, 50.6918566], [3.181068, 50.6918513], [3.1810764, 50.6918414], [3.1810919, 50.6918225], [3.1810975, 50.6918144]], [[3.1812036, 50.6918591], [3.1811994, 50.6918627], [3.1811797, 50.6918897], [3.1811642, 50.6919094]], [[3.181269, 50.6915638], [3.1812787, 50.6915297], [3.181287, 50.6914821], [3.1812939, 50.6914274], [3.181305, 50.6913628], [3.1813174, 50.6912936], [3.1813327, 50.6912254], [3.1813494, 50.6911608], [3.1813803, 50.6911024], [3.1814197, 50.6910557], [3.1814647, 50.6910081], [3.1815268, 50.6909837]], [[3.1815268, 50.6909837], [3.1815128, 50.6910188], [3.1814833, 50.6910583], [3.181465, 50.6910951], [3.181451, 50.6911292], [3.1814399, 50.6911651], [3.181433, 50.6912342], [3.1814303, 50.6912639], [3.1814262, 50.6912899], [3.1814234, 50.6913141], [3.1814207, 50.6913366], [3.1814193, 50.6913536], [3.181418, 50.6913653], [3.1814166, 50.6913734], [3.1814152, 50.6913859], [3.1814125, 50.691412], [3.1814098, 50.691447], [3.1814057, 50.6914855], [3.1813988, 50.6915322], [3.1813891, 50.6915807], [3.1813821, 50.6915995]], [[3.1812353, 50.6916312], [3.1812437, 50.6916177], [3.1812564, 50.6915979], [3.1812676, 50.6915701], [3.181269, 50.6915638]], [[3.1813821, 50.6915995], [3.1813709, 50.6916283], [3.1813526, 50.6916597]]]}, "properties": {"cleabs": "VOIE_NOM0000002339393312", "identifiant_voie_ban": "59512_2555", "nom": "Rue Henri Dunant", "nom_normalise": "R HENRI DUNANT", "type_voie": "rue"}}, {"type": "Feature", "geometry": {"type": "MultiLineString", "coordinates": [[[3.16562, 50.6892489], [3.1662191, 50.6888766], [3.1662445, 50.6888542]], [[3.16562, 50.6892489], [3.1646766, 50.689759], [3.1645681, 50.6898399], [3.1645316, 50.6899099]]]}, "properties": {"cleabs": "VOIE_NOM0000002339393334", "identifiant_voie_ban": "59512_3770", "nom": "Rue Miln", "nom_normalise": "R MILN", "type_voie": "rue"}}, {"type": "Feature", "geometry": {"type": "MultiLineString", "coordinates": [[[3.1558984, 50.6978922], [3.1558702, 50.6979362], [3.1558364, 50.6979722], [3.1558068, 50.6979919], [3.1551481, 50.698349], [3.1551383, 50.6983544]]]}, "properties": {"cleabs": "VOIE_NOM0000002339393342", "identifiant_voie_ban": "59512_1720", "nom": "Rue Diderot", "nom_normalise": "R DIDEROT", "type_voie": "rue"}}, {"type": "Feature", "geometry": {"type": "MultiLineString", "coordinates": [[[3.1909983, 50.6723008], [3.1910786, 50.6722558], [3.1912276, 50.6720877], [3.1913655, 50.6719484], [3.1914626, 50.6718549], [3.1915948, 50.6717309]], [[3.1911277, 50.6710523], [3.1911446, 50.6710639], [3.191241, 50.6711455], [3.1915161, 50.6714421], [3.1915956, 50.6715541], [3.191617, 50.6716115], [3.1916228, 50.6716591], [3.1915948, 50.6717309]], [[3.1903279, 50.6705564], [3.1903548, 50.6705725], [3.1907554, 50.6708214], [3.1910201, 50.6709789], [3.1911277, 50.6710523]], [[3.1902812, 50.6705268], [3.1901263, 50.670624], [3.1901051, 50.6706429], [3.1901123, 50.6706644], [3.1902199, 50.6707396], [3.1907181, 50.6710476], [3.1909134, 50.6711621], [3.1909586, 50.671162], [3.1911277, 50.6710523]], [[3.1902812, 50.6705268], [3.1903279, 50.6705564]], [[3.1884432, 50.6695407], [3.188198, 50.6696757], [3.1880443, 50.6697217], [3.1879187, 50.6697452], [3.1877761, 50.6697625], [3.1876378, 50.6697762], [3.1875291, 50.6697871], [3.1873964, 50.6698008], [3.1873386, 50.6698089], [3.1873216, 50.6698143], [3.1871594, 50.6698684]], [[3.1895013, 50.6700327], [3.1892311, 50.6699111], [3.1887275, 50.6696767], [3.1884432, 50.6695407]], [[3.1895013, 50.6700327], [3.190076, 50.6703997], [3.1902812, 50.6705268]]]}, "properties": {"cleabs": "VOIE_NOM0000002339393516", "identifiant_voie_ban": "59512_4380", "nom": "Contour des Petites Haies", "nom_normalise": "CTR DES PETITES HAIES", "type_voie": "contour"}}, {"type": "Feature", "geometry": {"type": "MultiLineString", "coordinates": [[[3.1794198, 50.7042128], [3.1802847, 50.7046476], [3.1803824, 50.7047112]], [[3.175422, 50.7021196], [3.1749138, 50.7018493], [3.174819, 50.7018109]], [[3.1761496, 50.7025026], [3.1756018, 50.7022145], [3.175422, 50.7021196]], [[3.174819, 50.7018109], [3.1747539, 50.7017679], [3.1747057, 50.7017392], [3.174666, 50.7016926], [3.1745438, 50.7014954], [3.1743405, 50.7011484], [3.174261, 50.7010372]], [[3.174261, 50.7010372], [3.1742015, 50.7009781], [3.174115, 50.7009028], [3.1740258, 50.7008437], [3.1739013, 50.7007856], [3.1737555, 50.7007293], [3.1735094, 50.7006551], [3.1734246, 50.7006292]], [[3.1764498, 50.702661], [3.1761496, 50.7025026]], [[3.1768759, 50.7028848], [3.1768504, 50.7028713], [3.1764582, 50.7026655], [3.1764498, 50.702661]], [[3.1772864, 50.7030959], [3.1768759, 50.7028848]], [[3.1782009, 50.703572], [3.1780551, 50.7035022], [3.1776955, 50.7033071], [3.1772892, 50.7030977], [3.1772864, 50.7030959]], [[3.1782009, 50.703572], [3.1784487, 50.7037116], [3.1785407, 50.70376]], [[3.1785407, 50.70376], [3.1788535, 50.7039237]], [[3.1788535, 50.7039237], [3.179274, 50.7041403], [3.1794198, 50.7042128]]]}, "properties": {"cleabs": "VOIE_NOM0000002339393557", "identifiant_voie_ban": "59512_5660", "nom": "Rue Voltaire", "nom_normalise": "R VOLTAIRE", "type_voie": "rue"}}, {"type": "Feature", "geometry": {"type": "MultiLineString", "coordinates": [[[3.1870861, 50.7024696], [3.1871833, 50.7023779]], [[3.1874281, 50.7024825], [3.1871833, 50.7023779]], [[3.1871833, 50.7023779], [3.1872579, 50.7023087]]]}, "properties": {"cleabs": "VOIE_NOM0000002339393633", "identifiant_voie_ban": "59512_h0q4lt", "nom": "Cour Hus", "nom_normalise": "COUR HUS", "type_voie": "cour"}}, {"type": "Feature", "geometry": {"type": "MultiLineString", "coordinates": [[[3.2000225, 50.6717383], [3.199876, 50.6718363], [3.1989042, 50.6724858], [3.1987845, 50.6725667]]]}, "properties": {"cleabs": "VOIE_NOM0000002339393707", "identifiant_voie_ban": "59512_0135", "nom": "Avenue Amédée Prouvost", "nom_normalise": "AV AMEDEE PROUVOST", "type_voie": "avenue"}}, {"type": "Feature", "geometry": {"type": "MultiLineString", "coordinates": [[[3.1598728, 50.6908026], [3.1598853, 50.6907604], [3.1600601, 50.6906399]], [[3.1609188, 50.6901417], [3.1611966, 50.6899673]], [[3.1600601, 50.6906399], [3.1606496, 50.6903125], [3.1609188, 50.6901417]]]}, "properties": {"cleabs": "VOIE_NOM0000002339393748", "identifiant_voie_ban": "59512_3590", "nom": "Rue du Marquisat", "nom_normalise": "R DU MARQUISAT", "type_voie": "rue"}}, {"type": "Feature", "geometry": {"type": "MultiLineString", "coordinates": [[[3.1988378, 50.6849441], [3.1988179, 50.684928], [3.1988037, 50.6848984], [3.1987879, 50.6848374], [3.1987687, 50.6846292], [3.1987436, 50.6843448], [3.1987406, 50.6843107], [3.1987259, 50.6841653], [3.1987286, 50.684125], [3.1987496, 50.6840774], [3.1988395, 50.6839462], [3.1989393, 50.6838339]], [[3.1997742, 50.6852925], [3.199681, 50.6852801], [3.1996286, 50.6852668], [3.1994787, 50.6852069], [3.198859, 50.684962], [3.1988378, 50.6849441]], [[3.1989969, 50.6837548], [3.1989393, 50.6838339]], [[3.1989969, 50.6837548], [3.1990418, 50.683691], [3.1991261, 50.6835742], [3.1997289, 50.6827647], [3.1997963, 50.6826731], [3.2003484, 50.681931], [3.2004228, 50.6818232], [3.2004228, 50.6818151]]]}, "properties": {"cleabs": "VOIE_NOM0000002339393783", "identifiant_voie_ban": "59512_1070", "nom": "Rue de Charleroi", "nom_normalise": "R DE CHARLEROI", "type_voie": "rue"}}, {"type": "Feature", "geometry": {"type": "MultiLineString", "coordinates": [[[3.1850372, 50.6955443], [3.1854317, 50.6956433]]]}, "properties": {"cleabs": "VOIE_NOM0000002339393790", "identifiant_voie_ban": "59512_9ap9i3", "nom": "Cour Vrambout", "nom_normalise": "COUR VRAMBOUT", "type_voie": "cour"}}, {"type": "Feature", "geometry": {"type": "MultiLineString", "coordinates": [[[3.187058, 50.7024957], [3.1868924, 50.7024196]], [[3.1872858, 50.7026021], [3.187058, 50.7024957]]]}, "properties": {"cleabs": "VOIE_NOM0000002339393885", "identifiant_voie_ban": "59512_1812", "nom": "Cour Masurel", "nom_normalise": "COUR MASUREL", "type_voie": "cour"}}, {"type": "Feature", "geometry": {"type": "MultiLineString", "coordinates": [[[3.1863128, 50.6970329], [3.185904, 50.6968962], [3.1856975, 50.6968292], [3.1854796, 50.6967586], [3.185225, 50.6966765], [3.1849294, 50.6965782]], [[3.1849294, 50.6965782], [3.1847978, 50.6965344], [3.1846549, 50.6964871], [3.1845502, 50.6964513], [3.1844286, 50.6964156]]]}, "properties": {"cleabs": "VOIE_NOM0000002339393892", "identifiant_voie_ban": "59512_2300", "nom": "Rue Gay Lussac", "nom_normalise": "R GAY LUSSAC", "type_voie": "rue"}}, {"type": "Feature", "geometry": {"type": "MultiLineString", "coordinates": [[[3.1843001, 50.6945179], [3.1846706, 50.6946098], [3.1849973, 50.6946892]], [[3.183265, 50.6942565], [3.1834743, 50.6943101], [3.1838349, 50.6944011], [3.1840414, 50.6944528], [3.1843001, 50.6945179]], [[3.1849973, 50.6946892], [3.1852999, 50.6947632], [3.1855431, 50.6948257]]]}, "properties": {"cleabs": "VOIE_NOM0000002339393923", "identifiant_voie_ban": "59512_3130", "nom": "Rue Lavoisier", "nom_normalise": "R LAVOISIER", "type_voie": "rue"}}, {"type": "Feature", "geometry": {"type": "MultiLineString", "coordinates": [[[3.1972301, 50.6909814], [3.1972465, 50.6912003]]]}, "properties": {"cleabs": "VOIE_NOM0000002339398065", "identifiant_voie_ban": "", "nom": "COUR PLANCKAERT", "nom_normalise": "COUR PLANCKAERT", "type_voie": "cour"}}, {"type": "Feature", "geometry": {"type": "MultiLineString", "coordinates": [[[3.1584707, 50.6977472], [3.1580108, 50.6975216]]]}, "properties": {"cleabs": "VOIE_NOM0000002339409621", "identifiant_voie_ban": "59512_jejvst", "nom": "Enclos des Pensées", "nom_normalise": "ENC DES PENSEES", "type_voie": "enclos"}}, {"type": "Feature", "geometry": {"type": "MultiLineString", "coordinates": [[[3.1967801, 50.6918633], [3.1969204, 50.6916262]], [[3.1965086, 50.6917991], [3.1967801, 50.6918633]], [[3.1967801, 50.6918633], [3.1966863, 50.6921048]]]}, "properties": {"cleabs": "VOIE_NOM0000002339409622", "identifiant_voie_ban": "59512_ynlrfk", "nom": "Cité Planckaert", "nom_normalise": "CITE PLANCKAERT", "type_voie": "cité"}}, {"type": "Feature", "geometry": {"type": "MultiLineString", "coordinates": [[[3.1797246, 50.6910932], [3.1798974, 50.6908201], [3.1805789, 50.6902098], [3.1811128, 50.6897846], [3.1813314, 50.6896784], [3.1817455, 50.6893655], [3.1818102, 50.6892811], [3.182423, 50.6888064], [3.1825215, 50.6887165], [3.1825962, 50.6886482]]]}, "properties": {"cleabs": "VOIE_NOM0000002339409624", "identifiant_voie_ban": "59512_qxwigz", "nom": "Mail de Lannoy", "nom_normalise": "MAIL DE LANNOY", "type_voie": "mail"}}, {"type": "Feature", "geometry": {"type": "MultiLineString", "coordinates": [[[3.1635501, 50.6873744], [3.1629022, 50.6866681], [3.162718, 50.6864746]]]}, "properties": {"cleabs": "VOIE_NOM0000002339409625", "identifiant_voie_ban": "59512_5175", "nom": "Allée des Saules", "nom_normalise": "ALL DES SAULES", "type_voie": "allée"}}, {"type": "Feature", "geometry": {"type": "MultiLineString", "coordinates": [[[3.1947469, 50.6881496], [3.1945006, 50.6880145]]]}, "properties": {"cleabs": "VOIE_NOM0000002339410326", "identifiant_voie_ban": "59512_813ara", "nom": "Cour Ducroquet", "nom_normalise": "COUR DUCROQUET", "type_voie": "cour"}}, {"type": "Feature", "geometry": {"type": "MultiLineString", "coordinates": [[[3.1792267, 50.6841878], [3.1791076, 50.6840722]]]}, "properties": {"cleabs": "VOIE_NOM0000002339410327", "identifiant_voie_ban": "59512_zctlki", "nom": "Cour Vaneecke", "nom_normalise": "COUR VANEECKE", "type_voie": "cour"}}, {"type": "Feature", "geometry": {"type": "MultiLineString", "coordinates": [[[3.1879923, 50.6961752], [3.1879599, 50.6962165], [3.187665, 50.6966827]]]}, "properties": {"cleabs": "VOIE_NOM0000002339410328", "identifiant_voie_ban": "59512_3200", "nom": "Square Léon Jouhaux", "nom_normalise": "SQ LEON JOUHAUX", "type_voie": "square"}}, {"type": "Feature", "geometry": {"type": "MultiLineString", "coordinates": [[[3.1851874, 50.6937637], [3.185252, 50.6936622], [3.1853082, 50.6935868]], [[3.1848798, 50.6942434], [3.1851874, 50.6937637]]]}, "properties": {"cleabs": "VOIE_NOM0000002339410330", "identifiant_voie_ban": "59512_3180", "nom": "Rue Léon Allart", "nom_normalise": "R LEON ALLART", "type_voie": "rue"}}, {"type": "Feature", "geometry": {"type": "MultiLineString", "coordinates": [[[3.1770114, 50.6884328], [3.1771846, 50.6882997], [3.1772903, 50.6882188], [3.1773409, 50.6881559]], [[3.1779426, 50.6873349], [3.1779443, 50.687404]], [[3.1773409, 50.6881559], [3.1777629, 50.6876528], [3.1778824, 50.6874992], [3.1779443, 50.687404]]]}, "properties": {"cleabs": "VOIE_NOM0000002339410332", "identifiant_voie_ban": "59512_1820", "nom": "Rue Dupleix", "nom_normalise": "R DUPLEIX", "type_voie": "rue"}}, {"type": "Feature", "geometry": {"type": "MultiLineString", "coordinates": [[[3.1856354, 50.6857802], [3.1857635, 50.6856589], [3.1857673, 50.6855628], [3.1859898, 50.6853714]], [[3.1909271, 50.6884894], [3.1908111, 50.6884429], [3.1906788, 50.6885624]]]}, "properties": {"cleabs": "VOIE_NOM0000002339410334", "identifiant_voie_ban": "59512_q1f6i9", "nom": "Cour D'Halluin", "nom_normalise": "COUR D'HALLUIN", "type_voie": "cour"}}, {"type": "Feature", "geometry": {"type": "MultiLineString", "coordinates": [[[3.2044406, 50.6785628], [3.2048328, 50.6788071], [3.2054332, 50.679183], [3.2059543, 50.6795339], [3.206188, 50.6796906]], [[3.2025899, 50.6787875], [3.2026826, 50.6786464], [3.2027851, 50.6785072], [3.2028484, 50.678438], [3.2029526, 50.6783714], [3.2031119, 50.6782832], [3.2032783, 50.6782354], [3.2034463, 50.6782144], [3.2036172, 50.6782142], [3.2037401, 50.6782319], [3.203767, 50.6782355], [3.203948, 50.6782863], [3.2041149, 50.6783614], [3.2043273, 50.6784903], [3.2044406, 50.6785628]], [[3.202184, 50.6793445], [3.2022712, 50.6792537], [3.2023471, 50.679154], [3.2024524, 50.6789941], [3.2025899, 50.6787875]]]}, "properties": {"cleabs": "VOIE_NOM0000002339410338", "identifiant_voie_ban": "59512_a6pfk9", "nom": "Rue Alexander Fleming", "nom_normalise": "R ALEXANDER FLEMING", "type_voie": "rue"}}, {"type": "Feature", "geometry": {"type": "MultiLineString", "coordinates": [[[3.1745512, 50.6991524], [3.1745855, 50.6992672], [3.1746026, 50.6993121], [3.1746225, 50.6993372], [3.1746565, 50.6993631]], [[3.1742477, 50.6980249], [3.1743337, 50.6983577], [3.1744482, 50.6987972], [3.1745512, 50.6991524]], [[3.173452, 50.6959002], [3.1735232, 50.696058], [3.1735844, 50.6961809], [3.1736484, 50.6963118], [3.1738561, 50.6967279], [3.1739458, 50.6969207], [3.17399, 50.6970418], [3.1740371, 50.6971906], [3.1741045, 50.697458], [3.1742477, 50.6980249]], [[3.1732173, 50.6954294], [3.1732244, 50.6954473], [3.1732585, 50.6955155], [3.173452, 50.6959002]], [[3.1730565, 50.6950949], [3.1732173, 50.6954294]], [[3.1730252, 50.6950384], [3.1730565, 50.6950949]], [[3.1725723, 50.6944055], [3.1726885, 50.6945104], [3.1727991, 50.6946278], [3.1728942, 50.694747], [3.1729241, 50.6948097], [3.1729639, 50.6948914], [3.1730252, 50.6950384]]]}, "properties": {"cleabs": "VOIE_NOM0000002339410339", "identifiant_voie_ban": "59512_2130", "nom": "Avenue de la Fosse aux Chênes", "nom_normalise": "AV DE LA FOSSE AUX CHENES", "type_voie": "avenue"}}, {"type": "Feature", "geometry": {"type": "MultiLineString", "coordinates": [[[3.1973159, 50.6808527], [3.196628, 50.6811822]]]}, "properties": {"cleabs": "VOIE_NOM0000002339410340", "identifiant_voie_ban": "59512_6kpn9e", "nom": "Rangée Duquesne", "nom_normalise": "RANGEE DUQUESNE", "type_voie": ""}}, {"type": "Feature", "geometry": {"type": "MultiLineString", "coordinates": [[[3.1829401, 50.6787632], [3.1828541, 50.6788037], [3.1827145, 50.6788596], [3.1826623, 50.6788812], [3.182565, 50.6789361]]]}, "properties": {"cleabs": "VOIE_NOM0000002339410341", "identifiant_voie_ban": "59512_ns9zyd", "nom": "Cour Delfosse", "nom_normalise": "COUR DELFOSSE", "type_voie": "cour"}}, {"type": "Feature", "geometry": {"type": "MultiLineString", "coordinates": [[[3.1885775, 50.6740777], [3.188545, 50.6740921], [3.1885409, 50.6741289], [3.1885383, 50.6741738], [3.1885272, 50.674224], [3.1884779, 50.6742591], [3.1878901, 50.6745606], [3.1877717, 50.6746173]], [[3.1884471, 50.6739639], [3.1885775, 50.6740777]], [[3.1885775, 50.6740777], [3.1886409, 50.6740623], [3.1887073, 50.6740604], [3.1887793, 50.6740603], [3.188833, 50.6740602], [3.1892079, 50.673856], [3.1892346, 50.6738254], [3.1892471, 50.6737715], [3.1892526, 50.6737267], [3.1892638, 50.6736988], [3.189275, 50.6736898]], [[3.189275, 50.6736898], [3.1891815, 50.6736047]], [[3.1903073, 50.6733087], [3.1897478, 50.6736048], [3.189549, 50.6736975], [3.1895038, 50.6737012], [3.1894247, 50.6736959], [3.1893442, 50.6736844], [3.1893004, 50.6736844], [3.189275, 50.6736898]]]}, "properties": {"cleabs": "VOIE_NOM0000002339410342", "identifiant_voie_ban": "59512_4757", "nom": "Allée Pierre Auguste Renoir", "nom_normalise": "ALL PIERRE AUGUSTE RENOIR", "type_voie": "allée"}}, {"type": "Feature", "geometry": {"type": "MultiLineString", "coordinates": [[[3.1792113, 50.7067597], [3.1792522, 50.7067516], [3.1794824, 50.7067055], [3.1795885, 50.7067358]], [[3.1784049, 50.7069098], [3.1785038, 50.7068944], [3.1787834, 50.7068456], [3.179087, 50.7067832], [3.1792113, 50.7067597]], [[3.1743466, 50.7069667], [3.1746605, 50.7070031], [3.1751878, 50.707058], [3.1755581, 50.7070808], [3.1758704, 50.7070929], [3.1761955, 50.7071059], [3.1765261, 50.7070937], [3.1769147, 50.7070753], [3.1773653, 50.7070432], [3.1777637, 50.7070032], [3.1779572, 50.7069777], [3.1784049, 50.7069098]], [[3.1743466, 50.7069667], [3.1742604, 50.706957], [3.1739267, 50.7069108], [3.1735846, 50.7068511], [3.1732565, 50.7067861], [3.1729369, 50.7067192], [3.1725932, 50.7066389], [3.1723924, 50.7065854], [3.172357, 50.7065765], [3.1720204, 50.7064881], [3.1719327, 50.706464]], [[3.1671763, 50.7052286], [3.166926, 50.7051822], [3.1666459, 50.7050875]], [[3.1671763, 50.7052286], [3.1675341, 50.7053259], [3.1677788, 50.705392]], [[3.1677788, 50.705392], [3.1683446, 50.7055446], [3.1689046, 50.7056883], [3.1694732, 50.7058365], [3.1696684, 50.705882], [3.1698211, 50.7059213], [3.1699752, 50.7059489]], [[3.1719327, 50.706464], [3.1712793, 50.7062935], [3.1706853, 50.7061462], [3.170384, 50.706074], [3.1701903, 50.7060258], [3.1701039, 50.7059828]], [[3.1608518, 50.7035939], [3.1607599, 50.7035743]], [[3.1604147, 50.7034598], [3.1605321, 50.7034812]], [[3.1595408, 50.703233], [3.160337, 50.7034456], [3.1604147, 50.7034598]], [[3.162519, 50.7039767], [3.1621471, 50.7038838], [3.1619745, 50.703841], [3.1616436, 50.7037598], [3.1611516, 50.7036581], [3.1608518, 50.7035939]], [[3.1666459, 50.7050875], [3.1656376, 50.704851], [3.1655089, 50.7048171], [3.1654184, 50.7047894], [3.165277, 50.7047618], [3.1651555, 50.7047664], [3.1650976, 50.7047674], [3.1648331, 50.7047014], [3.1647171, 50.7046584], [3.1646435, 50.7046101], [3.1645543, 50.704568], [3.1642898, 50.7044912], [3.1641286, 50.7044457], [3.1640395, 50.7044206], [3.1638966, 50.704367], [3.1636377, 50.7042677], [3.1634453, 50.704207], [3.163359, 50.7041864], [3.1631964, 50.7041481], [3.1629263, 50.7040784], [3.162519, 50.7039767]]]}, "properties": {"cleabs": "VOIE_NOM0000002339410343", "identifiant_voie_ban": "59512_5cbpl3", "nom": "Promenade au Fil de L'Eau", "nom_normalise": "PROM AU FIL DE L'EAU", "type_voie": "promenade"}}, {"type": "Feature", "geometry": {"type": "MultiLineString", "coordinates": [[[3.1800897, 50.6826198], [3.1803052, 50.6828232]]]}, "properties": {"cleabs": "VOIE_NOM0000002339410344", "identifiant_voie_ban": "59512_unlpec", "nom": "Cour Segard", "nom_normalise": "COUR SEGARD", "type_voie": "cour"}}, {"type": "Feature", "geometry": {"type": "MultiLineString", "coordinates": [[[3.1732226, 50.6912603], [3.1731655, 50.691491], [3.1731599, 50.6915126], [3.1731488, 50.6915547], [3.1731194, 50.691623]], [[3.1734161, 50.6916486], [3.1733596, 50.6916433], [3.1731194, 50.691623]], [[3.1738923, 50.6916901], [3.1734161, 50.6916486]], [[3.1746528, 50.6914019], [3.1742514, 50.6913639], [3.174014, 50.69134], [3.1732226, 50.6912603]], [[3.1751377, 50.6919127], [3.1751194, 50.6919468], [3.1751025, 50.6919639], [3.1750828, 50.6919765], [3.175056, 50.6919882], [3.1750179, 50.6919972], [3.1749699, 50.6920018], [3.1749303, 50.6920018], [3.1748837, 50.6919992], [3.174765, 50.6919904], [3.1747382, 50.6919886], [3.1747029, 50.6920066]], [[3.1751726, 50.6917852], [3.1751642, 50.691822], [3.1751377, 50.6919127]], [[3.1753576, 50.6909639], [3.1753449, 50.690989], [3.1752435, 50.6914567]], [[3.1752435, 50.6914567], [3.1751726, 50.6917852]], [[3.1752435, 50.6914567], [3.1748054, 50.691416], [3.1746528, 50.6914019]]]}, "properties": {"cleabs": "VOIE_NOM0000002339410345", "identifiant_voie_ban": "59512_2370", "nom": "Grand Place", "nom_normalise": "GRAND PLACE", "type_voie": ""}}, {"type": "Feature", "geometry": {"type": "MultiLineString", "coordinates": [[[3.2082576, 50.6828593], [3.2082787, 50.6828404], [3.2083083, 50.6828207], [3.2083646, 50.6827936], [3.2084296, 50.6827783], [3.208462, 50.6827728], [3.208486, 50.6827719]], [[3.208486, 50.6827719], [3.2085228, 50.6827727], [3.2085609, 50.6827763], [3.2086005, 50.6827825], [3.2086401, 50.6827932], [3.2086712, 50.6828048], [3.2087009, 50.6828191], [3.2087477, 50.6828495], [3.2087774, 50.6828818], [3.208796, 50.6829176], [3.2088003, 50.6829455]], [[3.2088003, 50.6829455], [3.2088004, 50.6829688], [3.208785, 50.6830047], [3.2087555, 50.6830469], [3.2086979, 50.6831009], [3.2086288, 50.683145], [3.2085725, 50.6831827], [3.2084979, 50.6832421]], [[3.2081284, 50.6833773], [3.2081593, 50.6833521], [3.2081916, 50.683309], [3.2082084, 50.6832704], [3.2082238, 50.683221], [3.2082335, 50.6831761], [3.2082361, 50.6831268], [3.2082302, 50.683081], [3.2082258, 50.6830335], [3.2082199, 50.6829823], [3.2082198, 50.6829437], [3.2082295, 50.682906], [3.2082576, 50.6828593]], [[3.2078813, 50.6837528], [3.2078486, 50.6837053], [3.2078301, 50.6836506]], [[3.2080497, 50.6838199], [3.2080059, 50.683811], [3.2079776, 50.6838029], [3.2079323, 50.6837824], [3.2078997, 50.6837654], [3.2078813, 50.6837528]], [[3.2082206, 50.6838169], [3.2081952, 50.6838205], [3.2081387, 50.6838233], [3.2081147, 50.6838233], [3.2080497, 50.6838199]], [[3.2080326, 50.6834376], [3.2081284, 50.6833773]], [[3.2084979, 50.6832421], [3.2084824, 50.6832574], [3.2084627, 50.6832807], [3.2084389, 50.6833248], [3.208425, 50.6833768], [3.2084125, 50.6834289], [3.2084042, 50.6834693], [3.2084072, 50.6835213], [3.2084074, 50.6835626], [3.208409, 50.6836182], [3.208405, 50.6836568], [3.2083994, 50.6836811], [3.208391, 50.683708]], [[3.2078301, 50.6836506], [3.20783, 50.6836327], [3.2078453, 50.6835842], [3.2078861, 50.6835401], [3.2079818, 50.6834673], [3.2080326, 50.6834376]], [[3.208391, 50.683708], [3.2083756, 50.6837367], [3.2083588, 50.6837574], [3.2083306, 50.6837781], [3.208277, 50.6838042], [3.2082206, 50.6838169]]]}, "properties": {"cleabs": "VOIE_NOM0000002339410346", "identifiant_voie_ban": "", "nom": "RPT DU LIEUTENANT PAUL BRUNBROUCK", "nom_normalise": "RPT DU LIEUTENANT PAUL BRUNBROUCK", "type_voie": "rond-point"}}, {"type": "Feature", "geometry": {"type": "MultiLineString", "coordinates": [[[3.1891574, 50.6848228], [3.1881419, 50.6840939]]]}, "properties": {"cleabs": "VOIE_NOM0000002339410347", "identifiant_voie_ban": "59512_wq463s", "nom": "Cour Papillon Bonte", "nom_normalise": "COUR PAPILLON BONTE", "type_voie": "cour"}}, {"type": "Feature", "geometry": {"type": "MultiLineString", "coordinates": [[[3.1666002, 50.7045034], [3.1669326, 50.7045963]], [[3.1703172, 50.705533], [3.1704516, 50.7055786], [3.1705944, 50.705616], [3.1707245, 50.7056482], [3.1708646, 50.7056839], [3.1710117, 50.7057223], [3.1711587, 50.7057606], [3.1713087, 50.7057999], [3.1714586, 50.7058392], [3.1716113, 50.7058794]], [[3.1665129, 50.7045914], [3.1665878, 50.7046111], [3.1668057, 50.7046817], [3.1668495, 50.7046942], [3.1668693, 50.7046995], [3.1668792, 50.7047013]], [[3.1669326, 50.7045963], [3.1671702, 50.7046623], [3.1679466, 50.7048722], [3.1682027, 50.7049544], [3.1684856, 50.7050428], [3.168801, 50.7051366], [3.1690075, 50.7051983]], [[3.1701931, 50.7056202], [3.1701097, 50.705597], [3.1700008, 50.7055684], [3.169882, 50.7055372], [3.1697547, 50.7055032], [3.1696175, 50.7054666], [3.1694746, 50.7054282], [3.1693304, 50.7053899], [3.1691903, 50.7053515], [3.169056, 50.7053122], [3.1689258, 50.7052729], [3.1687943, 50.7052326], [3.168667, 50.7051933], [3.1685397, 50.7051558], [3.1684124, 50.7051192], [3.1682851, 50.7050826], [3.1681634, 50.7050469], [3.1680432, 50.7050147], [3.1679315, 50.7049835], [3.1678254, 50.704954], [3.1677264, 50.7049281], [3.1676331, 50.704904], [3.1675454, 50.7048808], [3.1674662, 50.7048603], [3.167394, 50.7048406], [3.167329, 50.7048228], [3.1672682, 50.7048076], [3.1672102, 50.7047915], [3.1671536, 50.7047763], [3.1671027, 50.7047638], [3.1670546, 50.7047504], [3.1670108, 50.7047379], [3.1669683, 50.7047272], [3.1669316, 50.7047174], [3.1669061, 50.7047103], [3.1668877, 50.7047049], [3.1668792, 50.7047013]], [[3.1690075, 50.7051983], [3.1691278, 50.705234], [3.169801, 50.7054036], [3.1703172, 50.705533]]]}, "properties": {"cleabs": "VOIE_NOM0000002339410350", "identifiant_voie_ban": "59512_1800", "nom": "Quai de Dunkerque", "nom_normalise": "QU DE DUNKERQUE", "type_voie": "quai"}}, {"type": "Feature", "geometry": {"type": "MultiLineString", "coordinates": [[[3.1788948, 50.6984705], [3.1788231, 50.698572], [3.1787768, 50.6986376], [3.1787641, 50.6986538], [3.1787486, 50.6986771], [3.178729, 50.6987041], [3.1787079, 50.6987355], [3.1786854, 50.6987706], [3.1786657, 50.6988065], [3.1786475, 50.6988442], [3.1786321, 50.6988819], [3.1786209, 50.6989178], [3.1786126, 50.698951], [3.178607, 50.6989842], [3.1786029, 50.6990139], [3.1786002, 50.699039], [3.1785988, 50.6990614], [3.1785961, 50.6990866], [3.1785934, 50.6991135], [3.1785906, 50.6991395], [3.1785879, 50.6991628], [3.1785823, 50.6991862], [3.1785796, 50.6992266], [3.1785784, 50.699275], [3.1785774, 50.6994006]]]}, "properties": {"cleabs": "VOIE_NOM0000002339410351", "identifiant_voie_ban": "59512_3768", "nom": "Rue du Sergent Mickaël Dufermont", "nom_normalise": "R DU SERGENT MICKAEL DUFERMONT", "type_voie": "rue"}}, {"type": "Feature", "geometry": {"type": "MultiLineString", "coordinates": [[[3.2011999, 50.6868104], [3.2011997, 50.6867637], [3.2011897, 50.6867449], [3.2011756, 50.6867287], [3.2011317, 50.6867091], [3.2007794, 50.6865813], [3.2006776, 50.6865447]]]}, "properties": {"cleabs": "VOIE_NOM0000002339410352", "identifiant_voie_ban": "59512_5430", "nom": "Place des trois Ponts", "nom_normalise": "PL DES TROIS PONTS", "type_voie": "place"}}, {"type": "Feature", "geometry": {"type": "MultiLineString", "coordinates": [[[3.1542739, 50.6708882], [3.1543814, 50.6709751], [3.1544975, 50.6710692]], [[3.1534, 50.6700574], [3.1534158, 50.670122], [3.1534286, 50.6701668], [3.1534542, 50.6702126], [3.1534939, 50.6702619], [3.153535, 50.670321]], [[3.153535, 50.670321], [3.1536483, 50.6704241], [3.1538379, 50.6705396], [3.1541549, 50.6707932], [3.1542739, 50.6708882]]]}, "properties": {"cleabs": "VOIE_NOM0000002339410353", "identifiant_voie_ban": "59512_ku33lp", "nom": "Contour du Fer à Cheval", "nom_normalise": "CTR DU FER A CHEVAL", "type_voie": "contour"}}, {"type": "Feature", "geometry": {"type": "MultiLineString", "coordinates": [[[3.1796398, 50.6827927], [3.1798553, 50.6830132]]]}, "properties": {"cleabs": "VOIE_NOM0000002339410355", "identifiant_voie_ban": "59512_9ghrw2", "nom": "Cour Dehaynin", "nom_normalise": "COUR DEHAYNIN", "type_voie": "cour"}}, {"type": "Feature", "geometry": {"type": "MultiLineString", "coordinates": [[[3.1879117, 50.6942729], [3.1874399, 50.6939174]]]}, "properties": {"cleabs": "VOIE_NOM0000002339410356", "identifiant_voie_ban": "59512_3940", "nom": "Place Nadaud", "nom_normalise": "PL NADAUD", "type_voie": "place"}}, {"type": "Feature", "geometry": {"type": "MultiLineString", "coordinates": [[[3.1823663, 50.6984834], [3.1821411, 50.6987099]]]}, "properties": {"cleabs": "VOIE_NOM0000002339410357", "identifiant_voie_ban": "59512_1gvx7j", "nom": "Cité des Platanes", "nom_normalise": "CITE DES PLATANES", "type_voie": "cité"}}, {"type": "Feature", "geometry": {"type": "MultiLineString", "coordinates": [[[3.1797872, 50.6994958], [3.1797979, 50.6993199], [3.1800076, 50.6990845]]]}, "properties": {"cleabs": "VOIE_NOM0000002339410358", "identifiant_voie_ban": "", "nom": "COUR SAINT-ANTOINE", "nom_normalise": "COUR SAINT-ANTOINE", "type_voie": "cour"}}, {"type": "Feature", "geometry": {"type": "MultiLineString", "coordinates": [[[3.1809583, 50.7064916], [3.1812978, 50.7065718], [3.1816089, 50.7066396], [3.1817913, 50.7066725], [3.1819921, 50.7067045], [3.182207, 50.7067392], [3.1826071, 50.7067996], [3.1830045, 50.7068609], [3.1834004, 50.7069232], [3.1836337, 50.7069587]], [[3.1836297, 50.7070332], [3.1835194, 50.70701], [3.1833582, 50.7069789], [3.1832026, 50.7069513], [3.1830527, 50.7069255], [3.1829099, 50.7069006], [3.1827713, 50.7068765], [3.182637, 50.7068525], [3.1825041, 50.7068294], [3.1823712, 50.7068071], [3.1822383, 50.7067849], [3.1821054, 50.7067627], [3.1819767, 50.7067413], [3.1818523, 50.7067218], [3.1817321, 50.7067013], [3.1816147, 50.706679], [3.1815058, 50.7066577], [3.1813997, 50.7066345], [3.1813007, 50.7066122], [3.1812088, 50.7065899], [3.1811268, 50.7065676], [3.1809542, 50.7065221]], [[3.1836337, 50.7069587], [3.1838047, 50.7069872], [3.1841866, 50.7070656], [3.1845571, 50.7071521], [3.1849221, 50.7072449], [3.18528, 50.7073484], [3.1856138, 50.707452], [3.1859067, 50.7075512], [3.1863638, 50.7077192], [3.1864261, 50.7077424], [3.1864982, 50.7077683], [3.1865888, 50.7078023], [3.1866949, 50.7078416]], [[3.1866386, 50.7079027], [3.1865311, 50.707867], [3.1864136, 50.7078223], [3.1862934, 50.7077785], [3.1861703, 50.7077374], [3.1858873, 50.7076338], [3.1857359, 50.7075819], [3.1854203, 50.7074774], [3.1850907, 50.7073783], [3.1847597, 50.7072873], [3.1844202, 50.7072025], [3.1842449, 50.7071615], [3.1840667, 50.7071223], [3.1838871, 50.7070849], [3.1836297, 50.7070332]]]}, "properties": {"cleabs": "VOIE_NOM0000002339410359", "identifiant_voie_ban": "59512_3019", "nom": "Boulevard de la Laine", "nom_normalise": "BD DE LA LAINE", "type_voie": "boulevard"}}, {"type": "Feature", "geometry": {"type": "MultiLineString", "coordinates": [[[3.1788401, 50.7053065], [3.1787722, 50.7052851], [3.1784525, 50.7051779], [3.1782968, 50.7051252]]]}, "properties": {"cleabs": "VOIE_NOM0000002339410360", "identifiant_voie_ban": "59512_2305", "nom": "Cour Jacquard", "nom_normalise": "COUR JACQUARD", "type_voie": "cour"}}, {"type": "Feature", "geometry": {"type": "MultiLineString", "coordinates": [[[3.1748009, 50.683644], [3.1751557, 50.6833286]]]}, "properties": {"cleabs": "VOIE_NOM0000002339410361", "identifiant_voie_ban": "59512_3tjz2p", "nom": "Impasse Kléber", "nom_normalise": "IMP KLEBER", "type_voie": "impasse"}}, {"type": "Feature", "geometry": {"type": "MultiLineString", "coordinates": [[[3.1709652, 50.6755219], [3.171195, 50.6758061], [3.1713084, 50.6759531], [3.1713355, 50.6760248], [3.1712667, 50.6761308], [3.171199, 50.6761632], [3.1710581, 50.6762451], [3.1709765, 50.6763394]]]}, "properties": {"cleabs": "VOIE_NOM0000002339410363", "identifiant_voie_ban": "59512_t76r60", "nom": "Clos Gustave Delory", "nom_normalise": "CLOS GUSTAVE DELORY", "type_voie": "clos"}}, {"type": "Feature", "geometry": {"type": "MultiLineString", "coordinates": [[[3.1749777, 50.6995152], [3.1750074, 50.6995287], [3.1751362, 50.6995787], [3.1752436, 50.6995893]], [[3.1749777, 50.6995152], [3.1749242, 50.6995745], [3.1748706, 50.6996006], [3.1747535, 50.6996439], [3.174625, 50.6996593], [3.1743918, 50.699648], [3.1743382, 50.6996732], [3.1742523, 50.6997343]], [[3.1746565, 50.6993631], [3.174747, 50.699407], [3.1749707, 50.6995117], [3.1749777, 50.6995152]], [[3.1741173, 50.6995308], [3.1741243, 50.6995137], [3.1741342, 50.6994985], [3.1741525, 50.6994805], [3.1741736, 50.6994625], [3.1741976, 50.6994446], [3.1742314, 50.6994248], [3.1742695, 50.6994023], [3.1743019, 50.6993789], [3.1743301, 50.6993537], [3.1743512, 50.6993286], [3.1743666, 50.6993007], [3.1743806, 50.6992756], [3.1743919, 50.6992558], [3.1744031, 50.6992316], [3.1744157, 50.6992109], [3.1744298, 50.6991957], [3.1744905, 50.6991633], [3.1745512, 50.6991524]]]}, "properties": {"cleabs": "VOIE_NOM0000002339410367", "identifiant_voie_ban": "59512_2120", "nom": "Place de la Fosse aux Chênes", "nom_normalise": "PL DE LA FOSSE AUX CHENES", "type_voie": "place"}}, {"type": "Feature", "geometry": {"type": "MultiLineString", "coordinates": [[[3.1587247, 50.6762246], [3.1588023, 50.6761833], [3.1588545, 50.6761554], [3.1592788, 50.6759287], [3.1595608, 50.6757749]]]}, "properties": {"cleabs": "VOIE_NOM0000002339410368", "identifiant_voie_ban": "59512_l3yztx", "nom": "Rue de la Duquenière", "nom_normalise": "R DE LA DUQUENIERE", "type_voie": "rue"}}, {"type": "Feature", "geometry": {"type": "MultiLineString", "coordinates": [[[3.1803459, 50.6788442], [3.1800692, 50.6784856], [3.1799515, 50.6783341]]]}, "properties": {"cleabs": "VOIE_NOM0000002339410369", "identifiant_voie_ban": "59512_wkq87f", "nom": "Rue Eugène Motte Prolongée", "nom_normalise": "R EUGENE MOTTE PROLONGEE", "type_voie": "rue"}}, {"type": "Feature", "geometry": {"type": "MultiLineString", "coordinates": [[[3.1697172, 50.6802402], [3.1696496, 50.6803067], [3.1696088, 50.6803355], [3.1695411, 50.6803688], [3.1693507, 50.6804372], [3.1692223, 50.6804903], [3.1688499, 50.6806281], [3.1687258, 50.6806839]], [[3.1687258, 50.6806839], [3.1686018, 50.6807649], [3.1685186, 50.6808108], [3.1684087, 50.6808854], [3.1683312, 50.6809483], [3.1680425, 50.681182], [3.1679805, 50.6812306]], [[3.1679805, 50.6812306], [3.1679256, 50.6812728], [3.1679086, 50.6812854], [3.1678044, 50.6813654]]]}, "properties": {"cleabs": "VOIE_NOM0000002339410370", "identifiant_voie_ban": "59512_1750", "nom": "Boulevard de Douai", "nom_normalise": "BD DE DOUAI", "type_voie": "boulevard"}}, {"type": "Feature", "geometry": {"type": "MultiLineString", "coordinates": [[[3.1968143, 50.6771788], [3.1975123, 50.6776273]]]}, "properties": {"cleabs": "VOIE_NOM0000002339410371", "identifiant_voie_ban": "59512_hfk2od", "nom": "La Closeraie", "nom_normalise": "LA CLOSERAIE", "type_voie": ""}}, {"type": "Feature", "geometry": {"type": "MultiLineString", "coordinates": [[[3.1973644, 50.6849213], [3.1975076, 50.6847012], [3.1976665, 50.6845008]]]}, "properties": {"cleabs": "VOIE_NOM0000002339410372", "identifiant_voie_ban": "59512_qnck7p", "nom": "Sentier de Courcelles", "nom_normalise": "SEN DE COURCELLES", "type_voie": "sentier"}}, {"type": "Feature", "geometry": {"type": "MultiLineString", "coordinates": [[[3.1898016, 50.7031277], [3.1899226, 50.7029867], [3.1899168, 50.7029633], [3.190063, 50.7027639]]]}, "properties": {"cleabs": "VOIE_NOM0000002339410373", "identifiant_voie_ban": "59512_jn9x32", "nom": "Cour Sainte-Marie", "nom_normalise": "COUR SAINTE-MARIE", "type_voie": "cour"}}, {"type": "Feature", "geometry": {"type": "MultiLineString", "coordinates": [[[3.1608034, 50.6973027], [3.1608671, 50.6973582], [3.1608983, 50.6973815], [3.1609351, 50.6974102], [3.1609733, 50.6974398], [3.1610144, 50.6974711]], [[3.1610144, 50.6974711], [3.161064, 50.6975105], [3.1611122, 50.69755], [3.1611617, 50.6975885], [3.1612113, 50.697627], [3.1612609, 50.6976673], [3.1613119, 50.6977067], [3.1613586, 50.6977444], [3.1614025, 50.6977793], [3.1614394, 50.6978098], [3.1614663, 50.6978313], [3.1614804, 50.6978429]]]}, "properties": {"cleabs": "VOIE_NOM0000002339410374", "identifiant_voie_ban": "59512_omkpe1", "nom": "Hameau d'Epinal", "nom_normalise": "HAM D'EPINAL", "type_voie": "hameau"}}, {"type": "Feature", "geometry": {"type": "MultiLineString", "coordinates": [[[3.1678832, 50.690128], [3.1679863, 50.6901431], [3.1681728, 50.6901509]], [[3.1686619, 50.6898066], [3.1681524, 50.6899643], [3.1679464, 50.6900274], [3.167818, 50.6900742]], [[3.1681728, 50.6901509], [3.1684766, 50.6901631]], [[3.1684766, 50.6901631], [3.168502, 50.6901649], [3.1686207, 50.6901701], [3.1687549, 50.6901816], [3.1688552, 50.6901823], [3.1689795, 50.6901759]], [[3.1689795, 50.6901759], [3.1688916, 50.6900728], [3.1688434, 50.6900145], [3.1686619, 50.6898066]]]}, "properties": {"cleabs": "VOIE_NOM0000002339410375", "identifiant_voie_ban": "59512_5410", "nom": "Place du Trichon", "nom_normalise": "PL DU TRICHON", "type_voie": "place"}}, {"type": "Feature", "geometry": {"type": "MultiLineString", "coordinates": [[[3.189179, 50.6897986], [3.1893957, 50.6895712]]]}, "properties": {"cleabs": "VOIE_NOM0000002339417559", "identifiant_voie_ban": "", "nom": "COUR VANDROYEN", "nom_normalise": "COUR VANDROYEN", "type_voie": "cour"}}, {"type": "Feature", "geometry": {"type": "MultiLineString", "coordinates": [[[3.1696648, 50.6876982], [3.1695523, 50.6874498]]]}, "properties": {"cleabs": "VOIE_NOM0000002339427099", "identifiant_voie_ban": "59512_fod731", "nom": "Cour Lamarque", "nom_normalise": "COUR LAMARQUE", "type_voie": "cour"}}, {"type": "Feature", "geometry": {"type": "MultiLineString", "coordinates": [[[3.1941185, 50.6893064], [3.1943646, 50.6890261], [3.1943901, 50.6890341], [3.1944688, 50.6889406], [3.1944957, 50.6889478], [3.1946843, 50.6887563]]]}, "properties": {"cleabs": "VOIE_NOM0000002339427663", "identifiant_voie_ban": "59512_wktfq3", "nom": "Cour H Lepers 43bis", "nom_normalise": "COUR H LEPERS 43BIS", "type_voie": "cour"}}, {"type": "Feature", "geometry": {"type": "MultiLineString", "coordinates": [[[3.182102, 50.6704377], [3.1822286, 50.6706726], [3.1823095, 50.6708044], [3.1824372, 50.6709595], [3.1826654, 50.6712104], [3.182776, 50.6713134]]]}, "properties": {"cleabs": "VOIE_NOM0000002339434316", "identifiant_voie_ban": "", "nom": "AV DE L'EUROPE", "nom_normalise": "AV DE L'EUROPE", "type_voie": "avenue"}}, {"type": "Feature", "geometry": {"type": "MultiLineString", "coordinates": [[[3.1876969, 50.6848295], [3.1877814, 50.6847549], [3.188235, 50.6844204]], [[3.1875914, 50.6849409], [3.1876111, 50.6849122], [3.1876476, 50.6848744], [3.1876969, 50.6848295]]]}, "properties": {"cleabs": "VOIE_NOM0000002339436381", "identifiant_voie_ban": "59512_8mabda", "nom": "Cour Degrieck", "nom_normalise": "COUR DEGRIECK", "type_voie": "cour"}}, {"type": "Feature", "geometry": {"type": "MultiLineString", "coordinates": [[[3.1927508, 50.690695], [3.1928873, 50.6905494]]]}, "properties": {"cleabs": "VOIE_NOM0000002339436464", "identifiant_voie_ban": "59512_vzorwo", "nom": "Cour Desplechin", "nom_normalise": "COUR DESPLECHIN", "type_voie": "cour"}}, {"type": "Feature", "geometry": {"type": "MultiLineString", "coordinates": [[[3.1661834, 50.6994196], [3.1658575, 50.6991356]]]}, "properties": {"cleabs": "VOIE_NOM0000002339436485", "identifiant_voie_ban": "59512_qpw669", "nom": "Cour Driessens", "nom_normalise": "COUR DRIESSENS", "type_voie": "cour"}}, {"type": "Feature", "geometry": {"type": "MultiLineString", "coordinates": [[[3.1923329, 50.6870846], [3.1926667, 50.6871819]]]}, "properties": {"cleabs": "VOIE_NOM0000002339436708", "identifiant_voie_ban": "", "nom": "CITE SAINTE-VIRGINIE", "nom_normalise": "CITE SAINTE-VIRGINIE", "type_voie": "cité"}}, {"type": "Feature", "geometry": {"type": "MultiLineString", "coordinates": [[[3.1520139, 50.6898146], [3.1520026, 50.6898218], [3.1519744, 50.6898254]]]}, "properties": {"cleabs": "VOIE_NOM0000002339437429", "identifiant_voie_ban": "", "nom": "CITE SAINT-LOUIS RUE MACKELLERIE", "nom_normalise": "CITE SAINT-LOUIS RUE MACKELLERIE", "type_voie": "cité"}}, {"type": "Feature", "geometry": {"type": "MultiLineString", "coordinates": [[[3.1832202, 50.7017162], [3.1829316, 50.7016134], [3.1829019, 50.7015919], [3.1824095, 50.7014177]]]}, "properties": {"cleabs": "VOIE_NOM0000002339437635", "identifiant_voie_ban": "59512_iihvs3", "nom": "Cité Beys", "nom_normalise": "CITE BEYS", "type_voie": "cité"}}, {"type": "Feature", "geometry": {"type": "MultiLineString", "coordinates": [[[3.1877624, 50.6849712], [3.1879252, 50.6850723], [3.1883272, 50.6852987]], [[3.1875914, 50.6849409], [3.1877299, 50.6849515], [3.1877624, 50.6849712]]]}, "properties": {"cleabs": "VOIE_NOM0000002339441741", "identifiant_voie_ban": "59512_03i9k3", "nom": "Passage Malplaquet", "nom_normalise": "PAS MALPLAQUET", "type_voie": "passage"}}, {"type": "Feature", "geometry": {"type": "MultiLineString", "coordinates": [[[3.1849272, 50.6783708], [3.1849838, 50.6783976], [3.1852548, 50.6787257], [3.1855613, 50.6791129], [3.1856705, 50.6792321]]]}, "properties": {"cleabs": "VOIE_NOM0000002339441770", "identifiant_voie_ban": "", "nom": "PAV STENDHAL", "nom_normalise": "PAV STENDHAL", "type_voie": "pavillon"}}, {"type": "Feature", "geometry": {"type": "MultiLineString", "coordinates": [[[3.1927128, 50.6837593], [3.1931986, 50.684105]]]}, "properties": {"cleabs": "VOIE_NOM0000002339441931", "identifiant_voie_ban": "59512_5pbrja", "nom": "Cour Duhayon", "nom_normalise": "COUR DUHAYON", "type_voie": "cour"}}, {"type": "Feature", "geometry": {"type": "MultiLineString", "coordinates": [[[3.1936464, 50.6987437], [3.1937581, 50.6987677], [3.1938416, 50.6987864], [3.1938642, 50.6987909], [3.1940888, 50.6987914], [3.1944679, 50.6988878], [3.1949969, 50.6990422], [3.1952709, 50.6990211], [3.1956402, 50.6984435]]]}, "properties": {"cleabs": "VOIE_NOM0000002339442288", "identifiant_voie_ban": "", "nom": "R BLIDA", "nom_normalise": "R BLIDA", "type_voie": "rue"}}, {"type": "Feature", "geometry": {"type": "MultiLineString", "coordinates": [[[3.1831092, 50.68525], [3.1832536, 50.6853377]]]}, "properties": {"cleabs": "VOIE_NOM0000002339442479", "identifiant_voie_ban": "59512_0670", "nom": "Rue Boileau", "nom_normalise": "R BOILEAU", "type_voie": "rue"}}, {"type": "Feature", "geometry": {"type": "MultiLineString", "coordinates": [[[3.1695167, 50.707851], [3.1691813, 50.7081233], [3.1687938, 50.7084325]]]}, "properties": {"cleabs": "VOIE_NOM0000002339442575", "identifiant_voie_ban": "", "nom": "R CADEAU", "nom_normalise": "R CADEAU", "type_voie": "rue"}}, {"type": "Feature", "geometry": {"type": "MultiLineString", "coordinates": [[[3.1536293, 50.6872866], [3.1540067, 50.6878245]]]}, "properties": {"cleabs": "VOIE_NOM0000002339444474", "identifiant_voie_ban": "", "nom": "COUR LEMAN RUE DE WASQUEHAL", "nom_normalise": "COUR LEMAN RUE DE WASQUEHAL", "type_voie": "cour"}}, {"type": "Feature", "geometry": {"type": "MultiLineString", "coordinates": [[[3.1583723, 50.69386], [3.1589176, 50.6943062]]]}, "properties": {"cleabs": "VOIE_NOM0000002339445384", "identifiant_voie_ban": "59512_fol26b", "nom": "Cour Mathis", "nom_normalise": "COUR MATHIS", "type_voie": "cour"}}, {"type": "Feature", "geometry": {"type": "MultiLineString", "coordinates": [[[3.1858531, 50.7026069], [3.185728, 50.7027794]]]}, "properties": {"cleabs": "VOIE_NOM0000002339445757", "identifiant_voie_ban": "59512_wf0lju", "nom": "Cour Penant", "nom_normalise": "COUR PENANT", "type_voie": "cour"}}, {"type": "Feature", "geometry": {"type": "MultiLineString", "coordinates": [[[3.1524805, 50.6894811], [3.1522789, 50.6896258], [3.1521774, 50.6896986], [3.1520139, 50.6898146]], [[3.1515337, 50.6898358], [3.1517413, 50.6898293], [3.1519744, 50.6898254]], [[3.1530993, 50.6890416], [3.1524805, 50.6894811]]]}, "properties": {"cleabs": "VOIE_NOM0000002339446314", "identifiant_voie_ban": "59512_21g0u1", "nom": "Cité Saint-Louis", "nom_normalise": "CITE SAINT-LOUIS", "type_voie": "cité"}}, {"type": "Feature", "geometry": {"type": "MultiLineString", "coordinates": [[[3.1746738, 50.6840624], [3.175368, 50.6834297]]]}, "properties": {"cleabs": "VOIE_NOM0000002339446451", "identifiant_voie_ban": "59512_1375", "nom": "Chemin Coligny", "nom_normalise": "CHE COLIGNY", "type_voie": "chemin"}}, {"type": "Feature", "geometry": {"type": "MultiLineString", "coordinates": [[[3.1939421, 50.6955478], [3.1942458, 50.695532]]]}, "properties": {"cleabs": "VOIE_NOM0000002339446577", "identifiant_voie_ban": "", "nom": "COUR PLAMONT NOGUEZ", "nom_normalise": "COUR PLAMONT NOGUEZ", "type_voie": "cour"}}, {"type": "Feature", "geometry": {"type": "MultiLineString", "coordinates": [[[3.1896816, 50.6885981], [3.1898899, 50.6883985]]]}, "properties": {"cleabs": "VOIE_NOM0000002339446627", "identifiant_voie_ban": "", "nom": "COUR THEISSEN", "nom_normalise": "COUR THEISSEN", "type_voie": "cour"}}, {"type": "Feature", "geometry": {"type": "MultiLineString", "coordinates": [[[3.1561869, 50.6961932], [3.1562533, 50.6961671], [3.156393, 50.6961113], [3.1564818, 50.6960717]]]}, "properties": {"cleabs": "VOIE_NOM0000002339446657", "identifiant_voie_ban": "59512_zvyuah", "nom": "Cour Tilleul", "nom_normalise": "COUR TILLEUL", "type_voie": "cour"}}, {"type": "Feature", "geometry": {"type": "MultiLineString", "coordinates": [[[3.1925541, 50.7046059], [3.1927102, 50.7044091]]]}, "properties": {"cleabs": "VOIE_NOM0000002339446693", "identifiant_voie_ban": "59512_hmiwag", "nom": "Cour Vandenboshe", "nom_normalise": "COUR VANDENBOSHE", "type_voie": "cour"}}, {"type": "Feature", "geometry": {"type": "MultiLineString", "coordinates": [[[3.1872799, 50.7070753], [3.1880583, 50.7073667], [3.1885182, 50.7075481], [3.1891395, 50.7077922], [3.1893051, 50.7078529]], [[3.1893051, 50.7078529], [3.1899123, 50.7081095]]]}, "properties": {"cleabs": "VOIE_NOM0000002339446737", "identifiant_voie_ban": "", "nom": "R MARTHA DESRUMAUX", "nom_normalise": "R MARTHA DESRUMAUX", "type_voie": "rue"}}, {"type": "Feature", "geometry": {"type": "MultiLineString", "coordinates": [[[3.1879955, 50.674792], [3.1884677, 50.6745705], [3.1888483, 50.6743878]], [[3.1896996, 50.6739414], [3.1905325, 50.6734905]], [[3.1896996, 50.6739414], [3.1900225, 50.6741724]], [[3.1888483, 50.6743878], [3.1896996, 50.6739414]], [[3.1888483, 50.6743878], [3.1891726, 50.6746179]]]}, "properties": {"cleabs": "VOIE_NOM0000002339446738", "identifiant_voie_ban": "59512_4460", "nom": "Allée Pierre Bonnard", "nom_normalise": "ALL PIERRE BONNARD", "type_voie": "allée"}}, {"type": "Feature", "geometry": {"type": "MultiLineString", "coordinates": [[[3.1605709, 50.7028171], [3.1608129, 50.70292]], [[3.1605709, 50.7028171], [3.1604917, 50.7027975], [3.1600633, 50.7026868], [3.1598766, 50.7026386]]]}, "properties": {"cleabs": "VOIE_NOM0000002339446739", "identifiant_voie_ban": "59512_0669", "nom": "Avenue Boileau", "nom_normalise": "AV BOILEAU", "type_voie": "avenue"}}, {"type": "Feature", "geometry": {"type": "MultiLineString", "coordinates": [[[3.1691303, 50.7072297], [3.1690721, 50.7071624], [3.1689912, 50.7070692], [3.1689685, 50.7070405], [3.1688948, 50.706968], [3.1687261, 50.7068156]], [[3.1692399, 50.7070626], [3.1690117, 50.7068637], [3.1689579, 50.7068126], [3.1689012, 50.7067589], [3.1688416, 50.7067042], [3.1688374, 50.7067006]], [[3.1692399, 50.7070626], [3.1692796, 50.7071029], [3.1693193, 50.7071442], [3.1694158, 50.7072391], [3.1694682, 50.7072902], [3.1695221, 50.7073422], [3.1695745, 50.7073915], [3.1696893, 50.7074927], [3.169848, 50.7076172]], [[3.1691303, 50.7072297], [3.1695612, 50.70764], [3.1696618, 50.7077171]], [[3.1688374, 50.7067006], [3.1687779, 50.7066478], [3.168707, 50.7065904], [3.1686333, 50.706534], [3.1685554, 50.7064794], [3.1684705, 50.7064283], [3.1683785, 50.7063818], [3.1682808, 50.706338], [3.1681803, 50.7062959], [3.1680799, 50.7062548], [3.1679766, 50.7062154], [3.1678747, 50.706177], [3.1677714, 50.7061394], [3.1676696, 50.7061037], [3.1676059, 50.7060858]], [[3.1687261, 50.7068156], [3.168668, 50.706761], [3.1686283, 50.7067233], [3.1685815, 50.7066812], [3.1685249, 50.7066346], [3.1684611, 50.7065872], [3.1683875, 50.7065397], [3.1683776, 50.7065343], [3.1683054, 50.706495], [3.1682134, 50.7064538], [3.1681157, 50.7064136], [3.1680124, 50.7063715], [3.1679035, 50.7063277], [3.1677931, 50.7062848], [3.1676827, 50.7062428], [3.1675724, 50.7062052], [3.1675484, 50.7061981]], [[3.1676059, 50.7060858], [3.1675606, 50.7060715], [3.1674659, 50.7060474], [3.1673627, 50.7060278], [3.1672595, 50.7060118], [3.1671605, 50.7060003], [3.1670686, 50.7059896], [3.1669838, 50.7059808], [3.1669046, 50.7059728], [3.1668297, 50.7059657], [3.166752, 50.7059578], [3.1666714, 50.705948], [3.1665908, 50.7059391], [3.1665145, 50.7059294], [3.166448, 50.7059205], [3.1663957, 50.7059179], [3.1663463, 50.7059125], [3.166318, 50.7059117]], [[3.1675484, 50.7061981], [3.1674607, 50.706174], [3.1673489, 50.7061481], [3.1672372, 50.7061294], [3.167127, 50.706117], [3.1670167, 50.7061046], [3.1669093, 50.706093], [3.1667043, 50.7060709], [3.1665403, 50.7060532], [3.1664357, 50.7060407], [3.1663269, 50.7060301], [3.166235, 50.7060186]], [[3.166318, 50.7059117], [3.1662784, 50.7059072]], [[3.1662784, 50.7059072], [3.166256, 50.7059674], [3.166235, 50.7060186]], [[3.1662784, 50.7059072], [3.1640761, 50.7056769], [3.1638697, 50.7056547], [3.1630414, 50.7055732]]]}, "properties": {"cleabs": "VOIE_NOM0000002339446740", "identifiant_voie_ban": "59512_qu357e", "nom": "Avenue de l'Union", "nom_normalise": "AV DE L'UNION", "type_voie": "avenue"}}, {"type": "Feature", "geometry": {"type": "MultiLineString", "coordinates": [[[3.1764498, 50.702661], [3.1762426, 50.7028201]]]}, "properties": {"cleabs": "VOIE_NOM0000002339446741", "identifiant_voie_ban": "59512_a0617k", "nom": "Cour Desmet", "nom_normalise": "COUR DESMET", "type_voie": "cour"}}, {"type": "Feature", "geometry": {"type": "MultiLineString", "coordinates": [[[3.1622743, 50.6777133], [3.1624465, 50.6776655], [3.1625141, 50.6776241], [3.1625747, 50.6775872], [3.1626874, 50.6774857], [3.1627634, 50.6774156], [3.1629071, 50.6772979], [3.1630608, 50.6772151], [3.1630862, 50.6772052]], [[3.1630862, 50.6772052], [3.1633048, 50.6771304], [3.1634149, 50.6771141], [3.1635702, 50.6770969], [3.1637016, 50.677094], [3.1638103, 50.6771064]], [[3.1617353, 50.6778468], [3.1618905, 50.6777972], [3.1619187, 50.6777882], [3.1619638, 50.6777738], [3.1621911, 50.6777295]], [[3.1621911, 50.6777295], [3.1622743, 50.6777133]]]}, "properties": {"cleabs": "VOIE_NOM0000002339446742", "identifiant_voie_ban": "", "nom": "AV DU PEUPLE BELGE", "nom_normalise": "AV DU PEUPLE BELGE", "type_voie": "avenue"}}, {"type": "Feature", "geometry": {"type": "MultiLineString", "coordinates": [[[3.2066216, 50.6910002], [3.2067585, 50.690974], [3.2069124, 50.6909441], [3.2070719, 50.6909088], [3.2072229, 50.6908781], [3.2073655, 50.6908536], [3.2075123, 50.6908237], [3.2076534, 50.6907939], [3.2077974, 50.690764], [3.2079442, 50.6907351], [3.2080797, 50.6907115], [3.2082293, 50.6906817], [3.2083761, 50.6906509], [3.2085201, 50.690621], [3.2086669, 50.6905903], [3.208808, 50.6905622], [3.2089491, 50.6905324], [3.2090875, 50.6905034], [3.2092258, 50.6904754], [3.2092766, 50.6904618]], [[3.2050272, 50.6914775], [3.2051625, 50.6913867], [3.2052076, 50.691357], [3.2052752, 50.6913219], [3.205357, 50.691285], [3.2054501, 50.6912507], [3.2055573, 50.6912164], [3.2056744, 50.6911848], [3.2057972, 50.6911568], [3.2059257, 50.6911306], [3.2060584, 50.6911052], [3.2061911, 50.6910808], [3.2063223, 50.6910563], [3.2064466, 50.6910337], [3.2065016, 50.6910219]], [[3.2092766, 50.6904618], [3.2094587, 50.690431], [3.2095759, 50.6904102], [3.2096916, 50.6903858], [3.2098045, 50.6903569], [3.2099103, 50.6903235], [3.2100104, 50.6902829], [3.2101035, 50.6902361], [3.2101951, 50.6901848], [3.210281, 50.6901326], [3.2103726, 50.690084], [3.2104728, 50.6900443], [3.21058, 50.6900154], [3.2106294, 50.6900001]], [[3.2092766, 50.6904618], [3.2093584, 50.6904429], [3.209484, 50.6904094], [3.2095997, 50.6903778], [3.2097098, 50.6903427], [3.2098127, 50.6903039], [3.2099114, 50.6902616], [3.2100003, 50.6902165], [3.2100848, 50.6901697], [3.2101524, 50.6901194], [3.2102031, 50.6900681], [3.2102283, 50.6900133], [3.2102322, 50.6899523], [3.2102107, 50.6898626]], [[3.2048401, 50.6913172], [3.2050632, 50.6912962], [3.2051423, 50.6912799], [3.2052198, 50.6912538], [3.2052932, 50.6912303], [3.205375, 50.6912024], [3.2054625, 50.6911762], [3.2055528, 50.6911518], [3.2056488, 50.691131], [3.2057462, 50.6911084], [3.2058464, 50.6910894], [3.2058577, 50.6910876]], [[3.2058577, 50.6910876], [3.205948, 50.6910731], [3.2060511, 50.6910613], [3.2061585, 50.691053], [3.2062856, 50.6910528], [3.2063788, 50.6910374], [3.2065016, 50.6910219]], [[3.2065016, 50.6910219], [3.2065199, 50.6910165], [3.2066216, 50.6910002]]]}, "properties": {"cleabs": "VOIE_NOM0000002339446743", "identifiant_voie_ban": "59512_walnek", "nom": "Boulevard de Grimonpont", "nom_normalise": "BD DE GRIMONPONT", "type_voie": "boulevard"}}, {"type": "Feature", "geometry": {"type": "MultiLineString", "coordinates": [[[3.1582385, 50.68595], [3.1582033, 50.6859832], [3.1581202, 50.6860426], [3.158068, 50.6860705], [3.1577647, 50.6862081], [3.1576731, 50.6862495], [3.1575757, 50.6862945], [3.1574756, 50.6863395], [3.1573853, 50.6863791]], [[3.1583126, 50.6861527], [3.1582264, 50.6861358], [3.1581388, 50.6861404], [3.1580838, 50.6861494], [3.1580259, 50.6861647], [3.1579624, 50.6861864], [3.157559, 50.6863547], [3.1574828, 50.6863916], [3.1574066, 50.6864293], [3.1573234, 50.686468], [3.1572402, 50.6865076], [3.1571598, 50.6865481], [3.1570766, 50.6865904], [3.1569934, 50.6866372], [3.1569102, 50.6866884], [3.1568454, 50.6867343]], [[3.1573853, 50.6863791], [3.1573698, 50.6863854], [3.1572654, 50.6864349], [3.1571596, 50.686488], [3.1570496, 50.6865384], [3.1569438, 50.6865933], [3.156848, 50.6866508], [3.1568141, 50.6866688]], [[3.1568141, 50.6866688], [3.1566576, 50.6867641], [3.1563207, 50.6869709]], [[3.1568454, 50.6867343], [3.156727, 50.6868044], [3.1566283, 50.6868691], [3.156531, 50.686933], [3.1564352, 50.6869941], [3.1563449, 50.6870526], [3.1562575, 50.6871092], [3.156173, 50.6871623], [3.1560855, 50.6872153], [3.1560728, 50.6872216]], [[3.1563207, 50.6869709], [3.1560894, 50.6870906], [3.1559808, 50.6871625]], [[3.152956, 50.6883858], [3.1528145, 50.6883025], [3.152772, 50.6882702], [3.152738, 50.6882371], [3.1527012, 50.6882039], [3.1526602, 50.6881743], [3.1526135, 50.6881475], [3.1525611, 50.6881233], [3.1525046, 50.6881036], [3.1524452, 50.6880867], [3.1523802, 50.6880733], [3.1523123, 50.6880653], [3.1522473, 50.6880618], [3.1521838, 50.6880637], [3.1521216, 50.68807], [3.1520539, 50.68808], [3.1519875, 50.6880944], [3.1519212, 50.6881106], [3.1518478, 50.6881287], [3.1517716, 50.6881458], [3.1516953, 50.688163], [3.1516205, 50.6881792], [3.1515457, 50.6881946], [3.1514807, 50.6882072], [3.1514158, 50.6882189]], [[3.1526414, 50.6884965], [3.1526666, 50.6884498], [3.1526792, 50.6884049], [3.1526833, 50.6883592], [3.1526761, 50.6883125], [3.1526548, 50.6882677], [3.1526179, 50.6882264], [3.1525684, 50.6881906], [3.1525047, 50.688162], [3.1524369, 50.6881396], [3.1523634, 50.6881254], [3.1522857, 50.6881192], [3.152208, 50.6881193], [3.1521289, 50.6881274], [3.1520541, 50.6881401], [3.1519835, 50.688159], [3.1518494, 50.6882005], [3.1517845, 50.6882194], [3.1517238, 50.6882338], [3.151625, 50.6882573], [3.1515826, 50.6882663], [3.1515473, 50.6882735], [3.1515205, 50.6882789], [3.1514471, 50.6882907]], [[3.1527337, 50.6886831], [3.1526927, 50.6886508], [3.1526601, 50.6886158], [3.1526388, 50.6885773], [3.152633, 50.688536], [3.1526414, 50.6884965]], [[3.1526414, 50.6884965], [3.1526681, 50.6884597], [3.1527061, 50.6884273], [3.1527583, 50.6884022], [3.1528176, 50.6883859], [3.1528854, 50.6883796], [3.152956, 50.6883858]], [[3.1530318, 50.6886818], [3.152981, 50.688698], [3.1529274, 50.6887079], [3.1528723, 50.6887098], [3.1528172, 50.6887045], [3.1527337, 50.6886831]], [[3.152956, 50.6883858], [3.1530211, 50.6884036], [3.1530465, 50.688418]], [[3.1530465, 50.688418], [3.1530678, 50.6884305], [3.1531103, 50.6884654], [3.1531372, 50.6885049], [3.1531458, 50.6885479], [3.1531375, 50.6885892], [3.153115, 50.6886261]], [[3.153115, 50.6886261], [3.1530783, 50.6886575], [3.1530699, 50.6886629], [3.1530318, 50.6886818]], [[3.1553816, 50.6875024], [3.1552335, 50.6875861], [3.1551898, 50.6876086], [3.1551009, 50.6876536], [3.1550163, 50.6877048], [3.1549162, 50.687757], [3.1548104, 50.687811], [3.154699, 50.6878667], [3.1545904, 50.6879225], [3.1544719, 50.6879792], [3.1543676, 50.6880358], [3.1542773, 50.6880754], [3.1535749, 50.6884281], [3.1535058, 50.6884596], [3.1534394, 50.6884848], [3.1533689, 50.6884983], [3.1532982, 50.6885002], [3.153229, 50.6884886], [3.1531639, 50.688469], [3.1531074, 50.6884448], [3.1530465, 50.688418]], [[3.1560728, 50.6872216], [3.1559953, 50.6872639], [3.1559022, 50.6873133], [3.155788, 50.6873655], [3.155654, 50.687433], [3.155551, 50.6874843], [3.1554706, 50.6875239], [3.1553606, 50.6875805], [3.155276, 50.6876264], [3.1551632, 50.687684], [3.1550602, 50.6877326], [3.1549474, 50.687791], [3.154843, 50.6878468], [3.1547231, 50.6879044], [3.1546046, 50.687962], [3.1545045, 50.6880096], [3.1543804, 50.6880744], [3.154111, 50.6882129], [3.1540334, 50.6882534], [3.1536273, 50.6884648], [3.1535158, 50.6885206], [3.1533931, 50.6885611], [3.1531771, 50.6886044], [3.153115, 50.6886261]], [[3.1553816, 50.6875024], [3.1559808, 50.6871625]]]}, "properties": {"cleabs": "VOIE_NOM0000002339446744", "identifiant_voie_ban": "59512_pkcl82", "nom": "Boulevard de la Limite", "nom_normalise": "BD DE LA LIMITE", "type_voie": "boulevard"}}, {"type": "Feature", "geometry": {"type": "MultiLineString", "coordinates": [[[3.1932161, 50.6952492], [3.193424, 50.6952946], [3.1935738, 50.6953123], [3.1939015, 50.6952867]]]}, "properties": {"cleabs": "VOIE_NOM0000002339446747", "identifiant_voie_ban": "", "nom": "COUR VEUVE DEBOOSERE", "nom_normalise": "COUR VEUVE DEBOOSERE", "type_voie": "cour"}}, {"type": "Feature", "geometry": {"type": "MultiLineString", "coordinates": [[[3.1841936, 50.6885821], [3.1839558, 50.6884478]]]}, "properties": {"cleabs": "VOIE_NOM0000002339446748", "identifiant_voie_ban": "", "nom": "COUR VEUVE DEGRIECK", "nom_normalise": "COUR VEUVE DEGRIECK", "type_voie": "cour"}}, {"type": "Feature", "geometry": {"type": "MultiLineString", "coordinates": [[[3.1755325, 50.6828156], [3.1756149, 50.6829465], [3.1757227, 50.683081], [3.1757553, 50.6831213], [3.1758474, 50.6832046]]]}, "properties": {"cleabs": "VOIE_NOM0000002339446752", "identifiant_voie_ban": "", "nom": "DEUXIEME COUR JEAN FERRET", "nom_normalise": "DEUXIEME COUR JEAN FERRET", "type_voie": ""}}, {"type": "Feature", "geometry": {"type": "MultiLineString", "coordinates": [[[3.1869595, 50.6700249], [3.1868959, 50.6700214], [3.1868423, 50.6700134], [3.1868239, 50.6700044], [3.1867758, 50.6699821]]]}, "properties": {"cleabs": "VOIE_NOM0000002339446754", "identifiant_voie_ban": "", "nom": "Giratoire Rue G. Delory-Ave A. Motte", "nom_normalise": "GIRATOIRE RUE G. DELORY-AVE A. MOTTE", "type_voie": ""}}, {"type": "Feature", "geometry": {"type": "MultiLineString", "coordinates": [[[3.2022693, 50.6812369], [3.202241, 50.681228], [3.202217, 50.681219], [3.2021958, 50.681211], [3.202176, 50.6812039], [3.202159, 50.6811976], [3.2021463, 50.6811931], [3.2021364, 50.6811896]]]}, "properties": {"cleabs": "VOIE_NOM0000002339446755", "identifiant_voie_ban": "", "nom": "HAM MICHEL DELPORTE", "nom_normalise": "HAM MICHEL DELPORTE", "type_voie": "hameau"}}, {"type": "Feature", "geometry": {"type": "MultiLineString", "coordinates": [[[3.1545515, 50.6720813], [3.1548714, 50.6718844], [3.1551674, 50.6717064], [3.1551688, 50.6717055]]]}, "properties": {"cleabs": "VOIE_NOM0000002339446759", "identifiant_voie_ban": "", "nom": "IMM AU 126 R J JAURES", "nom_normalise": "IMM AU 126 R J JAURES", "type_voie": "immeuble"}}, {"type": "Feature", "geometry": {"type": "MultiLineString", "coordinates": [[[3.1621332, 50.6842894], [3.1622266, 50.6843431]]]}, "properties": {"cleabs": "VOIE_NOM0000002339446762", "identifiant_voie_ban": "", "nom": "IMP PETIT BD MONTESQUIEU", "nom_normalise": "IMP PETIT BD MONTESQUIEU", "type_voie": "impasse"}}, {"type": "Feature", "geometry": {"type": "MultiLineString", "coordinates": [[[3.1681085, 50.7000281], [3.1683772, 50.7001202], [3.1684299, 50.7002296], [3.1686959, 50.7003405], [3.1688161, 50.7003798]], [[3.1687133, 50.7004858], [3.1688181, 50.7005422], [3.1694066, 50.7007747]]]}, "properties": {"cleabs": "VOIE_NOM0000002339446763", "identifiant_voie_ban": "", "nom": "JARD FRASEZ", "nom_normalise": "JARD FRASEZ", "type_voie": "jardin"}}, {"type": "Feature", "geometry": {"type": "MultiLineString", "coordinates": [[[3.1927741, 50.6714114], [3.1928206, 50.6713674]]]}, "properties": {"cleabs": "VOIE_NOM0000002339446764", "identifiant_voie_ban": "", "nom": "R PIERRE BROSSELETTE", "nom_normalise": "R PIERRE BROSSELETTE", "type_voie": "rue"}}, {"type": "Feature", "geometry": {"type": "MultiLineString", "coordinates": [[[3.1993182, 50.6775337], [3.1992972, 50.6775661], [3.199286, 50.6775939], [3.199296, 50.6776262], [3.1993442, 50.6776737]], [[3.1999488, 50.6780586], [3.1999756, 50.6780603], [3.2000039, 50.6780576], [3.2001154, 50.6780395]], [[3.200256, 50.6782385], [3.2001473, 50.6782485], [3.2000838, 50.678263]], [[3.2008682, 50.6787535], [3.200878, 50.6787292], [3.2008863, 50.678705], [3.2008919, 50.6786754], [3.2008776, 50.6786395]]]}, "properties": {"cleabs": "VOIE_NOM0000002339446767", "identifiant_voie_ban": "", "nom": "MAIL CHARLES CRUPELANDT", "nom_normalise": "MAIL CHARLES CRUPELANDT", "type_voie": "mail"}}, {"type": "Feature", "geometry": {"type": "MultiLineString", "coordinates": [[[3.1842739, 50.6800741], [3.184099, 50.68013], [3.1838465, 50.6802102]], [[3.1838465, 50.6802102], [3.1837604, 50.6802382], [3.1837605, 50.6802579], [3.1839476, 50.6804551], [3.1840723, 50.68055], [3.1842493, 50.6806843], [3.1843555, 50.6807542], [3.1844094, 50.6808151], [3.184428, 50.680877], [3.1844055, 50.6809201], [3.1843393, 50.6809525], [3.1842744, 50.6809804], [3.1841784, 50.6809949], [3.1840922, 50.6809789]], [[3.1840922, 50.6809789], [3.1839249, 50.6807943], [3.1837235, 50.6805694], [3.1834939, 50.6803516], [3.183379, 50.680228], [3.1833704, 50.6801786], [3.1834027, 50.6801391]], [[3.1838465, 50.6802102], [3.183733, 50.6800875]], [[3.1835446, 50.6795376], [3.1836786, 50.6794863]], [[3.1834027, 50.6801391], [3.1835396, 50.680094], [3.1836299, 50.6800849], [3.183733, 50.6800875]], [[3.183733, 50.6800875], [3.1835373, 50.6798751], [3.1834907, 50.6798599], [3.1834455, 50.6798653], [3.183028, 50.6800095]], [[3.1829649, 50.6797584], [3.1835446, 50.6795376]], [[3.1834027, 50.6801391], [3.183028, 50.6800095]], [[3.1809829, 50.6800161], [3.1810892, 50.6801174], [3.1811189, 50.680146], [3.1814081, 50.6804202], [3.1815625, 50.6805483]], [[3.1815625, 50.6805483], [3.1816855, 50.6805831], [3.1817307, 50.6805884], [3.1817745, 50.6806009], [3.1818016, 50.6806763], [3.1817678, 50.6806979], [3.1817255, 50.6807141], [3.1816832, 50.6807321], [3.1816409, 50.6807537], [3.1816057, 50.6807807], [3.1815564, 50.6808094], [3.1814026, 50.6808752], [3.1811697, 50.6809006]], [[3.1828641, 50.6799891], [3.1827792, 50.6799623], [3.182683, 50.679923], [3.1826278, 50.6798665], [3.1823004, 50.6795538], [3.1822295, 50.6794857]], [[3.183028, 50.6800095], [3.1829178, 50.6800052], [3.1828641, 50.6799891]], [[3.1825806, 50.6793174], [3.1826586, 50.6794061], [3.1829649, 50.6797584]], [[3.18042, 50.6801991], [3.1805179, 50.6803066], [3.1805181, 50.6803668], [3.1804958, 50.6804646], [3.1805059, 50.6805184], [3.1805711, 50.6805883], [3.1807325, 50.6806832], [3.1809802, 50.6808264], [3.181058, 50.680873], [3.1811697, 50.6809006]], [[3.1811697, 50.6809006], [3.1811359, 50.6809213], [3.1810992, 50.6809357], [3.1810767, 50.6809564], [3.1810175, 50.6810032], [3.1808341, 50.681051], [3.1807931, 50.6810564], [3.1805031, 50.6809294], [3.1803037, 50.6808328], [3.1802372, 50.6808051], [3.180206, 50.6807899], [3.1800688, 50.6807237], [3.1800165, 50.6807022]]]}, "properties": {"cleabs": "VOIE_NOM0000002339446770", "identifiant_voie_ban": "59512_4595", "nom": "Parc de la Potennerie", "nom_normalise": "PARC DE LA POTENNERIE", "type_voie": "parc"}}, {"type": "Feature", "geometry": {"type": "MultiLineString", "coordinates": [[[3.1924083, 50.6772727], [3.1919631, 50.6771801], [3.1914443, 50.6770687], [3.1914131, 50.6770383]]]}, "properties": {"cleabs": "VOIE_NOM0000002339446771", "identifiant_voie_ban": "", "nom": "PAS BRAILLE", "nom_normalise": "PAS BRAILLE", "type_voie": "passage"}}, {"type": "Feature", "geometry": {"type": "MultiLineString", "coordinates": [[[3.204895, 50.6916115], [3.2049618, 50.691719]], [[3.2048757, 50.6917416], [3.2048501, 50.6916986], [3.2048089, 50.6916349]], [[3.2049618, 50.691719], [3.2049903, 50.6917674], [3.2049959, 50.6917755], [3.2050159, 50.6918069], [3.2050244, 50.6918203], [3.2050514, 50.6918652], [3.2051012, 50.6919467], [3.2051311, 50.691996], [3.2051424, 50.6920122], [3.2051524, 50.6920301], [3.2051595, 50.6920436], [3.2051837, 50.6920839], [3.2051936, 50.6921], [3.2052235, 50.6921484]], [[3.2051431, 50.6921818], [3.2051175, 50.6921369], [3.205109, 50.6921235], [3.205082, 50.6920814], [3.2050706, 50.6920625], [3.2050635, 50.69205], [3.2050535, 50.6920312], [3.2050151, 50.6919693], [3.2049653, 50.6918877], [3.2049483, 50.6918617], [3.2049383, 50.6918438], [3.2049227, 50.6918187], [3.2049113, 50.6917999], [3.2048757, 50.6917416]]]}, "properties": {"cleabs": "VOIE_NOM0000002339446772", "identifiant_voie_ban": "", "nom": "PONT DE BEAUREPAIRE", "nom_normalise": "PONT DE BEAUREPAIRE", "type_voie": "pont"}}, {"type": "Feature", "geometry": {"type": "MultiLineString", "coordinates": [[[3.2101245, 50.6844714], [3.2096174, 50.6841322], [3.2091486, 50.6838144], [3.2087463, 50.6835522], [3.208473, 50.6833732], [3.2084503, 50.6833588], [3.2084362, 50.683349], [3.2083738, 50.6833078], [3.2082393, 50.683221], [3.2082138, 50.6832049], [3.2080892, 50.6831225], [3.2079504, 50.6830294], [3.2076813, 50.6828486], [3.207163, 50.6825282], [3.2066404, 50.6821962], [3.2062524, 50.681959]], [[3.2100569, 50.684511], [3.2095484, 50.6841727], [3.2090809, 50.6838549], [3.2086801, 50.6835936], [3.2085569, 50.683513], [3.2084096, 50.6834163], [3.2084054, 50.6834136], [3.2083827, 50.6833984], [3.2081943, 50.6832767], [3.2081731, 50.6832624], [3.2080201, 50.6831621], [3.2078827, 50.683069], [3.207615, 50.6828909], [3.2070968, 50.6825696], [3.2065742, 50.6822376], [3.2061862, 50.6820013]]]}, "properties": {"cleabs": "VOIE_NOM0000002339446773", "identifiant_voie_ban": "", "nom": "PONT DU CARIHEM", "nom_normalise": "PONT DU CARIHEM", "type_voie": "pont"}}, {"type": "Feature", "geometry": {"type": "MultiLineString", "coordinates": [[[3.188878, 50.6927666], [3.1889472, 50.6927611], [3.1890743, 50.6927484], [3.1893525, 50.6927219], [3.1895008, 50.6927091], [3.1898073, 50.6926934], [3.190111, 50.6926992]], [[3.1900862, 50.6928626], [3.1902205, 50.6928767], [3.190352, 50.6928963], [3.1904905, 50.6929266]], [[3.1886457, 50.692976], [3.1888999, 50.6929487], [3.1891936, 50.6929169], [3.1895014, 50.6928814], [3.1898037, 50.6928567], [3.1900862, 50.6928626]], [[3.1887636, 50.6927775], [3.1888286, 50.6927721], [3.188878, 50.6927666]], [[3.1913321, 50.6932026], [3.1914213, 50.6932482], [3.1915247, 50.6933063], [3.1916238, 50.6933681], [3.1917201, 50.6934344], [3.1918122, 50.6935042], [3.1919001, 50.6935768], [3.1920504, 50.6937291], [3.1921725, 50.6938832], [3.1922635, 50.6940294], [3.1922962, 50.6940948], [3.1923233, 50.6941594], [3.192349, 50.6942204], [3.1923718, 50.6942724], [3.1923988, 50.6943181], [3.1924088, 50.6943513], [3.1924202, 50.6943809]], [[3.190111, 50.6926992], [3.1904022, 50.6927302], [3.190593, 50.692764]], [[3.1904905, 50.6929266], [3.190605, 50.6929479], [3.1907281, 50.6929782], [3.1908483, 50.6930131], [3.1909685, 50.6930524], [3.1910859, 50.6930961], [3.1912034, 50.6931435], [3.1913321, 50.6932026]], [[3.190593, 50.692764], [3.1906793, 50.6927827], [3.1908164, 50.6928157], [3.1910837, 50.6928951], [3.1913327, 50.6929908], [3.1914474, 50.6930417], [3.1915153, 50.6930704]], [[3.1915153, 50.6930704], [3.1915578, 50.6930954], [3.1917645, 50.6932109], [3.1918622, 50.6932753], [3.192035, 50.6934043], [3.1921768, 50.6935342], [3.1922931, 50.6936596], [3.1923414, 50.6937215], [3.1924238, 50.6938371], [3.1924565, 50.6938918], [3.192485, 50.6939438], [3.1925234, 50.6940299], [3.1925363, 50.694063], [3.1925463, 50.6940908], [3.1925563, 50.6941204], [3.1925691, 50.6941626], [3.192582, 50.6942003], [3.1925963, 50.6942379], [3.1926162, 50.6942783], [3.1926474, 50.6943159], [3.1926984, 50.694349], [3.1928441, 50.6943991], [3.1929332, 50.6944232], [3.1930251, 50.6944464], [3.1932104, 50.6944936], [3.1933532, 50.6945257], [3.1934508, 50.6945417], [3.1935511, 50.6945505]]]}, "properties": {"cleabs": "VOIE_NOM0000002339446774", "identifiant_voie_ban": "59512_ncgyxw", "nom": "Pont Nyckes", "nom_normalise": "PONT NYCKES", "type_voie": "pont"}}, {"type": "Feature", "geometry": {"type": "MultiLineString", "coordinates": [[[3.1945243, 50.6868488], [3.1946986, 50.6866386]]]}, "properties": {"cleabs": "VOIE_NOM0000002339446776", "identifiant_voie_ban": "", "nom": "PRue Flechier", "nom_normalise": "PRUE FLECHIER", "type_voie": ""}}, {"type": "Feature", "geometry": {"type": "MultiLineString", "coordinates": [[[3.1529914, 50.6898062], [3.1531225, 50.6897145], [3.1532924, 50.6898247]], [[3.1529914, 50.6898062], [3.1529661, 50.6898242], [3.1531756, 50.6899577]]]}, "properties": {"cleabs": "VOIE_NOM0000002339446777", "identifiant_voie_ban": "", "nom": "PRV SAINT-VINCENT DE PAUL", "nom_normalise": "PRV SAINT-VINCENT DE PAUL", "type_voie": "parvis"}}, {"type": "Feature", "geometry": {"type": "MultiLineString", "coordinates": [[[3.1796428, 50.706524], [3.1797319, 50.7065427], [3.1797786, 50.7065498], [3.179804, 50.7065507], [3.1798281, 50.7065506], [3.1798733, 50.7065515], [3.1799255, 50.7065433], [3.1799862, 50.7065271], [3.1800328, 50.7065064]], [[3.1800938, 50.7061734], [3.1801391, 50.7062047], [3.1801476, 50.706211], [3.1801647, 50.7062388], [3.1801704, 50.7062558], [3.1801761, 50.7062728], [3.1801761, 50.7062782]], [[3.1801428, 50.7064353], [3.1801568, 50.7064182], [3.1801779, 50.7063895], [3.1801792, 50.7063563], [3.1801777, 50.7063213], [3.180179, 50.7062998]], [[3.1794445, 50.7063726], [3.1794502, 50.7063807], [3.1794913, 50.7064219], [3.1794941, 50.7064246], [3.1795537, 50.7064774], [3.1795806, 50.7064944]], [[3.179616, 50.7061328], [3.1796725, 50.7061129], [3.1797826, 50.7060993], [3.1798575, 50.7060974], [3.1799339, 50.7061045]], [[3.1794877, 50.7062029], [3.1795187, 50.7061823], [3.1795342, 50.7061733], [3.1795934, 50.7061409], [3.179616, 50.7061328]], [[3.1794445, 50.7063726], [3.1794316, 50.7063367], [3.1794357, 50.7063017], [3.1794554, 50.7062568], [3.1794877, 50.7062029]], [[3.1800328, 50.7065064], [3.1800638, 50.7064911], [3.1801061, 50.706465], [3.1801428, 50.7064353]], [[3.1799339, 50.7061045], [3.1799721, 50.7061161], [3.180023, 50.7061385]], [[3.1795806, 50.7064944], [3.1795933, 50.7065025], [3.1796428, 50.706524]], [[3.1801761, 50.7062782], [3.180179, 50.7062998]], [[3.180023, 50.7061385], [3.1800938, 50.7061734]]]}, "properties": {"cleabs": "VOIE_NOM0000002339446779", "identifiant_voie_ban": "59512_cu3k4t", "nom": "Rond-Point des couteaux", "nom_normalise": "RPT DES COUTEAUX", "type_voie": "rond-point"}}, {"type": "Feature", "geometry": {"type": "MultiLineString", "coordinates": [[[3.2142778, 50.6895596], [3.2146166, 50.6895042], [3.2146999, 50.6894996], [3.2148015, 50.6894815], [3.2150669, 50.6894388], [3.2152787, 50.6894187], [3.2155174, 50.6893977], [3.215701, 50.6893866], [3.2158931, 50.6893764], [3.216201, 50.6893767], [3.2164793, 50.6893736], [3.2168974, 50.6893675], [3.2173225, 50.6893533], [3.2176022, 50.6893474], [3.2177265, 50.6893445], [3.2182265, 50.6893257], [3.2186842, 50.689332], [3.2189978, 50.6893243], [3.2194554, 50.6893145], [3.2197704, 50.6893023], [3.2200839, 50.6892874], [3.220286, 50.6892978], [3.2204188, 50.6892967], [3.2205685, 50.6892892]], [[3.2048087, 50.6919284], [3.2048157, 50.6919221], [3.205165, 50.6916649], [3.2051918, 50.6916424], [3.2052115, 50.6916253], [3.205258, 50.6915911], [3.2053326, 50.6915309], [3.2055003, 50.6914346], [3.205733, 50.6913337], [3.2058543, 50.691303], [3.2059687, 50.691275], [3.2060336, 50.6912605], [3.2062368, 50.691218], [3.2062961, 50.6912116], [3.2063385, 50.6912071], [3.2065037, 50.6911862], [3.2066265, 50.6911635], [3.2066886, 50.6911526], [3.2067253, 50.6911463]], [[3.2067253, 50.6911463], [3.2068848, 50.6911164], [3.2069934, 50.691066], [3.2070681, 50.6910201], [3.207212, 50.6909822], [3.2082805, 50.6907695], [3.208481, 50.6907279], [3.2093674, 50.6905469], [3.209493, 50.6905297], [3.2097753, 50.6904718], [3.2100492, 50.6904237], [3.2110118, 50.6902274]], [[3.2110118, 50.6902274], [3.2117754, 50.6900735], [3.2120308, 50.6900193], [3.2124896, 50.6899305], [3.2133082, 50.6897649], [3.2136625, 50.6896952], [3.2139941, 50.6896273], [3.2141, 50.6895966], [3.2142778, 50.6895596]]]}, "properties": {"cleabs": "VOIE_NOM0000002339446780", "identifiant_voie_ban": "", "nom": "QU DU GRIMONPONT", "nom_normalise": "QU DU GRIMONPONT", "type_voie": "quai"}}, {"type": "Feature", "geometry": {"type": "MultiLineString", "coordinates": [[[3.201668, 50.6735833], [3.2017981, 50.6736298], [3.201972, 50.6736977], [3.202105, 50.6737594]], [[3.202105, 50.6737594], [3.2021687, 50.6737889], [3.2022168, 50.6738175]]]}, "properties": {"cleabs": "VOIE_NOM0000002339446782", "identifiant_voie_ban": "", "nom": "R CATINAT", "nom_normalise": "R CATINAT", "type_voie": "rue"}}, {"type": "Feature", "geometry": {"type": "MultiLineString", "coordinates": [[[3.1789301, 50.7071549], [3.1791127, 50.7072408]], [[3.1784049, 50.7069098], [3.1789301, 50.7071549]]]}, "properties": {"cleabs": "VOIE_NOM0000002339446787", "identifiant_voie_ban": "59512_lbcuev", "nom": "Rue de l'École de Natation", "nom_normalise": "R DE L'ECOLE DE NATATION", "type_voie": "rue"}}, {"type": "Feature", "geometry": {"type": "MultiLineString", "coordinates": [[[3.1820627, 50.7070777], [3.1822429, 50.706898]]]}, "properties": {"cleabs": "VOIE_NOM0000002339446788", "identifiant_voie_ban": "59512_qsrrh8", "nom": "Rue Delespaul Prolongée", "nom_normalise": "R DELESPAUL PROLONGEE", "type_voie": "rue"}}, {"type": "Feature", "geometry": {"type": "MultiLineString", "coordinates": [[[3.1688374, 50.7067006], [3.1694497, 50.7064225]]]}, "properties": {"cleabs": "VOIE_NOM0000002339446789", "identifiant_voie_ban": "", "nom": "R DE MENIN", "nom_normalise": "R DE MENIN", "type_voie": "rue"}}, {"type": "Feature", "geometry": {"type": "MultiLineString", "coordinates": [[[3.1611494, 50.7029725], [3.1609714, 50.7029826]], [[3.1623649, 50.7026345], [3.1618298, 50.7027832], [3.1614148, 50.7028977], [3.1611494, 50.7029725]], [[3.1637398, 50.7022333], [3.1631991, 50.7023821], [3.1623649, 50.7026345]], [[3.1643327, 50.7020701], [3.1640589, 50.702145], [3.1637398, 50.7022333]]]}, "properties": {"cleabs": "VOIE_NOM0000002339446791", "identifiant_voie_ban": "59512_4680", "nom": "Rue racine", "nom_normalise": "R RACINE", "type_voie": "rue"}}, {"type": "Feature", "geometry": {"type": "MultiLineString", "coordinates": [[[3.1573527, 50.6863352], [3.1573853, 50.6863791]]]}, "properties": {"cleabs": "VOIE_NOM0000002339446792", "identifiant_voie_ban": "", "nom": "R DE THIONVILLE", "nom_normalise": "R DE THIONVILLE", "type_voie": "rue"}}, {"type": "Feature", "geometry": {"type": "MultiLineString", "coordinates": [[[3.198853, 50.686999], [3.1989578, 50.6870652], [3.1989818, 50.6870805], [3.1990243, 50.6871064], [3.1990852, 50.6871431], [3.1991532, 50.6871861], [3.1992353, 50.6872389], [3.1993274, 50.6872971], [3.1994194, 50.6873543], [3.1994874, 50.6873973]], [[3.1994874, 50.6873973], [3.1995072, 50.6874089], [3.1995879, 50.6874573], [3.1996573, 50.6875002], [3.1997154, 50.6875369], [3.1997649, 50.6875683], [3.199806, 50.6875933], [3.2000411, 50.6877437]]]}, "properties": {"cleabs": "VOIE_NOM0000002339446793", "identifiant_voie_ban": "59512_4165", "nom": "Rue d'Ostende", "nom_normalise": "R D'OSTENDE", "type_voie": "rue"}}, {"type": "Feature", "geometry": {"type": "MultiLineString", "coordinates": [[[3.1672843, 50.6994648], [3.1674126, 50.6993902], [3.1677017, 50.699222], [3.1679611, 50.6990709], [3.1680585, 50.699025]]]}, "properties": {"cleabs": "VOIE_NOM0000002339446795", "identifiant_voie_ban": "", "nom": "R DU RENOUVEAU", "nom_normalise": "R DU RENOUVEAU", "type_voie": "rue"}}, {"type": "Feature", "geometry": {"type": "MultiLineString", "coordinates": [[[3.1798084, 50.6872802], [3.1799115, 50.6872791], [3.1799723, 50.6872871], [3.1800246, 50.6873041], [3.1800742, 50.6873309], [3.1801095, 50.6873497]], [[3.1795647, 50.6874609], [3.1795619, 50.6874744], [3.1795635, 50.6875201], [3.1795989, 50.687556], [3.1796584, 50.6876052], [3.1797179, 50.6876357]], [[3.179597, 50.6873989], [3.1796195, 50.6873711], [3.1796829, 50.6873261], [3.1797449, 50.6872991], [3.1798084, 50.6872802]], [[3.1801095, 50.6873497], [3.1801394, 50.6874026], [3.1801551, 50.687452], [3.1801679, 50.6874851]], [[3.1799567, 50.6876515], [3.1800328, 50.687628], [3.1800921, 50.6875956], [3.1801399, 50.6875453]], [[3.1797179, 50.6876357], [3.1798055, 50.6876544], [3.1798606, 50.6876606], [3.1799567, 50.6876515]], [[3.1801399, 50.6875453], [3.1801582, 50.6875193], [3.1801679, 50.6874851]], [[3.1795647, 50.6874609], [3.1795745, 50.6874295], [3.179597, 50.6873989]]]}, "properties": {"cleabs": "VOIE_NOM0000002339446798", "identifiant_voie_ban": "59512_ah2tuc", "nom": "Rond-Point du chat botte", "nom_normalise": "RPT DU CHAT BOTTE", "type_voie": "rond-point"}}, {"type": "Feature", "geometry": {"type": "MultiLineString", "coordinates": [[[3.1660939, 50.6945633], [3.1664172, 50.6949263]]]}, "properties": {"cleabs": "VOIE_NOM0000002339446799", "identifiant_voie_ban": "", "nom": "R SAINT-ETIENNE", "nom_normalise": "R SAINT-ETIENNE", "type_voie": "rue"}}, {"type": "Feature", "geometry": {"type": "MultiLineString", "coordinates": [[[3.1945243, 50.6868488], [3.1946986, 50.6866386]]]}, "properties": {"cleabs": "VOIE_NOM0000002339446801", "identifiant_voie_ban": "", "nom": "Rue Flechier", "nom_normalise": "R FLECHIER", "type_voie": "rue"}}, {"type": "Feature", "geometry": {"type": "MultiLineString", "coordinates": [[[3.1806996, 50.6715561], [3.180704, 50.6715893], [3.1807678, 50.6716655], [3.1808826, 50.6717802], [3.1810357, 50.6719379]]]}, "properties": {"cleabs": "VOIE_NOM0000002339446802", "identifiant_voie_ban": "", "nom": "PASSAGE VEDRINES", "nom_normalise": "PAS VEDRINES", "type_voie": "passage"}}, {"type": "Feature", "geometry": {"type": "MultiLineString", "coordinates": [[[3.1921381, 50.6863769], [3.1921817, 50.6863383], [3.1922438, 50.6863059], [3.1923185, 50.6862806], [3.1924202, 50.6862598], [3.1925614, 50.6862551], [3.1927295, 50.6862629], [3.1928467, 50.6862601], [3.1930275, 50.6862374], [3.1931008, 50.686213], [3.1931827, 50.6862057], [3.1932844, 50.6862118], [3.1933862, 50.6862341], [3.1935445, 50.68625], [3.19369, 50.6862525], [3.1937451, 50.6862452], [3.1937874, 50.6862272], [3.1939592, 50.6860887], [3.1941746, 50.6859197], [3.1942773, 50.6858127], [3.1943321, 50.6857436], [3.1943814, 50.6857031], [3.1945084, 50.6856643]]]}, "properties": {"cleabs": "VOIE_NOM0000002339446803", "identifiant_voie_ban": "", "nom": "SQUARE PIERRE DESTOMBES", "nom_normalise": "SQ PIERRE DESTOMBES", "type_voie": "square"}}, {"type": "Feature", "geometry": {"type": "MultiLineString", "coordinates": [[[3.1853611, 50.6708196], [3.1852244, 50.6708755], [3.1851567, 50.6709097], [3.1851428, 50.67096], [3.1851867, 50.6710093], [3.1853696, 50.6712118]], [[3.1857095, 50.6706998], [3.1859267, 50.6706268], [3.1859789, 50.6706294], [3.1860397, 50.6706535], [3.1863059, 50.670847]], [[3.1854731, 50.6713023], [3.185517, 50.6713408], [3.1859206, 50.6716588], [3.1860778, 50.6717689]], [[3.1852067, 50.6714552], [3.1852394, 50.6714911], [3.1856288, 50.6717947], [3.1857832, 50.6719165]], [[3.1863059, 50.670847], [3.1865906, 50.670702], [3.1872222, 50.6711722]], [[3.1863059, 50.670847], [3.1864036, 50.6709186], [3.1869347, 50.6713225]], [[3.1852067, 50.6714552], [3.1852349, 50.6714211], [3.1854731, 50.6713023]], [[3.18544, 50.670369], [3.1857095, 50.6706998]], [[3.1853696, 50.6712118], [3.1854731, 50.6713023]], [[3.1853611, 50.6708196], [3.1857095, 50.6706998]], [[3.1850916, 50.6704925], [3.1853611, 50.6708196]]]}, "properties": {"cleabs": "VOIE_NOM0000002339446808", "identifiant_voie_ban": "59512_5580", "nom": "Contour Vertes Allées", "nom_normalise": "CTR VERTES ALLEES", "type_voie": "contour"}}, {"type": "Feature", "geometry": {"type": "MultiLineString", "coordinates": [[[3.1628423, 50.6912815], [3.1635833, 50.6910562], [3.1638288, 50.6909805], [3.1641365, 50.6908949], [3.1643214, 50.6908435]], [[3.1643214, 50.6908435], [3.1644292, 50.6909932], [3.1645623, 50.6910881], [3.164629, 50.691167], [3.1646419, 50.6912253], [3.1646252, 50.6912998], [3.1645225, 50.691439], [3.1644818, 50.6915046], [3.1644707, 50.6915701], [3.1646387, 50.6919728]]]}, "properties": {"cleabs": "VOIE_NOM0000002339446809", "identifiant_voie_ban": "", "nom": "Voie Acces Thalassa et Colisee", "nom_normalise": "VOI ACCES THALASSA ET COLISEE", "type_voie": "voie"}}, {"type": "Feature", "geometry": {"type": "MultiLineString", "coordinates": [[[3.1572662, 50.6718033], [3.1571798, 50.6717361], [3.1571669, 50.6716608], [3.1571765, 50.6715854], [3.1571096, 50.6713988]], [[3.1572431, 50.6720995], [3.1572501, 50.6720735], [3.1572569, 50.6720035], [3.1572662, 50.6718033]], [[3.1572363, 50.6721946], [3.1572431, 50.6720995]], [[3.1573463, 50.673056], [3.1573261, 50.6729214], [3.1573017, 50.6727958], [3.1572439, 50.6723552], [3.1572363, 50.6721946]], [[3.1579363, 50.6738646], [3.1576899, 50.6736451], [3.157561, 50.673499], [3.1575127, 50.6734156], [3.1574643, 50.6733044], [3.1573463, 50.673056]], [[3.1591406, 50.6746519], [3.1593317, 50.67478], [3.1593897, 50.6748185], [3.1596814, 50.6750568], [3.1597635, 50.6751366], [3.1598882, 50.6752594]], [[3.1601959, 50.6756466], [3.1601122, 50.6755247], [3.1600795, 50.6754745], [3.1600441, 50.6754359], [3.1598882, 50.6752594]], [[3.1621911, 50.6777295], [3.1620494, 50.6776059], [3.1620111, 50.6775602], [3.161987, 50.6775046]], [[3.1602869, 50.6758493], [3.1601959, 50.6756466]], [[3.1602869, 50.6758493], [3.1603863, 50.6760251], [3.1604559, 50.676147], [3.1604701, 50.676173], [3.1605793, 50.6763201], [3.1606431, 50.6763909], [3.1607834, 50.6765459], [3.1608756, 50.6766454], [3.1612553, 50.6770496], [3.1614351, 50.6771733], [3.1616545, 50.6773408], [3.1617918, 50.6774241], [3.1619007, 50.6774858], [3.161987, 50.6775046]], [[3.1590161, 50.6745794], [3.1587431, 50.6744209], [3.1586907, 50.6743904], [3.158361, 50.6741836], [3.1581671, 50.6740456], [3.1579788, 50.6739014], [3.1579363, 50.6738646]], [[3.1590161, 50.6745794], [3.1591406, 50.6746519]]]}, "properties": {"cleabs": "VOIE_NOM0000002339446810", "identifiant_voie_ban": "", "nom": "VOIE DU PARC BARBIEUX", "nom_normalise": "VOI DU PARC BARBIEUX", "type_voie": "voie"}}, {"type": "Feature", "geometry": {"type": "MultiLineString", "coordinates": [[[3.1610254, 50.7031073], [3.161215, 50.7031726], [3.1615757, 50.7032807], [3.1620409, 50.7033833], [3.1626589, 50.7035332], [3.1631538, 50.7036528], [3.1635257, 50.7037474], [3.1637859, 50.7038]], [[3.1610029, 50.703136], [3.1610807, 50.7031647], [3.1613665, 50.7032558], [3.1614966, 50.7032915], [3.1619223, 50.7034032], [3.1623493, 50.7035103], [3.1628104, 50.7036299], [3.1635076, 50.70383]], [[3.1593099, 50.7026267], [3.1594655, 50.702657], [3.1596549, 50.7026963], [3.1597384, 50.7027141], [3.1597794, 50.7027222], [3.1600891, 50.7028007], [3.1602828, 50.7028552]], [[3.1595646, 50.7027161], [3.1597625, 50.7027572], [3.160068, 50.7028339], [3.1601259, 50.70285], [3.160249, 50.7028849], [3.1602674, 50.7028893]], [[3.1604115, 50.702899], [3.1606322, 50.7029741], [3.1610254, 50.7031073]], [[3.1603918, 50.7029278], [3.1610029, 50.703136]], [[3.1602828, 50.7028552], [3.1604115, 50.702899]], [[3.1602674, 50.7028893], [3.1603918, 50.7029278]]]}, "properties": {"cleabs": "VOIE_NOM0000002339446812", "identifiant_voie_ban": "", "nom": "VOI RAPIDE LILLE ROUBAIX TOURCOING", "nom_normalise": "VOI RAPIDE LILLE ROUBAIX TOURCOING", "type_voie": "voie"}}, {"type": "Feature", "geometry": {"type": "MultiLineString", "coordinates": [[[3.1993442, 50.6776737], [3.1993584, 50.677688], [3.1993995, 50.6777149], [3.199449, 50.6777462], [3.1995028, 50.6777829], [3.1996275, 50.6778796], [3.199711, 50.677936], [3.1997988, 50.6779942], [3.1998413, 50.6780256], [3.1999149, 50.6780524], [3.1999488, 50.6780586]], [[3.200256, 50.6782385], [3.2002913, 50.6782402], [3.2003168, 50.6782509], [3.2003437, 50.678267], [3.2003776, 50.6782876], [3.2004895, 50.6783619], [3.2006311, 50.678455], [3.2008081, 50.6785669], [3.2008776, 50.6786395]], [[3.2011523, 50.6788131], [3.2013987, 50.6789814], [3.2019155, 50.6793019], [3.2019396, 50.6793144], [3.2019566, 50.6793332]], [[3.2019566, 50.6793332], [3.2023077, 50.6795417]], [[3.2008776, 50.6786395], [3.2011523, 50.6788131]], [[3.1999488, 50.6780586], [3.200256, 50.6782385]], [[3.1990809, 50.6775144], [3.1993442, 50.6776737]]]}, "properties": {"cleabs": "VOIE_NOM0000002341979608", "identifiant_voie_ban": "59512_a5qu2k", "nom": "Allée Charles Crupelandt", "nom_normalise": "ALL CHARLES CRUPELANDT", "type_voie": "allée"}}, {"type": "Feature", "geometry": {"type": "MultiLineString", "coordinates": [[[3.194307, 50.7025976], [3.1943467, 50.7026254], [3.1945337, 50.7027498], [3.1946215, 50.7027999]], [[3.1940492, 50.7024284], [3.1942943, 50.7025851], [3.194307, 50.7025976]]]}, "properties": {"cleabs": "VOIE_NOM0000002478341739", "identifiant_voie_ban": "", "nom": "R CHARLES CASTERMANT", "nom_normalise": "R CHARLES CASTERMANT", "type_voie": "rue"}}, {"type": "Feature", "geometry": {"type": "MultiLineString", "coordinates": [[[3.1761067, 50.6762048], [3.1763716, 50.6764153]]]}, "properties": {"cleabs": "VOIE_NOM0000002478341742", "identifiant_voie_ban": "59512_xitsel", "nom": "Impasse Poissonnier", "nom_normalise": "IMP POISSONNIER", "type_voie": "impasse"}}, {"type": "Feature", "geometry": {"type": "MultiLineString", "coordinates": [[[3.1901977, 50.6864993], [3.1903512, 50.6863581], [3.1907205, 50.6865272]]]}, "properties": {"cleabs": "VOIE_NOM0000002478341743", "identifiant_voie_ban": "", "nom": "COUR SAINT-ANDRE", "nom_normalise": "COUR SAINT-ANDRE", "type_voie": "cour"}}, {"type": "Feature", "geometry": {"type": "MultiLineString", "coordinates": [[[3.1699657, 50.7060611], [3.1699584, 50.7059938], [3.1699752, 50.7059489]], [[3.1701039, 50.7059828], [3.1701405, 50.7059254]], [[3.1699752, 50.7059489], [3.1700132, 50.7058914]]]}, "properties": {"cleabs": "VOIE_NOM0000002478341744", "identifiant_voie_ban": "", "nom": "R DES RETROUVAILLES", "nom_normalise": "R DES RETROUVAILLES", "type_voie": "rue"}}, {"type": "Feature", "geometry": {"type": "MultiLineString", "coordinates": [[[3.1691303, 50.7072297], [3.169105, 50.7072683]], [[3.1692399, 50.7070626], [3.1691303, 50.7072297]], [[3.169105, 50.7072683], [3.1687212, 50.7078646], [3.168665, 50.7079526], [3.1684316, 50.7083119]], [[3.1692399, 50.7070626], [3.1697489, 50.7063037], [3.1699009, 50.7061213], [3.1699657, 50.7060611]], [[3.1699657, 50.7060611], [3.1701039, 50.7059828]], [[3.1684316, 50.7083119], [3.1684035, 50.7083559], [3.1683529, 50.708434]]]}, "properties": {"cleabs": "VOIE_NOM0000002478341962", "identifiant_voie_ban": "59512_6hqud1", "nom": "Rue des retrouvailles", "nom_normalise": "R DES RETROUVAILLES", "type_voie": "rue"}}, {"type": "Feature", "geometry": {"type": "MultiLineString", "coordinates": [[[3.1589877, 50.6883468], [3.1594348, 50.6881398]]]}, "properties": {"cleabs": "VOIE_NOM0000002478341985", "identifiant_voie_ban": "59512_25dhi3", "nom": "Cour Lampe", "nom_normalise": "COUR LAMPE", "type_voie": "cour"}}, {"type": "Feature", "geometry": {"type": "MultiLineString", "coordinates": [[[3.180126, 50.6844521], [3.180298, 50.6843639]]]}, "properties": {"cleabs": "VOIE_NOM0000002478341986", "identifiant_voie_ban": "", "nom": "Cour Chalmin Caille", "nom_normalise": "COUR CHALMIN CAILLE", "type_voie": "cour"}}, {"type": "Feature", "geometry": {"type": "MultiLineString", "coordinates": [[[3.1947688, 50.7007089], [3.1948269, 50.700742], [3.1952163, 50.7009612], [3.1952616, 50.7009872], [3.1952673, 50.700989]], [[3.1952673, 50.700989], [3.1955092, 50.7010801]]]}, "properties": {"cleabs": "VOIE_NOM0000002478341987", "identifiant_voie_ban": "59512_3890", "nom": "Square du mouton Amédée", "nom_normalise": "SQ DU MOUTON AMEDEE", "type_voie": "square"}}, {"type": "Feature", "geometry": {"type": "MultiLineString", "coordinates": [[[3.1627058, 50.6940473], [3.1626336, 50.6940124], [3.1624299, 50.6939257], [3.1622431, 50.6938371], [3.1621837, 50.6937968], [3.1621171, 50.6937376], [3.1619399, 50.6935683]], [[3.1634518, 50.6949419], [3.1633155, 50.694742], [3.1631424, 50.6944945], [3.1629991, 50.6943063], [3.1628985, 50.6942077], [3.1628191, 50.6941306], [3.1627341, 50.694067], [3.1627058, 50.6940473]], [[3.1613363, 50.6930145], [3.1614001, 50.693062], [3.16158, 50.6932241], [3.1618478, 50.6934795], [3.1618776, 50.6935145], [3.1619399, 50.6935683]], [[3.163764, 50.6953704], [3.1637328, 50.6953319], [3.1636377, 50.6951947]], [[3.1638485, 50.695277], [3.1637424, 50.695226], [3.1636377, 50.6951947]], [[3.1636377, 50.6951947], [3.1635583, 50.6950997], [3.1634518, 50.6949419]]]}, "properties": {"cleabs": "VOIE_NOM0000002478341988", "identifiant_voie_ban": "59512_5301", "nom": "Rue Tela Tchaï", "nom_normalise": "R TELA TCHAI", "type_voie": "rue"}}, {"type": "Feature", "geometry": {"type": "MultiLineString", "coordinates": [[[3.1939888, 50.6889925], [3.1940409, 50.6889575], [3.1940706, 50.6889628], [3.1942365, 50.6887642]]]}, "properties": {"cleabs": "VOIE_NOM0000002478341990", "identifiant_voie_ban": "59512_kl1f10", "nom": "Cour Saint-André", "nom_normalise": "COUR SAINT-ANDRE", "type_voie": "cour"}}, {"type": "Feature", "geometry": {"type": "MultiLineString", "coordinates": [[[3.1831175, 50.7018213], [3.1834952, 50.7019473], [3.1843454, 50.7022233]]]}, "properties": {"cleabs": "VOIE_NOM0000002478341992", "identifiant_voie_ban": "59512_wj8tjf", "nom": "Cour Duponchelle Delcroix", "nom_normalise": "COUR DUPONCHELLE DELCROIX", "type_voie": "cour"}}, {"type": "Feature", "geometry": {"type": "MultiLineString", "coordinates": [[[3.1911569, 50.706907], [3.1915067, 50.7070886], [3.1918223, 50.707229]], [[3.1909758, 50.7068391], [3.1911569, 50.706907]], [[3.1908513, 50.7067926], [3.1909758, 50.7068391]]]}, "properties": {"cleabs": "VOIE_NOM0000002480233419", "identifiant_voie_ban": "", "nom": "R DE L'HORLOGE", "nom_normalise": "R DE L'HORLOGE", "type_voie": "rue"}}, {"type": "Feature", "geometry": {"type": "MultiLineString", "coordinates": [[[3.1840934, 50.6893952], [3.1842859, 50.6894802], [3.1854844, 50.6900411], [3.1855524, 50.6900724], [3.1856189, 50.6901028], [3.1857377, 50.6901547], [3.1859628, 50.6902683]], [[3.1859628, 50.6902683], [3.1860825, 50.6901909]], [[3.1855727, 50.6906054], [3.1859628, 50.6902683]]]}, "properties": {"cleabs": "VOIE_NOM0000002480494136", "identifiant_voie_ban": "", "nom": "ALL DE BELFORT", "nom_normalise": "ALL DE BELFORT", "type_voie": "allée"}}, {"type": "Feature", "geometry": {"type": "MultiLineString", "coordinates": [[[3.192683, 50.7046748], [3.1930248, 50.7042767], [3.1931345, 50.7041312], [3.1931707, 50.7040037], [3.1933451, 50.703789], [3.1936405, 50.7034305], [3.1938289, 50.7031834], [3.1940314, 50.7029301], [3.1942367, 50.7026776], [3.194307, 50.7025976]], [[3.1913724, 50.706336], [3.1914905, 50.7062003], [3.1918238, 50.7057727], [3.1924299, 50.7050081], [3.192683, 50.7046748]], [[3.1909758, 50.7068391], [3.1912978, 50.7064168], [3.1913724, 50.706336]]]}, "properties": {"cleabs": "VOIE_NOM0000002487948952", "identifiant_voie_ban": "", "nom": "PROM DES FEMMES DU TEXTILE", "nom_normalise": "PROM DES FEMMES DU TEXTILE", "type_voie": "promenade"}}, {"type": "Feature", "geometry": {"type": "MultiLineString", "coordinates": [[[3.1930183, 50.7055052], [3.1934785, 50.7057521]]]}, "properties": {"cleabs": "VOIE_NOM0000002488475671", "identifiant_voie_ban": "59512_vzrjd7", "nom": "Allée Queen Elizabeth II", "nom_normalise": "ALL QUEEN ELIZABETH II", "type_voie": "allée"}}, {"type": "Feature", "geometry": {"type": "MultiLineString", "coordinates": [[[3.1648833, 50.6972004], [3.1648932, 50.6971959], [3.1653742, 50.6969692], [3.1655604, 50.6968783]]]}, "properties": {"cleabs": "VOIE_NOM0000002488599866", "identifiant_voie_ban": "", "nom": "Cour de la Petite vitesse", "nom_normalise": "COUR DE LA PETITE VITESSE", "type_voie": "cour"}}, {"type": "Feature", "geometry": {"type": "MultiLineString", "coordinates": [[[3.1674917, 50.6998145], [3.1676332, 50.6998619], [3.1676699, 50.6998744], [3.1680448, 50.700013], [3.1680519, 50.7000147], [3.1681085, 50.7000281]]]}, "properties": {"cleabs": "VOIE_NOM0000002488641538", "identifiant_voie_ban": "59512_2365", "nom": "Rue de la Grand Mère", "nom_normalise": "R DE LA GRAND MERE", "type_voie": "rue"}}, {"type": "Feature", "geometry": {"type": "MultiLineString", "coordinates": [[[3.1672843, 50.6994648], [3.1674881, 50.6995875], [3.1674917, 50.6998145]], [[3.1671455, 50.6998177], [3.1671306, 50.6995772], [3.1672843, 50.6994648]], [[3.1671455, 50.6998177], [3.1674917, 50.6998145]]]}, "properties": {"cleabs": "VOIE_NOM0000002488641539", "identifiant_voie_ban": "59512_0111", "nom": "Place de l'Alma Gare", "nom_normalise": "PL DE L'ALMA GARE", "type_voie": "place"}}, {"type": "Feature", "geometry": {"type": "MultiLineString", "coordinates": [[[3.1837385, 50.7035658], [3.1837965, 50.7035926], [3.1839197, 50.703648], [3.1839862, 50.7036776], [3.1840527, 50.703708]], [[3.183713, 50.703555], [3.1837385, 50.7035658]]]}, "properties": {"cleabs": "VOIE_NOM0000002489054906", "identifiant_voie_ban": "", "nom": "Rue Daubenton", "nom_normalise": "R DAUBENTON", "type_voie": "rue"}}, {"type": "Feature", "geometry": {"type": "MultiLineString", "coordinates": [[[3.1852218, 50.6782044], [3.1852841, 50.6782437], [3.185318, 50.6782652], [3.1853619, 50.6782939], [3.1854114, 50.6783136], [3.18555, 50.6783519], [3.1861338, 50.6784946], [3.1866582, 50.6786141], [3.1866709, 50.6786222]]]}, "properties": {"cleabs": "VOIE_NOM0000002489054933", "identifiant_voie_ban": "", "nom": "Square Francis Bousquet", "nom_normalise": "SQ FRANCIS BOUSQUET", "type_voie": "square"}}, {"type": "Feature", "geometry": {"type": "MultiLineString", "coordinates": [[[3.1866386, 50.7079027], [3.1866949, 50.7078416]]]}, "properties": {"cleabs": "VOIE_NOM0000002489054958", "identifiant_voie_ban": "", "nom": "Rue Alfred Delecourt", "nom_normalise": "R ALFRED DELECOURT", "type_voie": "rue"}}, {"type": "Feature", "geometry": {"type": "MultiLineString", "coordinates": [[[3.1905112, 50.6957738], [3.1905308, 50.695728], [3.190709, 50.6953921], [3.1909109, 50.6949862], [3.1909333, 50.6949386], [3.190988, 50.6948452]], [[3.1904369, 50.6959328], [3.1905042, 50.6957909], [3.1905112, 50.6957738]], [[3.188447, 50.6998805], [3.1885915, 50.6995949], [3.1886798, 50.6994162]], [[3.1877854, 50.7013002], [3.1878131, 50.7011557], [3.187973, 50.7008324]], [[3.1901915, 50.6964141], [3.1904369, 50.6959328]], [[3.1899587, 50.696873], [3.1901915, 50.6964141]], [[3.1897203, 50.69734], [3.1899587, 50.696873]], [[3.1891972, 50.6983691], [3.1897203, 50.69734]], [[3.1891467, 50.6984688], [3.1891972, 50.6983691]], [[3.1886798, 50.6994162], [3.1891467, 50.6984688]], [[3.1882086, 50.7003565], [3.188447, 50.6998805]], [[3.187973, 50.7008324], [3.1882086, 50.7003565]]]}, "properties": {"cleabs": "VOIE_NOM0000002489054959", "identifiant_voie_ban": "", "nom": "Allée Principale du Cimetière", "nom_normalise": "ALL PRINCIPALE DU CIMETIERE", "type_voie": "allée"}}, {"type": "Feature", "geometry": {"type": "MultiLineString", "coordinates": [[[3.1850977, 50.7023873], [3.1851286, 50.7023263], [3.1851198, 50.7022428], [3.1851296, 50.7022141], [3.1851633, 50.7021692], [3.1852012, 50.7021036], [3.1852561, 50.7020246], [3.1853207, 50.7019365], [3.1853516, 50.7018898], [3.1853826, 50.7018431], [3.1854163, 50.7017928], [3.1854416, 50.7017506], [3.1854809, 50.7017039], [3.185509, 50.7016599], [3.1855386, 50.701615], [3.1855652, 50.7015745], [3.1856088, 50.7015072], [3.1856495, 50.7014407], [3.1856167, 50.70136]], [[3.1809882, 50.7061658], [3.1811465, 50.7061727], [3.1812795, 50.7061986], [3.1813657, 50.7062164], [3.1815878, 50.7062735], [3.1817675, 50.7063297], [3.1818651, 50.7063736], [3.1819473, 50.70643], [3.1820012, 50.7064802], [3.1820608, 50.706551], [3.1820836, 50.706603]], [[3.1847356, 50.7026598], [3.1848146, 50.7026282], [3.1848709, 50.7025743], [3.1849273, 50.7025347], [3.1850103, 50.702444], [3.1850977, 50.7023873]]]}, "properties": {"cleabs": "VOIE_NOM0000002489054960", "identifiant_voie_ban": "", "nom": "Quai de Marseille", "nom_normalise": "QU DE MARSEILLE", "type_voie": "quai"}}, {"type": "Feature", "geometry": {"type": "MultiLineString", "coordinates": [[[3.1753716, 50.7066961], [3.1755243, 50.7067066], [3.1756472, 50.7067118], [3.175773, 50.7067179], [3.1759087, 50.7067213], [3.1760585, 50.706722], [3.1762182, 50.7067218], [3.1763807, 50.7067189], [3.1765446, 50.706715], [3.1767071, 50.7067085], [3.1768724, 50.7067011], [3.1770391, 50.7066919], [3.177203, 50.7066809], [3.177364, 50.7066672], [3.1775222, 50.7066535], [3.1776804, 50.7066372], [3.1778386, 50.7066199], [3.1779898, 50.7065999], [3.1781338, 50.7065791], [3.1782765, 50.7065582], [3.1784121, 50.7065374], [3.1785406, 50.7065139], [3.1786606, 50.7064886], [3.1787736, 50.7064606], [3.178878, 50.7064317], [3.1789754, 50.7064056], [3.1790672, 50.706383], [3.1791562, 50.7063658], [3.1792395, 50.7063541], [3.1793144, 50.7063522], [3.179378, 50.7063583], [3.1794445, 50.7063726]], [[3.1744964, 50.7065439], [3.1745897, 50.70655], [3.1747522, 50.7065641], [3.1749218, 50.7065792], [3.1750943, 50.7065897], [3.1752667, 50.7065975], [3.1754377, 50.7066036], [3.1756059, 50.7066087], [3.1757726, 50.7066121], [3.175938, 50.7066136], [3.1761033, 50.7066116], [3.1762686, 50.7066078], [3.1763732, 50.706604]], [[3.178625, 50.7064213], [3.1791786, 50.7063183], [3.1794357, 50.7063017], [3.1797495, 50.7063058], [3.1801155, 50.7063223], [3.1802993, 50.7063525], [3.1804322, 50.7063757], [3.1806571, 50.7064166], [3.1809583, 50.7064916]]]}, "properties": {"cleabs": "VOIE_NOM0000002489054961", "identifiant_voie_ban": "", "nom": "Quai de Gand", "nom_normalise": "QU DE GAND", "type_voie": "quai"}}, {"type": "Feature", "geometry": {"type": "MultiLineString", "coordinates": [[[3.1629273, 50.7035239], [3.1637859, 50.7038]]]}, "properties": {"cleabs": "VOIE_NOM0000002489054962", "identifiant_voie_ban": "", "nom": "Quai de Boulogne", "nom_normalise": "QU DE BOULOGNE", "type_voie": "quai"}}, {"type": "Feature", "geometry": {"type": "MultiLineString", "coordinates": [[[3.1606956, 50.7020264], [3.1608468, 50.7020424]]]}, "properties": {"cleabs": "VOIE_NOM0000002489054963", "identifiant_voie_ban": "", "nom": "Rue de l'Amiral Courbet", "nom_normalise": "R DE L'AMIRAL COURBET", "type_voie": "rue"}}, {"type": "Feature", "geometry": {"type": "MultiLineString", "coordinates": [[[3.1912809, 50.6930923], [3.1913541, 50.6930419], [3.1913682, 50.693032]]]}, "properties": {"cleabs": "VOIE_NOM0000002489054964", "identifiant_voie_ban": "", "nom": "Quai de Wattrelos", "nom_normalise": "QU DE WATTRELOS", "type_voie": "quai"}}, {"type": "Feature", "geometry": {"type": "MultiLineString", "coordinates": [[[3.1822085, 50.6950836], [3.1822567, 50.6951455]]]}, "properties": {"cleabs": "VOIE_NOM0000002489054965", "identifiant_voie_ban": "", "nom": "Rue de l'Hommelet", "nom_normalise": "R DE L'HOMMELET", "type_voie": "rue"}}, {"type": "Feature", "geometry": {"type": "MultiLineString", "coordinates": [[[3.165655, 50.6968342], [3.1658439, 50.6967263], [3.1661203, 50.6965689], [3.1665561, 50.6963251], [3.1667239, 50.6962306], [3.1670412, 50.6960525]]]}, "properties": {"cleabs": "VOIE_NOM0000002489054966", "identifiant_voie_ban": "", "nom": "Rue de Blanchemaille", "nom_normalise": "R DE BLANCHEMAILLE", "type_voie": "rue"}}, {"type": "Feature", "geometry": {"type": "MultiLineString", "coordinates": [[[3.1678139, 50.6930822], [3.1678808, 50.6932257], [3.1680801, 50.6936624]], [[3.1680801, 50.6936624], [3.1680803, 50.6937423]]]}, "properties": {"cleabs": "VOIE_NOM0000002489054967", "identifiant_voie_ban": "", "nom": "Rue Pasteur", "nom_normalise": "R PASTEUR", "type_voie": "rue"}}, {"type": "Feature", "geometry": {"type": "MultiLineString", "coordinates": [[[3.1698884, 50.6953479], [3.1699919, 50.6954518]]]}, "properties": {"cleabs": "VOIE_NOM0000002489054968", "identifiant_voie_ban": "", "nom": "Rue Charlie Chaplin", "nom_normalise": "R CHARLIE CHAPLIN", "type_voie": "rue"}}, {"type": "Feature", "geometry": {"type": "MultiLineString", "coordinates": [[[3.1724803, 50.6943411], [3.1725723, 50.6944055]]]}, "properties": {"cleabs": "VOIE_NOM0000002489054969", "identifiant_voie_ban": "", "nom": "Avenue de la Fosse aux Chênes", "nom_normalise": "AV DE LA FOSSE AUX CHENES", "type_voie": "avenue"}}, {"type": "Feature", "geometry": {"type": "MultiLineString", "coordinates": [[[3.2045268, 50.6914021], [3.2045156, 50.6914156], [3.2045044, 50.6914353], [3.204503, 50.6914596], [3.2045017, 50.6914856], [3.2045047, 50.691508], [3.2045133, 50.6915385], [3.2045416, 50.6915654]], [[3.2048401, 50.6913172], [3.2049263, 50.6913359], [3.2049702, 50.6913583], [3.2050014, 50.6913887], [3.2050228, 50.6914246], [3.2050272, 50.6914605], [3.2050272, 50.6914775]], [[3.2045268, 50.6914021], [3.2045423, 50.6913859], [3.2045732, 50.6913536], [3.2046508, 50.691322], [3.2047101, 50.6913103], [3.2047694, 50.6913102], [3.2048401, 50.6913172]], [[3.2045416, 50.6915654], [3.2045813, 50.6915896], [3.2046181, 50.6916083], [3.2046648, 50.6916226], [3.2047171, 50.6916306], [3.2048089, 50.6916349]], [[3.204895, 50.6916115], [3.2049471, 50.6915854], [3.2049922, 50.6915494], [3.2050259, 50.6915045], [3.2050272, 50.6914775]], [[3.2048089, 50.6916349], [3.2048526, 50.6916241], [3.204895, 50.6916115]]]}, "properties": {"cleabs": "VOIE_NOM0000002489054970", "identifiant_voie_ban": "59512_v8iqor", "nom": "Rond-Point  de Wassegnies", "nom_normalise": "RPT DE WASSEGNIES", "type_voie": "rond-point"}}, {"type": "Feature", "geometry": {"type": "MultiLineString", "coordinates": [[[3.1968187, 50.6891003], [3.1971357, 50.6892568], [3.1972079, 50.6892953]]]}, "properties": {"cleabs": "VOIE_NOM0000002489054971", "identifiant_voie_ban": "", "nom": "Rue du Pile", "nom_normalise": "R DU PILE", "type_voie": "rue"}}, {"type": "Feature", "geometry": {"type": "MultiLineString", "coordinates": [[[3.1983636, 50.6922107], [3.1984366, 50.6920706], [3.19868, 50.6914708], [3.1988296, 50.6910811], [3.19887, 50.6909438]]]}, "properties": {"cleabs": "VOIE_NOM0000002489054972", "identifiant_voie_ban": "", "nom": "Boulevard Beaurepaire", "nom_normalise": "BD BEAUREPAIRE", "type_voie": "boulevard"}}, {"type": "Feature", "geometry": {"type": "MultiLineString", "coordinates": [[[3.1844679, 50.6924986], [3.1845535, 50.6923451]], [[3.1844398, 50.6925453], [3.1844679, 50.6924986]]]}, "properties": {"cleabs": "VOIE_NOM0000002489054974", "identifiant_voie_ban": "", "nom": "Avenue des Nations Unies", "nom_normalise": "AV DES NATIONS UNIES", "type_voie": "avenue"}}, {"type": "Feature", "geometry": {"type": "MultiLineString", "coordinates": [[[3.1697791, 50.6876783], [3.169816, 50.6877294], [3.1698628, 50.6877949], [3.1701169, 50.6881544], [3.170141, 50.6881875]]]}, "properties": {"cleabs": "VOIE_NOM0000002489054975", "identifiant_voie_ban": "", "nom": "R MISCHKIND", "nom_normalise": "R MISCHKIND", "type_voie": "rue"}}, {"type": "Feature", "geometry": {"type": "MultiLineString", "coordinates": [[[3.2015027, 50.6806082], [3.20121, 50.6805315], [3.2011153, 50.6805074], [3.2010644, 50.6804887], [3.2009837, 50.6804448], [3.2009539, 50.6804224], [3.2009398, 50.6804072], [3.2009411, 50.6803946], [3.2011637, 50.6802588], [3.2012117, 50.6802434], [3.2012512, 50.6802371], [3.2012908, 50.6802559], [3.2014211, 50.6803382], [3.2016419, 50.6804536]]]}, "properties": {"cleabs": "VOIE_NOM0000002489054976", "identifiant_voie_ban": "", "nom": "Rue Léon Blum", "nom_normalise": "R LEON BLUM", "type_voie": "rue"}}, {"type": "Feature", "geometry": {"type": "MultiLineString", "coordinates": [[[3.2011357, 50.6817206], [3.2011655, 50.6817583], [3.2011953, 50.6817959], [3.2012152, 50.6818237], [3.2012605, 50.6818586], [3.2014403, 50.6819418], [3.2015789, 50.6820026]], [[3.2010944, 50.6816462], [3.2012256, 50.6815922], [3.2013313, 50.6815444], [3.2014272, 50.6815012]], [[3.2015789, 50.6820026], [3.2018804, 50.6821573], [3.2023277, 50.6823908]], [[3.2010944, 50.6816462], [3.2011272, 50.6817099], [3.2011357, 50.6817206]]]}, "properties": {"cleabs": "VOIE_NOM0000002489054979", "identifiant_voie_ban": "", "nom": "Rue Robert Schuman", "nom_normalise": "R ROBERT SCHUMAN", "type_voie": "rue"}}, {"type": "Feature", "geometry": {"type": "MultiLineString", "coordinates": [[[3.2046304, 50.6811191], [3.2047049, 50.6810472]]]}, "properties": {"cleabs": "VOIE_NOM0000002489054980", "identifiant_voie_ban": "", "nom": "Avenue de Verdun", "nom_normalise": "AV DE VERDUN", "type_voie": "avenue"}}, {"type": "Feature", "geometry": {"type": "MultiLineString", "coordinates": [[[3.2084645, 50.6837079], [3.2085549, 50.6837113], [3.2086765, 50.6837425], [3.2090135, 50.6839412], [3.2094327, 50.6842097], [3.2098307, 50.6844719], [3.2102283, 50.6846274]], [[3.2107389, 50.6847979], [3.2107574, 50.6848203], [3.2107716, 50.6848454], [3.2107731, 50.684867], [3.2107717, 50.6848786], [3.2107733, 50.6849038]], [[3.2105334, 50.6846394], [3.2107191, 50.6847809], [3.2107389, 50.6847979]], [[3.208391, 50.683708], [3.2084645, 50.6837079]]]}, "properties": {"cleabs": "VOIE_NOM0000002489054981", "identifiant_voie_ban": "", "nom": "Rue de Carihem", "nom_normalise": "R DE CARIHEM", "type_voie": "rue"}}, {"type": "Feature", "geometry": {"type": "MultiLineString", "coordinates": [[[3.1557613, 50.6705902], [3.1557614, 50.670627], [3.1557573, 50.6706611], [3.1557687, 50.6706961], [3.1558069, 50.6707328], [3.155882, 50.6708126], [3.1559061, 50.670852], [3.1559105, 50.6708969], [3.1559121, 50.6709534], [3.1558883, 50.6710333], [3.1558898, 50.6710549], [3.1559125, 50.6710835], [3.1560314, 50.6711651], [3.1560738, 50.6711973], [3.1561078, 50.6712242], [3.1561277, 50.6712609], [3.1561476, 50.6713004], [3.156183, 50.6713363], [3.1562353, 50.6713613], [3.156282, 50.6713882], [3.1563343, 50.6714123], [3.1563486, 50.6714455], [3.1563473, 50.6714922], [3.1563474, 50.6715362], [3.1563461, 50.6715658], [3.1563518, 50.6715909], [3.1563801, 50.6716115], [3.156424, 50.6716411], [3.156458, 50.6716706], [3.156475, 50.6716975], [3.1564906, 50.6717253], [3.1564922, 50.6717621], [3.1564909, 50.6717971], [3.1564938, 50.6718231], [3.156508, 50.67185], [3.1565448, 50.6718706], [3.1566154, 50.6718894], [3.1566748, 50.6719118], [3.1567639, 50.6719574], [3.1568206, 50.6720058], [3.1568913, 50.6720506], [3.156931, 50.6720954], [3.1569764, 50.6721608], [3.1570132, 50.6722012], [3.1570373, 50.6722209], [3.1570684, 50.6722325], [3.1571193, 50.6722441]], [[3.1652804, 50.6792268], [3.1653543, 50.6793361], [3.1653911, 50.6793765], [3.1654223, 50.6794132], [3.1654818, 50.6794598], [3.1655667, 50.6795099], [3.1656855, 50.6795699], [3.1658581, 50.6796522], [3.1659585, 50.6796862], [3.1660532, 50.6797121], [3.1661451, 50.6797308], [3.1662355, 50.6797415], [3.1663245, 50.6797414], [3.1664064, 50.6797403], [3.1664841, 50.6797474], [3.1665703, 50.6797635], [3.1666608, 50.6797894], [3.1667527, 50.6798189], [3.1668361, 50.6798475], [3.1669153, 50.679885], [3.1669875, 50.6799262], [3.167088, 50.6800042], [3.1671475, 50.6800597], [3.1671773, 50.6801019], [3.1672015, 50.6801548], [3.167213, 50.680214], [3.1672104, 50.6802849], [3.1672091, 50.6803217], [3.1671642, 50.6804043], [3.167067, 50.6804789], [3.1671309, 50.6805937]], [[3.1573463, 50.673056], [3.1573944, 50.6730846], [3.1574525, 50.6731276], [3.1574921, 50.6731572], [3.1575359, 50.6731778], [3.1575713, 50.673193], [3.1576264, 50.6732055], [3.1576914, 50.6732108], [3.1577507, 50.6732071], [3.1578156, 50.6732016], [3.1578706, 50.6731818], [3.1579356, 50.6731701], [3.1579991, 50.6731754], [3.1580825, 50.6731923], [3.1582097, 50.6732281], [3.1582705, 50.6732567], [3.1583667, 50.673297], [3.1584219, 50.6733337], [3.1584658, 50.6733884], [3.1584999, 50.6734502], [3.1585355, 50.6735363], [3.1585583, 50.6736063], [3.158601, 50.6737139], [3.1586352, 50.6737947], [3.1586877, 50.6738763], [3.1587415, 50.6739327], [3.158876, 50.6740456], [3.1589737, 50.6741074], [3.1590571, 50.6741504]], [[3.1591433, 50.6741727], [3.1592649, 50.6742066], [3.159378, 50.6742442], [3.1594501, 50.6742728], [3.1595137, 50.6743059], [3.1595619, 50.6743507], [3.1595832, 50.6743893], [3.1595974, 50.674418], [3.1596258, 50.6744709], [3.15965, 50.6745184], [3.1596995, 50.674557], [3.1597505, 50.6746018], [3.1598524, 50.6746519], [3.1599372, 50.6746769], [3.1600319, 50.6747028], [3.1601139, 50.6747305], [3.1601945, 50.674778], [3.16023, 50.6748255], [3.1602739, 50.674882], [3.1603249, 50.6749259], [3.1603773, 50.6749617], [3.160424, 50.6749922], [3.1604339, 50.675002]], [[3.1604339, 50.675002], [3.1604496, 50.6750424], [3.1604738, 50.6751043], [3.1604867, 50.6751733], [3.1605067, 50.6752343], [3.1605379, 50.6752953], [3.1605905, 50.6753895], [3.1606684, 50.6754728], [3.160759, 50.6755391], [3.1609218, 50.6756376], [3.1611822, 50.6758275], [3.1612756, 50.6758974], [3.1613889, 50.6759951], [3.1614754, 50.6760811], [3.1615533, 50.6761671], [3.1616115, 50.6762532], [3.1616584, 50.6763528], [3.1616897, 50.6764335], [3.1617254, 50.676525], [3.1617455, 50.6766389], [3.1618305, 50.6767232]], [[3.1625786, 50.6779094], [3.1625928, 50.6779444], [3.1626171, 50.6780063], [3.1626412, 50.678052], [3.1626795, 50.6780914], [3.1627163, 50.6781372], [3.1627574, 50.6781685], [3.1628239, 50.6781971], [3.162896, 50.6782186], [3.1629892, 50.6782364], [3.1630754, 50.6782426], [3.1631856, 50.678246], [3.1632887, 50.6782369], [3.1633818, 50.6782206], [3.1634665, 50.6781918], [3.1635835, 50.6781486], [3.1637175, 50.6780847], [3.1638585, 50.6780244]], [[3.1618305, 50.6767232], [3.1619024, 50.6766997], [3.1619631, 50.6766808], [3.1620167, 50.6766457], [3.1620955, 50.6765747], [3.1621546, 50.6765002], [3.1621742, 50.6764346], [3.1621994, 50.6763933], [3.1622162, 50.6763359], [3.162216, 50.6762793], [3.1622089, 50.6762453], [3.1621931, 50.6761914], [3.162169, 50.6761394], [3.1621363, 50.676091], [3.1620669, 50.6760103], [3.161996, 50.6759431], [3.161901, 50.6758095], [3.1618499, 50.6757244]], [[3.1601667, 50.6740215], [3.160205, 50.6740897], [3.1602151, 50.6741426], [3.1602267, 50.6742413], [3.1602453, 50.6743113], [3.1602779, 50.674348], [3.160343, 50.6743838], [3.1604391, 50.6744295], [3.1605268, 50.6744688], [3.1606117, 50.6745055], [3.1606697, 50.6745458], [3.1607151, 50.6745987], [3.1607449, 50.6746462], [3.1607577, 50.6746929], [3.160765, 50.6747611], [3.1607751, 50.6748356]], [[3.158289, 50.6723889], [3.1583413, 50.6724185], [3.1584064, 50.6724561], [3.1585041, 50.6725259], [3.158589, 50.6726021], [3.1586543, 50.6726909], [3.158694, 50.6727464], [3.1588004, 50.672898], [3.1588359, 50.6729571], [3.1588586, 50.6730074], [3.1589153, 50.673071], [3.1590229, 50.6731481], [3.159129, 50.6732125], [3.1591954, 50.6732403], [3.1592647, 50.6732707]], [[3.1607751, 50.6748356], [3.1608092, 50.6748956], [3.1608617, 50.6749575], [3.160914, 50.6749978], [3.1610881, 50.6750909], [3.1611815, 50.6751599], [3.161275, 50.6752468], [3.1613033, 50.6752773], [3.1613968, 50.6753795], [3.1614167, 50.6754028], [3.1614861, 50.6754754], [3.1615853, 50.6755614], [3.1617452, 50.6756689], [3.1618499, 50.6757244]], [[3.1562129, 50.6723224], [3.1562877, 50.6723116], [3.1563301, 50.6723106], [3.1563654, 50.6723124], [3.1565674, 50.6723489], [3.1566621, 50.6723596], [3.1567454, 50.672363], [3.1567991, 50.6723603], [3.1568598, 50.6723557], [3.1569134, 50.6723458], [3.1569698, 50.6723269], [3.1570502, 50.67229], [3.1571193, 50.6722441]], [[3.164684, 50.678673], [3.1648042, 50.678715], [3.1648636, 50.6787409], [3.1649641, 50.6787938], [3.1650292, 50.678834], [3.1651, 50.6788851], [3.1651651, 50.6789424], [3.1652006, 50.6789855], [3.1652332, 50.6790348], [3.1652616, 50.6790913], [3.1652773, 50.6791406], [3.1652804, 50.6792268]], [[3.1638103, 50.6771064], [3.1638063, 50.677154], [3.1640978, 50.6773474], [3.1641375, 50.6774021], [3.1641547, 50.6774622], [3.1641535, 50.6775268], [3.1641537, 50.6775834], [3.1641341, 50.6776561], [3.1640541, 50.677798], [3.163995, 50.6778698], [3.1639345, 50.6779372], [3.1638585, 50.6780244]], [[3.1602869, 50.6758493], [3.1603959, 50.6759093], [3.1607045, 50.6761673], [3.1607725, 50.6762166], [3.1608348, 50.6762614], [3.1609735, 50.6763492], [3.1611291, 50.6764333], [3.1612479, 50.6764897], [3.1613738, 50.6765443], [3.1615421, 50.6766185], [3.1617061, 50.6766784], [3.1618305, 50.6767232]], [[3.1592647, 50.6732707], [3.1593326, 50.6733101], [3.1594034, 50.6733531], [3.1594587, 50.6734158], [3.15949, 50.6734965], [3.1595328, 50.6736194], [3.1595909, 50.6737019], [3.1596574, 50.6737467], [3.1597479, 50.6737861], [3.1599543, 50.6738567], [3.1599869, 50.6738782]], [[3.165489, 50.6790946], [3.165513, 50.6790847], [3.1655765, 50.6790532], [3.1656794, 50.6790118], [3.1658064, 50.6789829], [3.1658488, 50.6789738], [3.1659561, 50.678962], [3.1660606, 50.6789601], [3.1661694, 50.6789698], [3.1662245, 50.6789796]], [[3.1638585, 50.6780244], [3.1638333, 50.6780675], [3.1638263, 50.6781151], [3.1638435, 50.6781707], [3.1638663, 50.6782263], [3.1638975, 50.6782792], [3.1639811, 50.6783589], [3.1640718, 50.6784441], [3.1642048, 50.6785184], [3.1644042, 50.6786168]], [[3.1652082, 50.678736], [3.1652888, 50.6787467], [3.1653467, 50.6787529], [3.165488, 50.6787706], [3.1656731, 50.6788045], [3.1659233, 50.6788679], [3.1660929, 50.6789152], [3.1661792, 50.6789483], [3.1662245, 50.6789796]], [[3.161987, 50.6775046], [3.1619868, 50.6774678], [3.1620049, 50.6773879], [3.1620231, 50.6773277], [3.1620652, 50.6772299], [3.1621382, 50.677114], [3.1622311, 50.6770026], [3.1622634, 50.6769622], [3.162314, 50.6768903]], [[3.1591406, 50.6746519], [3.1590598, 50.6745434], [3.1589916, 50.6744071], [3.158966, 50.6743569], [3.1589658, 50.6743138], [3.1589897, 50.6742698], [3.1590277, 50.6742339], [3.1591053, 50.6741988], [3.1591433, 50.6741727]], [[3.1635031, 50.6785875], [3.163752, 50.6787047], [3.1641806, 50.6789016], [3.1645247, 50.6791919], [3.1646793, 50.6793684], [3.1647575, 50.6795254], [3.164863, 50.6798402], [3.1649864, 50.6800007]], [[3.1590161, 50.6745794], [3.1591383, 50.6748233], [3.1592264, 50.6749883], [3.159306, 50.6751345], [3.1593769, 50.6752277], [3.1594137, 50.6752761], [3.1595285, 50.6754034], [3.1595498, 50.6754213]], [[3.1579363, 50.6738646], [3.1580537, 50.6739022], [3.1583364, 50.6740014], [3.158523, 50.6740559], [3.1587039, 50.6740943], [3.1588777, 50.6741228], [3.1589328, 50.6741272], [3.1590571, 50.6741504]], [[3.157599, 50.6721107], [3.157657, 50.672142], [3.1577532, 50.6722065], [3.1578536, 50.6722629], [3.1580247, 50.6723219], [3.1581702, 50.6723541], [3.158231, 50.6723728], [3.158289, 50.6723889]], [[3.1650504, 50.6797045], [3.1650585, 50.6795905], [3.1651217, 50.6794944], [3.1652131, 50.6793749], [3.1652441, 50.67933], [3.1652721, 50.6792743], [3.1652804, 50.6792268]], [[3.1607751, 50.6748356], [3.160925, 50.6749009], [3.1610721, 50.6749626], [3.1612135, 50.6750028], [3.1614198, 50.6750438], [3.1615229, 50.6750634], [3.1617432, 50.6750595]], [[3.1595498, 50.6754213], [3.1596008, 50.6754643], [3.1596956, 50.6755441], [3.1597466, 50.6755781], [3.1598117, 50.6756211], [3.1598782, 50.6756623], [3.1600012, 50.6757169]], [[3.1662245, 50.6789796], [3.166281, 50.6789858], [3.1663828, 50.6790045], [3.1665156, 50.6790367], [3.1666937, 50.6790822], [3.1668167, 50.6791116]], [[3.1630028, 50.6784867], [3.1635791, 50.6785228], [3.1638659, 50.6785628], [3.1640666, 50.6785876], [3.164253, 50.6786036], [3.1644042, 50.6786168]], [[3.1572662, 50.6718033], [3.1573129, 50.6718428], [3.1573752, 50.6719109], [3.1574248, 50.671962], [3.1574659, 50.6720023], [3.157599, 50.6721107]], [[3.1654551, 50.6803805], [3.1657279, 50.6804448], [3.1660487, 50.6804901], [3.1667594, 50.6805565], [3.1671309, 50.6805937]], [[3.164684, 50.678673], [3.1649101, 50.6787086], [3.165009, 50.6787174], [3.1650839, 50.6787263], [3.1651192, 50.6787271]], [[3.1627548, 50.6769463], [3.1627695, 50.6766833], [3.1628525, 50.6765729], [3.1629041, 50.6763843], [3.1630336, 50.6762262]], [[3.160479, 50.6749732], [3.1605143, 50.6749588], [3.1605608, 50.674939], [3.1606073, 50.6749138], [3.1606426, 50.6748967]], [[3.1572431, 50.6720995], [3.1572798, 50.6720967], [3.1573447, 50.6720922], [3.1574761, 50.6720947], [3.157599, 50.6721107]], [[3.1652804, 50.6792268], [3.1653452, 50.6791701], [3.1653748, 50.6791495], [3.1654199, 50.6791252]], [[3.1651192, 50.6787271], [3.1651418, 50.678728], [3.16518, 50.6787315], [3.1652082, 50.678736]], [[3.1649864, 50.6800007], [3.1650786, 50.6801298], [3.1652571, 50.6802848], [3.1654551, 50.6803805]], [[3.1654199, 50.6791252], [3.1654383, 50.6791171], [3.165489, 50.6790946]], [[3.1630028, 50.6784867], [3.1632586, 50.6785447], [3.1635031, 50.6785875]], [[3.1627548, 50.6769463], [3.1629601, 50.6770968], [3.1630862, 50.6772052]], [[3.1624106, 50.6779392], [3.1624643, 50.6779284], [3.1625786, 50.6779094]], [[3.1618305, 50.6767232], [3.162068, 50.676809], [3.162314, 50.6768903]], [[3.1599869, 50.6738782], [3.1600591, 50.6739256], [3.1601667, 50.6740215]], [[3.158289, 50.6723889], [3.1583398, 50.6723915], [3.1585615, 50.6723984]], [[3.1571193, 50.6722441], [3.1571672, 50.6722144], [3.1572363, 50.6721946]], [[3.1649864, 50.6800007], [3.1650504, 50.6797045]], [[3.1644042, 50.6786168], [3.164684, 50.678673]], [[3.162314, 50.6768903], [3.1627548, 50.6769463]], [[3.1606426, 50.6748967], [3.1607751, 50.6748356]], [[3.1604339, 50.675002], [3.160479, 50.6749732]], [[3.1600012, 50.6757169], [3.1602869, 50.6758493]], [[3.1598882, 50.6752594], [3.1604339, 50.675002]], [[3.1595498, 50.6754213], [3.1598882, 50.6752594]], [[3.1590571, 50.6741504], [3.1591433, 50.6741727]], [[3.1557613, 50.6705902], [3.1560548, 50.6705288]]]}, "properties": {"cleabs": "VOIE_NOM0000002489054982", "identifiant_voie_ban": "", "nom": "Voie Parc Barbieux", "nom_normalise": "VOI PARC BARBIEUX", "type_voie": "voie"}}, {"type": "Feature", "geometry": {"type": "MultiLineString", "coordinates": [[[3.1624106, 50.6779392], [3.1626007, 50.6781992], [3.1626333, 50.6782351], [3.1628853, 50.6784277], [3.1630028, 50.6784867]], [[3.1622743, 50.6777133], [3.1624106, 50.6779392]]]}, "properties": {"cleabs": "VOIE_NOM0000002489054983", "identifiant_voie_ban": "", "nom": "Avenue de Jussieu", "nom_normalise": "AV DE JUSSIEU", "type_voie": "avenue"}}, {"type": "Feature", "geometry": {"type": "MultiLineString", "coordinates": [[[3.1975495, 50.676685], [3.1977496, 50.676559]]]}, "properties": {"cleabs": "VOIE_NOM0000002489054984", "identifiant_voie_ban": "", "nom": "Rue Jean-Jacques Rousseau", "nom_normalise": "R JEAN-JACQUES ROUSSEAU", "type_voie": "rue"}}, {"type": "Feature", "geometry": {"type": "MultiLineString", "coordinates": [[[3.1955009, 50.6753825], [3.1956473, 50.6752522]]]}, "properties": {"cleabs": "VOIE_NOM0000002489054985", "identifiant_voie_ban": "", "nom": "Rue Jules Michelet", "nom_normalise": "R JULES MICHELET", "type_voie": "rue"}}, {"type": "Feature", "geometry": {"type": "MultiLineString", "coordinates": [[[3.1881045, 50.6707258], [3.1883344, 50.6706384]]]}, "properties": {"cleabs": "VOIE_NOM0000002489054986", "identifiant_voie_ban": "", "nom": "Square Guynemer", "nom_normalise": "SQ GUYNEMER", "type_voie": "square"}}, {"type": "Feature", "geometry": {"type": "MultiLineString", "coordinates": [[[3.173083, 50.6769969], [3.173138, 50.6769601], [3.1732719, 50.676898], [3.1741065, 50.6764598]]]}, "properties": {"cleabs": "VOIE_NOM0000002489054987", "identifiant_voie_ban": "", "nom": "Résidence Le Lafargue", "nom_normalise": "RES LE LAFARGUE", "type_voie": "résidence"}}, {"type": "Feature", "geometry": {"type": "MultiLineString", "coordinates": [[[3.1645249, 50.6770893], [3.1646056, 50.6771547], [3.1647147, 50.6772443], [3.1648391, 50.6773088], [3.1654201, 50.6770433]]]}, "properties": {"cleabs": "VOIE_NOM0000002489054988", "identifiant_voie_ban": "", "nom": "Rue Bossuet", "nom_normalise": "R BOSSUET", "type_voie": "rue"}}, {"type": "Feature", "geometry": {"type": "MultiLineString", "coordinates": [[[3.1687659, 50.6732931], [3.1688491, 50.6732428], [3.1689012, 50.6732185]]]}, "properties": {"cleabs": "VOIE_NOM0000002489054989", "identifiant_voie_ban": "", "nom": "Allée des Frênes", "nom_normalise": "ALL DES FRENES", "type_voie": "allée"}}, {"type": "Feature", "geometry": {"type": "MultiLineString", "coordinates": [[[3.1549604, 50.6714159], [3.1550156, 50.6714741], [3.1550638, 50.6715225], [3.1550879, 50.6715584], [3.1551688, 50.6717055]], [[3.1546023, 50.6711534], [3.1549604, 50.6714159]]]}, "properties": {"cleabs": "VOIE_NOM0000002489054990", "identifiant_voie_ban": "", "nom": "Avenue Jean Jaurès", "nom_normalise": "AV JEAN JAURES", "type_voie": "avenue"}}, {"type": "Feature", "geometry": {"type": "MultiLineString", "coordinates": [[[3.1896514, 50.6891913], [3.1898202, 50.6890259]]]}, "properties": {"cleabs": "VOIE_NOM0000002489054991", "identifiant_voie_ban": "", "nom": "COUR VEUVE FLORIN", "nom_normalise": "COUR VEUVE FLORIN", "type_voie": "cour"}}, {"type": "Feature", "geometry": {"type": "MultiLineString", "coordinates": [[[3.1826365, 50.7005003], [3.1827152, 50.7003925]]]}, "properties": {"cleabs": "VOIE_NOM0000002489054992", "identifiant_voie_ban": "", "nom": "Cour Damerval", "nom_normalise": "COUR DAMERVAL", "type_voie": "cour"}}, {"type": "Feature", "geometry": {"type": "MultiLineString", "coordinates": [[[3.1592658, 50.6949509], [3.1594923, 50.6951184]]]}, "properties": {"cleabs": "VOIE_NOM0000002489054993", "identifiant_voie_ban": "", "nom": "COUR VEUVE DEBAILLIE", "nom_normalise": "COUR VEUVE DEBAILLIE", "type_voie": "cour"}}, {"type": "Feature", "geometry": {"type": "MultiLineString", "coordinates": [[[3.1824772, 50.6854528], [3.1825366, 50.6854833], [3.1828212, 50.6852935]]]}, "properties": {"cleabs": "VOIE_NOM0000002489054994", "identifiant_voie_ban": "", "nom": "Rue Decrème", "nom_normalise": "R DECREME", "type_voie": "rue"}}, {"type": "Feature", "geometry": {"type": "MultiLineString", "coordinates": [[[3.162356, 50.6951112], [3.162428, 50.6950895], [3.1627597, 50.6949922], [3.1627964, 50.6949823], [3.1628486, 50.6949678], [3.1632665, 50.6948506], [3.1634609, 50.6951232], [3.1634327, 50.6951411]], [[3.1623552, 50.6952834], [3.1624089, 50.6952995], [3.1625634, 50.695433], [3.1625916, 50.6954276], [3.16241, 50.69519]], [[3.1634327, 50.6951411], [3.1635036, 50.6952335]], [[3.162356, 50.6951112], [3.16241, 50.69519]]]}, "properties": {"cleabs": "VOIE_NOM0000002489054996", "identifiant_voie_ban": "", "nom": "Passerelle Fresnoy Gare", "nom_normalise": "PLE FRESNOY GARE", "type_voie": "passerelle"}}, {"type": "Feature", "geometry": {"type": "MultiLineString", "coordinates": [[[3.189167, 50.6869944], [3.1892473, 50.6869386], [3.1892316, 50.6869001], [3.189264, 50.6868758], [3.1892327, 50.6867996]]]}, "properties": {"cleabs": "VOIE_NOM0000002489054999", "identifiant_voie_ban": "", "nom": "Cour Commen", "nom_normalise": "COUR COMMEN", "type_voie": "cour"}}, {"type": "Feature", "geometry": {"type": "MultiLineString", "coordinates": [[[3.1721117, 50.6939719], [3.1730386, 50.6935982], [3.1732342, 50.6937819]]]}, "properties": {"cleabs": "VOIE_NOM0000002489055000", "identifiant_voie_ban": "", "nom": "Mail Notre-Dame", "nom_normalise": "MAIL NOTRE-DAME", "type_voie": "mail"}}, {"type": "Feature", "geometry": {"type": "MultiLineString", "coordinates": [[[3.1873926, 50.7012999], [3.1874024, 50.7008934], [3.1875481, 50.7009282], [3.1876244, 50.7009523]], [[3.1876244, 50.7009523], [3.1876764, 50.7008571]]]}, "properties": {"cleabs": "VOIE_NOM0000002489055001", "identifiant_voie_ban": "59512_0835", "nom": "Rue de la Brasserie", "nom_normalise": "R DE LA BRASSERIE", "type_voie": "rue"}}, {"type": "Feature", "geometry": {"type": "MultiLineString", "coordinates": [[[3.1801428, 50.7064353], [3.1801879, 50.7064227], [3.1802529, 50.7064136], [3.1803207, 50.7064153], [3.1803872, 50.7064233], [3.1804536, 50.706434], [3.1805173, 50.7064482], [3.1805866, 50.706467], [3.1806644, 50.7064884], [3.1807535, 50.7065134], [3.180844, 50.7065393], [3.180936, 50.7065661], [3.1810322, 50.7065937], [3.1811354, 50.7066205], [3.1812443, 50.7066482], [3.1813575, 50.706674], [3.1814763, 50.7066999], [3.1815993, 50.7067239], [3.1817252, 50.706748], [3.1818553, 50.7067693], [3.1819868, 50.7067907], [3.1821211, 50.706812], [3.1822554, 50.7068333], [3.1823897, 50.7068538], [3.1825198, 50.7068742], [3.1826485, 50.7068929], [3.1827785, 50.7069124], [3.1829086, 50.7069329], [3.1830316, 50.7069506], [3.1831447, 50.7069657], [3.1832494, 50.706979], [3.1833455, 50.7069933], [3.1834247, 50.7070066], [3.1836297, 50.7070332]], [[3.1805594, 50.7063575], [3.1805679, 50.706362], [3.1806584, 50.7063789], [3.1807489, 50.7063958], [3.1808365, 50.7064128], [3.180927, 50.7064306], [3.1810232, 50.7064538], [3.1811236, 50.7064805], [3.1812297, 50.7065091], [3.1813415, 50.7065368], [3.1814588, 50.7065635], [3.1815819, 50.7065893], [3.1817035, 50.7066134], [3.1817318, 50.7066178]], [[3.1817318, 50.7066178], [3.1818251, 50.7066339], [3.1819495, 50.7066543], [3.1820796, 50.7066757], [3.1822168, 50.7066997], [3.182361, 50.7067264], [3.1825109, 50.7067576], [3.1826679, 50.7067888], [3.1828234, 50.7068163], [3.1829987, 50.7068439], [3.1832448, 50.7068857], [3.1833947, 50.7069106], [3.1836337, 50.7069587]], [[3.1801761, 50.7062782], [3.1802087, 50.7062907], [3.1802567, 50.7063005], [3.1803204, 50.7063148], [3.1803939, 50.7063291], [3.1804788, 50.7063451], [3.1805594, 50.7063575]]]}, "properties": {"cleabs": "VOIE_NOM0000002489055002", "identifiant_voie_ban": "", "nom": "Boulevard de la Laine", "nom_normalise": "BD DE LA LAINE", "type_voie": "boulevard"}}, {"type": "Feature", "geometry": {"type": "MultiLineString", "coordinates": [[[3.1845535, 50.6923451], [3.1846239, 50.6922902]]]}, "properties": {"cleabs": "VOIE_NOM0000002489055003", "identifiant_voie_ban": "", "nom": "Rue Pierre De Roubaix", "nom_normalise": "R PIERRE DE ROUBAIX", "type_voie": "rue"}}, {"type": "Feature", "geometry": {"type": "MultiLineString", "coordinates": [[[3.1804238, 50.7059871], [3.1804249, 50.7059064], [3.1807635, 50.7057614], [3.1808467, 50.7057173]]]}, "properties": {"cleabs": "VOIE_NOM0000002489055004", "identifiant_voie_ban": "", "nom": "Quai de Bordeaux", "nom_normalise": "QU DE BORDEAUX", "type_voie": "quai"}}, {"type": "Feature", "geometry": {"type": "MultiLineString", "coordinates": [[[3.1922789, 50.6947391], [3.1922886, 50.6946952], [3.192297, 50.6946718], [3.1923012, 50.694661], [3.1923068, 50.6946467], [3.1923194, 50.694617], [3.192332, 50.6945847], [3.1923474, 50.6945524], [3.1923586, 50.6945237], [3.1923684, 50.6944994], [3.1923796, 50.6944752], [3.192388, 50.6944545], [3.1924202, 50.6943809]]]}, "properties": {"cleabs": "VOIE_NOM0000002489055005", "identifiant_voie_ban": "", "nom": "Pont Nyckes", "nom_normalise": "PONT NYCKES", "type_voie": "pont"}}, {"type": "Feature", "geometry": {"type": "MultiLineString", "coordinates": [[[3.1757911, 50.6751903], [3.1756529, 50.6752479], [3.1755062, 50.6753101], [3.1755616, 50.675389], [3.1756693, 50.6755135], [3.175804, 50.6756498], [3.1761524, 50.6755353], [3.1764697, 50.6754173], [3.1768943, 50.6752641], [3.1769591, 50.6752353], [3.1769986, 50.6752209], [3.1770043, 50.6752182], [3.1770889, 50.6751876], [3.1771256, 50.6751759], [3.1771608, 50.6751641], [3.1771947, 50.6751542], [3.17723, 50.6751425], [3.1772652, 50.6751299], [3.1773414, 50.6750948], [3.1773808, 50.6750777]]]}, "properties": {"cleabs": "VOIE_NOM0000002489055006", "identifiant_voie_ban": "", "nom": "Rue Pigouche", "nom_normalise": "R PIGOUCHE", "type_voie": "rue"}}, {"type": "Feature", "geometry": {"type": "MultiLineString", "coordinates": [[[3.1980811, 50.6718105], [3.1981646, 50.6718651]]]}, "properties": {"cleabs": "VOIE_NOM0000002489055007", "identifiant_voie_ban": "", "nom": "Rue Joseph Dubar", "nom_normalise": "R JOSEPH DUBAR", "type_voie": "rue"}}, {"type": "Feature", "geometry": {"type": "MultiLineString", "coordinates": [[[3.1699752, 50.7059489], [3.1701039, 50.7059828]], [[3.1605321, 50.7034812], [3.1607599, 50.7035743]]]}, "properties": {"cleabs": "VOIE_NOM0000002489055008", "identifiant_voie_ban": "", "nom": "Promenade au Fil de l'Eau", "nom_normalise": "PROM AU FIL DE L'EAU", "type_voie": "promenade"}}, {"type": "Feature", "geometry": {"type": "MultiLineString", "coordinates": [[[3.1728939, 50.6930312], [3.1730562, 50.6929664], [3.173252, 50.6927947]]]}, "properties": {"cleabs": "VOIE_NOM0000002489055009", "identifiant_voie_ban": "", "nom": "Passage François Villon", "nom_normalise": "PAS FRANCOIS VILLON", "type_voie": "passage"}}, {"type": "Feature", "geometry": {"type": "MultiLineString", "coordinates": [[[3.2041863, 50.6896618], [3.2045428, 50.689777], [3.2047083, 50.689826]], [[3.2047083, 50.689826], [3.2048399, 50.6898761]]]}, "properties": {"cleabs": "VOIE_NOM0000002489055010", "identifiant_voie_ban": "", "nom": "Rue Basse", "nom_normalise": "R BASSE", "type_voie": "rue"}}, {"type": "Feature", "geometry": {"type": "MultiLineString", "coordinates": [[[3.2047083, 50.689826], [3.2048838, 50.6895583], [3.2050589, 50.6892054], [3.2052543, 50.6889727], [3.2055638, 50.6886706], [3.2057089, 50.6885654], [3.2060411, 50.6882831], [3.206128, 50.6881196], [3.2063628, 50.6878482], [3.2066527, 50.6875794], [3.2067231, 50.6875147], [3.2067652, 50.6874608], [3.2067928, 50.687301], [3.2068457, 50.6870972], [3.2070226, 50.6868555], [3.2072053, 50.6866309], [3.2073937, 50.6863964], [3.2073935, 50.6863524], [3.2074201, 50.6862913], [3.2074636, 50.6862231], [3.2075859, 50.6860972], [3.2076998, 50.6859651], [3.2078337, 50.6858904], [3.2080098, 50.6857914], [3.2081281, 50.6856898], [3.208214, 50.6856322], [3.2083266, 50.6855271], [3.2084235, 50.6854013], [3.2084765, 50.6852415], [3.208504, 50.6850682], [3.2085091, 50.6849246], [3.2084775, 50.6848098], [3.2084447, 50.6847175], [3.2084668, 50.6846052], [3.2084927, 50.684371], [3.2084882, 50.6839797], [3.2084821, 50.6838676], [3.2084862, 50.6838263], [3.2084819, 50.6838102], [3.208462, 50.6837931], [3.208438, 50.683786]], [[3.2084732, 50.6827351], [3.2084672, 50.6826714], [3.2084643, 50.6826454], [3.2084628, 50.6826212], [3.2084852, 50.6825844], [3.2085653, 50.6824676], [3.2086452, 50.682331], [3.2087193, 50.6821451], [3.2087307, 50.6818409], [3.2087612, 50.6813419], [3.2087669, 50.6810207], [3.2087934, 50.6802731], [3.2087852, 50.6800003], [3.2087334, 50.6797545], [3.2086614, 50.6794208], [3.208671, 50.6793562], [3.208679, 50.6792422]], [[3.2084732, 50.6827351], [3.208486, 50.6827719]]]}, "properties": {"cleabs": "VOIE_NOM0000002489055011", "identifiant_voie_ban": "", "nom": "Chemin La Coulée Verte", "nom_normalise": "CHE LA COULEE VERTE", "type_voie": "chemin"}}, {"type": "Feature", "geometry": {"type": "MultiLineString", "coordinates": [[[3.1878029, 50.6980509], [3.1880335, 50.6981259], [3.1891972, 50.6983691]]]}, "properties": {"cleabs": "VOIE_NOM0000002489055012", "identifiant_voie_ban": "", "nom": "Allée du Cimetière", "nom_normalise": "ALL DU CIMETIERE", "type_voie": "allée"}}, {"type": "Feature", "geometry": {"type": "MultiLineString", "coordinates": [[[3.2047049, 50.6810472], [3.2048006, 50.6809546]]]}, "properties": {"cleabs": "VOIE_NOM0000002489055013", "identifiant_voie_ban": "", "nom": "Avenue Maxence Van Der Meersch", "nom_normalise": "AV MAXENCE VAN DER MEERSCH", "type_voie": "avenue"}}, {"type": "Feature", "geometry": {"type": "MultiLineString", "coordinates": [[[3.1579951, 50.6867005], [3.1582515, 50.6869129], [3.158342, 50.6869558], [3.1584622, 50.6870068]], [[3.1581239, 50.6863405], [3.1583308, 50.6865305]], [[3.1579951, 50.6867005], [3.1583308, 50.6865305]]]}, "properties": {"cleabs": "VOIE_NOM0000002489055014", "identifiant_voie_ban": "", "nom": "Rue de l'Épeule", "nom_normalise": "R DE L'EPEULE", "type_voie": "rue"}}, {"type": "Feature", "geometry": {"type": "MultiLineString", "coordinates": [[[3.1872022, 50.6972245], [3.1872913, 50.697245], [3.1876674, 50.6973305]]]}, "properties": {"cleabs": "VOIE_NOM0000002489055015", "identifiant_voie_ban": "", "nom": "Rue Condorcet", "nom_normalise": "R CONDORCET", "type_voie": "rue"}}, {"type": "Feature", "geometry": {"type": "MultiLineString", "coordinates": [[[3.1832286, 50.6978119], [3.1838105, 50.6969926]], [[3.1832286, 50.6978119], [3.1834068, 50.6978654]]]}, "properties": {"cleabs": "VOIE_NOM0000002489055016", "identifiant_voie_ban": "", "nom": "Rue Lacroix", "nom_normalise": "R LACROIX", "type_voie": "rue"}}, {"type": "Feature", "geometry": {"type": "MultiLineString", "coordinates": [[[3.175422, 50.7021196], [3.1760336, 50.7016369]]]}, "properties": {"cleabs": "VOIE_NOM0000002489055017", "identifiant_voie_ban": "", "nom": "Rue Voltaire", "nom_normalise": "R VOLTAIRE", "type_voie": "rue"}}, {"type": "Feature", "geometry": {"type": "MultiLineString", "coordinates": [[[3.1600505, 50.689844], [3.1602218, 50.6899676]], [[3.1598594, 50.6897204], [3.1600505, 50.689844]], [[3.1596754, 50.6896004], [3.1598594, 50.6897204]], [[3.1595083, 50.6894813], [3.1596754, 50.6896004]], [[3.1592136, 50.6900748], [3.1598594, 50.6897204]]]}, "properties": {"cleabs": "VOIE_NOM0000002489055018", "identifiant_voie_ban": "59512_li49si", "nom": "Place Victor Vandermeiren", "nom_normalise": "PL VICTOR VANDERMEIREN", "type_voie": "place"}}, {"type": "Feature", "geometry": {"type": "MultiLineString", "coordinates": [[[3.1667815, 50.6999626], [3.1669327, 50.699957], [3.1669438, 50.6999157], [3.1670723, 50.6998967], [3.1671455, 50.6998177]]]}, "properties": {"cleabs": "VOIE_NOM0000002489055019", "identifiant_voie_ban": "", "nom": "Place de l'Alma", "nom_normalise": "PL DE L'ALMA", "type_voie": "place"}}, {"type": "Feature", "geometry": {"type": "MultiLineString", "coordinates": [[[3.1798771, 50.7056424], [3.180003, 50.7056728]]]}, "properties": {"cleabs": "VOIE_NOM0000002489055024", "identifiant_voie_ban": "", "nom": "Rue Rollin", "nom_normalise": "R ROLLIN", "type_voie": "rue"}}, {"type": "Feature", "geometry": {"type": "MultiLineString", "coordinates": [[[3.1732342, 50.6937819], [3.1732893, 50.6937845], [3.1733219, 50.6938131], [3.173387, 50.693866]], [[3.1735628, 50.6940443], [3.1736379, 50.6941115], [3.1735931, 50.6942094]], [[3.173387, 50.693866], [3.1735628, 50.6940443]]]}, "properties": {"cleabs": "VOIE_NOM0000002489055025", "identifiant_voie_ban": "", "nom": "Mail Notre Dame-rue du Pays", "nom_normalise": "MAIL NOTRE DAME-RUE DU PAYS", "type_voie": "mail"}}, {"type": "Feature", "geometry": {"type": "MultiLineString", "coordinates": [[[3.181631, 50.6885491], [3.1817143, 50.6885516], [3.181789, 50.6884914], [3.181956, 50.6885737], [3.1819137, 50.6886106], [3.1819973, 50.6886598]], [[3.1810154, 50.6878644], [3.1811028, 50.6877961]]]}, "properties": {"cleabs": "VOIE_NOM0000002489055026", "identifiant_voie_ban": "", "nom": "Rue Paul Claudel", "nom_normalise": "R PAUL CLAUDEL", "type_voie": "rue"}}, {"type": "Feature", "geometry": {"type": "MultiLineString", "coordinates": [[[3.1878455, 50.6849136], [3.1884443, 50.6844874]], [[3.1876969, 50.6848295], [3.1878455, 50.6849136]]]}, "properties": {"cleabs": "VOIE_NOM0000002489055027", "identifiant_voie_ban": "59512_7whczb", "nom": "Cite Facon", "nom_normalise": "CITE FACON", "type_voie": "cité"}}, {"type": "Feature", "geometry": {"type": "MultiLineString", "coordinates": [[[3.1810997, 50.6904594], [3.1813798, 50.6905721], [3.1814745, 50.6905854]]]}, "properties": {"cleabs": "VOIE_NOM0000002489055029", "identifiant_voie_ban": "", "nom": "Rue Jules Watteeuw", "nom_normalise": "R JULES WATTEEUW", "type_voie": "rue"}}, {"type": "Feature", "geometry": {"type": "MultiLineString", "coordinates": [[[3.1794798, 50.6913717], [3.1795923, 50.6912369]]]}, "properties": {"cleabs": "VOIE_NOM0000002489055030", "identifiant_voie_ban": "", "nom": "Place de la Liberté", "nom_normalise": "PL DE LA LIBERTE", "type_voie": "place"}}, {"type": "Feature", "geometry": {"type": "MultiLineString", "coordinates": [[[3.1783668, 50.6906195], [3.1786228, 50.6903212], [3.1787804, 50.6901469], [3.1791014, 50.6902514], [3.1797294, 50.6904506]], [[3.1797294, 50.6904506], [3.1798043, 50.6904792]]]}, "properties": {"cleabs": "VOIE_NOM0000002489055031", "identifiant_voie_ban": "", "nom": "Mail Jacques Prouvost", "nom_normalise": "MAIL JACQUES PROUVOST", "type_voie": "mail"}}, {"type": "Feature", "geometry": {"type": "MultiLineString", "coordinates": [[[3.1795923, 50.6912369], [3.1797246, 50.6910932]]]}, "properties": {"cleabs": "VOIE_NOM0000002489055032", "identifiant_voie_ban": "", "nom": "Mail de Lannoy", "nom_normalise": "MAIL DE LANNOY", "type_voie": "mail"}}, {"type": "Feature", "geometry": {"type": "MultiLineString", "coordinates": [[[3.1796487, 50.6805574], [3.1795937, 50.6805718], [3.179533, 50.6805782], [3.1794596, 50.680581], [3.1793932, 50.6805838], [3.1793113, 50.6806045]], [[3.1793113, 50.6806045], [3.1792958, 50.6806081], [3.1792732, 50.6806144], [3.1789882, 50.6806929], [3.1789345, 50.6806858], [3.1789048, 50.680667], [3.1788651, 50.6806303], [3.1788637, 50.6806285]], [[3.1793113, 50.6806045], [3.1792433, 50.6805229], [3.1788637, 50.6806285]], [[3.1788637, 50.6806285], [3.1788197, 50.6805702], [3.1787928, 50.680538], [3.1787814, 50.6805191], [3.178746, 50.6804949], [3.1786852, 50.6804744], [3.1786074, 50.6804512], [3.1785693, 50.6804539], [3.1784973, 50.6804666], [3.1783985, 50.6804883], [3.1783476, 50.6804785], [3.178325, 50.680457], [3.1782939, 50.6804427], [3.1782487, 50.6804472], [3.1779651, 50.6805365], [3.1778861, 50.680559], [3.1778085, 50.6805806]]]}, "properties": {"cleabs": "VOIE_NOM0000002489055033", "identifiant_voie_ban": "59512_1430", "nom": "Square Jean-Baptiste Corot", "nom_normalise": "SQ JEAN-BAPTISTE COROT", "type_voie": "square"}}, {"type": "Feature", "geometry": {"type": "MultiLineString", "coordinates": [[[3.2077777, 50.6785178], [3.2077524, 50.6785322], [3.2079265, 50.6786405], [3.2079833, 50.6787077], [3.208012, 50.6788099]]]}, "properties": {"cleabs": "VOIE_NOM0000002489055036", "identifiant_voie_ban": "", "nom": "Avenue du Parc des Sports Hameau du Stade", "nom_normalise": "AV DU PARC DES SPORTS HAMEAU DU STADE", "type_voie": "avenue"}}, {"type": "Feature", "geometry": {"type": "MultiLineString", "coordinates": [[[3.1812674, 50.7001218], [3.1813109, 50.7000526], [3.1814599, 50.6998335]]]}, "properties": {"cleabs": "VOIE_NOM0000002489055037", "identifiant_voie_ban": "", "nom": "Cour Bousquet", "nom_normalise": "COUR BOUSQUET", "type_voie": "cour"}}, {"type": "Feature", "geometry": {"type": "MultiLineString", "coordinates": [[[3.2088554, 50.6829463], [3.2089258, 50.6829004], [3.2089313, 50.6828636]]]}, "properties": {"cleabs": "VOIE_NOM0000002489055038", "identifiant_voie_ban": "", "nom": "Rangée Frémaux", "nom_normalise": "RANGEE FREMAUX", "type_voie": ""}}, {"type": "Feature", "geometry": {"type": "MultiLineString", "coordinates": [[[3.187665, 50.6966827], [3.1878149, 50.6967112]]]}, "properties": {"cleabs": "VOIE_NOM0000002489055041", "identifiant_voie_ban": "", "nom": "Rue Galilée", "nom_normalise": "R GALILEE", "type_voie": "rue"}}, {"type": "Feature", "geometry": {"type": "MultiLineString", "coordinates": [[[3.1849973, 50.6916256], [3.1849378, 50.6915916], [3.1848954, 50.691571], [3.1842288, 50.6912436], [3.1840208, 50.6911533], [3.1838483, 50.6911078], [3.1834676, 50.6909226], [3.1827713, 50.6905754], [3.1827034, 50.690545]]]}, "properties": {"cleabs": "VOIE_NOM0000002489055316", "identifiant_voie_ban": "59512_0055", "nom": "Rue Albert Camus", "nom_normalise": "R ALBERT CAMUS", "type_voie": "rue"}}, {"type": "Feature", "geometry": {"type": "MultiLineString", "coordinates": [[[3.162441, 50.691256], [3.1625962, 50.691604]]]}, "properties": {"cleabs": "VOIE_NOM0000002489055479", "identifiant_voie_ban": "59512_0020", "nom": "Place de l'Abreuvoir", "nom_normalise": "PL DE L'ABREUVOIR", "type_voie": "place"}}, {"type": "Feature", "geometry": {"type": "MultiLineString", "coordinates": [[[3.1693553, 50.7010458], [3.1697599, 50.7011942]], [[3.1692435, 50.7010083], [3.1693553, 50.7010458]]]}, "properties": {"cleabs": "VOIE_NOM0000002489055480", "identifiant_voie_ban": "59512_0635", "nom": "Place du Fontenoy", "nom_normalise": "PL DU FONTENOY", "type_voie": "place"}}, {"type": "Feature", "geometry": {"type": "MultiLineString", "coordinates": [[[3.177518, 50.6894901], [3.1775999, 50.6894962], [3.1776692, 50.6895096], [3.1777371, 50.6895337], [3.1777824, 50.6895498], [3.1778078, 50.689565]], [[3.1772894, 50.6895505], [3.1773726, 50.6895163], [3.177429, 50.6895001], [3.17747, 50.6894901], [3.1774742, 50.6894892], [3.177518, 50.6894901]], [[3.1773175, 50.6899292], [3.1775249, 50.6898544], [3.1775517, 50.6898445], [3.1777295, 50.689776], [3.1777887, 50.6897571]]]}, "properties": {"cleabs": "VOIE_NOM0000002489055481", "identifiant_voie_ban": "59512_3239", "nom": "Rond-Point de l'Europe", "nom_normalise": "RPT DE L'EUROPE", "type_voie": "rond-point"}}, {"type": "Feature", "geometry": {"type": "MultiLineString", "coordinates": [[[3.1708504, 50.694486], [3.1711963, 50.6948364]]]}, "properties": {"cleabs": "VOIE_NOM0000002489055482", "identifiant_voie_ban": "59512_4070", "nom": "Place Notre-Dame", "nom_normalise": "PL NOTRE-DAME", "type_voie": "place"}}, {"type": "Feature", "geometry": {"type": "MultiLineString", "coordinates": [[[3.1673736, 50.7025165], [3.1675875, 50.7026984]], [[3.1670562, 50.7022639], [3.1673736, 50.7025165]]]}, "properties": {"cleabs": "VOIE_NOM0000002489055483", "identifiant_voie_ban": "59512_5639", "nom": "Place Viviane Romance", "nom_normalise": "PL VIVIANE ROMANCE", "type_voie": "place"}}, {"type": "Feature", "geometry": {"type": "MultiLineString", "coordinates": [[[3.1864038, 50.6937673], [3.186436, 50.6936838], [3.1865493, 50.6933938]], [[3.1865493, 50.6933938], [3.1878344, 50.6936252]]]}, "properties": {"cleabs": "VOIE_NOM0000002489055484", "identifiant_voie_ban": "59512_ou22xc", "nom": "Cité du Galon d'Eau", "nom_normalise": "CITE DU GALON D'EAU", "type_voie": "cité"}}, {"type": "Feature", "geometry": {"type": "MultiLineString", "coordinates": [[[3.1618539, 50.6957902], [3.1618846, 50.6956735], [3.1620693, 50.6955548], [3.1622453, 50.6953868], [3.1623285, 50.6953257], [3.1623552, 50.6952834]]]}, "properties": {"cleabs": "VOIE_NOM0000002489055485", "identifiant_voie_ban": "59512_se4qmh", "nom": "Placette Henri Isebaert", "nom_normalise": "PTTE HENRI ISEBAERT", "type_voie": "placette"}}, {"type": "Feature", "geometry": {"type": "MultiLineString", "coordinates": [[[3.1899123, 50.7081095], [3.1901303, 50.7082214], [3.1903031, 50.7083117], [3.1904277, 50.7083708], [3.190524, 50.708429]]]}, "properties": {"cleabs": "VOIE_NOM0000002490040551", "identifiant_voie_ban": "", "nom": "R DE LA REINE", "nom_normalise": "R DE LA REINE", "type_voie": "rue"}}, {"type": "Feature", "geometry": {"type": "MultiLineString", "coordinates": [[[3.1899123, 50.7081095], [3.1899967, 50.708017], [3.1902766, 50.7076729], [3.1905439, 50.7073602], [3.1906764, 50.7072559], [3.1910738, 50.7069753], [3.1911569, 50.706907]], [[3.1911569, 50.706907], [3.1912175, 50.7068656], [3.1913401, 50.7067676], [3.191736, 50.7064548], [3.1922757, 50.7060636], [3.1930183, 50.7055052]], [[3.1930183, 50.7055052], [3.1933451, 50.7052418], [3.1934958, 50.7051186]], [[3.1926215, 50.7000769], [3.1944081, 50.7006054], [3.1947688, 50.7007089]], [[3.1896522, 50.7084599], [3.1899123, 50.7081095]]]}, "properties": {"cleabs": "VOIE_NOM0000002493848940", "identifiant_voie_ban": "59512_0136", "nom": "Rue du peignage Amédée Prouvost", "nom_normalise": "R DU PEIGNAGE AMEDEE PROUVOST", "type_voie": "rue"}}, {"type": "Feature", "geometry": {"type": "MultiLineString", "coordinates": [[[3.168048, 50.6815759], [3.1679635, 50.6816425], [3.1679566, 50.6816918], [3.1682811, 50.6819956]], [[3.1682811, 50.6819956], [3.1686224, 50.6822796], [3.1692712, 50.6828476]], [[3.1714262, 50.684783], [3.1735994, 50.6866411]], [[3.1692712, 50.6828476], [3.1714262, 50.684783]]]}, "properties": {"cleabs": "VOIE_NOM0000002494155214", "identifiant_voie_ban": "", "nom": "VOIE LATERALE DROITE BD DU GENERAL DE GAULLE", "nom_normalise": "VOI LATERALE DROITE BD DU GENERAL DE GAULLE", "type_voie": "voie"}}, {"type": "Feature", "geometry": {"type": "MultiLineString", "coordinates": [[[3.1679805, 50.6812306], [3.1683021, 50.6815128], [3.1686505, 50.681821]], [[3.1701352, 50.6831417], [3.1714825, 50.6843199]], [[3.1686505, 50.681821], [3.1701352, 50.6831417]]]}, "properties": {"cleabs": "VOIE_NOM0000002494155215", "identifiant_voie_ban": "", "nom": "LATERALE GAUCHE BD DU GENERAL DE GAULLE", "nom_normalise": "LATERALE GAUCHE BD DU GENERAL DE GAULLE", "type_voie": ""}}, {"type": "Feature", "geometry": {"type": "MultiLineString", "coordinates": [[[3.1714825, 50.6843199], [3.1718338, 50.6846236], [3.1719824, 50.6846898], [3.1721438, 50.6848197], [3.1723054, 50.6849684], [3.1725733, 50.6852409], [3.1726074, 50.6853045], [3.1734221, 50.6860419], [3.1735851, 50.6861808], [3.1738812, 50.6864352]], [[3.1738812, 50.6864352], [3.1742552, 50.6867488], [3.1744777, 50.6869557]]]}, "properties": {"cleabs": "VOIE_NOM0000002494155216", "identifiant_voie_ban": "", "nom": "VOIE LATERALE GAUCHE BD DU GENERAL DE GAULLE", "nom_normalise": "VOI LATERALE GAUCHE BD DU GENERAL DE GAULLE", "type_voie": "voie"}}, {"type": "Feature", "geometry": {"type": "MultiLineString", "coordinates": [[[3.1893051, 50.7078529], [3.1894598, 50.7076526], [3.1895934, 50.7074801], [3.189855, 50.7071558], [3.190125, 50.7068072], [3.1903035, 50.7065745]]]}, "properties": {"cleabs": "VOIE_NOM0000002498442589", "identifiant_voie_ban": "59512_2j4jfm", "nom": "Rue d'Istanbul", "nom_normalise": "R D'ISTANBUL", "type_voie": "rue"}}, {"type": "Feature", "geometry": {"type": "MultiLineString", "coordinates": [[[3.178898, 50.681926], [3.1789689, 50.6820193], [3.1795039, 50.6827175]], [[3.1788029, 50.6818014], [3.178837, 50.6818471], [3.178898, 50.681926]]]}, "properties": {"cleabs": "VOIE_NOM0000002498442590", "identifiant_voie_ban": "59512_91g8pq", "nom": "Cour Fontier 109", "nom_normalise": "COUR FONTIER 109", "type_voie": "cour"}}, {"type": "Feature", "geometry": {"type": "MultiLineString", "coordinates": [[[3.1669708, 50.697841], [3.1670413, 50.6977907], [3.1678433, 50.6972072], [3.1680786, 50.6970355], [3.1684296, 50.6967748]]]}, "properties": {"cleabs": "VOIE_NOM0000002498442591", "identifiant_voie_ban": "59512_k6pp1h", "nom": "Rue de La Redoute", "nom_normalise": "R DE LA REDOUTE", "type_voie": "rue"}}, {"type": "Feature", "geometry": {"type": "MultiLineString", "coordinates": [[[3.1775811, 50.6821684], [3.1776946, 50.6823307], [3.1777315, 50.6823854], [3.1777358, 50.6823988], [3.1777316, 50.6824105], [3.1776924, 50.6824859], [3.1776868, 50.6825075], [3.1776911, 50.6825245], [3.1777053, 50.6825487], [3.17786, 50.6827746], [3.1779679, 50.6829297], [3.1780971, 50.6831144]]]}, "properties": {"cleabs": "VOIE_NOM0000002498442592", "identifiant_voie_ban": "59512_oeekn2", "nom": "Cour Fontier 81", "nom_normalise": "COUR FONTIER 81", "type_voie": "cour"}}, {"type": "Feature", "geometry": {"type": "MultiLineString", "coordinates": [[[3.1862793, 50.6956124], [3.1864325, 50.6954031]]]}, "properties": {"cleabs": "VOIE_NOM0000002498749522", "identifiant_voie_ban": "59512_gvxzq8", "nom": "Cour Boussemart 27", "nom_normalise": "COUR BOUSSEMART 27", "type_voie": "cour"}}, {"type": "Feature", "geometry": {"type": "MultiLineString", "coordinates": [[[3.1840947, 50.7008912], [3.1842192, 50.7009367], [3.1845784, 50.7010358], [3.1850735, 50.701176], [3.1852545, 50.7012134], [3.1852743, 50.7012178]], [[3.1853224, 50.7012285], [3.1853959, 50.7012365], [3.1856107, 50.701264], [3.1856263, 50.7012649]], [[3.1832163, 50.7006529], [3.1832743, 50.7006689], [3.1838556, 50.7008278], [3.1840947, 50.7008912]], [[3.183048, 50.7006091], [3.1830721, 50.7006154], [3.1830848, 50.7006181], [3.1832163, 50.7006529]], [[3.1803255, 50.6998665], [3.1810708, 50.7000709], [3.1811585, 50.7000933], [3.1811825, 50.7000995]], [[3.1824413, 50.7004458], [3.182611, 50.700494], [3.1826365, 50.7005003]], [[3.1822702, 50.7003967], [3.1823352, 50.7004155], [3.1823805, 50.7004289]], [[3.1812674, 50.7001218], [3.1812801, 50.7001254], [3.1817369, 50.7002476]], [[3.1801102, 50.6997322], [3.180225, 50.6998254], [3.1803255, 50.6998665]], [[3.1856263, 50.7012649], [3.1856856, 50.7012684]], [[3.1852743, 50.7012178], [3.1853224, 50.7012285]], [[3.1828345, 50.7005538], [3.183048, 50.7006091]], [[3.1826365, 50.7005003], [3.1828345, 50.7005538]], [[3.1823805, 50.7004289], [3.1824413, 50.7004458]], [[3.1817369, 50.7002476], [3.1822702, 50.7003967]], [[3.1811825, 50.7000995], [3.1812674, 50.7001218]]]}, "properties": {"cleabs": "VOIE_NOM0000002499836358", "identifiant_voie_ban": "59512_5620", "nom": "Rue de la Vigne", "nom_normalise": "R DE LA VIGNE", "type_voie": "rue"}}, {"type": "Feature", "geometry": {"type": "MultiLineString", "coordinates": [[[3.1745896, 50.686244], [3.1746135, 50.6862197], [3.1752557, 50.6864728], [3.175236, 50.6865024]], [[3.1743237, 50.6861358], [3.1745896, 50.686244]]]}, "properties": {"cleabs": "VOIE_NOM0000002499836409", "identifiant_voie_ban": "59512_1876", "nom": "Cour Dekien Rue chanzy", "nom_normalise": "COUR DEKIEN RUE CHANZY", "type_voie": "cour"}}, {"type": "Feature", "geometry": {"type": "MultiLineString", "coordinates": [[[3.2110077, 50.6899268], [3.2110711, 50.6898899], [3.2111288, 50.6898386], [3.2111695, 50.6897802], [3.2111961, 50.6897246], [3.2111975, 50.6897219], [3.21121, 50.6896734], [3.2111957, 50.6896142]], [[3.2102107, 50.6898626], [3.2102872, 50.6899208], [3.2103693, 50.6899566], [3.2103792, 50.6899593], [3.2104556, 50.6899816], [3.2105418, 50.6899958], [3.2106139, 50.690001], [3.2106294, 50.6900001]], [[3.210929, 50.6893571], [3.211004, 50.6893875], [3.2110762, 50.6894367], [3.211133, 50.6894913], [3.2111685, 50.6895397], [3.2111957, 50.6896142]], [[3.2103555, 50.6893688], [3.2104543, 50.6893382], [3.2105616, 50.68932], [3.2106929, 50.6893117], [3.2108144, 50.6893277]], [[3.2101345, 50.6895487], [3.2101653, 50.6894975], [3.2102104, 50.6894525], [3.2102737, 50.6894067], [3.2103555, 50.6893688]], [[3.2106294, 50.6900001], [3.2106859, 50.6900009], [3.2107706, 50.6899963], [3.2108596, 50.68998]], [[3.2101141, 50.6897327], [3.2101025, 50.6896744], [3.2101065, 50.6896196], [3.2101345, 50.6895487]], [[3.2108596, 50.68998], [3.2109245, 50.689961], [3.2110077, 50.6899268]], [[3.2108144, 50.6893277], [3.2109106, 50.6893499], [3.210929, 50.6893571]], [[3.2101141, 50.6897327], [3.2101468, 50.6897891], [3.2102107, 50.6898626]]]}, "properties": {"cleabs": "VOIE_NOM0000002499962817", "identifiant_voie_ban": "59512_srwr1s", "nom": "Rond-Point Bury-Courcelle", "nom_normalise": "RPT BURY-COURCELLE", "type_voie": "rond-point"}}, {"type": "Feature", "geometry": {"type": "MultiLineString", "coordinates": [[[3.1542218, 50.6934677], [3.1545319, 50.69368], [3.1547782, 50.69386], [3.1549694, 50.6940141], [3.1550757, 50.6941046], [3.1551649, 50.6941871], [3.1552741, 50.694318], [3.1553139, 50.694396], [3.1553339, 50.6944642], [3.1553426, 50.6945225], [3.1553469, 50.694562], [3.1553472, 50.6946418]], [[3.1511348, 50.6877877], [3.1512198, 50.6878773], [3.1513176, 50.6879813], [3.1513531, 50.6880378], [3.151393, 50.6881526], [3.1514015, 50.6881759], [3.1514158, 50.6882189]], [[3.1532673, 50.6927079], [3.1533764, 50.6928155], [3.1535621, 50.6930037], [3.1536386, 50.6930835], [3.1536868, 50.6931444], [3.1537519, 50.6931874]], [[3.1515922, 50.6886342], [3.1516136, 50.6887042], [3.1516467, 50.6889114], [3.15166, 50.6890792], [3.1516586, 50.6891133]], [[3.1515511, 50.6895047], [3.1515805, 50.6894347], [3.1516492, 50.6892659], [3.1516674, 50.6891932], [3.1516586, 50.6891133]], [[3.1527442, 50.6921163], [3.1528278, 50.6922051], [3.1530645, 50.692465], [3.1530858, 50.6924919]], [[3.1514926, 50.6907323], [3.1515309, 50.6907763], [3.1515791, 50.6908318], [3.151623, 50.690882]], [[3.1514926, 50.6907323], [3.1514935, 50.6905726], [3.1515207, 50.6902074], [3.1515337, 50.6898358]], [[3.1540322, 50.6933629], [3.1541383, 50.693422], [3.1542218, 50.6934677]], [[3.1537519, 50.6931874], [3.1539657, 50.6933271], [3.1540322, 50.6933629]], [[3.1524933, 50.6918447], [3.1525316, 50.6918922], [3.1527442, 50.6921163]], [[3.151623, 50.690882], [3.1520398, 50.6913464], [3.1521702, 50.6914889]], [[3.1515337, 50.6898358], [3.1515484, 50.6895585], [3.1515511, 50.6895047]], [[3.1521702, 50.6914889], [3.1524933, 50.6918447]], [[3.1515296, 50.688497], [3.1515922, 50.6886342]]]}, "properties": {"cleabs": "VOIE_NOM0000002499984169", "identifiant_voie_ban": "", "nom": "Rue Louis Seigneur", "nom_normalise": "R LOUIS SEIGNEUR", "type_voie": "rue"}}, {"type": "Feature", "geometry": {"type": "MultiLineString", "coordinates": [[[3.1544975, 50.6710692], [3.1547702, 50.6711128], [3.1550923, 50.6711564], [3.1552279, 50.6711759]]]}, "properties": {"cleabs": "VOIE_NOM0000002499984170", "identifiant_voie_ban": "", "nom": "CTR DU FER A CHEVAL", "nom_normalise": "CTR DU FER A CHEVAL", "type_voie": "contour"}}]}