{"type":"FeatureCollection","features":[{"type":"Feature","id":"filaire_des_voies_de_la_ville_de_roubaix.1","geometry":{"type":"LineString","coordinates":[[3.177548,50.69948],[3.176484,50.700243],[3.175754,50.700775],[3.175752,50.700776]]},"geometry_name":"geom","properties":{"nom_de_la_rue":"Rue Philippe Lebon","st_length_shape":303.04692898151}},{"type":"Feature","id":"filaire_des_voies_de_la_ville_de_roubaix.2","geometry":{"type":"LineString","coordinates":[[3.194738,50.681234],[3.192423,50.679662]]},"geometry_name":"geom","properties":{"nom_de_la_rue":"Avenue Cordonnier","st_length_shape":377.651386460794}},{"type":"Feature","id":"filaire_des_voies_de_la_ville_de_roubaix.3","geometry":{"type":"LineString","coordinates":[[3.196557,50.681161],[3.197064,50.68091]]},"geometry_name":"geom","properties":{"nom_de_la_rue":"Rangée  Duquesne","st_length_shape":71.6756385070967}},{"type":"Feature","id":"filaire_des_voies_de_la_ville_de_roubaix.4","geometry":{"type":"LineString","coordinates":[[3.159603,50.702851],[3.161777,50.703406],[3.163657,50.703816]]},"geometry_name":"geom","properties":{"nom_de_la_rue":"Voie Rapide Urbaine","st_length_shape":482.303413765318}},{"type":"Feature","id":"filaire_des_voies_de_la_ville_de_roubaix.5","geometry":{"type":"LineString","coordinates":[[3.191775,50.676748],[3.192732,50.676947],[3.192864,50.677029]]},"geometry_name":"geom","properties":{"nom_de_la_rue":"Liason Braille Matisse","st_length_shape":132.709902202521}},{"type":"Feature","id":"filaire_des_voies_de_la_ville_de_roubaix.6","geometry":{"type":"LineString","coordinates":[[3.197216,50.690433],[3.197608,50.690554]]},"geometry_name":"geom","properties":{"nom_de_la_rue":"Impasse Orange","st_length_shape":48.5518521909309}},{"type":"Feature","id":"filaire_des_voies_de_la_ville_de_roubaix.7","geometry":{"type":"LineString","coordinates":[[3.170246,50.69992],[3.170536,50.699781]]},"geometry_name":"geom","properties":{"nom_de_la_rue":"Cour Lefebre Tiberghien","st_length_shape":40.5481357009172}},{"type":"Feature","id":"filaire_des_voies_de_la_ville_de_roubaix.8","geometry":{"type":"LineString","coordinates":[[3.151604,50.688666],[3.152263,50.688384]]},"geometry_name":"geom","properties":{"nom_de_la_rue":"Impasse Jean de Markries","st_length_shape":88.5463551155552}},{"type":"Feature","id":"filaire_des_voies_de_la_ville_de_roubaix.9","geometry":{"type":"LineString","coordinates":[[3.178073,50.681548],[3.178401,50.681929]]},"geometry_name":"geom","properties":{"nom_de_la_rue":"Rue Berthollet","st_length_shape":76.2520491247284}},{"type":"Feature","id":"filaire_des_voies_de_la_ville_de_roubaix.10","geometry":{"type":"LineString","coordinates":[[3.210266,50.689648],[3.210967,50.689644]]},"geometry_name":"geom","properties":{"nom_de_la_rue":"Rond Point Bury Courcelle","st_length_shape":78.1235892373744}},{"type":"Feature","id":"filaire_des_voies_de_la_ville_de_roubaix.11","geometry":{"type":"MultiLineString","coordinates":[[[3.18805,50.696095],[3.187682,50.695998],[3.187621,50.695965],[3.187596,50.695911],[3.187595,50.695839],[3.187616,50.695675],[3.187602,50.695568]],[[3.187932,50.695208],[3.188342,50.695311],[3.188463,50.695364],[3.188494,50.695432],[3.187681,50.696662]]]},"geometry_name":"geom","properties":{"nom_de_la_rue":"Square Léon Jouhaux","st_length_shape":435.765711949599}},{"type":"Feature","id":"filaire_des_voies_de_la_ville_de_roubaix.12","geometry":{"type":"LineString","coordinates":[[3.179722,50.702907],[3.178834,50.702336],[3.178487,50.702535]]},"geometry_name":"geom","properties":{"nom_de_la_rue":"Cité Vandamme","st_length_shape":193.06394900311}},{"type":"Feature","id":"filaire_des_voies_de_la_ville_de_roubaix.13","geometry":{"type":"LineString","coordinates":[[3.173287,50.691411],[3.175089,50.691496]]},"geometry_name":"geom","properties":{"nom_de_la_rue":"Grand Place","st_length_shape":201.148538742517}},{"type":"Feature","id":"filaire_des_voies_de_la_ville_de_roubaix.14","geometry":{"type":"LineString","coordinates":[[3.182896,50.698617],[3.182788,50.698584],[3.181686,50.698307]]},"geometry_name":"geom","properties":{"nom_de_la_rue":"Rue Plutarque","st_length_shape":145.323769405789}},{"type":"Feature","id":"filaire_des_voies_de_la_ville_de_roubaix.15","geometry":{"type":"LineString","coordinates":[[3.181852,50.69796],[3.183189,50.698195]]},"geometry_name":"geom","properties":{"nom_de_la_rue":"Rue Saint Louis","st_length_shape":154.449678270723}},{"type":"Feature","id":"filaire_des_voies_de_la_ville_de_roubaix.16","geometry":{"type":"LineString","coordinates":[[3.184921,50.696562],[3.186323,50.697023]]},"geometry_name":"geom","properties":{"nom_de_la_rue":"Rue Gay Lussac","st_length_shape":175.798968759035}},{"type":"Feature","id":"filaire_des_voies_de_la_ville_de_roubaix.17","geometry":{"type":"LineString","coordinates":[[3.171803,50.703117],[3.173734,50.703629]]},"geometry_name":"geom","properties":{"nom_de_la_rue":"Rue Jacquard","st_length_shape":233.049994964514}},{"type":"Feature","id":"filaire_des_voies_de_la_ville_de_roubaix.18","geometry":{"type":"MultiLineString","coordinates":[[[3.179537,50.691219],[3.179653,50.691253],[3.18045,50.69151],[3.180767,50.691619],[3.181147,50.69173],[3.181581,50.691855],[3.18182,50.691915],[3.184663,50.692439]],[[3.184618,50.69244],[3.184618,50.69244],[3.186167,50.692713],[3.187039,50.692877],[3.187866,50.692954],[3.188694,50.692881],[3.188695,50.69288]]]},"geometry_name":"geom","properties":{"nom_de_la_rue":"Boulevard Gambetta","st_length_shape":1078.258410867}},{"type":"Feature","id":"filaire_des_voies_de_la_ville_de_roubaix.19","geometry":{"type":"LineString","coordinates":[[3.186808,50.675898],[3.188302,50.675064],[3.189183,50.674621],[3.190005,50.674195],[3.190849,50.673758]]},"geometry_name":"geom","properties":{"nom_de_la_rue":"Rue Jean Macé","st_length_shape":586.434190800585}},{"type":"Feature","id":"filaire_des_voies_de_la_ville_de_roubaix.20","geometry":{"type":"LineString","coordinates":[[3.180582,50.680094],[3.180028,50.679419],[3.179378,50.678629]]},"geometry_name":"geom","properties":{"nom_de_la_rue":"Rue Larochefoucauld","st_length_shape":290.254570381175}},{"type":"Feature","id":"filaire_des_voies_de_la_ville_de_roubaix.21","geometry":{"type":"LineString","coordinates":[[3.172221,50.688578],[3.172466,50.688639],[3.17305,50.688762],[3.173927,50.68895]]},"geometry_name":"geom","properties":{"nom_de_la_rue":"Rue de Sébastopol","st_length_shape":200.908256154858}},{"type":"Feature","id":"filaire_des_voies_de_la_ville_de_roubaix.22","geometry":{"type":"LineString","coordinates":[[3.168137,50.686781],[3.167428,50.686091]]},"geometry_name":"geom","properties":{"nom_de_la_rue":"Rue de Soubise","st_length_shape":144.555786340983}},{"type":"Feature","id":"filaire_des_voies_de_la_ville_de_roubaix.23","geometry":{"type":"LineString","coordinates":[[3.167428,50.686091],[3.166237,50.684925],[3.166101,50.684849]]},"geometry_name":"geom","properties":{"nom_de_la_rue":"Rue de Soubise","st_length_shape":264.358347189143}},{"type":"Feature","id":"filaire_des_voies_de_la_ville_de_roubaix.24","geometry":{"type":"LineString","coordinates":[[3.15392,50.688191],[3.155184,50.687547]]},"geometry_name":"geom","properties":{"nom_de_la_rue":"Rue Bell","st_length_shape":180.609535075865}},{"type":"Feature","id":"filaire_des_voies_de_la_ville_de_roubaix.25","geometry":{"type":"LineString","coordinates":[[3.193821,50.691044],[3.193787,50.690911],[3.192145,50.690268]]},"geometry_name":"geom","properties":{"nom_de_la_rue":"Rue Franklin","st_length_shape":238.501174411844}},{"type":"Feature","id":"filaire_des_voies_de_la_ville_de_roubaix.26","geometry":{"type":"LineString","coordinates":[[3.194375,50.689713],[3.195185,50.68898]]},"geometry_name":"geom","properties":{"nom_de_la_rue":"Rue Marceau","st_length_shape":157.205707109252}},{"type":"Feature","id":"filaire_des_voies_de_la_ville_de_roubaix.27","geometry":{"type":"LineString","coordinates":[[3.19625,50.687393],[3.195323,50.687807],[3.195183,50.687877],[3.194709,50.688164],[3.194204,50.688552]]},"geometry_name":"geom","properties":{"nom_de_la_rue":"Rue de Mons","st_length_shape":307.321047043081}},{"type":"Feature","id":"filaire_des_voies_de_la_ville_de_roubaix.28","geometry":{"type":"LineString","coordinates":[[3.195645,50.686296],[3.195698,50.686157],[3.196,50.685487],[3.196449,50.684458]]},"geometry_name":"geom","properties":{"nom_de_la_rue":"Rue de Nancy","st_length_shape":335.178720298776}},{"type":"Feature","id":"filaire_des_voies_de_la_ville_de_roubaix.29","geometry":{"type":"LineString","coordinates":[[3.186718,50.684454],[3.186348,50.684247],[3.185953,50.68398],[3.185723,50.683823],[3.18514,50.683421]]},"geometry_name":"geom","properties":{"nom_de_la_rue":"Rue de Rocroi","st_length_shape":252.71385203415}},{"type":"Feature","id":"filaire_des_voies_de_la_ville_de_roubaix.30","geometry":{"type":"LineString","coordinates":[[3.173715,50.686563],[3.173334,50.686824],[3.172734,50.687243]]},"geometry_name":"geom","properties":{"nom_de_la_rue":"Rue du Général Chanzy","st_length_shape":161.851351808431}},{"type":"Feature","id":"filaire_des_voies_de_la_ville_de_roubaix.31","geometry":{"type":"LineString","coordinates":[[3.185201,50.674446],[3.186008,50.674024],[3.186594,50.673718]]},"geometry_name":"geom","properties":{"nom_de_la_rue":"Rue Rubens","st_length_shape":200.90310578324}},{"type":"Feature","id":"filaire_des_voies_de_la_ville_de_roubaix.32","geometry":{"type":"LineString","coordinates":[[3.197807,50.673942],[3.198392,50.673553],[3.199475,50.672831]]},"geometry_name":"geom","properties":{"nom_de_la_rue":"Rue Jules Michelet","st_length_shape":269.307192755106}},{"type":"Feature","id":"filaire_des_voies_de_la_ville_de_roubaix.33","geometry":{"type":"LineString","coordinates":[[3.201233,50.676133],[3.199834,50.675241]]},"geometry_name":"geom","properties":{"nom_de_la_rue":"Rue Emile Zola","st_length_shape":220.858171038452}},{"type":"Feature","id":"filaire_des_voies_de_la_ville_de_roubaix.34","geometry":{"type":"LineString","coordinates":[[3.1782,50.686429],[3.179756,50.687184],[3.17978,50.68728]]},"geometry_name":"geom","properties":{"nom_de_la_rue":"Rue Saint Jean","st_length_shape":235.238314816204}},{"type":"Feature","id":"filaire_des_voies_de_la_ville_de_roubaix.35","geometry":{"type":"LineString","coordinates":[[3.168137,50.686781],[3.168628,50.687397],[3.168967,50.687818]]},"geometry_name":"geom","properties":{"nom_de_la_rue":"Rue de Soubise","st_length_shape":204.317580518054}},{"type":"Feature","id":"filaire_des_voies_de_la_ville_de_roubaix.36","geometry":{"type":"LineString","coordinates":[[3.189838,50.69433],[3.190057,50.694366],[3.1903,50.694403]]},"geometry_name":"geom","properties":{"nom_de_la_rue":"Pont Emile Duhamel","st_length_shape":53.0418059850842}},{"type":"Feature","id":"filaire_des_voies_de_la_ville_de_roubaix.37","geometry":{"type":"LineString","coordinates":[[3.175754,50.700775],[3.177361,50.701284]]},"geometry_name":"geom","properties":{"nom_de_la_rue":"Rue Saint Joseph","st_length_shape":200.002282861221}},{"type":"Feature","id":"filaire_des_voies_de_la_ville_de_roubaix.38","geometry":{"type":"LineString","coordinates":[[3.16858,50.701613],[3.168487,50.701622],[3.167211,50.7022]]},"geometry_name":"geom","properties":{"nom_de_la_rue":"Rue de la Chaussée","st_length_shape":185.075318332476}},{"type":"Feature","id":"filaire_des_voies_de_la_ville_de_roubaix.39","geometry":{"type":"LineString","coordinates":[[3.195134,50.672648],[3.195148,50.672632],[3.195262,50.672447],[3.195501,50.67225]]},"geometry_name":"geom","properties":{"nom_de_la_rue":"Rue Léon Marlot","st_length_shape":81.7368682254034}},{"type":"Feature","id":"filaire_des_voies_de_la_ville_de_roubaix.40","geometry":{"type":"LineString","coordinates":[[3.182142,50.698714],[3.182242,50.698619]]},"geometry_name":"geom","properties":{"nom_de_la_rue":"Cité des Platanes","st_length_shape":20.0857236927127}},{"type":"Feature","id":"filaire_des_voies_de_la_ville_de_roubaix.41","geometry":{"type":"LineString","coordinates":[[3.166898,50.704628],[3.167121,50.704527],[3.168904,50.704999],[3.169029,50.70523]]},"geometry_name":"geom","properties":{"nom_de_la_rue":"Quai de Dunkerque contre allée","st_length_shape":288.669055166974}},{"type":"Feature","id":"filaire_des_voies_de_la_ville_de_roubaix.42","geometry":{"type":"LineString","coordinates":[[3.213828,50.688177],[3.214514,50.688803],[3.214514,50.688821]]},"geometry_name":"geom","properties":{"nom_de_la_rue":"Cour Wattine","st_length_shape":137.009125907003}},{"type":"Feature","id":"filaire_des_voies_de_la_ville_de_roubaix.43","geometry":{"type":"LineString","coordinates":[[3.169404,50.682761],[3.167791,50.683677]]},"geometry_name":"geom","properties":{"nom_de_la_rue":"Rue Colbert","st_length_shape":241.163986878742}},{"type":"Feature","id":"filaire_des_voies_de_la_ville_de_roubaix.44","geometry":{"type":"LineString","coordinates":[[3.160477,50.692002],[3.161077,50.691884]]},"geometry_name":"geom","properties":{"nom_de_la_rue":"Rue du Parc","st_length_shape":69.9247403896504}},{"type":"Feature","id":"filaire_des_voies_de_la_ville_de_roubaix.45","geometry":{"type":"LineString","coordinates":[[3.174167,50.699595],[3.173929,50.699833],[3.173822,50.7]]},"geometry_name":"geom","properties":{"nom_de_la_rue":"Rue de Tourcoing","st_length_shape":81.2111451005118}},{"type":"Feature","id":"filaire_des_voies_de_la_ville_de_roubaix.46","geometry":{"type":"LineString","coordinates":[[3.173822,50.7],[3.173568,50.700399],[3.173406,50.700642]]},"geometry_name":"geom","properties":{"nom_de_la_rue":"Rue de Tourcoing","st_length_shape":122.003628444725}},{"type":"Feature","id":"filaire_des_voies_de_la_ville_de_roubaix.47","geometry":{"type":"LineString","coordinates":[[3.183198,50.684449],[3.182014,50.685269],[3.181657,50.685661],[3.181251,50.686102],[3.180909,50.686482],[3.180119,50.687338]]},"geometry_name":"geom","properties":{"nom_de_la_rue":"Rue du Coq Français","st_length_shape":615.58840777013}},{"type":"Feature","id":"filaire_des_voies_de_la_ville_de_roubaix.48","geometry":{"type":"LineString","coordinates":[[3.163247,50.693088],[3.162099,50.693517]]},"geometry_name":"geom","properties":{"nom_de_la_rue":"Rue Eugène Dodeigne","st_length_shape":148.362621757436}},{"type":"Feature","id":"filaire_des_voies_de_la_ville_de_roubaix.49","geometry":{"type":"LineString","coordinates":[[3.195064,50.682306],[3.195296,50.682077],[3.195477,50.681951],[3.195716,50.681846],[3.196861,50.681498],[3.197526,50.681115],[3.198139,50.680738],[3.199094,50.680109],[3.19998,50.679545],[3.201047,50.678864],[3.201264,50.678749]]},"geometry_name":"geom","properties":{"nom_de_la_rue":"Rue de Maufait","st_length_shape":939.956774480716}},{"type":"Feature","id":"filaire_des_voies_de_la_ville_de_roubaix.50","geometry":{"type":"LineString","coordinates":[[3.166325,50.676276],[3.164521,50.677088],[3.16412,50.677269]]},"geometry_name":"geom","properties":{"nom_de_la_rue":"Rue Bossuet","st_length_shape":301.103962687664}},{"type":"Feature","id":"filaire_des_voies_de_la_ville_de_roubaix.51","geometry":{"type":"LineString","coordinates":[[3.17471,50.705367],[3.17552,50.704751],[3.17617,50.704253]]},"geometry_name":"geom","properties":{"nom_de_la_rue":"Rue d'Iéna","st_length_shape":254.467213628499}},{"type":"Feature","id":"filaire_des_voies_de_la_ville_de_roubaix.52","geometry":{"type":"LineString","coordinates":[[3.198318,50.689476],[3.198398,50.689389]]},"geometry_name":"geom","properties":{"nom_de_la_rue":"Allée des Villas","st_length_shape":17.789758355301}},{"type":"Feature","id":"filaire_des_voies_de_la_ville_de_roubaix.53","geometry":{"type":"LineString","coordinates":[[3.202335,50.682057],[3.202797,50.681793],[3.203076,50.6815],[3.203275,50.681267],[3.203282,50.681249],[3.203287,50.68123],[3.203288,50.681211],[3.203286,50.681192],[3.203281,50.681173],[3.203274,50.681156],[3.203263,50.68114],[3.20325,50.681126],[3.203235,50.681114],[3.203218,50.681104],[3.202973,50.680943],[3.202959,50.68094],[3.202945,50.680933],[3.202933,50.680925],[3.202922,50.680915],[3.202912,50.680904],[3.202905,50.680891],[3.2029,50.680877],[3.202897,50.680862],[3.202897,50.680847],[3.202899,50.680833],[3.202903,50.680818],[3.203171,50.68046],[3.203355,50.680331]]},"geometry_name":"geom","properties":{"nom_de_la_rue":"Rue Henri Delvarre","st_length_shape":371.406678814004}},{"type":"Feature","id":"filaire_des_voies_de_la_ville_de_roubaix.54","geometry":{"type":"LineString","coordinates":[[3.18652,50.684562],[3.18665,50.684489],[3.186718,50.684454]]},"geometry_name":"geom","properties":{"nom_de_la_rue":"Rue Fabert","st_length_shape":29.0758491241196}},{"type":"Feature","id":"filaire_des_voies_de_la_ville_de_roubaix.55","geometry":{"type":"LineString","coordinates":[[3.207049,50.690237],[3.206597,50.689887]]},"geometry_name":"geom","properties":{"nom_de_la_rue":"Cour Tiberghien","st_length_shape":79.4334814264741}},{"type":"Feature","id":"filaire_des_voies_de_la_ville_de_roubaix.56","geometry":{"type":"LineString","coordinates":[[3.20863,50.689476],[3.208342,50.689623]]},"geometry_name":"geom","properties":{"nom_de_la_rue":"Rangée Duretête","st_length_shape":41.2339137257185}},{"type":"Feature","id":"filaire_des_voies_de_la_ville_de_roubaix.57","geometry":{"type":"LineString","coordinates":[[3.197504,50.688548],[3.19763,50.688413]]},"geometry_name":"geom","properties":{"nom_de_la_rue":"Cour Lecomte","st_length_shape":27.669097279456}},{"type":"Feature","id":"filaire_des_voies_de_la_ville_de_roubaix.58","geometry":{"type":"LineString","coordinates":[[3.180361,50.694001],[3.180655,50.694069],[3.180625,50.694202],[3.180301,50.694742],[3.179792,50.6946]]},"geometry_name":"geom","properties":{"nom_de_la_rue":"Square des Mulliers","st_length_shape":221.78485463835}},{"type":"Feature","id":"filaire_des_voies_de_la_ville_de_roubaix.59","geometry":{"type":"LineString","coordinates":[[3.192009,50.701869],[3.192135,50.70175]]},"geometry_name":"geom","properties":{"nom_de_la_rue":"Cour Saint Dominique","st_length_shape":25.1171854404509}},{"type":"Feature","id":"filaire_des_voies_de_la_ville_de_roubaix.60","geometry":{"type":"LineString","coordinates":[[3.192327,50.704859],[3.191989,50.705291]]},"geometry_name":"geom","properties":{"nom_de_la_rue":"Cour Saint Henri","st_length_shape":84.8086190148737}},{"type":"Feature","id":"filaire_des_voies_de_la_ville_de_roubaix.61","geometry":{"type":"LineString","coordinates":[[3.19433,50.695751],[3.194271,50.695336]]},"geometry_name":"geom","properties":{"nom_de_la_rue":"Cour Plamont Noguez","st_length_shape":73.220101760787}},{"type":"Feature","id":"filaire_des_voies_de_la_ville_de_roubaix.62","geometry":{"type":"LineString","coordinates":[[3.183004,50.701497],[3.182509,50.701327]]},"geometry_name":"geom","properties":{"nom_de_la_rue":"Cour Willems Coutteau","st_length_shape":62.6652374780468}},{"type":"Feature","id":"filaire_des_voies_de_la_ville_de_roubaix.63","geometry":{"type":"LineString","coordinates":[[3.160425,50.688573],[3.159982,50.688801]]},"geometry_name":"geom","properties":{"nom_de_la_rue":"Cour Sénélar","st_length_shape":63.6086400301877}},{"type":"Feature","id":"filaire_des_voies_de_la_ville_de_roubaix.64","geometry":{"type":"LineString","coordinates":[[3.183006,50.700096],[3.182863,50.700267]]},"geometry_name":"geom","properties":{"nom_de_la_rue":"Cour Damerval","st_length_shape":34.1416513921046}},{"type":"Feature","id":"filaire_des_voies_de_la_ville_de_roubaix.65","geometry":{"type":"LineString","coordinates":[[3.212049,50.685246],[3.212113,50.683909]]},"geometry_name":"geom","properties":{"nom_de_la_rue":"Rue du Stand de Tir","st_length_shape":235.131389325415}},{"type":"Feature","id":"filaire_des_voies_de_la_ville_de_roubaix.66","geometry":{"type":"LineString","coordinates":[[3.19005,50.686445],[3.190192,50.686303]]},"geometry_name":"geom","properties":{"nom_de_la_rue":"Impasse Saint André","st_length_shape":29.42871248237}},{"type":"Feature","id":"filaire_des_voies_de_la_ville_de_roubaix.67","geometry":{"type":"LineString","coordinates":[[3.187235,50.702328],[3.187093,50.702459]]},"geometry_name":"geom","properties":{"nom_de_la_rue":"Cour Hus","st_length_shape":27.976332583096}},{"type":"Feature","id":"filaire_des_voies_de_la_ville_de_roubaix.68","geometry":{"type":"LineString","coordinates":[[3.194379,50.696152],[3.19424,50.696161]]},"geometry_name":"geom","properties":{"nom_de_la_rue":"Cour Cabay","st_length_shape":15.5385330855264}},{"type":"Feature","id":"filaire_des_voies_de_la_ville_de_roubaix.69","geometry":{"type":"LineString","coordinates":[[3.160708,50.689996],[3.160809,50.690059]]},"geometry_name":"geom","properties":{"nom_de_la_rue":"Cour Emaille","st_length_shape":15.7616375037621}},{"type":"Feature","id":"filaire_des_voies_de_la_ville_de_roubaix.70","geometry":{"type":"LineString","coordinates":[[3.163884,50.686197],[3.164106,50.686104]]},"geometry_name":"geom","properties":{"nom_de_la_rue":"Impasse Nuyts Ferraille","st_length_shape":29.6652078624101}},{"type":"Feature","id":"filaire_des_voies_de_la_ville_de_roubaix.71","geometry":{"type":"LineString","coordinates":[[3.215172,50.687531],[3.21527,50.687453]]},"geometry_name":"geom","properties":{"nom_de_la_rue":"Cour Jumelle","st_length_shape":17.4294888132154}},{"type":"Feature","id":"filaire_des_voies_de_la_ville_de_roubaix.72","geometry":{"type":"LineString","coordinates":[[3.187063,50.702497],[3.1869,50.702426]]},"geometry_name":"geom","properties":{"nom_de_la_rue":"Cour Masurel","st_length_shape":22.0660144298874}},{"type":"Feature","id":"filaire_des_voies_de_la_ville_de_roubaix.73","geometry":{"type":"LineString","coordinates":[[3.192599,50.704547],[3.192711,50.704406]]},"geometry_name":"geom","properties":{"nom_de_la_rue":"Cour Vandenboshe","st_length_shape":27.7008503104147}},{"type":"Feature","id":"filaire_des_voies_de_la_ville_de_roubaix.74","geometry":{"type":"MultiLineString","coordinates":[[[3.213078,50.684304],[3.213038,50.685072]],[[3.212148,50.684684],[3.213003,50.684698]]]},"geometry_name":"geom","properties":{"nom_de_la_rue":"Rue de Carihem","st_length_shape":230.161306613613}},{"type":"Feature","id":"filaire_des_voies_de_la_ville_de_roubaix.75","geometry":{"type":"MultiLineString","coordinates":[[[3.211497,50.684244],[3.211491,50.684785]],[[3.21071,50.684644],[3.210886,50.684803],[3.211462,50.684802]]]},"geometry_name":"geom","properties":{"nom_de_la_rue":"Rue de Carihem","st_length_shape":193.291583879114}},{"type":"Feature","id":"filaire_des_voies_de_la_ville_de_roubaix.76","geometry":{"type":"LineString","coordinates":[[3.180347,50.684402],[3.180284,50.68436]]},"geometry_name":"geom","properties":{"nom_de_la_rue":"Cour Chalmin Caille","st_length_shape":10.2552428523171}},{"type":"Feature","id":"filaire_des_voies_de_la_ville_de_roubaix.77","geometry":{"type":"LineString","coordinates":[[3.197284,50.679422],[3.197132,50.679577]]},"geometry_name":"geom","properties":{"nom_de_la_rue":"Cour Boussemart","st_length_shape":32.0314825765215}},{"type":"Feature","id":"filaire_des_voies_de_la_ville_de_roubaix.78","geometry":{"type":"LineString","coordinates":[[3.179947,50.699089],[3.179788,50.699266]]},"geometry_name":"geom","properties":{"nom_de_la_rue":"Cour Saint Antoine","st_length_shape":35.8122528420093}},{"type":"Feature","id":"filaire_des_voies_de_la_ville_de_roubaix.79","geometry":{"type":"LineString","coordinates":[[3.162315,50.683271],[3.162692,50.683017]]},"geometry_name":"geom","properties":{"nom_de_la_rue":"Impasse Planquart","st_length_shape":61.1482429837522}},{"type":"Feature","id":"filaire_des_voies_de_la_ville_de_roubaix.80","geometry":{"type":"LineString","coordinates":[[3.182444,50.684334],[3.182236,50.684183]]},"geometry_name":"geom","properties":{"nom_de_la_rue":"Cour Jenart","st_length_shape":35.3267571863028}},{"type":"Feature","id":"filaire_des_voies_de_la_ville_de_roubaix.81","geometry":{"type":"LineString","coordinates":[[3.178939,50.683161],[3.178841,50.683064]]},"geometry_name":"geom","properties":{"nom_de_la_rue":"Cour d'Halluin","st_length_shape":20.2788701581227}},{"type":"Feature","id":"filaire_des_voies_de_la_ville_de_roubaix.82","geometry":{"type":"LineString","coordinates":[[3.185165,50.699806],[3.185938,50.699986]]},"geometry_name":"geom","properties":{"nom_de_la_rue":"Cour Candelier","st_length_shape":91.5609307778159}},{"type":"Feature","id":"filaire_des_voies_de_la_ville_de_roubaix.83","geometry":{"type":"LineString","coordinates":[[3.179584,50.682748],[3.179711,50.682866]]},"geometry_name":"geom","properties":{"nom_de_la_rue":"Cour Dehaynin","st_length_shape":25.1313836342132}},{"type":"Feature","id":"filaire_des_voies_de_la_ville_de_roubaix.84","geometry":{"type":"LineString","coordinates":[[3.184261,50.677858],[3.184403,50.677955]]},"geometry_name":"geom","properties":{"nom_de_la_rue":"Impasse Nollaert","st_length_shape":23.2870099559819}},{"type":"Feature","id":"filaire_des_voies_de_la_ville_de_roubaix.85","geometry":{"type":"LineString","coordinates":[[3.16217,50.686214],[3.161977,50.686003]]},"geometry_name":"geom","properties":{"nom_de_la_rue":"Cour Voreux Rammaert","st_length_shape":42.8503314368746}},{"type":"Feature","id":"filaire_des_voies_de_la_ville_de_roubaix.86","geometry":{"type":"LineString","coordinates":[[3.191387,50.686379],[3.191439,50.686334]]},"geometry_name":"geom","properties":{"nom_de_la_rue":"Cour Briet","st_length_shape":9.79803227592153}},{"type":"Feature","id":"filaire_des_voies_de_la_ville_de_roubaix.87","geometry":{"type":"LineString","coordinates":[[3.180911,50.683797],[3.181192,50.684127]]},"geometry_name":"geom","properties":{"nom_de_la_rue":"Cour Flamencourt","st_length_shape":65.8447089000324}},{"type":"Feature","id":"filaire_des_voies_de_la_ville_de_roubaix.88","geometry":{"type":"LineString","coordinates":[[3.182741,50.671332],[3.182335,50.670835],[3.182143,50.670412]]},"geometry_name":"geom","properties":{"nom_de_la_rue":"Avenue de l'Europe","st_length_shape":175.602260199144}},{"type":"Feature","id":"filaire_des_voies_de_la_ville_de_roubaix.89","geometry":{"type":"LineString","coordinates":[[3.183039,50.700618],[3.18356,50.699948]]},"geometry_name":"geom","properties":{"nom_de_la_rue":"Impasse Lamarotte","st_length_shape":131.193586183624}},{"type":"Feature","id":"filaire_des_voies_de_la_ville_de_roubaix.90","geometry":{"type":"LineString","coordinates":[[3.188695,50.69288],[3.189027,50.692653],[3.189563,50.692616],[3.190112,50.692552],[3.190114,50.692552],[3.190939,50.692481]]},"geometry_name":"geom","properties":{"nom_de_la_rue":"Boulevard Gambetta","st_length_shape":269.464070518308}},{"type":"Feature","id":"filaire_des_voies_de_la_ville_de_roubaix.91","geometry":{"type":"LineString","coordinates":[[3.174916,50.687638],[3.173715,50.686563],[3.17152,50.684619],[3.171292,50.684422],[3.169941,50.683237],[3.169404,50.682761],[3.168419,50.681897],[3.167874,50.681417],[3.167871,50.681414],[3.167234,50.680944],[3.166811,50.68083]]},"geometry_name":"geom","properties":{"nom_de_la_rue":"Boulevard du Général de Gaulle","st_length_shape":1505.70955281173}},{"type":"Feature","id":"filaire_des_voies_de_la_ville_de_roubaix.92","geometry":{"type":"LineString","coordinates":[[3.202484,50.675346],[3.203057,50.675644],[3.203876,50.676164],[3.2047,50.67669],[3.205145,50.676977],[3.205765,50.677379],[3.206949,50.678145],[3.207498,50.678496],[3.208658,50.679238],[3.209241,50.679611],[3.210192,50.680508],[3.210469,50.680842],[3.211452,50.682436],[3.211785,50.682987],[3.211921,50.683189],[3.212035,50.683322],[3.212411,50.683681]]},"geometry_name":"geom","properties":{"nom_de_la_rue":"Avenue du Parc des Sports","st_length_shape":1863.37775611628}},{"type":"Feature","id":"filaire_des_voies_de_la_ville_de_roubaix.93","geometry":{"type":"LineString","coordinates":[[3.206014,50.684214],[3.205631,50.684652],[3.205259,50.685074],[3.204407,50.686033],[3.203552,50.686998],[3.202701,50.687955],[3.202148,50.688598],[3.201744,50.689053],[3.201648,50.689256]]},"geometry_name":"geom","properties":{"nom_de_la_rue":"Avenue Jules Brame","st_length_shape":1011.365497588}},{"type":"Feature","id":"filaire_des_voies_de_la_ville_de_roubaix.94","geometry":{"type":"LineString","coordinates":[[3.17021,50.705577],[3.17161,50.705942],[3.172353,50.706137],[3.173808,50.706514],[3.174513,50.706626],[3.17526,50.706707],[3.175924,50.706739],[3.17656,50.706735],[3.177278,50.706684],[3.177989,50.706596],[3.178643,50.706481],[3.179445,50.706304]]},"geometry_name":"geom","properties":{"nom_de_la_rue":"Quai de Gand","st_length_shape":1074.38450311057}},{"type":"Feature","id":"filaire_des_voies_de_la_ville_de_roubaix.95","geometry":{"type":"LineString","coordinates":[[3.175224,50.699606],[3.176484,50.700243],[3.177733,50.700819],[3.178833,50.701318],[3.179912,50.701822],[3.180657,50.702164],[3.182089,50.702816],[3.183718,50.703566]]},"geometry_name":"geom","properties":{"nom_de_la_rue":"Rue Daubenton","st_length_shape":1174.23726009342}},{"type":"Feature","id":"filaire_des_voies_de_la_ville_de_roubaix.96","geometry":{"type":"LineString","coordinates":[[3.190682,50.692872],[3.190939,50.692481],[3.191386,50.692441],[3.19152,50.692442],[3.192712,50.692328],[3.193223,50.69232],[3.193778,50.692323],[3.194247,50.692378],[3.196098,50.692649],[3.196805,50.692756],[3.19954,50.693198],[3.200825,50.693405],[3.201317,50.69361],[3.201624,50.693641],[3.201763,50.693621],[3.202155,50.693568],[3.20249,50.693478],[3.202931,50.693313],[3.203233,50.69315],[3.203604,50.692882],[3.204635,50.692073],[3.204846,50.691919],[3.205414,50.691491],[3.205829,50.691307],[3.206088,50.691244],[3.206304,50.691193],[3.206915,50.691121]]},"geometry_name":"geom","properties":{"nom_de_la_rue":"Quai du Sartel","st_length_shape":2063.74868788407}},{"type":"Feature","id":"filaire_des_voies_de_la_ville_de_roubaix.97","geometry":{"type":"MultiLineString","coordinates":[[[3.173473,50.693946],[3.173936,50.69375],[3.174401,50.693665],[3.174781,50.693661],[3.175084,50.693713],[3.176172,50.694057],[3.176628,50.694202],[3.176908,50.694286],[3.177411,50.69435],[3.177659,50.694374],[3.178135,50.694474],[3.17922,50.69483],[3.179489,50.694913],[3.179842,50.695027],[3.180502,50.695134],[3.181619,50.695188],[3.18223,50.695122],[3.182545,50.694956],[3.182633,50.69493],[3.182835,50.694748],[3.183174,50.694234],[3.183385,50.693939],[3.183789,50.693458],[3.183884,50.693352],[3.184268,50.692945],[3.184618,50.69244]],[[3.172529,50.694362],[3.173472,50.693946]]]},"geometry_name":"geom","properties":{"nom_de_la_rue":"Avenue des Nations Unies","st_length_shape":1719.20058217284}},{"type":"Feature","id":"filaire_des_voies_de_la_ville_de_roubaix.98","geometry":{"type":"LineString","coordinates":[[3.168352,50.685666],[3.167428,50.686091],[3.166073,50.686721],[3.164103,50.68763],[3.164002,50.687691],[3.162922,50.688186],[3.161749,50.68873],[3.160286,50.689406]]},"geometry_name":"geom","properties":{"nom_de_la_rue":"Rue de l'Industrie","st_length_shape":1112.86248979631}},{"type":"Feature","id":"filaire_des_voies_de_la_ville_de_roubaix.99","geometry":{"type":"LineString","coordinates":[[3.173926,50.688951],[3.175129,50.689192],[3.175132,50.689193],[3.17729,50.689612]]},"geometry_name":"geom","properties":{"nom_de_la_rue":"Rue de la Poste","st_length_shape":392.075497600152}},{"type":"Feature","id":"filaire_des_voies_de_la_ville_de_roubaix.100","geometry":{"type":"LineString","coordinates":[[3.164231,50.688903],[3.163311,50.688398],[3.162922,50.688186],[3.161804,50.68757],[3.161716,50.687522],[3.161581,50.687444],[3.161341,50.687313],[3.160467,50.686823]]},"geometry_name":"geom","properties":{"nom_de_la_rue":"Rue Descartes","st_length_shape":555.99802832723}},{"type":"Feature","id":"filaire_des_voies_de_la_ville_de_roubaix.101","geometry":{"type":"LineString","coordinates":[[3.160387,50.688166],[3.15945,50.688724],[3.158261,50.689444]]},"geometry_name":"geom","properties":{"nom_de_la_rue":"Rue Brézin","st_length_shape":326.342538457973}},{"type":"Feature","id":"filaire_des_voies_de_la_ville_de_roubaix.102","geometry":{"type":"LineString","coordinates":[[3.178829,50.699403],[3.178529,50.699799],[3.178411,50.699948],[3.178294,50.700116],[3.177733,50.700819],[3.177361,50.701284],[3.177051,50.701665],[3.176149,50.702502],[3.175612,50.702992],[3.17484,50.70371]]},"geometry_name":"geom","properties":{"nom_de_la_rue":"Rue de Flandre","st_length_shape":879.770696579261}},{"type":"Feature","id":"filaire_des_voies_de_la_ville_de_roubaix.103","geometry":{"type":"LineString","coordinates":[[3.166617,50.699184],[3.165931,50.698679],[3.165115,50.697662]]},"geometry_name":"geom","properties":{"nom_de_la_rue":"Rue de la Lys","st_length_shape":317.588874698604}},{"type":"Feature","id":"filaire_des_voies_de_la_ville_de_roubaix.104","geometry":{"type":"LineString","coordinates":[[3.167293,50.699475],[3.168072,50.698998]]},"geometry_name":"geom","properties":{"nom_de_la_rue":"Rue du Renouveau","st_length_shape":120.595781969686}},{"type":"Feature","id":"filaire_des_voies_de_la_ville_de_roubaix.105","geometry":{"type":"LineString","coordinates":[[3.169036,50.701911],[3.16771,50.702625],[3.167192,50.702908],[3.166485,50.703291],[3.165969,50.703571]]},"geometry_name":"geom","properties":{"nom_de_la_rue":"Rue de France","st_length_shape":449.127441059168}},{"type":"Feature","id":"filaire_des_voies_de_la_ville_de_roubaix.106","geometry":{"type":"LineString","coordinates":[[3.167211,50.7022],[3.165396,50.703025]]},"geometry_name":"geom","properties":{"nom_de_la_rue":"Rue de la Chaussée","st_length_shape":248.735668847735}},{"type":"Feature","id":"filaire_des_voies_de_la_ville_de_roubaix.107","geometry":{"type":"LineString","coordinates":[[3.169647,50.702306],[3.16825,50.703088]]},"geometry_name":"geom","properties":{"nom_de_la_rue":"Rue Vallon","st_length_shape":207.523357460239}},{"type":"Feature","id":"filaire_des_voies_de_la_ville_de_roubaix.108","geometry":{"type":"LineString","coordinates":[[3.17094,50.704437],[3.169307,50.704016],[3.168181,50.703737],[3.166485,50.703291]]},"geometry_name":"geom","properties":{"nom_de_la_rue":"Rue de la Guinguette","st_length_shape":535.31768975023}},{"type":"Feature","id":"filaire_des_voies_de_la_ville_de_roubaix.109","geometry":{"type":"LineString","coordinates":[[3.174303,50.698011],[3.172177,50.69881]]},"geometry_name":"geom","properties":{"nom_de_la_rue":"Rue Cuvelle","st_length_shape":275.189776824086}},{"type":"Feature","id":"filaire_des_voies_de_la_ville_de_roubaix.110","geometry":{"type":"LineString","coordinates":[[3.190151,50.703327],[3.192066,50.704358],[3.192628,50.704668],[3.19291,50.704813],[3.193048,50.704884],[3.19317,50.704955],[3.193489,50.705129],[3.193891,50.705348]]},"geometry_name":"geom","properties":{"nom_de_la_rue":"Rue d'Oran","st_length_shape":547.298290722498}},{"type":"Feature","id":"filaire_des_voies_de_la_ville_de_roubaix.111","geometry":{"type":"LineString","coordinates":[[3.18092,50.700906],[3.180344,50.700612],[3.179537,50.700249]]},"geometry_name":"geom","properties":{"nom_de_la_rue":"Rue Pierre Dujardin","st_length_shape":192.43725990262}},{"type":"Feature","id":"filaire_des_voies_de_la_ville_de_roubaix.112","geometry":{"type":"LineString","coordinates":[[3.190315,50.706578],[3.189364,50.707783]]},"geometry_name":"geom","properties":{"nom_de_la_rue":"Rue du Caire","st_length_shape":236.754860677389}},{"type":"Feature","id":"filaire_des_voies_de_la_ville_de_roubaix.113","geometry":{"type":"LineString","coordinates":[[3.184681,50.706195],[3.18483,50.706232],[3.186065,50.706554],[3.187277,50.707073]]},"geometry_name":"geom","properties":{"nom_de_la_rue":"Rue du Hutin","st_length_shape":329.336836894823}},{"type":"Feature","id":"filaire_des_voies_de_la_ville_de_roubaix.114","geometry":{"type":"LineString","coordinates":[[3.160656,50.702867],[3.16103,50.703004],[3.161294,50.703033],[3.162155,50.703269],[3.163479,50.703692],[3.163657,50.703816],[3.16423,50.703963]]},"geometry_name":"geom","properties":{"nom_de_la_rue":"Quai de Boulogne","st_length_shape":445.686600201938}},{"type":"Feature","id":"filaire_des_voies_de_la_ville_de_roubaix.115","geometry":{"type":"LineString","coordinates":[[3.160656,50.702864],[3.159866,50.702636]]},"geometry_name":"geom","properties":{"nom_de_la_rue":"Avenue Boileau","st_length_shape":96.6193608029467}},{"type":"Feature","id":"filaire_des_voies_de_la_ville_de_roubaix.116","geometry":{"type":"LineString","coordinates":[[3.163402,50.698131],[3.161478,50.698802],[3.159745,50.699406]]},"geometry_name":"geom","properties":{"nom_de_la_rue":"Rue de Lorraine","st_length_shape":464.650690802277}},{"type":"Feature","id":"filaire_des_voies_de_la_ville_de_roubaix.117","geometry":{"type":"LineString","coordinates":[[3.157566,50.696622],[3.156396,50.697005]]},"geometry_name":"geom","properties":{"nom_de_la_rue":"Rue de Milan","st_length_shape":146.579617524539}},{"type":"Feature","id":"filaire_des_voies_de_la_ville_de_roubaix.118","geometry":{"type":"LineString","coordinates":[[3.159092,50.697246],[3.159784,50.697694],[3.161478,50.698802]]},"geometry_name":"geom","properties":{"nom_de_la_rue":"Rue des Vosges","st_length_shape":381.179780109266}},{"type":"Feature","id":"filaire_des_voies_de_la_ville_de_roubaix.119","geometry":{"type":"LineString","coordinates":[[3.161849,50.695796],[3.161934,50.695907],[3.162434,50.696694]]},"geometry_name":"geom","properties":{"nom_de_la_rue":"Rue de l'Ouest","st_length_shape":170.740169531984}},{"type":"Feature","id":"filaire_des_voies_de_la_ville_de_roubaix.120","geometry":{"type":"LineString","coordinates":[[3.168437,50.696786],[3.166988,50.69784]]},"geometry_name":"geom","properties":{"nom_de_la_rue":"Rue Emile Moreau","st_length_shape":245.548427132816}},{"type":"Feature","id":"filaire_des_voies_de_la_ville_de_roubaix.121","geometry":{"type":"LineString","coordinates":[[3.173822,50.703218],[3.174411,50.703502],[3.17484,50.70371],[3.174979,50.70377],[3.175087,50.70381],[3.175249,50.703854],[3.17617,50.704253]]},"geometry_name":"geom","properties":{"nom_de_la_rue":"Rue Rollin","st_length_shape":319.065760253714}},{"type":"Feature","id":"filaire_des_voies_de_la_ville_de_roubaix.122","geometry":{"type":"LineString","coordinates":[[3.16423,50.703963],[3.165822,50.704371],[3.166704,50.704591],[3.16784,50.704885],[3.17021,50.70558]]},"geometry_name":"geom","properties":{"nom_de_la_rue":"Quai de Dunkerque","st_length_shape":724.124662125479}},{"type":"Feature","id":"filaire_des_voies_de_la_ville_de_roubaix.123","geometry":{"type":"LineString","coordinates":[[3.178069,50.702135],[3.176941,50.702863],[3.176864,50.702876]]},"geometry_name":"geom","properties":{"nom_de_la_rue":"Rue La Bruyère","st_length_shape":188.07261725975}},{"type":"Feature","id":"filaire_des_voies_de_la_ville_de_roubaix.124","geometry":{"type":"LineString","coordinates":[[3.186094,50.697423],[3.184392,50.696871],[3.184174,50.696803]]},"geometry_name":"geom","properties":{"nom_de_la_rue":"Rue Parmentier","st_length_shape":239.962816872357}},{"type":"Feature","id":"filaire_des_voies_de_la_ville_de_roubaix.125","geometry":{"type":"LineString","coordinates":[[3.186022,50.697552],[3.186877,50.697788],[3.187453,50.697951]]},"geometry_name":"geom","properties":{"nom_de_la_rue":"Rue Ampère","st_length_shape":173.982115318828}},{"type":"Feature","id":"filaire_des_voies_de_la_ville_de_roubaix.126","geometry":{"type":"LineString","coordinates":[[3.193849,50.694998],[3.193997,50.695983],[3.194119,50.696835],[3.194248,50.697666],[3.194371,50.697815]]},"geometry_name":"geom","properties":{"nom_de_la_rue":"Rue de la Conférence","st_length_shape":500.603821648756}},{"type":"Feature","id":"filaire_des_voies_de_la_ville_de_roubaix.127","geometry":{"type":"LineString","coordinates":[[3.1903,50.694403],[3.190808,50.693658],[3.191058,50.693295],[3.191582,50.692892]]},"geometry_name":"geom","properties":{"nom_de_la_rue":"Quai de Cherbourg","st_length_shape":303.910705989181}},{"type":"Feature","id":"filaire_des_voies_de_la_ville_de_roubaix.128","geometry":{"type":"LineString","coordinates":[[3.188033,50.694034],[3.188696,50.692881]]},"geometry_name":"geom","properties":{"nom_de_la_rue":"Rue Nadaud","st_length_shape":215.631289965371}},{"type":"Feature","id":"filaire_des_voies_de_la_ville_de_roubaix.129","geometry":{"type":"LineString","coordinates":[[3.187586,50.694068],[3.18788,50.694086]]},"geometry_name":"geom","properties":{"nom_de_la_rue":"Place Nadaud","st_length_shape":32.9389889360618}},{"type":"Feature","id":"filaire_des_voies_de_la_ville_de_roubaix.130","geometry":{"type":"LineString","coordinates":[[3.190049,50.691119],[3.190114,50.692552]]},"geometry_name":"geom","properties":{"nom_de_la_rue":"Rue Newton","st_length_shape":251.859606595679}},{"type":"Feature","id":"filaire_des_voies_de_la_ville_de_roubaix.131","geometry":{"type":"LineString","coordinates":[[3.198395,50.690959],[3.198487,50.690824],[3.199933,50.690094],[3.200126,50.690003],[3.201648,50.689256]]},"geometry_name":"geom","properties":{"nom_de_la_rue":"Rue Molière","st_length_shape":472.665418897878}},{"type":"Feature","id":"filaire_des_voies_de_la_ville_de_roubaix.132","geometry":{"type":"LineString","coordinates":[[3.201648,50.689256],[3.203546,50.689729]]},"geometry_name":"geom","properties":{"nom_de_la_rue":"Rue de Sévigné","st_length_shape":227.037766385243}},{"type":"Feature","id":"filaire_des_voies_de_la_ville_de_roubaix.133","geometry":{"type":"LineString","coordinates":[[3.211507,50.686723],[3.210925,50.686431],[3.209715,50.685755]]},"geometry_name":"geom","properties":{"nom_de_la_rue":"Rue Marcel Arnaud","st_length_shape":262.205878059818}},{"type":"Feature","id":"filaire_des_voies_de_la_ville_de_roubaix.134","geometry":{"type":"MultiLineString","coordinates":[[[3.199325,50.68637],[3.200601,50.687295]],[[3.204047,50.689109],[3.202148,50.688598],[3.201782,50.688377],[3.201212,50.687904],[3.2006,50.687295]]]},"geometry_name":"geom","properties":{"nom_de_la_rue":"Rue d'Anzin","st_length_shape":733.22115081077}},{"type":"Feature","id":"filaire_des_voies_de_la_ville_de_roubaix.135","geometry":{"type":"LineString","coordinates":[[3.205827,50.69113],[3.20584,50.690916],[3.206166,50.690815],[3.208154,50.690132],[3.209161,50.689777],[3.20933,50.689727],[3.209541,50.689692],[3.210068,50.689659]]},"geometry_name":"geom","properties":{"nom_de_la_rue":"Rue de Leers","st_length_shape":562.111067156875}},{"type":"Feature","id":"filaire_des_voies_de_la_ville_de_roubaix.136","geometry":{"type":"LineString","coordinates":[[3.208441,50.683403],[3.210398,50.684699],[3.210944,50.685066],[3.211073,50.685164],[3.211833,50.685812],[3.212065,50.686032],[3.213497,50.68684],[3.213809,50.686929],[3.215031,50.68699],[3.215243,50.687034],[3.215994,50.687338],[3.216074,50.687395]]},"geometry_name":"geom","properties":{"nom_de_la_rue":"Rue de Carihem","st_length_shape":1139.89550597873}},{"type":"Feature","id":"filaire_des_voies_de_la_ville_de_roubaix.137","geometry":{"type":"LineString","coordinates":[[3.196991,50.68697],[3.199084,50.686607]]},"geometry_name":"geom","properties":{"nom_de_la_rue":"Rue Beaumarchais","st_length_shape":241.555802913385}},{"type":"Feature","id":"filaire_des_voies_de_la_ville_de_roubaix.138","geometry":{"type":"LineString","coordinates":[[3.194297,50.68677],[3.194563,50.686858],[3.194794,50.686934],[3.195033,50.687012],[3.19625,50.687393],[3.19625,50.687394]]},"geometry_name":"geom","properties":{"nom_de_la_rue":"Rue Bourdaloue","st_length_shape":243.446352828893}},{"type":"Feature","id":"filaire_des_voies_de_la_ville_de_roubaix.139","geometry":{"type":"LineString","coordinates":[[3.196103,50.688132],[3.196726,50.687555],[3.197243,50.687094]]},"geometry_name":"geom","properties":{"nom_de_la_rue":"Rue Kléber","st_length_shape":222.134946543052}},{"type":"Feature","id":"filaire_des_voies_de_la_ville_de_roubaix.140","geometry":{"type":"LineString","coordinates":[[3.193844,50.687229],[3.194362,50.687433],[3.195323,50.687807],[3.196103,50.688132]]},"geometry_name":"geom","properties":{"nom_de_la_rue":"Rue d'Antoing","st_length_shape":297.322110080036}},{"type":"Feature","id":"filaire_des_voies_de_la_ville_de_roubaix.141","geometry":{"type":"LineString","coordinates":[[3.188893,50.688283],[3.190419,50.688921],[3.191595,50.689422],[3.192567,50.689835],[3.193703,50.690319]]},"geometry_name":"geom","properties":{"nom_de_la_rue":"Rue Marie Buisine","st_length_shape":644.04016642053}},{"type":"Feature","id":"filaire_des_voies_de_la_ville_de_roubaix.142","geometry":{"type":"LineString","coordinates":[[3.191894,50.686621],[3.19129,50.687247]]},"geometry_name":"geom","properties":{"nom_de_la_rue":"Rue Lafayette","st_length_shape":128.950012990344}},{"type":"Feature","id":"filaire_des_voies_de_la_ville_de_roubaix.143","geometry":{"type":"LineString","coordinates":[[3.188656,50.6865],[3.190177,50.685384]]},"geometry_name":"geom","properties":{"nom_de_la_rue":"Rue Nabuchodonosor","st_length_shape":259.110889775787}},{"type":"Feature","id":"filaire_des_voies_de_la_ville_de_roubaix.144","geometry":{"type":"LineString","coordinates":[[3.202134,50.679439],[3.202606,50.678812],[3.202778,50.678532],[3.202978,50.678374],[3.203319,50.678229],[3.203744,50.678234],[3.204043,50.678331],[3.204444,50.678577],[3.205506,50.679232],[3.206307,50.679578]]},"geometry_name":"geom","properties":{"nom_de_la_rue":"Rue Alexander Fleming","st_length_shape":675.769254316834}},{"type":"Feature","id":"filaire_des_voies_de_la_ville_de_roubaix.145","geometry":{"type":"LineString","coordinates":[[3.188494,50.68351],[3.187811,50.683894]]},"geometry_name":"geom","properties":{"nom_de_la_rue":"Rue Santos Dumont","st_length_shape":101.722321248043}},{"type":"Feature","id":"filaire_des_voies_de_la_ville_de_roubaix.146","geometry":{"type":"LineString","coordinates":[[3.189842,50.684481],[3.188494,50.68351],[3.187943,50.683115],[3.187617,50.682873],[3.187015,50.682434]]},"geometry_name":"geom","properties":{"nom_de_la_rue":"Rue Montgolfier","st_length_shape":477.860456577661}},{"type":"Feature","id":"filaire_des_voies_de_la_ville_de_roubaix.147","geometry":{"type":"LineString","coordinates":[[3.182698,50.688545],[3.182408,50.688604],[3.18203,50.688662],[3.181814,50.688704],[3.181674,50.688768],[3.181467,50.688918],[3.181141,50.689175],[3.180925,50.689247],[3.180808,50.689321],[3.180442,50.689614],[3.180218,50.689805],[3.180074,50.68991],[3.179974,50.68991],[3.179688,50.689802],[3.179618,50.68976],[3.179526,50.68955]]},"geometry_name":"geom","properties":{"nom_de_la_rue":"Rue de Lannoy","st_length_shape":489.319719422289}},{"type":"Feature","id":"filaire_des_voies_de_la_ville_de_roubaix.148","geometry":{"type":"LineString","coordinates":[[3.19531,50.679102],[3.196383,50.678398]]},"geometry_name":"geom","properties":{"nom_de_la_rue":"Rue Michel Ange","st_length_shape":171.896746368423}},{"type":"Feature","id":"filaire_des_voies_de_la_ville_de_roubaix.149","geometry":{"type":"LineString","coordinates":[[3.19861,50.672501],[3.19743,50.673668]]},"geometry_name":"geom","properties":{"nom_de_la_rue":"Avenue Jean Cocteau","st_length_shape":243.50535880206}},{"type":"Feature","id":"filaire_des_voies_de_la_ville_de_roubaix.150","geometry":{"type":"LineString","coordinates":[[3.199919,50.671828],[3.198793,50.672571]]},"geometry_name":"geom","properties":{"nom_de_la_rue":"Avenue Amédée Prouvost","st_length_shape":180.954521998706}},{"type":"Feature","id":"filaire_des_voies_de_la_ville_de_roubaix.151","geometry":{"type":"LineString","coordinates":[[3.188039,50.67485],[3.188882,50.6744],[3.189726,50.673971],[3.190572,50.673546]]},"geometry_name":"geom","properties":{"nom_de_la_rue":"Allée Pierre Bonnard","st_length_shape":363.398223935444}},{"type":"Feature","id":"filaire_des_voies_de_la_ville_de_roubaix.152","geometry":{"type":"LineString","coordinates":[[3.180972,50.671954],[3.181377,50.672421],[3.18154,50.672522],[3.181923,50.672639]]},"geometry_name":"geom","properties":{"nom_de_la_rue":"Cité Motte grimonprez","st_length_shape":166.329422702266}},{"type":"Feature","id":"filaire_des_voies_de_la_ville_de_roubaix.153","geometry":{"type":"LineString","coordinates":[[3.183372,50.675782],[3.182891,50.676027]]},"geometry_name":"geom","properties":{"nom_de_la_rue":"Rue des Jardins","st_length_shape":68.7034955970218}},{"type":"Feature","id":"filaire_des_voies_de_la_ville_de_roubaix.154","geometry":{"type":"LineString","coordinates":[[3.17841,50.677268],[3.179084,50.676907],[3.1797,50.676592],[3.180362,50.676242],[3.182178,50.675306],[3.182562,50.675107],[3.183257,50.674742],[3.183809,50.674464],[3.184608,50.674051]]},"geometry_name":"geom","properties":{"nom_de_la_rue":"Boulevard de Fourmies","st_length_shape":891.857904866245}},{"type":"Feature","id":"filaire_des_voies_de_la_ville_de_roubaix.155","geometry":{"type":"LineString","coordinates":[[3.187653,50.680877],[3.187232,50.680408]]},"geometry_name":"geom","properties":{"nom_de_la_rue":"Rue Belle-vue","st_length_shape":94.8504030104775}},{"type":"Feature","id":"filaire_des_voies_de_la_ville_de_roubaix.156","geometry":{"type":"LineString","coordinates":[[3.186881,50.67727],[3.188743,50.678628],[3.188795,50.678827]]},"geometry_name":"geom","properties":{"nom_de_la_rue":"Rue Armand Meeschaert","st_length_shape":351.510816834234}},{"type":"Feature","id":"filaire_des_voies_de_la_ville_de_roubaix.157","geometry":{"type":"LineString","coordinates":[[3.183261,50.679079],[3.183894,50.678867],[3.184328,50.678679],[3.184562,50.678578],[3.184924,50.678373],[3.185231,50.6782],[3.185496,50.67805],[3.185856,50.677849]]},"geometry_name":"geom","properties":{"nom_de_la_rue":"Rue Jean Baptiste Notte","st_length_shape":362.453242135281}},{"type":"Feature","id":"filaire_des_voies_de_la_ville_de_roubaix.158","geometry":{"type":"LineString","coordinates":[[3.1905,50.677177],[3.189885,50.6769],[3.189335,50.676431]]},"geometry_name":"geom","properties":{"nom_de_la_rue":"Allée Raoul Dufy","st_length_shape":186.534333032151}},{"type":"Feature","id":"filaire_des_voies_de_la_ville_de_roubaix.159","geometry":{"type":"LineString","coordinates":[[3.19052,50.679077],[3.191607,50.678568],[3.190924,50.677986]]},"geometry_name":"geom","properties":{"nom_de_la_rue":"Allée Maurice Maertens","st_length_shape":277.835993212407}},{"type":"Feature","id":"filaire_des_voies_de_la_ville_de_roubaix.160","geometry":{"type":"LineString","coordinates":[[3.180561,50.677787],[3.179714,50.676666],[3.179701,50.676592],[3.179173,50.676232],[3.179032,50.67619]]},"geometry_name":"geom","properties":{"nom_de_la_rue":"Rue Meissonier","st_length_shape":335.129925693777}},{"type":"Feature","id":"filaire_des_voies_de_la_ville_de_roubaix.161","geometry":{"type":"LineString","coordinates":[[3.180362,50.676242],[3.179546,50.675564],[3.178724,50.674865],[3.17694,50.673397]]},"geometry_name":"geom","properties":{"nom_de_la_rue":"Rue Bernard Palissy","st_length_shape":628.546140628171}},{"type":"Feature","id":"filaire_des_voies_de_la_ville_de_roubaix.162","geometry":{"type":"LineString","coordinates":[[3.176455,50.67692],[3.178753,50.67621]]},"geometry_name":"geom","properties":{"nom_de_la_rue":"Rue Hilarion Frémaux","st_length_shape":284.607347586056}},{"type":"Feature","id":"filaire_des_voies_de_la_ville_de_roubaix.163","geometry":{"type":"LineString","coordinates":[[3.183189,50.688784],[3.181617,50.690038],[3.181504,50.690584]]},"geometry_name":"geom","properties":{"nom_de_la_rue":"Rue Saint Exupéry","st_length_shape":378.187098430046}},{"type":"Feature","id":"filaire_des_voies_de_la_ville_de_roubaix.164","geometry":{"type":"LineString","coordinates":[[3.184152,50.68744],[3.184418,50.687637],[3.184468,50.687699],[3.18471,50.68785],[3.184876,50.687972],[3.184928,50.688038],[3.185278,50.688299],[3.185634,50.688566]]},"geometry_name":"geom","properties":{"nom_de_la_rue":"Rue des Fossés","st_length_shape":258.372027855088}},{"type":"Feature","id":"filaire_des_voies_de_la_ville_de_roubaix.165","geometry":{"type":"LineString","coordinates":[[3.177205,50.684129],[3.179103,50.683335],[3.181002,50.682541]]},"geometry_name":"geom","properties":{"nom_de_la_rue":"Rue de Denain","st_length_shape":506.404993045801}},{"type":"Feature","id":"filaire_des_voies_de_la_ville_de_roubaix.166","geometry":{"type":"LineString","coordinates":[[3.176695,50.684064],[3.176297,50.683871],[3.17566,50.683568],[3.174849,50.683183],[3.174399,50.68305],[3.174326,50.683025]]},"geometry_name":"geom","properties":{"nom_de_la_rue":"Rue Daguesseau","st_length_shape":321.815040967579}},{"type":"Feature","id":"filaire_des_voies_de_la_ville_de_roubaix.167","geometry":{"type":"LineString","coordinates":[[3.163112,50.683757],[3.163435,50.683591],[3.164178,50.683231],[3.165654,50.682504],[3.165871,50.682401],[3.167871,50.681414]]},"geometry_name":"geom","properties":{"nom_de_la_rue":"Boulevard de Cambrai","st_length_shape":670.941062796039}},{"type":"Feature","id":"filaire_des_voies_de_la_ville_de_roubaix.168","geometry":{"type":"LineString","coordinates":[[3.161765,50.677889],[3.160451,50.678453]]},"geometry_name":"geom","properties":{"nom_de_la_rue":"Avenue des Cottages","st_length_shape":176.764448173975}},{"type":"Feature","id":"filaire_des_voies_de_la_ville_de_roubaix.169","geometry":{"type":"LineString","coordinates":[[3.17422,50.683077],[3.174078,50.683042],[3.173341,50.682579],[3.172967,50.682116],[3.172753,50.681962],[3.170936,50.681134],[3.170752,50.680948],[3.170285,50.680473],[3.169986,50.680178],[3.169941,50.680139],[3.169499,50.679754],[3.168524,50.678891],[3.16832,50.678704],[3.168157,50.678519],[3.167064,50.677104],[3.166943,50.676963],[3.166325,50.676276],[3.166085,50.676073],[3.165251,50.675552]]},"geometry_name":"geom","properties":{"nom_de_la_rue":"Rue de Barbieux","st_length_shape":1682.09419525669}},{"type":"Feature","id":"filaire_des_voies_de_la_ville_de_roubaix.170","geometry":{"type":"LineString","coordinates":[[3.172513,50.672743],[3.171933,50.672955],[3.171438,50.673147],[3.170897,50.673593],[3.17054,50.67371],[3.170213,50.674012],[3.170174,50.674048],[3.17013,50.674079],[3.170083,50.674104],[3.170033,50.674123],[3.16998,50.674135],[3.169927,50.674139],[3.169873,50.674137],[3.169821,50.674128],[3.16977,50.674111],[3.169721,50.674089],[3.169676,50.674059],[3.169635,50.674025],[3.1696,50.673985],[3.169569,50.673941],[3.169545,50.673893],[3.169527,50.673842],[3.169528,50.673603],[3.169611,50.673482],[3.169704,50.67339],[3.169846,50.673306],[3.170145,50.673193],[3.170207,50.67313],[3.170246,50.673055],[3.170244,50.672975],[3.170211,50.672853],[3.17015,50.672719],[3.17012,50.672551],[3.170096,50.672183],[3.170096,50.672136],[3.170103,50.672089],[3.170116,50.672044],[3.170135,50.672001],[3.170159,50.67196],[3.170215,50.671927],[3.170274,50.671899],[3.170335,50.671878],[3.170399,50.671863],[3.170463,50.671855],[3.170528,50.671853],[3.170593,50.671858],[3.170657,50.67187],[3.170719,50.671888],[3.170832,50.671915],[3.171004,50.671951],[3.171583,50.671981],[3.171777,50.67196]]},"geometry_name":"geom","properties":{"nom_de_la_rue":"Avenue des Hêtres","st_length_shape":1018.10534956176}},{"type":"Feature","id":"filaire_des_voies_de_la_ville_de_roubaix.171","geometry":{"type":"LineString","coordinates":[[3.171153,50.67381],[3.170891,50.673594]]},"geometry_name":"geom","properties":{"nom_de_la_rue":"Allée des Cèdres","st_length_shape":47.8376188682087}},{"type":"Feature","id":"filaire_des_voies_de_la_ville_de_roubaix.172","geometry":{"type":"LineString","coordinates":[[3.171936,50.672958],[3.172126,50.673196],[3.172093,50.67342]]},"geometry_name":"geom","properties":{"nom_de_la_rue":"Allée des Marronniers","st_length_shape":86.3170628089028}},{"type":"Feature","id":"filaire_des_voies_de_la_ville_de_roubaix.173","geometry":{"type":"LineString","coordinates":[[3.171206,50.673128],[3.170914,50.673227],[3.170751,50.673041]]},"geometry_name":"geom","properties":{"nom_de_la_rue":"Allée des Thuyas","st_length_shape":73.9891659793024}},{"type":"Feature","id":"filaire_des_voies_de_la_ville_de_roubaix.174","geometry":{"type":"LineString","coordinates":[[3.183754,50.689673],[3.18558,50.690576],[3.185612,50.690693],[3.185861,50.690822]]},"geometry_name":"geom","properties":{"nom_de_la_rue":"Rue du Docteur Albert Schweitzer","st_length_shape":314.641155715798}},{"type":"Feature","id":"filaire_des_voies_de_la_ville_de_roubaix.175","geometry":{"type":"LineString","coordinates":[[3.181706,50.692992],[3.18122,50.693841],[3.180502,50.695134]]},"geometry_name":"geom","properties":{"nom_de_la_rue":"Rue Notre Dame des Victoires","st_length_shape":399.641866010184}},{"type":"Feature","id":"filaire_des_voies_de_la_ville_de_roubaix.176","geometry":{"type":"LineString","coordinates":[[3.173458,50.690429],[3.174891,50.690566]]},"geometry_name":"geom","properties":{"nom_de_la_rue":"Rue de l'Hotel de Ville","st_length_shape":161.371461055448}},{"type":"Feature","id":"filaire_des_voies_de_la_ville_de_roubaix.177","geometry":{"type":"LineString","coordinates":[[3.185293,50.693587],[3.184891,50.694243]]},"geometry_name":"geom","properties":{"nom_de_la_rue":"Rue Léon Allart","st_length_shape":123.643209585525}},{"type":"Feature","id":"filaire_des_voies_de_la_ville_de_roubaix.178","geometry":{"type":"LineString","coordinates":[[3.182154,50.696634],[3.180282,50.696849]]},"geometry_name":"geom","properties":{"nom_de_la_rue":"Rue Ternaux","st_length_shape":211.730708900244}},{"type":"Feature","id":"filaire_des_voies_de_la_ville_de_roubaix.179","geometry":{"type":"LineString","coordinates":[[3.178374,50.692444],[3.177645,50.693321],[3.177383,50.693501],[3.176771,50.694245]]},"geometry_name":"geom","properties":{"nom_de_la_rue":"Rue Jean Monnet","st_length_shape":364.631857062821}},{"type":"Feature","id":"filaire_des_voies_de_la_ville_de_roubaix.180","geometry":{"type":"LineString","coordinates":[[3.171367,50.69676],[3.170673,50.695983],[3.170622,50.695938],[3.169948,50.6954]]},"geometry_name":"geom","properties":{"nom_de_la_rue":"Rue Charlie Chaplin","st_length_shape":287.379189906404}},{"type":"Feature","id":"filaire_des_voies_de_la_ville_de_roubaix.181","geometry":{"type":"LineString","coordinates":[[3.168116,50.693691],[3.16784,50.693081]]},"geometry_name":"geom","properties":{"nom_de_la_rue":"Rue Pasteur","st_length_shape":111.444037156682}},{"type":"Feature","id":"filaire_des_voies_de_la_ville_de_roubaix.182","geometry":{"type":"LineString","coordinates":[[3.189607,50.701312],[3.188669,50.702522]]},"geometry_name":"geom","properties":{"nom_de_la_rue":"Rue de Biskra","st_length_shape":236.874035629615}},{"type":"Feature","id":"filaire_des_voies_de_la_ville_de_roubaix.183","geometry":{"type":"LineString","coordinates":[[3.187518,50.7013],[3.187735,50.700847]]},"geometry_name":"geom","properties":{"nom_de_la_rue":"Rue de la Brasserie","st_length_shape":83.245353987595}},{"type":"Feature","id":"filaire_des_voies_de_la_ville_de_roubaix.184","geometry":{"type":"LineString","coordinates":[[3.157067,50.691526],[3.155952,50.691994]]},"geometry_name":"geom","properties":{"nom_de_la_rue":"Rue des Grapperies","st_length_shape":148.883298331848}},{"type":"Feature","id":"filaire_des_voies_de_la_ville_de_roubaix.185","geometry":{"type":"LineString","coordinates":[[3.155267,50.687613],[3.15483,50.687266],[3.154839,50.687216]]},"geometry_name":"geom","properties":{"nom_de_la_rue":"Rue Morse","st_length_shape":86.8114151543705}},{"type":"Feature","id":"filaire_des_voies_de_la_ville_de_roubaix.186","geometry":{"type":"LineString","coordinates":[[3.156822,50.686713],[3.158206,50.687889],[3.15839,50.687853]]},"geometry_name":"geom","properties":{"nom_de_la_rue":"Rue Cugnot","st_length_shape":279.17280609301}},{"type":"Feature","id":"filaire_des_voies_de_la_ville_de_roubaix.187","geometry":{"type":"LineString","coordinates":[[3.15839,50.687853],[3.158861,50.687555],[3.159533,50.687243],[3.160467,50.686823],[3.161349,50.686426],[3.16179,50.686227]]},"geometry_name":"geom","properties":{"nom_de_la_rue":"Rue Watt","st_length_shape":475.114037301392}},{"type":"Feature","id":"filaire_des_voies_de_la_ville_de_roubaix.188","geometry":{"type":"LineString","coordinates":[[3.163112,50.683757],[3.162312,50.684213],[3.161607,50.68462],[3.160888,50.685031],[3.158834,50.685979],[3.158656,50.686011]]},"geometry_name":"geom","properties":{"nom_de_la_rue":"Boulevard Montesquieu","st_length_shape":637.242541132065}},{"type":"Feature","id":"filaire_des_voies_de_la_ville_de_roubaix.189","geometry":{"type":"LineString","coordinates":[[3.161349,50.686426],[3.16054,50.685534]]},"geometry_name":"geom","properties":{"nom_de_la_rue":"Cour Six Watt","st_length_shape":180.729731830986}},{"type":"Feature","id":"filaire_des_voies_de_la_ville_de_roubaix.190","geometry":{"type":"LineString","coordinates":[[3.163551,50.687372],[3.162704,50.686462]]},"geometry_name":"geom","properties":{"nom_de_la_rue":"Allée des Saules","st_length_shape":185.636629771874}},{"type":"Feature","id":"filaire_des_voies_de_la_ville_de_roubaix.191","geometry":{"type":"LineString","coordinates":[[3.168994,50.690201],[3.169227,50.690425],[3.16992,50.691398]]},"geometry_name":"geom","properties":{"nom_de_la_rue":"Rue du Bois","st_length_shape":234.622300916126}},{"type":"Feature","id":"filaire_des_voies_de_la_ville_de_roubaix.192","geometry":{"type":"LineString","coordinates":[[3.164253,50.684303],[3.16423,50.684518],[3.164316,50.684628],[3.164354,50.68467],[3.165039,50.685486],[3.165573,50.686124],[3.166067,50.686718]]},"geometry_name":"geom","properties":{"nom_de_la_rue":"Rue Inkermann","st_length_shape":475.146030345186}},{"type":"Feature","id":"filaire_des_voies_de_la_ville_de_roubaix.193","geometry":{"type":"LineString","coordinates":[[3.160745,50.689697],[3.159586,50.69031]]},"geometry_name":"geom","properties":{"nom_de_la_rue":"Rue de Turenne","st_length_shape":167.998181094558}},{"type":"Feature","id":"filaire_des_voies_de_la_ville_de_roubaix.194","geometry":{"type":"LineString","coordinates":[[3.160096,50.690648],[3.159586,50.69031],[3.158873,50.689847]]},"geometry_name":"geom","properties":{"nom_de_la_rue":"Rue du Brondeloire","st_length_shape":195.698428164366}},{"type":"Feature","id":"filaire_des_voies_de_la_ville_de_roubaix.195","geometry":{"type":"LineString","coordinates":[[3.161272,50.691846],[3.16025,50.691091],[3.159848,50.6908]]},"geometry_name":"geom","properties":{"nom_de_la_rue":"Rue du Vivier","st_length_shape":242.763664742698}},{"type":"Feature","id":"filaire_des_voies_de_la_ville_de_roubaix.196","geometry":{"type":"LineString","coordinates":[[3.167123,50.691595],[3.166705,50.690602],[3.166477,50.690049]]},"geometry_name":"geom","properties":{"nom_de_la_rue":"Rue Mimerel","st_length_shape":281.056551771355}},{"type":"Feature","id":"filaire_des_voies_de_la_ville_de_roubaix.197","geometry":{"type":"LineString","coordinates":[[3.162638,50.689764],[3.1641,50.689875],[3.164494,50.689905],[3.165514,50.689978],[3.166477,50.690049],[3.166748,50.690069],[3.167425,50.690119],[3.167631,50.690133],[3.167836,50.690092]]},"geometry_name":"geom","properties":{"nom_de_la_rue":"Rue Rémy Cogghe","st_length_shape":583.527049384892}},{"type":"Feature","id":"filaire_des_voies_de_la_ville_de_roubaix.198","geometry":{"type":"LineString","coordinates":[[3.167836,50.690092],[3.166267,50.688878],[3.165454,50.688244]]},"geometry_name":"geom","properties":{"nom_de_la_rue":"Rue du Trichon","st_length_shape":419.236778902966}},{"type":"Feature","id":"filaire_des_voies_de_la_ville_de_roubaix.199","geometry":{"type":"LineString","coordinates":[[3.163109,50.692198],[3.163017,50.69237],[3.163314,50.692989],[3.163768,50.693726],[3.164349,50.694546],[3.164743,50.695084]]},"geometry_name":"geom","properties":{"nom_de_la_rue":"Rue de l'Alouette","st_length_shape":546.687281360711}},{"type":"Feature","id":"filaire_des_voies_de_la_ville_de_roubaix.200","geometry":{"type":"LineString","coordinates":[[3.153326,50.688531],[3.153163,50.688545]]},"geometry_name":"geom","properties":{"nom_de_la_rue":"Boulevard de la Limite","st_length_shape":18.3218026332018}},{"type":"Feature","id":"filaire_des_voies_de_la_ville_de_roubaix.201","geometry":{"type":"LineString","coordinates":[[3.168181,50.703737],[3.167364,50.704321],[3.167156,50.704471]]},"geometry_name":"geom","properties":{"nom_de_la_rue":"Rue Jean Bart","st_length_shape":172.234003592893}},{"type":"Feature","id":"filaire_des_voies_de_la_ville_de_roubaix.202","geometry":{"type":"LineString","coordinates":[[3.17233,50.700028],[3.171494,50.701338]]},"geometry_name":"geom","properties":{"nom_de_la_rue":"Rue des Fondeurs","st_length_shape":248.226952221329}},{"type":"Feature","id":"filaire_des_voies_de_la_ville_de_roubaix.203","geometry":{"type":"LineString","coordinates":[[3.174167,50.699595],[3.174139,50.699547],[3.173692,50.699257],[3.172801,50.698981],[3.172647,50.698958],[3.172177,50.69881]]},"geometry_name":"geom","properties":{"nom_de_la_rue":"Rue Henri Carrette","st_length_shape":266.707003691031}},{"type":"Feature","id":"filaire_des_voies_de_la_ville_de_roubaix.204","geometry":{"type":"LineString","coordinates":[[3.17922,50.69483],[3.179447,50.694298],[3.180182,50.692736]]},"geometry_name":"geom","properties":{"nom_de_la_rue":"Rue du Collège","st_length_shape":383.287831607679}},{"type":"Feature","id":"filaire_des_voies_de_la_ville_de_roubaix.205","geometry":{"type":"LineString","coordinates":[[3.177812,50.697192],[3.178408,50.696232],[3.178759,50.695662],[3.17922,50.69483]]},"geometry_name":"geom","properties":{"nom_de_la_rue":"Rue du Collège","st_length_shape":443.690588966962}},{"type":"Feature","id":"filaire_des_voies_de_la_ville_de_roubaix.206","geometry":{"type":"LineString","coordinates":[[3.174704,50.699341],[3.176915,50.698609],[3.176961,50.69856],[3.177288,50.698045],[3.177812,50.697192]]},"geometry_name":"geom","properties":{"nom_de_la_rue":"Rue du Collège","st_length_shape":546.165598051238}},{"type":"Feature","id":"filaire_des_voies_de_la_ville_de_roubaix.207","geometry":{"type":"LineString","coordinates":[[3.177548,50.69948],[3.177642,50.699541],[3.178411,50.699948]]},"geometry_name":"geom","properties":{"nom_de_la_rue":"Rue de Courtrai","st_length_shape":126.509855841775}},{"type":"Feature","id":"filaire_des_voies_de_la_ville_de_roubaix.208","geometry":{"type":"LineString","coordinates":[[3.193741,50.702234],[3.192066,50.704358]]},"geometry_name":"geom","properties":{"nom_de_la_rue":"Rue du Caire","st_length_shape":417.321814584692}},{"type":"Feature","id":"filaire_des_voies_de_la_ville_de_roubaix.209","geometry":{"type":"LineString","coordinates":[[3.185818,50.704519],[3.184881,50.705318]]},"geometry_name":"geom","properties":{"nom_de_la_rue":"Impasse Oste de Roubaix","st_length_shape":174.906268782482}},{"type":"Feature","id":"filaire_des_voies_de_la_ville_de_roubaix.210","geometry":{"type":"LineString","coordinates":[[3.16103,50.703001],[3.164358,50.70206]]},"geometry_name":"geom","properties":{"nom_de_la_rue":"Rue Racine","st_length_shape":405.680956237534}},{"type":"Feature","id":"filaire_des_voies_de_la_ville_de_roubaix.211","geometry":{"type":"LineString","coordinates":[[3.160554,50.703491],[3.160502,50.703812],[3.160472,50.704006]]},"geometry_name":"geom","properties":{"nom_de_la_rue":"Bd Gambetta (Tourcoing)","st_length_shape":90.9943534850002}},{"type":"Feature","id":"filaire_des_voies_de_la_ville_de_roubaix.212","geometry":{"type":"LineString","coordinates":[[3.155037,50.697731],[3.155953,50.697906],[3.157729,50.698245],[3.157917,50.698224]]},"geometry_name":"geom","properties":{"nom_de_la_rue":"Rue Charles Gounod","st_length_shape":334.325591438382}},{"type":"Feature","id":"filaire_des_voies_de_la_ville_de_roubaix.213","geometry":{"type":"LineString","coordinates":[[3.156963,50.696146],[3.157566,50.696622],[3.157954,50.696932]]},"geometry_name":"geom","properties":{"nom_de_la_rue":"Rue de Gênes","st_length_shape":176.682046680262}},{"type":"Feature","id":"filaire_des_voies_de_la_ville_de_roubaix.214","geometry":{"type":"LineString","coordinates":[[3.159318,50.693605],[3.159516,50.693684],[3.160312,50.694409],[3.160715,50.694769],[3.161849,50.695796]]},"geometry_name":"geom","properties":{"nom_de_la_rue":"Rue de l'Ouest","st_length_shape":479.084638355592}},{"type":"Feature","id":"filaire_des_voies_de_la_ville_de_roubaix.215","geometry":{"type":"LineString","coordinates":[[3.17028,50.702717],[3.170128,50.702619],[3.169647,50.702306],[3.169036,50.701911],[3.16858,50.701613],[3.168099,50.701299],[3.168019,50.701187],[3.167562,50.700644]]},"geometry_name":"geom","properties":{"nom_de_la_rue":"Rue Jacquard","st_length_shape":477.722940841256}},{"type":"Feature","id":"filaire_des_voies_de_la_ville_de_roubaix.216","geometry":{"type":"LineString","coordinates":[[3.164358,50.70206],[3.164636,50.702298],[3.165119,50.702759],[3.165396,50.703025],[3.165969,50.703571],[3.166748,50.704315],[3.166609,50.704563]]},"geometry_name":"geom","properties":{"nom_de_la_rue":"Boulevard des Bâtisseurs","st_length_shape":523.70987313952}},{"type":"Feature","id":"filaire_des_voies_de_la_ville_de_roubaix.217","geometry":{"type":"LineString","coordinates":[[3.169962,50.705954],[3.171336,50.706308],[3.172036,50.706488],[3.172195,50.706531],[3.172615,50.706635],[3.173464,50.706834],[3.174678,50.707023],[3.175624,50.707095],[3.176632,50.707087],[3.177907,50.706983],[3.17838,50.706904],[3.179392,50.706731],[3.179572,50.706851]]},"geometry_name":"geom","properties":{"nom_de_la_rue":"Promenade au Fil de l'eau","st_length_shape":1120.30403067309}},{"type":"Feature","id":"filaire_des_voies_de_la_ville_de_roubaix.218","geometry":{"type":"LineString","coordinates":[[3.175387,50.70124],[3.176003,50.701314],[3.177051,50.701665],[3.17786,50.701932],[3.178069,50.702135],[3.178487,50.702535],[3.178677,50.702749],[3.178918,50.703455]]},"geometry_name":"geom","properties":{"nom_de_la_rue":"Rue de la Basse Masure","st_length_shape":600.328419818336}},{"type":"Feature","id":"filaire_des_voies_de_la_ville_de_roubaix.219","geometry":{"type":"LineString","coordinates":[[3.182199,50.698857],[3.182558,50.698988],[3.182603,50.699032]]},"geometry_name":"geom","properties":{"nom_de_la_rue":"Impasse Beaufort","st_length_shape":55.385163085193}},{"type":"Feature","id":"filaire_des_voies_de_la_ville_de_roubaix.220","geometry":{"type":"LineString","coordinates":[[3.18608,50.696118],[3.184894,50.695776]]},"geometry_name":"geom","properties":{"nom_de_la_rue":"Rue Montaigne","st_length_shape":145.014875536133}},{"type":"Feature","id":"filaire_des_voies_de_la_ville_de_roubaix.221","geometry":{"type":"LineString","coordinates":[[3.188209,50.696791],[3.18767,50.696671],[3.187528,50.696638],[3.186658,50.696438]]},"geometry_name":"geom","properties":{"nom_de_la_rue":"Rue Galilée","st_length_shape":183.453464656834}},{"type":"Feature","id":"filaire_des_voies_de_la_ville_de_roubaix.222","geometry":{"type":"LineString","coordinates":[[3.187199,50.697217],[3.187528,50.696638]]},"geometry_name":"geom","properties":{"nom_de_la_rue":"Rue Henri Martin","st_length_shape":108.208359053264}},{"type":"Feature","id":"filaire_des_voies_de_la_ville_de_roubaix.223","geometry":{"type":"LineString","coordinates":[[3.189599,50.694681],[3.188826,50.694614],[3.188317,50.694521],[3.188213,50.694463],[3.187905,50.694242]]},"geometry_name":"geom","properties":{"nom_de_la_rue":"Rue Perrot","st_length_shape":213.019780464072}},{"type":"Feature","id":"filaire_des_voies_de_la_ville_de_roubaix.224","geometry":{"type":"LineString","coordinates":[[3.188696,50.692881],[3.188967,50.692399],[3.189708,50.691128]]},"geometry_name":"geom","properties":{"nom_de_la_rue":"Boulevard de Colmar","st_length_shape":327.988334061837}},{"type":"Feature","id":"filaire_des_voies_de_la_ville_de_roubaix.225","geometry":{"type":"MultiLineString","coordinates":[[[3.205305,50.692927],[3.205099,50.693083],[3.204779,50.693309],[3.20446,50.69352],[3.204059,50.693723],[3.203612,50.693926],[3.202973,50.694142],[3.202705,50.694208],[3.202385,50.6943],[3.201681,50.69447],[3.20094,50.694643],[3.200232,50.69481],[3.199918,50.69488],[3.199689,50.69493],[3.199273,50.694963]],[[3.192498,50.694356],[3.193135,50.694547],[3.193839,50.694574],[3.194769,50.694562],[3.196775,50.694566],[3.197093,50.694626],[3.198016,50.695013],[3.198368,50.695055],[3.199252,50.694965]]]},"geometry_name":"geom","properties":{"nom_de_la_rue":"Rue d'Avelghem","st_length_shape":1560.5921210004}},{"type":"Feature","id":"filaire_des_voies_de_la_ville_de_roubaix.226","geometry":{"type":"LineString","coordinates":[[3.188033,50.694034],[3.189838,50.69433],[3.190057,50.694366],[3.1903,50.694403],[3.191083,50.69454],[3.192251,50.694737],[3.192629,50.694795],[3.193108,50.694876],[3.193849,50.694998],[3.196221,50.695388],[3.199312,50.695898],[3.199568,50.695941],[3.19986,50.695989]]},"geometry_name":"geom","properties":{"nom_de_la_rue":"Grande Rue","st_length_shape":1360.63458649174}},{"type":"Feature","id":"filaire_des_voies_de_la_ville_de_roubaix.227","geometry":{"type":"LineString","coordinates":[[3.201648,50.689256],[3.201444,50.689548],[3.200783,50.690358],[3.200605,50.690716],[3.200601,50.690868],[3.200473,50.690915]]},"geometry_name":"geom","properties":{"nom_de_la_rue":"Rue d'Orchies","st_length_shape":325.398658502117}},{"type":"Feature","id":"filaire_des_voies_de_la_ville_de_roubaix.228","geometry":{"type":"LineString","coordinates":[[3.206014,50.684214],[3.206302,50.68406],[3.207833,50.683711]]},"geometry_name":"geom","properties":{"nom_de_la_rue":"Rue de Cohem","st_length_shape":223.195315287272}},{"type":"Feature","id":"filaire_des_voies_de_la_ville_de_roubaix.229","geometry":{"type":"LineString","coordinates":[[3.20452,50.690843],[3.205541,50.690261],[3.206985,50.689237],[3.207365,50.688962],[3.207647,50.688765]]},"geometry_name":"geom","properties":{"nom_de_la_rue":"Rue Boucicaut","st_length_shape":505.229496473875}},{"type":"Feature","id":"filaire_des_voies_de_la_ville_de_roubaix.230","geometry":{"type":"LineString","coordinates":[[3.21558,50.689361],[3.214761,50.689469],[3.214442,50.689537],[3.213178,50.689792],[3.211212,50.690195],[3.209457,50.69053],[3.207001,50.691031],[3.206917,50.691122]]},"geometry_name":"geom","properties":{"nom_de_la_rue":"Quai du Grimonpont","st_length_shape":1018.1431120288}},{"type":"Feature","id":"filaire_des_voies_de_la_ville_de_roubaix.231","geometry":{"type":"LineString","coordinates":[[3.203176,50.682565],[3.203326,50.682649],[3.203871,50.682968],[3.206014,50.684214]]},"geometry_name":"geom","properties":{"nom_de_la_rue":"Rue Léo Lagrange","st_length_shape":428.653671303296}},{"type":"Feature","id":"filaire_des_voies_de_la_ville_de_roubaix.232","geometry":{"type":"LineString","coordinates":[[3.202054,50.684953],[3.201677,50.685377],[3.200955,50.686245]]},"geometry_name":"geom","properties":{"nom_de_la_rue":"Rue de Tournai","st_length_shape":257.864124007669}},{"type":"Feature","id":"filaire_des_voies_de_la_ville_de_roubaix.233","geometry":{"type":"LineString","coordinates":[[3.198143,50.687534],[3.198139,50.687609],[3.197157,50.688573]]},"geometry_name":"geom","properties":{"nom_de_la_rue":"Rue Soult","st_length_shape":214.872354375253}},{"type":"Feature","id":"filaire_des_voies_de_la_ville_de_roubaix.234","geometry":{"type":"LineString","coordinates":[[3.196638,50.688349],[3.197712,50.687324]]},"geometry_name":"geom","properties":{"nom_de_la_rue":"Rue Davoust","st_length_shape":216.08435337525}},{"type":"Feature","id":"filaire_des_voies_de_la_ville_de_roubaix.235","geometry":{"type":"LineString","coordinates":[[3.194204,50.688552],[3.193306,50.689249]]},"geometry_name":"geom","properties":{"nom_de_la_rue":"Rue Delezenne","st_length_shape":158.054423456795}},{"type":"Feature","id":"filaire_des_voies_de_la_ville_de_roubaix.236","geometry":{"type":"LineString","coordinates":[[3.189972,50.688179],[3.191024,50.687136]]},"geometry_name":"geom","properties":{"nom_de_la_rue":"Rue Réaumur","st_length_shape":217.363518399593}},{"type":"Feature","id":"filaire_des_voies_de_la_ville_de_roubaix.237","geometry":{"type":"LineString","coordinates":[[3.190896,50.687083],[3.191504,50.686465]]},"geometry_name":"geom","properties":{"nom_de_la_rue":"Rue Casimir Périer","st_length_shape":127.912371380801}},{"type":"Feature","id":"filaire_des_voies_de_la_ville_de_roubaix.238","geometry":{"type":"LineString","coordinates":[[3.191504,50.686465],[3.191894,50.686621]]},"geometry_name":"geom","properties":{"nom_de_la_rue":"Rue Guizot","st_length_shape":51.4011014497744}},{"type":"Feature","id":"filaire_des_voies_de_la_ville_de_roubaix.239","geometry":{"type":"LineString","coordinates":[[3.191298,50.685952],[3.19266,50.686644],[3.193844,50.687229]]},"geometry_name":"geom","properties":{"nom_de_la_rue":"Rue Lalande","st_length_shape":361.464370619683}},{"type":"Feature","id":"filaire_des_voies_de_la_ville_de_roubaix.240","geometry":{"type":"LineString","coordinates":[[3.190699,50.684094],[3.192045,50.685226]]},"geometry_name":"geom","properties":{"nom_de_la_rue":"Rue Masséna","st_length_shape":249.053743149325}},{"type":"Feature","id":"filaire_des_voies_de_la_ville_de_roubaix.241","geometry":{"type":"LineString","coordinates":[[3.192549,50.683378],[3.192702,50.683423],[3.19372,50.683599]]},"geometry_name":"geom","properties":{"nom_de_la_rue":"Rue de Courcelles","st_length_shape":136.190389002488}},{"type":"Feature","id":"filaire_des_voies_de_la_ville_de_roubaix.242","geometry":{"type":"LineString","coordinates":[[3.199968,50.68575],[3.199731,50.685715],[3.199673,50.685644],[3.199736,50.685431],[3.199801,50.685316],[3.198814,50.684933],[3.198777,50.684672],[3.198708,50.684129],[3.198959,50.683798],[3.200461,50.681781]]},"geometry_name":"geom","properties":{"nom_de_la_rue":"Rue de Charleroi","st_length_shape":827.58812359552}},{"type":"Feature","id":"filaire_des_voies_de_la_ville_de_roubaix.243","geometry":{"type":"LineString","coordinates":[[3.200082,50.67686],[3.198685,50.675978]]},"geometry_name":"geom","properties":{"nom_de_la_rue":"Rue Honoré de Balzac","st_length_shape":219.520003908528}},{"type":"Feature","id":"filaire_des_voies_de_la_ville_de_roubaix.244","geometry":{"type":"LineString","coordinates":[[3.199268,50.674876],[3.199512,50.674642],[3.199544,50.674434],[3.199424,50.674212],[3.199148,50.674033],[3.198392,50.673553]]},"geometry_name":"geom","properties":{"nom_de_la_rue":"Rue Louis Loucheur","st_length_shape":290.207475370326}},{"type":"Feature","id":"filaire_des_voies_de_la_ville_de_roubaix.245","geometry":{"type":"LineString","coordinates":[[3.194683,50.671649],[3.19743,50.673668]]},"geometry_name":"geom","properties":{"nom_de_la_rue":"Rue Edgar Degas","st_length_shape":468.396234267367}},{"type":"Feature","id":"filaire_des_voies_de_la_ville_de_roubaix.246","geometry":{"type":"LineString","coordinates":[[3.196798,50.670895],[3.196051,50.671603],[3.196118,50.671815]]},"geometry_name":"geom","properties":{"nom_de_la_rue":"Allée Jules Wemmeersche","st_length_shape":187.659787261587}},{"type":"Feature","id":"filaire_des_voies_de_la_ville_de_roubaix.247","geometry":{"type":"LineString","coordinates":[[3.188187,50.67067],[3.188638,50.670528],[3.189105,50.670316],[3.189506,50.670045],[3.189956,50.669722],[3.190247,50.669539]]},"geometry_name":"geom","properties":{"nom_de_la_rue":"Square Guynemer","st_length_shape":306.602777116051}},{"type":"Feature","id":"filaire_des_voies_de_la_ville_de_roubaix.248","geometry":{"type":"LineString","coordinates":[[3.182698,50.688545],[3.183718,50.687781],[3.184152,50.68744],[3.185442,50.686825],[3.186851,50.68616],[3.186979,50.686087],[3.187622,50.685698],[3.188248,50.685352],[3.189104,50.68484],[3.189439,50.684672],[3.189842,50.684481],[3.190195,50.684322],[3.190324,50.684262],[3.190699,50.684094],[3.191002,50.683955],[3.191256,50.683862],[3.191981,50.683586],[3.192549,50.683378],[3.192935,50.683078],[3.193196,50.682808],[3.193714,50.682254],[3.194061,50.681918],[3.194324,50.681653],[3.194738,50.681234],[3.196127,50.679796],[3.197077,50.678832],[3.197282,50.67862],[3.199054,50.677505],[3.19907,50.677495],[3.200082,50.67686],[3.201233,50.676133],[3.20138,50.676044],[3.202484,50.675346]]},"geometry_name":"geom","properties":{"nom_de_la_rue":"Rue de Lannoy","st_length_shape":3236.72377198918}},{"type":"Feature","id":"filaire_des_voies_de_la_ville_de_roubaix.249","geometry":{"type":"LineString","coordinates":[[3.189359,50.675887],[3.188302,50.675064],[3.188039,50.67485],[3.187765,50.674632],[3.187533,50.674453]]},"geometry_name":"geom","properties":{"nom_de_la_rue":"Rue Horace Vernet","st_length_shape":323.664815754338}},{"type":"Feature","id":"filaire_des_voies_de_la_ville_de_roubaix.250","geometry":{"type":"LineString","coordinates":[[3.186021,50.67523],[3.186946,50.674751],[3.187533,50.674453],[3.188395,50.674014],[3.189176,50.673615],[3.190072,50.673148],[3.191202,50.67257]]},"geometry_name":"geom","properties":{"nom_de_la_rue":"Rue Ingres","st_length_shape":742.220436578301}},{"type":"Feature","id":"filaire_des_voies_de_la_ville_de_roubaix.251","geometry":{"type":"LineString","coordinates":[[3.190849,50.673758],[3.190572,50.673546],[3.190268,50.673311],[3.190072,50.673148],[3.189573,50.672766],[3.189121,50.672406],[3.188573,50.67198]]},"geometry_name":"geom","properties":{"nom_de_la_rue":"Rue Raphaël","st_length_shape":402.192725930905}},{"type":"Feature","id":"filaire_des_voies_de_la_ville_de_roubaix.252","geometry":{"type":"LineString","coordinates":[[3.181259,50.677782],[3.181271,50.677667],[3.181625,50.677484],[3.183057,50.676746],[3.183969,50.67628],[3.186021,50.67523]]},"geometry_name":"geom","properties":{"nom_de_la_rue":"Rue Ingres","st_length_shape":700.615384033848}},{"type":"Feature","id":"filaire_des_voies_de_la_ville_de_roubaix.253","geometry":{"type":"LineString","coordinates":[[3.183057,50.676746],[3.184056,50.677583],[3.184066,50.67776]]},"geometry_name":"geom","properties":{"nom_de_la_rue":"Rue Jean Baptiste Corot","st_length_shape":215.555956424068}},{"type":"Feature","id":"filaire_des_voies_de_la_ville_de_roubaix.254","geometry":{"type":"LineString","coordinates":[[3.185133,50.677247],[3.187125,50.676178]]},"geometry_name":"geom","properties":{"nom_de_la_rue":"Rue Edgar Quinet","st_length_shape":290.59667181833}},{"type":"Feature","id":"filaire_des_voies_de_la_ville_de_roubaix.255","geometry":{"type":"LineString","coordinates":[[3.191981,50.683586],[3.190998,50.682688],[3.190882,50.682674],[3.19072,50.682707]]},"geometry_name":"geom","properties":{"nom_de_la_rue":"Rue Béranger","st_length_shape":223.99008815265}},{"type":"Feature","id":"filaire_des_voies_de_la_ville_de_roubaix.256","geometry":{"type":"LineString","coordinates":[[3.187943,50.683115],[3.188025,50.683089],[3.190396,50.681966]]},"geometry_name":"geom","properties":{"nom_de_la_rue":"Rue Rouget de Lisle","st_length_shape":339.714958206217}},{"type":"Feature","id":"filaire_des_voies_de_la_ville_de_roubaix.257","geometry":{"type":"LineString","coordinates":[[3.184766,50.673766],[3.184129,50.672758],[3.183139,50.671195],[3.183124,50.670939],[3.183358,50.669707]]},"geometry_name":"geom","properties":{"nom_de_la_rue":"Avenue Charles Fourier","st_length_shape":749.541563569373}},{"type":"Feature","id":"filaire_des_voies_de_la_ville_de_roubaix.258","geometry":{"type":"LineString","coordinates":[[3.186444,50.68131],[3.186011,50.680831]]},"geometry_name":"geom","properties":{"nom_de_la_rue":"Rue d'Artois","st_length_shape":96.9371052623813}},{"type":"Feature","id":"filaire_des_voies_de_la_ville_de_roubaix.259","geometry":{"type":"LineString","coordinates":[[3.185856,50.677849],[3.186881,50.67727],[3.187801,50.676751]]},"geometry_name":"geom","properties":{"nom_de_la_rue":"Rue Paul Wante","st_length_shape":289.974987703913}},{"type":"Feature","id":"filaire_des_voies_de_la_ville_de_roubaix.260","geometry":{"type":"LineString","coordinates":[[3.189852,50.678507],[3.190924,50.677986],[3.191074,50.677916],[3.192961,50.677008],[3.193381,50.676795],[3.195634,50.675347]]},"geometry_name":"geom","properties":{"nom_de_la_rue":"Rue Louis Braille","st_length_shape":851.961207943105}},{"type":"Feature","id":"filaire_des_voies_de_la_ville_de_roubaix.261","geometry":{"type":"LineString","coordinates":[[3.193381,50.676795],[3.193107,50.676006],[3.192991,50.67581],[3.19255,50.675073],[3.192476,50.674923],[3.19224,50.674319]]},"geometry_name":"geom","properties":{"nom_de_la_rue":"Rue du Chemin Neuf","st_length_shape":454.036016441179}},{"type":"Feature","id":"filaire_des_voies_de_la_ville_de_roubaix.262","geometry":{"type":"LineString","coordinates":[[3.17584,50.673802],[3.176719,50.674522],[3.177744,50.675372],[3.178753,50.67621],[3.179032,50.67619]]},"geometry_name":"geom","properties":{"nom_de_la_rue":"Rue Pigouche","st_length_shape":564.22051694999}},{"type":"Feature","id":"filaire_des_voies_de_la_ville_de_roubaix.263","geometry":{"type":"LineString","coordinates":[[3.172787,50.674884],[3.173171,50.675336],[3.173156,50.675481],[3.173299,50.675649],[3.173466,50.675661],[3.174055,50.675343],[3.174732,50.675096]]},"geometry_name":"geom","properties":{"nom_de_la_rue":"Allée Van Gogh","st_length_shape":341.146456692712}},{"type":"Feature","id":"filaire_des_voies_de_la_ville_de_roubaix.264","geometry":{"type":"LineString","coordinates":[[3.178835,50.678937],[3.17933,50.679653]]},"geometry_name":"geom","properties":{"nom_de_la_rue":"Rue Lesueur","st_length_shape":137.224324235501}},{"type":"Feature","id":"filaire_des_voies_de_la_ville_de_roubaix.265","geometry":{"type":"LineString","coordinates":[[3.178829,50.679836],[3.178342,50.679137]]},"geometry_name":"geom","properties":{"nom_de_la_rue":"Rue Nicolas Poussin","st_length_shape":134.239322668509}},{"type":"Feature","id":"filaire_des_voies_de_la_ville_de_roubaix.266","geometry":{"type":"LineString","coordinates":[[3.169499,50.679754],[3.172607,50.678521],[3.173125,50.678313],[3.174353,50.677827]]},"geometry_name":"geom","properties":{"nom_de_la_rue":"Boulevard Lacordaire","st_length_shape":637.666293470435}},{"type":"Feature","id":"filaire_des_voies_de_la_ville_de_roubaix.267","geometry":{"type":"LineString","coordinates":[[3.176297,50.683871],[3.175307,50.684559]]},"geometry_name":"geom","properties":{"nom_de_la_rue":"Rue Pascal","st_length_shape":163.63252004733}},{"type":"Feature","id":"filaire_des_voies_de_la_ville_de_roubaix.268","geometry":{"type":"LineString","coordinates":[[3.180179,50.687523],[3.181039,50.687819],[3.182698,50.688545]]},"geometry_name":"geom","properties":{"nom_de_la_rue":"Rue Saint Jean","st_length_shape":333.393921646963}},{"type":"Feature","id":"filaire_des_voies_de_la_ville_de_roubaix.269","geometry":{"type":"LineString","coordinates":[[3.181251,50.686102],[3.179775,50.685497],[3.178002,50.684773]]},"geometry_name":"geom","properties":{"nom_de_la_rue":"Rue de Valmy","st_length_shape":430.484676066811}},{"type":"Feature","id":"filaire_des_voies_de_la_ville_de_roubaix.270","geometry":{"type":"LineString","coordinates":[[3.183923,50.684851],[3.183926,50.684911],[3.183571,50.685147],[3.183276,50.685347]]},"geometry_name":"geom","properties":{"nom_de_la_rue":"Rue Neuve Racine","st_length_shape":115.874344583579}},{"type":"Feature","id":"filaire_des_voies_de_la_ville_de_roubaix.271","geometry":{"type":"LineString","coordinates":[[3.182918,50.686525],[3.184741,50.685305],[3.185692,50.684678],[3.186348,50.684247]]},"geometry_name":"geom","properties":{"nom_de_la_rue":"Rue de Bavai","st_length_shape":553.211545161497}},{"type":"Feature","id":"filaire_des_voies_de_la_ville_de_roubaix.272","geometry":{"type":"LineString","coordinates":[[3.18514,50.683421],[3.184592,50.683049],[3.184141,50.682741],[3.18386,50.682549],[3.183565,50.68235],[3.182902,50.681893]]},"geometry_name":"geom","properties":{"nom_de_la_rue":"Rue de Rocroi","st_length_shape":366.326205495043}},{"type":"Feature","id":"filaire_des_voies_de_la_ville_de_roubaix.273","geometry":{"type":"LineString","coordinates":[[3.183198,50.684449],[3.183521,50.684676],[3.183923,50.684851],[3.184443,50.685078],[3.184741,50.685305],[3.185067,50.685562],[3.185635,50.685786],[3.186337,50.685973],[3.186851,50.68616]]},"geometry_name":"geom","properties":{"nom_de_la_rue":"Rue Jules Guesde","st_length_shape":513.315981199712}},{"type":"Feature","id":"filaire_des_voies_de_la_ville_de_roubaix.274","geometry":{"type":"LineString","coordinates":[[3.185934,50.68713],[3.184928,50.688038]]},"geometry_name":"geom","properties":{"nom_de_la_rue":"Rue de Saint Quentin","st_length_shape":194.976785285249}},{"type":"Feature","id":"filaire_des_voies_de_la_ville_de_roubaix.275","geometry":{"type":"LineString","coordinates":[[3.185278,50.688299],[3.186304,50.687364]]},"geometry_name":"geom","properties":{"nom_de_la_rue":"Rue Saint Eleuthère","st_length_shape":200.118268342123}},{"type":"Feature","id":"filaire_des_voies_de_la_ville_de_roubaix.276","geometry":{"type":"LineString","coordinates":[[3.169941,50.683237],[3.172753,50.681962]]},"geometry_name":"geom","properties":{"nom_de_la_rue":"Rue du Maréchal Delattre de Tassigny","st_length_shape":384.887304039039}},{"type":"Feature","id":"filaire_des_voies_de_la_ville_de_roubaix.277","geometry":{"type":"LineString","coordinates":[[3.167791,50.683677],[3.167439,50.683884],[3.166,50.684702],[3.165956,50.684794]]},"geometry_name":"geom","properties":{"nom_de_la_rue":"Rue Colbert","st_length_shape":285.493552705798}},{"type":"Feature","id":"filaire_des_voies_de_la_ville_de_roubaix.278","geometry":{"type":"LineString","coordinates":[[3.167439,50.683884],[3.169255,50.684848],[3.16848,50.685711]]},"geometry_name":"geom","properties":{"nom_de_la_rue":"Avenue André Chenier","st_length_shape":438.158661292939}},{"type":"Feature","id":"filaire_des_voies_de_la_ville_de_roubaix.279","geometry":{"type":"LineString","coordinates":[[3.170021,50.686268],[3.17152,50.684619]]},"geometry_name":"geom","properties":{"nom_de_la_rue":"Rue Charles Quint","st_length_shape":334.23237397094}},{"type":"Feature","id":"filaire_des_voies_de_la_ville_de_roubaix.280","geometry":{"type":"LineString","coordinates":[[3.158227,50.676501],[3.158441,50.676387],[3.158746,50.676225],[3.159575,50.675787]]},"geometry_name":"geom","properties":{"nom_de_la_rue":"Rue de la Duquesnière","st_length_shape":195.491629405415}},{"type":"Feature","id":"filaire_des_voies_de_la_ville_de_roubaix.281","geometry":{"type":"LineString","coordinates":[[3.156248,50.672586],[3.154888,50.673466]]},"geometry_name":"geom","properties":{"nom_de_la_rue":"Avenue Henri Briet","st_length_shape":216.414941649162}},{"type":"Feature","id":"filaire_des_voies_de_la_ville_de_roubaix.282","geometry":{"type":"LineString","coordinates":[[3.155576,50.671946],[3.154123,50.672864]]},"geometry_name":"geom","properties":{"nom_de_la_rue":"Avenue Louis Pluquet","st_length_shape":228.477927000597}},{"type":"Feature","id":"filaire_des_voies_de_la_ville_de_roubaix.283","geometry":{"type":"LineString","coordinates":[[3.172773,50.671584],[3.172828,50.671688],[3.172838,50.671981],[3.172937,50.672098],[3.173175,50.672169],[3.173359,50.672138],[3.173784,50.671888],[3.174259,50.671697],[3.174246,50.67159],[3.174055,50.671484],[3.173515,50.671302]]},"geometry_name":"geom","properties":{"nom_de_la_rue":"Square des Acacias","st_length_shape":387.100823515668}},{"type":"Feature","id":"filaire_des_voies_de_la_ville_de_roubaix.284","geometry":{"type":"LineString","coordinates":[[3.171777,50.67196],[3.172773,50.671584],[3.173515,50.671302],[3.174674,50.670877]]},"geometry_name":"geom","properties":{"nom_de_la_rue":"Rue du Maroc","st_length_shape":374.335335014255}},{"type":"Feature","id":"filaire_des_voies_de_la_ville_de_roubaix.285","geometry":{"type":"LineString","coordinates":[[3.170507,50.674147],[3.17021,50.674011]]},"geometry_name":"geom","properties":{"nom_de_la_rue":"Allée des Bouleaux","st_length_shape":40.7856825969604}},{"type":"Feature","id":"filaire_des_voies_de_la_ville_de_roubaix.286","geometry":{"type":"LineString","coordinates":[[3.171314,50.673244],[3.17157,50.673369]]},"geometry_name":"geom","properties":{"nom_de_la_rue":"Allée des Lilas","st_length_shape":35.8704306952119}},{"type":"Feature","id":"filaire_des_voies_de_la_ville_de_roubaix.287","geometry":{"type":"LineString","coordinates":[[3.188833,50.690447],[3.187321,50.689818]]},"geometry_name":"geom","properties":{"nom_de_la_rue":"Rue Leverrier","st_length_shape":201.453616419488}},{"type":"Feature","id":"filaire_des_voies_de_la_ville_de_roubaix.288","geometry":{"type":"LineString","coordinates":[[3.182324,50.690856],[3.182704,50.690547],[3.183431,50.689946],[3.183766,50.68965],[3.184207,50.689268]]},"geometry_name":"geom","properties":{"nom_de_la_rue":"Rue Romain Rolland","st_length_shape":349.075453966019}},{"type":"Feature","id":"filaire_des_voies_de_la_ville_de_roubaix.289","geometry":{"type":"LineString","coordinates":[[3.172031,50.687276],[3.170504,50.687554],[3.169783,50.687682],[3.168967,50.687818]]},"geometry_name":"geom","properties":{"nom_de_la_rue":"Rue de Crouy","st_length_shape":354.132423761395}},{"type":"Feature","id":"filaire_des_voies_de_la_ville_de_roubaix.290","geometry":{"type":"LineString","coordinates":[[3.178374,50.692444],[3.178621,50.69228],[3.179438,50.691411],[3.179545,50.691221]]},"geometry_name":"geom","properties":{"nom_de_la_rue":"Place de la liberté","st_length_shape":252.952776219664}},{"type":"Feature","id":"filaire_des_voies_de_la_ville_de_roubaix.291","geometry":{"type":"LineString","coordinates":[[3.182104,50.697065],[3.182926,50.697083]]},"geometry_name":"geom","properties":{"nom_de_la_rue":"Impasse A. Dumas","st_length_shape":91.6271632136453}},{"type":"Feature","id":"filaire_des_voies_de_la_ville_de_roubaix.292","geometry":{"type":"LineString","coordinates":[[3.179842,50.695027],[3.180187,50.695239],[3.182146,50.695896],[3.182146,50.695896]]},"geometry_name":"geom","properties":{"nom_de_la_rue":"Rue Pellart","st_length_shape":300.17361730537}},{"type":"Feature","id":"filaire_des_voies_de_la_ville_de_roubaix.293","geometry":{"type":"LineString","coordinates":[[3.177774,50.69645],[3.177678,50.696674],[3.177358,50.697019]]},"geometry_name":"geom","properties":{"nom_de_la_rue":"Rue de la Banque","st_length_shape":111.189607352361}},{"type":"Feature","id":"filaire_des_voies_de_la_ville_de_roubaix.294","geometry":{"type":"LineString","coordinates":[[3.167049,50.696059],[3.169571,50.69508]]},"geometry_name":"geom","properties":{"nom_de_la_rue":"Mail Notre Dame","st_length_shape":329.284782661771}},{"type":"Feature","id":"filaire_des_voies_de_la_ville_de_roubaix.295","geometry":{"type":"LineString","coordinates":[[3.171,50.69445],[3.170753,50.694545],[3.169517,50.695034]]},"geometry_name":"geom","properties":{"nom_de_la_rue":"Rue des Ecoles","st_length_shape":194.39254950651}},{"type":"Feature","id":"filaire_des_voies_de_la_ville_de_roubaix.296","geometry":{"type":"LineString","coordinates":[[3.172529,50.694362],[3.172129,50.693983],[3.171331,50.693238],[3.171219,50.693192]]},"geometry_name":"geom","properties":{"nom_de_la_rue":"Rue de la Communauté Urbaine","st_length_shape":253.184996214423}},{"type":"Feature","id":"filaire_des_voies_de_la_ville_de_roubaix.297","geometry":{"type":"LineString","coordinates":[[3.15386,50.689549],[3.153364,50.689851],[3.153225,50.689935],[3.151631,50.690891]]},"geometry_name":"geom","properties":{"nom_de_la_rue":"Rue du Danemark","st_length_shape":342.218355791225}},{"type":"Feature","id":"filaire_des_voies_de_la_ville_de_roubaix.298","geometry":{"type":"LineString","coordinates":[[3.155286,50.691484],[3.154816,50.691081],[3.154401,50.690731]]},"geometry_name":"geom","properties":{"nom_de_la_rue":"Rue Bourgelat","st_length_shape":164.958815480616}},{"type":"Feature","id":"filaire_des_voies_de_la_ville_de_roubaix.299","geometry":{"type":"LineString","coordinates":[[3.154096,50.691255],[3.152728,50.692105]]},"geometry_name":"geom","properties":{"nom_de_la_rue":"Rue de Saint Omer","st_length_shape":213.30367382959}},{"type":"Feature","id":"filaire_des_voies_de_la_ville_de_roubaix.300","geometry":{"type":"LineString","coordinates":[[3.152452,50.687476],[3.152701,50.687408],[3.153059,50.687316],[3.15319,50.687292],[3.153837,50.687267],[3.154437,50.687249],[3.154671,50.687234],[3.154839,50.687216],[3.15497,50.687182],[3.155423,50.687053],[3.155589,50.687026],[3.156066,50.687183]]},"geometry_name":"geom","properties":{"nom_de_la_rue":"Rue de Wasquehal","st_length_shape":422.535010577579}},{"type":"Feature","id":"filaire_des_voies_de_la_ville_de_roubaix.301","geometry":{"type":"LineString","coordinates":[[3.163905,50.685953],[3.163347,50.685419]]},"geometry_name":"geom","properties":{"nom_de_la_rue":"Impasse du Midi","st_length_shape":112.588971245411}},{"type":"Feature","id":"filaire_des_voies_de_la_ville_de_roubaix.302","geometry":{"type":"LineString","coordinates":[[3.165579,50.686126],[3.16359,50.686785]]},"geometry_name":"geom","properties":{"nom_de_la_rue":"Rue Richelieu","st_length_shape":249.841549981463}},{"type":"Feature","id":"filaire_des_voies_de_la_ville_de_roubaix.303","geometry":{"type":"LineString","coordinates":[[3.152944,50.689168],[3.151989,50.689832]]},"geometry_name":"geom","properties":{"nom_de_la_rue":"Impasse Saint Louis","st_length_shape":157.777402218315}},{"type":"Feature","id":"filaire_des_voies_de_la_ville_de_roubaix.304","geometry":{"type":"LineString","coordinates":[[3.166073,50.686721],[3.166752,50.687527],[3.167092,50.687931],[3.168671,50.689817]]},"geometry_name":"geom","properties":{"nom_de_la_rue":"Rue Inkermann","st_length_shape":616.093617144016}},{"type":"Feature","id":"filaire_des_voies_de_la_ville_de_roubaix.305","geometry":{"type":"LineString","coordinates":[[3.162764,50.691564],[3.162502,50.691236]]},"geometry_name":"geom","properties":{"nom_de_la_rue":"Place de l'Abreuvoir","st_length_shape":64.5912884040874}},{"type":"Feature","id":"filaire_des_voies_de_la_ville_de_roubaix.306","geometry":{"type":"LineString","coordinates":[[3.1641,50.689875],[3.163554,50.689274]]},"geometry_name":"geom","properties":{"nom_de_la_rue":"Rue de la Providence","st_length_shape":121.790885223813}},{"type":"Feature","id":"filaire_des_voies_de_la_ville_de_roubaix.307","geometry":{"type":"LineString","coordinates":[[3.16627,50.688879],[3.165625,50.689249],[3.164494,50.689905]]},"geometry_name":"geom","properties":{"nom_de_la_rue":"Rue Miln","st_length_shape":267.695885923726}},{"type":"Feature","id":"filaire_des_voies_de_la_ville_de_roubaix.308","geometry":{"type":"LineString","coordinates":[[3.163325,50.692987],[3.166543,50.69245]]},"geometry_name":"geom","properties":{"nom_de_la_rue":"Rue Jules Deregnaucourt","st_length_shape":370.493187298512}},{"type":"Feature","id":"filaire_des_voies_de_la_ville_de_roubaix.309","geometry":{"type":"LineString","coordinates":[[3.16992,50.691398],[3.169057,50.69133],[3.168847,50.691334],[3.167123,50.691595],[3.16624,50.691729],[3.164643,50.691977],[3.163109,50.692198],[3.162365,50.692562],[3.161773,50.692862],[3.161342,50.693016],[3.160967,50.69312]]},"geometry_name":"geom","properties":{"nom_de_la_rue":"Rue du Grand Chemin","st_length_shape":1066.38760303904}},{"type":"Feature","id":"filaire_des_voies_de_la_ville_de_roubaix.310","geometry":{"type":"LineString","coordinates":[[3.160967,50.69312],[3.160098,50.693373],[3.159318,50.693605],[3.158079,50.693959],[3.157749,50.694115],[3.157111,50.694437],[3.156734,50.694547],[3.156576,50.694568],[3.15531,50.694637]]},"geometry_name":"geom","properties":{"nom_de_la_rue":"Rue de Mouvaux","st_length_shape":695.928023464194}},{"type":"Feature","id":"filaire_des_voies_de_la_ville_de_roubaix.311","geometry":{"type":"LineString","coordinates":[[3.156734,50.694547],[3.157004,50.694786],[3.15738,50.6951],[3.157985,50.695625],[3.159499,50.696926]]},"geometry_name":"geom","properties":{"nom_de_la_rue":"Rue de Rome","st_length_shape":519.199352630113}},{"type":"Feature","id":"filaire_des_voies_de_la_ville_de_roubaix.312","geometry":{"type":"LineString","coordinates":[[3.157004,50.694786],[3.155653,50.695464]]},"geometry_name":"geom","properties":{"nom_de_la_rue":"Rue de Florence","st_length_shape":191.908466943723}},{"type":"Feature","id":"filaire_des_voies_de_la_ville_de_roubaix.313","geometry":{"type":"LineString","coordinates":[[3.15738,50.6951],[3.155882,50.695889]]},"geometry_name":"geom","properties":{"nom_de_la_rue":"Rue de Solférino","st_length_shape":216.818378162231}},{"type":"Feature","id":"filaire_des_voies_de_la_ville_de_roubaix.314","geometry":{"type":"LineString","coordinates":[[3.196127,50.679796],[3.19617,50.67985],[3.196693,50.680087],[3.198139,50.680738],[3.200461,50.681781]]},"geometry_name":"geom","properties":{"nom_de_la_rue":"Rue de Saint Hubert","st_length_shape":596.460863161252}},{"type":"Feature","id":"filaire_des_voies_de_la_ville_de_roubaix.315","geometry":{"type":"LineString","coordinates":[[3.16648,50.694974],[3.166063,50.694533]]},"geometry_name":"geom","properties":{"nom_de_la_rue":"Rue St Etienne","st_length_shape":90.4758867823908}},{"type":"Feature","id":"filaire_des_voies_de_la_ville_de_roubaix.316","geometry":{"type":"LineString","coordinates":[[3.199981,50.679545],[3.200396,50.679811],[3.200421,50.679898],[3.200373,50.679977],[3.199673,50.680456]]},"geometry_name":"geom","properties":{"nom_de_la_rue":"Allée des Peupliers","st_length_shape":210.793772588929}},{"type":"Feature","id":"filaire_des_voies_de_la_ville_de_roubaix.317","geometry":{"type":"LineString","coordinates":[[3.151667,50.689125],[3.15254,50.68875]]},"geometry_name":"geom","properties":{"nom_de_la_rue":"Impasse des Maisons Anonymes","st_length_shape":117.422123873314}},{"type":"Feature","id":"filaire_des_voies_de_la_ville_de_roubaix.318","geometry":{"type":"LineString","coordinates":[[3.197216,50.690433],[3.197214,50.690432],[3.195473,50.689899]]},"geometry_name":"geom","properties":{"nom_de_la_rue":"Rue d'Estaing","st_length_shape":215.556982660825}},{"type":"Feature","id":"filaire_des_voies_de_la_ville_de_roubaix.319","geometry":{"type":"LineString","coordinates":[[3.156614,50.687076],[3.157818,50.688108]]},"geometry_name":"geom","properties":{"nom_de_la_rue":"Rue des Ogiers","st_length_shape":225.527885157867}},{"type":"Feature","id":"filaire_des_voies_de_la_ville_de_roubaix.320","geometry":{"type":"LineString","coordinates":[[3.18607,50.671773],[3.185561,50.671363],[3.185471,50.671313]]},"geometry_name":"geom","properties":{"nom_de_la_rue":"Voie Vertes Allées","st_length_shape":104.976605848308}},{"type":"Feature","id":"filaire_des_voies_de_la_ville_de_roubaix.321","geometry":{"type":"LineString","coordinates":[[3.176244,50.702822],[3.176384,50.702709]]},"geometry_name":"geom","properties":{"nom_de_la_rue":"Cour Desmedt","st_length_shape":25.1957462927773}},{"type":"Feature","id":"filaire_des_voies_de_la_ville_de_roubaix.322","geometry":{"type":"LineString","coordinates":[[3.17915,50.70726],[3.17838,50.706904]]},"geometry_name":"geom","properties":{"nom_de_la_rue":"Rue de l'Ecole de Natation","st_length_shape":106.065053408745}},{"type":"Feature","id":"filaire_des_voies_de_la_ville_de_roubaix.323","geometry":{"type":"LineString","coordinates":[[3.151131,50.687799],[3.151314,50.688002],[3.151392,50.688149],[3.151538,50.688496],[3.151594,50.688665],[3.151624,50.68875],[3.15166,50.689136],[3.151657,50.689219],[3.151558,50.689515],[3.151543,50.689841],[3.151482,50.690729],[3.151491,50.690739],[3.151631,50.690891],[3.152491,50.691847],[3.152728,50.692105],[3.153076,50.692503],[3.153261,50.692713],[3.153657,50.693122],[3.153799,50.693214],[3.154027,50.693352],[3.154137,50.693421],[3.15422,50.693477],[3.154474,50.693637],[3.155111,50.694129],[3.155288,50.694368],[3.155359,50.694592],[3.15536,50.694598],[3.155315,50.694633]]},"geometry_name":"geom","properties":{"nom_de_la_rue":"Rue de la Mackellerie","st_length_shape":1347.25365937137}},{"type":"Feature","id":"filaire_des_voies_de_la_ville_de_roubaix.324","geometry":{"type":"LineString","coordinates":[[3.187269,50.702623],[3.188424,50.703114]]},"geometry_name":"geom","properties":{"nom_de_la_rue":"Passage Roger Six","st_length_shape":154.903036498611}},{"type":"Feature","id":"filaire_des_voies_de_la_ville_de_roubaix.325","geometry":{"type":"LineString","coordinates":[[3.179174,50.682222],[3.180489,50.681794]]},"geometry_name":"geom","properties":{"nom_de_la_rue":"Impasse Saint Louis","st_length_shape":164.706134959509}},{"type":"Feature","id":"filaire_des_voies_de_la_ville_de_roubaix.326","geometry":{"type":"LineString","coordinates":[[3.185355,50.695101],[3.184894,50.695776],[3.184441,50.696428]]},"geometry_name":"geom","properties":{"nom_de_la_rue":"Rue Lacroix","st_length_shape":254.461675274142}},{"type":"Feature","id":"filaire_des_voies_de_la_ville_de_roubaix.327","geometry":{"type":"LineString","coordinates":[[3.182221,50.705058],[3.182345,50.705132],[3.182519,50.705225],[3.182635,50.705224]]},"geometry_name":"geom","properties":{"nom_de_la_rue":"Passerelle Hutin","st_length_shape":57.1178538899438}},{"type":"Feature","id":"filaire_des_voies_de_la_ville_de_roubaix.328","geometry":{"type":"LineString","coordinates":[[3.18691,50.702931],[3.188067,50.70343]]},"geometry_name":"geom","properties":{"nom_de_la_rue":"Rue de Philippeville","st_length_shape":155.857840996531}},{"type":"Feature","id":"filaire_des_voies_de_la_ville_de_roubaix.329","geometry":{"type":"LineString","coordinates":[[3.208572,50.682911],[3.208102,50.683708]]},"geometry_name":"geom","properties":{"nom_de_la_rue":"Rond Point du Lieutenant Paul Brunbrouck","st_length_shape":149.532998263393}},{"type":"Feature","id":"filaire_des_voies_de_la_ville_de_roubaix.330","geometry":{"type":"LineString","coordinates":[[3.208812,50.682948],[3.208923,50.682948],[3.208923,50.682987],[3.208894,50.683056],[3.208676,50.683292]]},"geometry_name":"geom","properties":{"nom_de_la_rue":"Rangée Frémaux","st_length_shape":79.8080564725731}},{"type":"Feature","id":"filaire_des_voies_de_la_ville_de_roubaix.331","geometry":{"type":"LineString","coordinates":[[3.208559,50.683199],[3.208578,50.683298],[3.208597,50.683336],[3.208631,50.68337],[3.209075,50.68365],[3.210372,50.684515],[3.210605,50.684677],[3.210741,50.684787],[3.210944,50.685066]]},"geometry_name":"geom","properties":{"nom_de_la_rue":"Rue de Carihem latérale","st_length_shape":428.078891933383}},{"type":"Feature","id":"filaire_des_voies_de_la_ville_de_roubaix.332","geometry":{"type":"LineString","coordinates":[[3.178724,50.674865],[3.177744,50.675372],[3.175894,50.676321]]},"geometry_name":"geom","properties":{"nom_de_la_rue":"Rue Philibert Delorme","st_length_shape":405.687134050172}},{"type":"Feature","id":"filaire_des_voies_de_la_ville_de_roubaix.333","geometry":{"type":"LineString","coordinates":[[3.183139,50.671195],[3.183594,50.671387],[3.184884,50.672388]]},"geometry_name":"geom","properties":{"nom_de_la_rue":"Rue Horace Vernet","st_length_shape":287.934392810001}},{"type":"Feature","id":"filaire_des_voies_de_la_ville_de_roubaix.334","geometry":{"type":"LineString","coordinates":[[3.187533,50.674453],[3.18707,50.674091],[3.186594,50.673718],[3.186052,50.67329]]},"geometry_name":"geom","properties":{"nom_de_la_rue":"Rue Horace Vernet","st_length_shape":262.561524044585}},{"type":"Feature","id":"filaire_des_voies_de_la_ville_de_roubaix.335","geometry":{"type":"LineString","coordinates":[[3.172199,50.691597],[3.170282,50.691429],[3.16992,50.691398]]},"geometry_name":"geom","properties":{"nom_de_la_rue":"Rue du Général Sarrail","st_length_shape":256.152387496872}},{"type":"Feature","id":"filaire_des_voies_de_la_ville_de_roubaix.336","geometry":{"type":"LineString","coordinates":[[3.174891,50.690566],[3.175048,50.689659]]},"geometry_name":"geom","properties":{"nom_de_la_rue":"Rue du Château","st_length_shape":160.359457739417}},{"type":"Feature","id":"filaire_des_voies_de_la_ville_de_roubaix.337","geometry":{"type":"LineString","coordinates":[[3.168967,50.687818],[3.170136,50.689423]]},"geometry_name":"geom","properties":{"nom_de_la_rue":"Rue de Soubise","st_length_shape":310.69107375636}},{"type":"Feature","id":"filaire_des_voies_de_la_ville_de_roubaix.338","geometry":{"type":"LineString","coordinates":[[3.163264,50.686247],[3.16359,50.686785],[3.164103,50.68763]]},"geometry_name":"geom","properties":{"nom_de_la_rue":"Rue d'Isly","st_length_shape":260.262267165676}},{"type":"Feature","id":"filaire_des_voies_de_la_ville_de_roubaix.339","geometry":{"type":"LineString","coordinates":[[3.164294,50.687926],[3.163285,50.688384]]},"geometry_name":"geom","properties":{"nom_de_la_rue":"Place Edouard Roussel","st_length_shape":138.139297241046}},{"type":"Feature","id":"filaire_des_voies_de_la_ville_de_roubaix.340","geometry":{"type":"LineString","coordinates":[[3.172922,50.692398],[3.172184,50.692759],[3.171219,50.693192]]},"geometry_name":"geom","properties":{"nom_de_la_rue":"Rue Nain","st_length_shape":235.498953090727}},{"type":"Feature","id":"filaire_des_voies_de_la_ville_de_roubaix.341","geometry":{"type":"LineString","coordinates":[[3.161958,50.691719],[3.162764,50.691564],[3.162946,50.691532]]},"geometry_name":"geom","properties":{"nom_de_la_rue":"Rue du Parc","st_length_shape":114.805680370812}},{"type":"Feature","id":"filaire_des_voies_de_la_ville_de_roubaix.342","geometry":{"type":"LineString","coordinates":[[3.189956,50.689369],[3.189908,50.689317],[3.188448,50.688714]]},"geometry_name":"geom","properties":{"nom_de_la_rue":"Rue Franklin","st_length_shape":204.607219034048}},{"type":"Feature","id":"filaire_des_voies_de_la_ville_de_roubaix.343","geometry":{"type":"LineString","coordinates":[[3.19315,50.688158],[3.194204,50.688552],[3.195185,50.68898]]},"geometry_name":"geom","properties":{"nom_de_la_rue":"Rue du Pile","st_length_shape":268.817406586888}},{"type":"Feature","id":"filaire_des_voies_de_la_ville_de_roubaix.344","geometry":{"type":"LineString","coordinates":[[3.196771,50.686864],[3.19625,50.687393]]},"geometry_name":"geom","properties":{"nom_de_la_rue":"Rue de Mons","st_length_shape":109.730701448273}},{"type":"Feature","id":"filaire_des_voies_de_la_ville_de_roubaix.345","geometry":{"type":"LineString","coordinates":[[3.183923,50.684851],[3.183922,50.684798],[3.185,50.684213]]},"geometry_name":"geom","properties":{"nom_de_la_rue":"Rue Duguesclin","st_length_shape":167.382949594809}},{"type":"Feature","id":"filaire_des_voies_de_la_ville_de_roubaix.346","geometry":{"type":"LineString","coordinates":[[3.180388,50.685133],[3.182452,50.683923]]},"geometry_name":"geom","properties":{"nom_de_la_rue":"Rue de Tunis","st_length_shape":313.015630741038}},{"type":"Feature","id":"filaire_des_voies_de_la_ville_de_roubaix.347","geometry":{"type":"LineString","coordinates":[[3.161272,50.691846],[3.161958,50.691719]]},"geometry_name":"geom","properties":{"nom_de_la_rue":"Rue du Parc","st_length_shape":79.5906150573043}},{"type":"Feature","id":"filaire_des_voies_de_la_ville_de_roubaix.348","geometry":{"type":"LineString","coordinates":[[3.176897,50.685231],[3.177023,50.685262],[3.178002,50.684773],[3.178677,50.684415]]},"geometry_name":"geom","properties":{"nom_de_la_rue":"Rue ma Campagne","st_length_shape":251.770574667037}},{"type":"Feature","id":"filaire_des_voies_de_la_ville_de_roubaix.349","geometry":{"type":"LineString","coordinates":[[3.178677,50.684415],[3.179601,50.684045],[3.180416,50.683739],[3.18122,50.683441],[3.181591,50.683297]]},"geometry_name":"geom","properties":{"nom_de_la_rue":"Rue ma Campagne","st_length_shape":379.284371462897}},{"type":"Feature","id":"filaire_des_voies_de_la_ville_de_roubaix.350","geometry":{"type":"LineString","coordinates":[[3.210192,50.680508],[3.211659,50.68016]]},"geometry_name":"geom","properties":{"nom_de_la_rue":"Rue Pierre de Coubertin","st_length_shape":174.415001402431}},{"type":"Feature","id":"filaire_des_voies_de_la_ville_de_roubaix.351","geometry":{"type":"LineString","coordinates":[[3.174916,50.687638],[3.175007,50.687531],[3.175236,50.687387]]},"geometry_name":"geom","properties":{"nom_de_la_rue":"Rue Jean Moulin","st_length_shape":57.2508648669706}},{"type":"Feature","id":"filaire_des_voies_de_la_ville_de_roubaix.352","geometry":{"type":"LineString","coordinates":[[3.152728,50.688553],[3.153064,50.688552]]},"geometry_name":"geom","properties":{"nom_de_la_rue":"Rond Point de la Limite","st_length_shape":37.3259704101581}},{"type":"Feature","id":"filaire_des_voies_de_la_ville_de_roubaix.353","geometry":{"type":"LineString","coordinates":[[3.184929,50.674127],[3.184608,50.674051],[3.184766,50.673766],[3.185079,50.673801],[3.184929,50.674127]]},"geometry_name":"geom","properties":{"nom_de_la_rue":"Place Charles Spriet","st_length_shape":186.160105622769}},{"type":"Feature","id":"filaire_des_voies_de_la_ville_de_roubaix.354","geometry":{"type":"LineString","coordinates":[[3.181591,50.683297],[3.181849,50.683504],[3.182452,50.683923],[3.182777,50.684149],[3.183198,50.684449]]},"geometry_name":"geom","properties":{"nom_de_la_rue":"Rue Jules Guesde","st_length_shape":270.231918036496}},{"type":"Feature","id":"filaire_des_voies_de_la_ville_de_roubaix.355","geometry":{"type":"LineString","coordinates":[[3.171219,50.693192],[3.17023,50.693643],[3.169988,50.69373],[3.169737,50.693777]]},"geometry_name":"geom","properties":{"nom_de_la_rue":"Rue Nain","st_length_shape":195.751546228203}},{"type":"Feature","id":"filaire_des_voies_de_la_ville_de_roubaix.356","geometry":{"type":"LineString","coordinates":[[3.205396,50.692548],[3.204908,50.691671]]},"geometry_name":"geom","properties":{"nom_de_la_rue":"Pont de Beaurepaire","st_length_shape":163.406637544746}},{"type":"Feature","id":"filaire_des_voies_de_la_ville_de_roubaix.357","geometry":{"type":"LineString","coordinates":[[3.183343,50.701274],[3.183118,50.701176]]},"geometry_name":"geom","properties":{"nom_de_la_rue":"Cour Deschamps","st_length_shape":30.3662153883226}},{"type":"Feature","id":"filaire_des_voies_de_la_ville_de_roubaix.358","geometry":{"type":"LineString","coordinates":[[3.174948,50.670555],[3.174526,50.670751],[3.174674,50.670877]]},"geometry_name":"geom","properties":{"nom_de_la_rue":"Rue Hélène Boucher","st_length_shape":85.8515331284359}},{"type":"Feature","id":"filaire_des_voies_de_la_ville_de_roubaix.359","geometry":{"type":"LineString","coordinates":[[3.176796,50.672346],[3.17678,50.672472],[3.176328,50.672498],[3.176169,50.672233]]},"geometry_name":"geom","properties":{"nom_de_la_rue":"Rue Hélène Boucher","st_length_shape":122.524922972006}},{"type":"Feature","id":"filaire_des_voies_de_la_ville_de_roubaix.360","geometry":{"type":"LineString","coordinates":[[3.175809,50.671705],[3.175394,50.671706],[3.175374,50.671592],[3.175607,50.67145]]},"geometry_name":"geom","properties":{"nom_de_la_rue":"Rue Hélène Boucher","st_length_shape":102.284481760921}},{"type":"Feature","id":"filaire_des_voies_de_la_ville_de_roubaix.361","geometry":{"type":"LineString","coordinates":[[3.183985,50.70542],[3.182993,50.704937]]},"geometry_name":"geom","properties":{"nom_de_la_rue":"Rue du Blanc Pignon","st_length_shape":139.378822344429}},{"type":"Feature","id":"filaire_des_voies_de_la_ville_de_roubaix.362","geometry":{"type":"MultiLineString","coordinates":[[[3.188833,50.690447],[3.189401,50.689899],[3.189956,50.689369],[3.190419,50.688921],[3.190754,50.6886]],[[3.188568,50.690708],[3.188569,50.690707],[3.188833,50.690447]]]},"geometry_name":"geom","properties":{"nom_de_la_rue":"Rue Monge","st_length_shape":443.251092600406}},{"type":"Feature","id":"filaire_des_voies_de_la_ville_de_roubaix.363","geometry":{"type":"LineString","coordinates":[[3.180282,50.696849],[3.180795,50.697051],[3.181995,50.697529]]},"geometry_name":"geom","properties":{"nom_de_la_rue":"Rue de la Paix","st_length_shape":224.952039282739}},{"type":"Feature","id":"filaire_des_voies_de_la_ville_de_roubaix.364","geometry":{"type":"LineString","coordinates":[[3.194032,50.69002],[3.191959,50.689124]]},"geometry_name":"geom","properties":{"nom_de_la_rue":"Rue Jules Guesde","st_length_shape":279.341195409377}},{"type":"Feature","id":"filaire_des_voies_de_la_ville_de_roubaix.365","geometry":{"type":"LineString","coordinates":[[3.15386,50.689549],[3.153112,50.689049],[3.152942,50.688896],[3.152899,50.688806],[3.152903,50.68872]]},"geometry_name":"geom","properties":{"nom_de_la_rue":"Rue du Luxembourg","st_length_shape":185.592550188725}},{"type":"Feature","id":"filaire_des_voies_de_la_ville_de_roubaix.366","geometry":{"type":"LineString","coordinates":[[3.157965,50.692081],[3.157896,50.692031],[3.157067,50.691526],[3.156257,50.691039]]},"geometry_name":"geom","properties":{"nom_de_la_rue":"Rue du Luxembourg","st_length_shape":264.11731303942}},{"type":"Feature","id":"filaire_des_voies_de_la_ville_de_roubaix.367","geometry":{"type":"LineString","coordinates":[[3.162971,50.705542],[3.165176,50.705869],[3.166174,50.705908],[3.166276,50.705934],[3.167322,50.706058],[3.167647,50.706144],[3.167865,50.70622],[3.168249,50.706383],[3.168534,50.706532],[3.169191,50.707146],[3.169808,50.707698]]},"geometry_name":"geom","properties":{"nom_de_la_rue":"Avenue de l'Union","st_length_shape":902.888091553388}},{"type":"Feature","id":"filaire_des_voies_de_la_ville_de_roubaix.368","geometry":{"type":"LineString","coordinates":[[3.21169,50.685855],[3.211695,50.68586],[3.210925,50.686431]]},"geometry_name":"geom","properties":{"nom_de_la_rue":"Rue du Triez de Carihem","st_length_shape":132.88079441573}},{"type":"Feature","id":"filaire_des_voies_de_la_ville_de_roubaix.369","geometry":{"type":"LineString","coordinates":[[3.189936,50.680906],[3.190639,50.680552],[3.191646,50.680049],[3.192423,50.679662],[3.193527,50.679123],[3.194682,50.678555]]},"geometry_name":"geom","properties":{"nom_de_la_rue":"Rue Jouffroy","st_length_shape":670.6935873166}},{"type":"Feature","id":"filaire_des_voies_de_la_ville_de_roubaix.370","geometry":{"type":"LineString","coordinates":[[3.187227,50.679721],[3.187053,50.67941]]},"geometry_name":"geom","properties":{"nom_de_la_rue":"Rue Ernest Renan","st_length_shape":58.0300462151289}},{"type":"Feature","id":"filaire_des_voies_de_la_ville_de_roubaix.371","geometry":{"type":"LineString","coordinates":[[3.19092,50.672393],[3.191243,50.672036],[3.191506,50.671794],[3.191603,50.671696],[3.1916,50.671564],[3.191201,50.671109],[3.189506,50.670045],[3.188427,50.669564],[3.188231,50.669661],[3.188067,50.669717],[3.187897,50.669753],[3.187668,50.669778],[3.187166,50.669862]]},"geometry_name":"geom","properties":{"nom_de_la_rue":"Contour des Petites Haies","st_length_shape":823.459138129546}},{"type":"Feature","id":"filaire_des_voies_de_la_ville_de_roubaix.372","geometry":{"type":"LineString","coordinates":[[3.165909,50.697207],[3.165029,50.696481],[3.164443,50.696012],[3.164165,50.695774],[3.164032,50.695539],[3.163906,50.695526],[3.163812,50.69547],[3.163765,50.695383],[3.163663,50.695248],[3.163439,50.694954],[3.163004,50.694334],[3.162681,50.694035],[3.162123,50.693769],[3.161342,50.693016]]},"geometry_name":"geom","properties":{"nom_de_la_rue":"Rue de l'Alma","st_length_shape":909.122302753777}},{"type":"Feature","id":"filaire_des_voies_de_la_ville_de_roubaix.373","geometry":{"type":"LineString","coordinates":[[3.161732,50.695482],[3.162386,50.695485]]},"geometry_name":"geom","properties":{"nom_de_la_rue":"Placette Henri Isebaert","st_length_shape":72.8228556820591}},{"type":"Feature","id":"filaire_des_voies_de_la_ville_de_roubaix.374","geometry":{"type":"LineString","coordinates":[[3.198998,50.689416],[3.199428,50.689533]]},"geometry_name":"geom","properties":{"nom_de_la_rue":"Cour Bonte","st_length_shape":52.0537419601127}},{"type":"Feature","id":"filaire_des_voies_de_la_ville_de_roubaix.375","geometry":{"type":"LineString","coordinates":[[3.167506,50.699697],[3.16711,50.699704]]},"geometry_name":"geom","properties":{"nom_de_la_rue":"Place de l'Alma Gare","st_length_shape":44.1297227855558}},{"type":"Feature","id":"filaire_des_voies_de_la_ville_de_roubaix.376","geometry":{"type":"LineString","coordinates":[[3.17849,50.677563],[3.177402,50.677569]]},"geometry_name":"geom","properties":{"nom_de_la_rue":"Place du Travail","st_length_shape":121.206189878405}},{"type":"Feature","id":"filaire_des_voies_de_la_ville_de_roubaix.377","geometry":{"type":"LineString","coordinates":[[3.18497,50.691766],[3.184767,50.691864],[3.18259,50.690966]]},"geometry_name":"geom","properties":{"nom_de_la_rue":"Rue Jules Watteuw","st_length_shape":317.701890633615}},{"type":"Feature","id":"filaire_des_voies_de_la_ville_de_roubaix.378","geometry":{"type":"LineString","coordinates":[[3.165748,50.707254],[3.166276,50.705934]]},"geometry_name":"geom","properties":{"nom_de_la_rue":"Rue des Métissages","st_length_shape":239.396992262518}},{"type":"Feature","id":"filaire_des_voies_de_la_ville_de_roubaix.379","geometry":{"type":"LineString","coordinates":[[3.178436,50.690525],[3.178789,50.690133]]},"geometry_name":"geom","properties":{"nom_de_la_rue":"Mail Jacques Prouvost","st_length_shape":79.2392601189587}},{"type":"Feature","id":"filaire_des_voies_de_la_ville_de_roubaix.380","geometry":{"type":"LineString","coordinates":[[3.167562,50.700644],[3.167002,50.700859],[3.166388,50.701112],[3.166084,50.701236]]},"geometry_name":"geom","properties":{"nom_de_la_rue":"Rue Stephenson","st_length_shape":194.632711568528}},{"type":"Feature","id":"filaire_des_voies_de_la_ville_de_roubaix.381","geometry":{"type":"LineString","coordinates":[[3.185896,50.684243],[3.185765,50.684145]]},"geometry_name":"geom","properties":{"nom_de_la_rue":"Cour Duquesne","st_length_shape":22.6099702257654}},{"type":"Feature","id":"filaire_des_voies_de_la_ville_de_roubaix.382","geometry":{"type":"LineString","coordinates":[[3.185363,50.68388],[3.185264,50.683812],[3.185156,50.683858]]},"geometry_name":"geom","properties":{"nom_de_la_rue":"Cour Couteau","st_length_shape":30.8223227848703}},{"type":"Feature","id":"filaire_des_voies_de_la_ville_de_roubaix.383","geometry":{"type":"LineString","coordinates":[[3.186752,50.684811],[3.186558,50.684947]]},"geometry_name":"geom","properties":{"nom_de_la_rue":"Cour Dekeyser","st_length_shape":32.2400996699762}},{"type":"Feature","id":"filaire_des_voies_de_la_ville_de_roubaix.384","geometry":{"type":"LineString","coordinates":[[3.181611,50.699243],[3.181363,50.699143]]},"geometry_name":"geom","properties":{"nom_de_la_rue":"Cité Hoche","st_length_shape":32.8257185514651}},{"type":"Feature","id":"filaire_des_voies_de_la_ville_de_roubaix.385","geometry":{"type":"LineString","coordinates":[[3.189097,50.684495],[3.188448,50.684023]]},"geometry_name":"geom","properties":{"nom_de_la_rue":"Cour Remery","st_length_shape":110.03606087756}},{"type":"Feature","id":"filaire_des_voies_de_la_ville_de_roubaix.386","geometry":{"type":"LineString","coordinates":[[3.18921,50.684288],[3.188605,50.683853]]},"geometry_name":"geom","properties":{"nom_de_la_rue":"Cité Montgolfier","st_length_shape":101.887851988841}},{"type":"Feature","id":"filaire_des_voies_de_la_ville_de_roubaix.387","geometry":{"type":"LineString","coordinates":[[3.183953,50.688453],[3.184038,50.688392]]},"geometry_name":"geom","properties":{"nom_de_la_rue":"Cour Veuve Degrieck","st_length_shape":14.3176770898774}},{"type":"Feature","id":"filaire_des_voies_de_la_ville_de_roubaix.388","geometry":{"type":"LineString","coordinates":[[3.197286,50.691195],[3.197093,50.691556]]},"geometry_name":"geom","properties":{"nom_de_la_rue":"Cour Planckaert","st_length_shape":67.0202028078101}},{"type":"Feature","id":"filaire_des_voies_de_la_ville_de_roubaix.389","geometry":{"type":"LineString","coordinates":[[3.179463,50.70389],[3.179135,50.703735]]},"geometry_name":"geom","properties":{"nom_de_la_rue":"Cour Lefebvre","st_length_shape":45.6008601000025}},{"type":"Feature","id":"filaire_des_voies_de_la_ville_de_roubaix.390","geometry":{"type":"LineString","coordinates":[[3.192358,50.688512],[3.191851,50.688285]]},"geometry_name":"geom","properties":{"nom_de_la_rue":"Cour Demarcq","st_length_shape":69.1683492939509}},{"type":"Feature","id":"filaire_des_voies_de_la_ville_de_roubaix.391","geometry":{"type":"LineString","coordinates":[[3.178617,50.705484],[3.178192,50.705326]]},"geometry_name":"geom","properties":{"nom_de_la_rue":"Cour Jacquart","st_length_shape":54.9510376296026}},{"type":"Feature","id":"filaire_des_voies_de_la_ville_de_roubaix.392","geometry":{"type":"LineString","coordinates":[[3.182746,50.700008],[3.182507,50.700264]]},"geometry_name":"geom","properties":{"nom_de_la_rue":"Cour Cazier","st_length_shape":52.2715921165598}},{"type":"Feature","id":"filaire_des_voies_de_la_ville_de_roubaix.393","geometry":{"type":"LineString","coordinates":[[3.161665,50.689298],[3.161057,50.689623]]},"geometry_name":"geom","properties":{"nom_de_la_rue":"Cour Lepers","st_length_shape":88.5131552044666}},{"type":"Feature","id":"filaire_des_voies_de_la_ville_de_roubaix.394","geometry":{"type":"LineString","coordinates":[[3.212179,50.68425],[3.213036,50.684268]]},"geometry_name":"geom","properties":{"nom_de_la_rue":"Rue du Stand de Tir","st_length_shape":95.4601007688553}},{"type":"Feature","id":"filaire_des_voies_de_la_ville_de_roubaix.395","geometry":{"type":"LineString","coordinates":[[3.177539,50.685786],[3.176925,50.685501]]},"geometry_name":"geom","properties":{"nom_de_la_rue":"Cour Pennel","st_length_shape":84.6443876407645}},{"type":"Feature","id":"filaire_des_voies_de_la_ville_de_roubaix.396","geometry":{"type":"LineString","coordinates":[[3.163325,50.685961],[3.163497,50.685886]]},"geometry_name":"geom","properties":{"nom_de_la_rue":"Cour du Nord","st_length_shape":23.1560888891022}},{"type":"Feature","id":"filaire_des_voies_de_la_ville_de_roubaix.397","geometry":{"type":"LineString","coordinates":[[3.181138,50.687307],[3.181513,50.686983]]},"geometry_name":"geom","properties":{"nom_de_la_rue":"Cité Duyck","st_length_shape":70.6200633384734}},{"type":"Feature","id":"filaire_des_voies_de_la_ville_de_roubaix.398","geometry":{"type":"LineString","coordinates":[[3.162211,50.685935],[3.162547,50.686329]]},"geometry_name":"geom","properties":{"nom_de_la_rue":"Cour Saint Pierre","st_length_shape":78.7915099072229}},{"type":"Feature","id":"filaire_des_voies_de_la_ville_de_roubaix.399","geometry":{"type":"LineString","coordinates":[[3.153742,50.687519],[3.15393,50.687782]]},"geometry_name":"geom","properties":{"nom_de_la_rue":"Cour Leman","st_length_shape":50.6883764342477}},{"type":"Feature","id":"filaire_des_voies_de_la_ville_de_roubaix.400","geometry":{"type":"LineString","coordinates":[[3.196122,50.687832],[3.195995,50.687949]]},"geometry_name":"geom","properties":{"nom_de_la_rue":"Cour Thesse","st_length_shape":24.9718466047267}},{"type":"Feature","id":"filaire_des_voies_de_la_ville_de_roubaix.401","geometry":{"type":"LineString","coordinates":[[3.156393,50.696035],[3.156518,50.696148]]},"geometry_name":"geom","properties":{"nom_de_la_rue":"Cour Dutilleul","st_length_shape":24.1930854594861}},{"type":"Feature","id":"filaire_des_voies_de_la_ville_de_roubaix.402","geometry":{"type":"LineString","coordinates":[[3.195404,50.675985],[3.195655,50.675821]]},"geometry_name":"geom","properties":{"nom_de_la_rue":"Cour Planchon","st_length_shape":40.0592866208324}},{"type":"Feature","id":"filaire_des_voies_de_la_ville_de_roubaix.403","geometry":{"type":"LineString","coordinates":[[3.190642,50.682031],[3.190888,50.681962]]},"geometry_name":"geom","properties":{"nom_de_la_rue":"Impasse Delplanque","st_length_shape":30.0199005264841}},{"type":"Feature","id":"filaire_des_voies_de_la_ville_de_roubaix.404","geometry":{"type":"LineString","coordinates":[[3.197398,50.684843],[3.197511,50.684696],[3.197586,50.684584],[3.197666,50.684489]]},"geometry_name":"geom","properties":{"nom_de_la_rue":"Sentier de Courcelles","st_length_shape":69.0071599148317}},{"type":"Feature","id":"filaire_des_voies_de_la_ville_de_roubaix.405","geometry":{"type":"LineString","coordinates":[[3.177842,50.682536],[3.178207,50.683039]]},"geometry_name":"geom","properties":{"nom_de_la_rue":"Cour Fontier","st_length_shape":97.1628432320195}},{"type":"Feature","id":"filaire_des_voies_de_la_ville_de_roubaix.406","geometry":{"type":"LineString","coordinates":[[3.174853,50.683636],[3.175101,50.683424]]},"geometry_name":"geom","properties":{"nom_de_la_rue":"Impasse Kléber","st_length_shape":46.359668215918}},{"type":"Feature","id":"filaire_des_voies_de_la_ville_de_roubaix.407","geometry":{"type":"LineString","coordinates":[[3.174787,50.686335],[3.175199,50.686498]]},"geometry_name":"geom","properties":{"nom_de_la_rue":"Cour Dubar","st_length_shape":54.1082549969965}},{"type":"Feature","id":"filaire_des_voies_de_la_ville_de_roubaix.408","geometry":{"type":"LineString","coordinates":[[3.162723,50.697626],[3.162606,50.697625]]},"geometry_name":"geom","properties":{"nom_de_la_rue":"Cour Becquart","st_length_shape":13.0348113641894}},{"type":"Feature","id":"filaire_des_voies_de_la_ville_de_roubaix.409","geometry":{"type":"LineString","coordinates":[[3.17972,50.700587],[3.179634,50.700546]]},"geometry_name":"geom","properties":{"nom_de_la_rue":"Cour Butteau","st_length_shape":11.9240288736651}},{"type":"Feature","id":"filaire_des_voies_de_la_ville_de_roubaix.410","geometry":{"type":"LineString","coordinates":[[3.18207,50.684422],[3.181925,50.684318]]},"geometry_name":"geom","properties":{"nom_de_la_rue":"Cour Tunis","st_length_shape":24.3948858011264}},{"type":"Feature","id":"filaire_des_voies_de_la_ville_de_roubaix.411","geometry":{"type":"LineString","coordinates":[[3.181277,50.68371],[3.181523,50.683973]]},"geometry_name":"geom","properties":{"nom_de_la_rue":"Cité Ma Campagne","st_length_shape":53.7258998168481}},{"type":"Feature","id":"filaire_des_voies_de_la_ville_de_roubaix.412","geometry":{"type":"LineString","coordinates":[[3.181617,50.683707],[3.181461,50.683556]]},"geometry_name":"geom","properties":{"nom_de_la_rue":"Cour Pontier","st_length_shape":31.6150690141584}},{"type":"Feature","id":"filaire_des_voies_de_la_ville_de_roubaix.413","geometry":{"type":"LineString","coordinates":[[3.162261,50.680044],[3.162698,50.67984],[3.163487,50.679457]]},"geometry_name":"geom","properties":{"nom_de_la_rue":"Rue du Boulevard","st_length_shape":170.970434723149}},{"type":"Feature","id":"filaire_des_voies_de_la_ville_de_roubaix.414","geometry":{"type":"LineString","coordinates":[[3.185655,50.685328],[3.185768,50.685238]]},"geometry_name":"geom","properties":{"nom_de_la_rue":"Cour Buxant","st_length_shape":20.2258475916338}},{"type":"Feature","id":"filaire_des_voies_de_la_ville_de_roubaix.415","geometry":{"type":"LineString","coordinates":[[3.174704,50.699341],[3.174167,50.699595]]},"geometry_name":"geom","properties":{"nom_de_la_rue":"Place de la Fosse aux Chênes","st_length_shape":74.6013355650554}},{"type":"Feature","id":"filaire_des_voies_de_la_ville_de_roubaix.416","geometry":{"type":"LineString","coordinates":[[3.163572,50.6981],[3.163362,50.697966]]},"geometry_name":"geom","properties":{"nom_de_la_rue":"Place de la Patrie","st_length_shape":33.1717896583829}},{"type":"Feature","id":"filaire_des_voies_de_la_ville_de_roubaix.417","geometry":{"type":"LineString","coordinates":[[3.157917,50.698224],[3.158213,50.698396],[3.159365,50.699207],[3.159745,50.699406],[3.160547,50.699856],[3.161099,50.700157],[3.16329,50.701344],[3.16405,50.701757],[3.164358,50.70206]]},"geometry_name":"geom","properties":{"nom_de_la_rue":"Boulevard d'Armentières","st_length_shape":987.445043254374}},{"type":"Feature","id":"filaire_des_voies_de_la_ville_de_roubaix.418","geometry":{"type":"LineString","coordinates":[[3.166811,50.68083],[3.165931,50.680707],[3.165161,50.680599],[3.164793,50.680513],[3.16447,50.680353],[3.163487,50.679457],[3.161765,50.677889],[3.159575,50.675787],[3.158542,50.674784],[3.156248,50.672586],[3.155998,50.672349],[3.155576,50.671946],[3.15534,50.67159],[3.15522,50.671189],[3.155258,50.670793],[3.155248,50.670438],[3.155155,50.67008],[3.155121,50.669949]]},"geometry_name":"geom","properties":{"nom_de_la_rue":"Avenue Jean Jaurès","st_length_shape":2413.98748353197}},{"type":"Feature","id":"filaire_des_voies_de_la_ville_de_roubaix.419","geometry":{"type":"LineString","coordinates":[[3.198143,50.687534],[3.199084,50.686607],[3.199617,50.686083],[3.19993,50.685787],[3.200699,50.68503],[3.201121,50.684616],[3.201997,50.683741],[3.203176,50.682565],[3.204705,50.681056]]},"geometry_name":"geom","properties":{"nom_de_la_rue":"Avenue de Verdun","st_length_shape":1352.34821661122}},{"type":"Feature","id":"filaire_des_voies_de_la_ville_de_roubaix.420","geometry":{"type":"LineString","coordinates":[[3.162406,50.692977],[3.162281,50.692794]]},"geometry_name":"geom","properties":{"nom_de_la_rue":"Cour Mulliez","st_length_shape":34.9610842969723}},{"type":"Feature","id":"filaire_des_voies_de_la_ville_de_roubaix.421","geometry":{"type":"LineString","coordinates":[[3.167471,50.698124],[3.167767,50.697951],[3.168334,50.698319],[3.168346,50.698327],[3.169154,50.698892]]},"geometry_name":"geom","properties":{"nom_de_la_rue":"Rue d'Arcole","st_length_shape":271.254263020034}},{"type":"Feature","id":"filaire_des_voies_de_la_ville_de_roubaix.422","geometry":{"type":"LineString","coordinates":[[3.191682,50.701332],[3.190895,50.702356],[3.190151,50.703327],[3.189574,50.704077],[3.188974,50.704857],[3.18884,50.705036],[3.188341,50.705678],[3.187277,50.707073],[3.186744,50.707774],[3.186658,50.707877]]},"geometry_name":"geom","properties":{"nom_de_la_rue":"Rue d'Alger","st_length_shape":1279.1221823455}},{"type":"Feature","id":"filaire_des_voies_de_la_ville_de_roubaix.423","geometry":{"type":"LineString","coordinates":[[3.184055,50.703714],[3.185317,50.70429],[3.185818,50.704519],[3.186471,50.704823],[3.188341,50.705678],[3.188656,50.705819],[3.190315,50.706578],[3.190419,50.706609],[3.190934,50.706833]]},"geometry_name":"geom","properties":{"nom_de_la_rue":"Rue de Constantine","st_length_shape":941.975161607562}},{"type":"Feature","id":"filaire_des_voies_de_la_ville_de_roubaix.424","geometry":{"type":"LineString","coordinates":[[3.185708,50.701285],[3.184949,50.702342],[3.184055,50.703714],[3.184111,50.703805],[3.183984,50.703999],[3.183438,50.704579],[3.182635,50.705224],[3.181276,50.706042],[3.180883,50.706213],[3.180518,50.706372]]},"geometry_name":"geom","properties":{"nom_de_la_rue":"Quai de Marseille","st_length_shape":1093.22233222512}},{"type":"Feature","id":"filaire_des_voies_de_la_ville_de_roubaix.425","geometry":{"type":"LineString","coordinates":[[3.173908,50.691726],[3.173876,50.691769],[3.173849,50.691816],[3.173828,50.691865],[3.173814,50.691917],[3.173806,50.691971],[3.173796,50.692007],[3.17379,50.692044],[3.173789,50.692081],[3.173793,50.692118],[3.173803,50.692155],[3.173832,50.692199],[3.173865,50.69224],[3.173901,50.692279],[3.17394,50.692315],[3.174045,50.692335],[3.174151,50.69235],[3.174258,50.692362],[3.174272,50.692359],[3.174346,50.69234],[3.174418,50.692316],[3.174488,50.692287],[3.174556,50.692254],[3.174622,50.692216],[3.174669,50.692054],[3.174706,50.692017]]},"geometry_name":"geom","properties":{"nom_de_la_rue":"Contour Saint Martin","st_length_shape":230.967636077847}},{"type":"Feature","id":"filaire_des_voies_de_la_ville_de_roubaix.426","geometry":{"type":"LineString","coordinates":[[3.170565,50.692345],[3.169812,50.692615],[3.169028,50.692854],[3.168775,50.69293],[3.168429,50.692986],[3.16784,50.693081],[3.166844,50.69324],[3.163835,50.693727],[3.163768,50.693726],[3.162681,50.694035]]},"geometry_name":"geom","properties":{"nom_de_la_rue":"Rue de l'Espérance","st_length_shape":931.817198090601}},{"type":"Feature","id":"filaire_des_voies_de_la_ville_de_roubaix.427","geometry":{"type":"MultiLineString","coordinates":[[[3.178125,50.689505],[3.178147,50.689565],[3.178949,50.689846],[3.179081,50.689852]],[[3.179275,50.691137],[3.179807,50.69048],[3.179973,50.690274],[3.179992,50.6902],[3.17984,50.690116],[3.179081,50.689852],[3.179081,50.689852]]]},"geometry_name":"geom","properties":{"nom_de_la_rue":"Rue de la Tuilerie","st_length_shape":429.936030618834}},{"type":"Feature","id":"filaire_des_voies_de_la_ville_de_roubaix.428","geometry":{"type":"MultiLineString","coordinates":[[[3.163839,50.684026],[3.163839,50.684026]],[[3.163839,50.684026],[3.163839,50.684026],[3.163105,50.683755],[3.1631,50.683753],[3.162073,50.683386]],[[3.163839,50.684026],[3.164266,50.684176],[3.164253,50.684303]],[[3.164253,50.684303],[3.164098,50.684299],[3.163839,50.684026]],[[3.174601,50.68788],[3.174178,50.687771],[3.172734,50.687243],[3.171985,50.686974],[3.170132,50.686307],[3.170021,50.686268],[3.169457,50.686066],[3.16848,50.685711],[3.168352,50.685666],[3.165956,50.684794],[3.165886,50.684767],[3.16535,50.684577],[3.164643,50.684313],[3.164253,50.684303]]]},"geometry_name":"geom","properties":{"nom_de_la_rue":"Rue de Lille","st_length_shape":1693.65402315787}},{"type":"Feature","id":"filaire_des_voies_de_la_ville_de_roubaix.429","geometry":{"type":"LineString","coordinates":[[3.168934,50.693927],[3.169353,50.694881],[3.169517,50.695034],[3.169948,50.6954]]},"geometry_name":"geom","properties":{"nom_de_la_rue":"Rue de l'Ermitage","st_length_shape":286.86214711942}},{"type":"Feature","id":"filaire_des_voies_de_la_ville_de_roubaix.430","geometry":{"type":"LineString","coordinates":[[3.177308,50.689861],[3.177004,50.690028],[3.177003,50.690029],[3.176483,50.690933]]},"geometry_name":"geom","properties":{"nom_de_la_rue":"Rue de la Halle","st_length_shape":213.958452713118}},{"type":"Feature","id":"filaire_des_voies_de_la_ville_de_roubaix.431","geometry":{"type":"LineString","coordinates":[[3.180202,50.706323],[3.180515,50.706372],[3.180978,50.706518],[3.181342,50.706609],[3.181665,50.706683],[3.182219,50.70677],[3.183308,50.706944],[3.184025,50.707077],[3.184604,50.707209],[3.185187,50.707365],[3.185872,50.707584],[3.18659,50.707853],[3.186655,50.707877],[3.186996,50.708005],[3.187871,50.708372],[3.188109,50.708486]]},"geometry_name":"geom","properties":{"nom_de_la_rue":"Boulevard de la Laine","st_length_shape":966.785518086648}},{"type":"Feature","id":"filaire_des_voies_de_la_ville_de_roubaix.432","geometry":{"type":"LineString","coordinates":[[3.169982,50.705936],[3.169962,50.705954],[3.169726,50.706318],[3.169135,50.707233],[3.168669,50.707953],[3.168369,50.708416]]},"geometry_name":"geom","properties":{"nom_de_la_rue":"Rue des Retrouvailles","st_length_shape":471.484692108542}},{"type":"Feature","id":"filaire_des_voies_de_la_ville_de_roubaix.433","geometry":{"type":"LineString","coordinates":[[3.172429,50.702151],[3.17223,50.702464],[3.171803,50.703117],[3.171525,50.703543],[3.17093,50.704462],[3.17021,50.705577]]},"geometry_name":"geom","properties":{"nom_de_la_rue":"Rue de Tourcoing","st_length_shape":650.746622319618}},{"type":"Feature","id":"filaire_des_voies_de_la_ville_de_roubaix.434","geometry":{"type":"LineString","coordinates":[[3.173406,50.700642],[3.173951,50.700795],[3.174239,50.701011],[3.174406,50.70126],[3.174689,50.701728],[3.174825,50.7018]]},"geometry_name":"geom","properties":{"nom_de_la_rue":"Rue Voltaire","st_length_shape":271.370002794732}},{"type":"Feature","id":"filaire_des_voies_de_la_ville_de_roubaix.435","geometry":{"type":"LineString","coordinates":[[3.170838,50.698959],[3.170813,50.699005],[3.171215,50.699739],[3.17233,50.700028],[3.173539,50.700344],[3.173568,50.700399]]},"geometry_name":"geom","properties":{"nom_de_la_rue":"Rue Saint Maurice","st_length_shape":435.060938820415}},{"type":"Feature","id":"filaire_des_voies_de_la_ville_de_roubaix.436","geometry":{"type":"LineString","coordinates":[[3.173929,50.699833],[3.171224,50.69903],[3.171174,50.698918]]},"geometry_name":"geom","properties":{"nom_de_la_rue":"Rue de la Rondelle","st_length_shape":353.104461485603}},{"type":"Feature","id":"filaire_des_voies_de_la_ville_de_roubaix.437","geometry":{"type":"LineString","coordinates":[[3.194635,50.702801],[3.19291,50.704813]]},"geometry_name":"geom","properties":{"nom_de_la_rue":"Rue de la Lainière","st_length_shape":402.389112068828}},{"type":"Feature","id":"filaire_des_voies_de_la_ville_de_roubaix.438","geometry":{"type":"LineString","coordinates":[[3.186471,50.704823],[3.18483,50.706232]]},"geometry_name":"geom","properties":{"nom_de_la_rue":"Rue de Bône","st_length_shape":307.822197920293}},{"type":"Feature","id":"filaire_des_voies_de_la_ville_de_roubaix.439","geometry":{"type":"LineString","coordinates":[[3.182562,50.706632],[3.183618,50.705732],[3.185314,50.70429]]},"geometry_name":"geom","properties":{"nom_de_la_rue":"Rue Delespaul","st_length_shape":513.176888200237}},{"type":"Feature","id":"filaire_des_voies_de_la_ville_de_roubaix.440","geometry":{"type":"LineString","coordinates":[[3.18893,50.702667],[3.188067,50.70343],[3.187312,50.704094]]},"geometry_name":"geom","properties":{"nom_de_la_rue":"Rue des Pyramides","st_length_shape":308.814347042598}},{"type":"Feature","id":"filaire_des_voies_de_la_ville_de_roubaix.441","geometry":{"type":"LineString","coordinates":[[3.169962,50.705954],[3.167145,50.70523],[3.166652,50.705103],[3.164127,50.704421],[3.160554,50.703491],[3.159426,50.703202]]},"geometry_name":"geom","properties":{"nom_de_la_rue":"Promenade au Fil de l'eau","st_length_shape":1268.7087147813}},{"type":"Feature","id":"filaire_des_voies_de_la_ville_de_roubaix.442","geometry":{"type":"LineString","coordinates":[[3.160547,50.699856],[3.159384,50.701127]]},"geometry_name":"geom","properties":{"nom_de_la_rue":"Rue Corneille","st_length_shape":258.193467339842}},{"type":"Feature","id":"filaire_des_voies_de_la_ville_de_roubaix.443","geometry":{"type":"LineString","coordinates":[[3.163811,50.698164],[3.163546,50.698299],[3.161112,50.699956],[3.161099,50.700157]]},"geometry_name":"geom","properties":{"nom_de_la_rue":"Avenue d'Alsace","st_length_shape":471.063761765631}},{"type":"Feature","id":"filaire_des_voies_de_la_ville_de_roubaix.444","geometry":{"type":"LineString","coordinates":[[3.155953,50.697906],[3.15514,50.698355]]},"geometry_name":"geom","properties":{"nom_de_la_rue":"Rue Diderot","st_length_shape":120.130699109012}},{"type":"Feature","id":"filaire_des_voies_de_la_ville_de_roubaix.445","geometry":{"type":"LineString","coordinates":[[3.159957,50.696702],[3.16081,50.697303]]},"geometry_name":"geom","properties":{"nom_de_la_rue":"Rue Remiremont","st_length_shape":142.16383591589}},{"type":"Feature","id":"filaire_des_voies_de_la_ville_de_roubaix.446","geometry":{"type":"LineString","coordinates":[[3.164443,50.696012],[3.165938,50.695304]]},"geometry_name":"geom","properties":{"nom_de_la_rue":"Rue de l'Avocat","st_length_shape":207.754570687723}},{"type":"Feature","id":"filaire_des_voies_de_la_ville_de_roubaix.447","geometry":{"type":"LineString","coordinates":[[3.166437,50.695652],[3.165029,50.696481],[3.164682,50.696673]]},"geometry_name":"geom","properties":{"nom_de_la_rue":"Rue Isabeau de Roubaix","st_length_shape":265.345956541132}},{"type":"Feature","id":"filaire_des_voies_de_la_ville_de_roubaix.448","geometry":{"type":"MultiLineString","coordinates":[[[3.196721,50.694696],[3.196221,50.695388],[3.195151,50.69678],[3.194371,50.697815]],[[3.194371,50.697815],[3.194288,50.697925],[3.194192,50.698053],[3.192788,50.699881],[3.191682,50.701332]]]},"geometry_name":"geom","properties":{"nom_de_la_rue":"Rue d'Alger","st_length_shape":1294.28711088499}},{"type":"Feature","id":"filaire_des_voies_de_la_ville_de_roubaix.449","geometry":{"type":"LineString","coordinates":[[3.171525,50.703543],[3.173631,50.704093]]},"geometry_name":"geom","properties":{"nom_de_la_rue":"Rue Duflot","st_length_shape":253.491372249313}},{"type":"Feature","id":"filaire_des_voies_de_la_ville_de_roubaix.450","geometry":{"type":"LineString","coordinates":[[3.175752,50.700776],[3.175519,50.700892],[3.175387,50.70124],[3.175289,50.701338],[3.174825,50.7018],[3.174449,50.702194],[3.173918,50.702769],[3.173822,50.703218],[3.173734,50.703629],[3.173631,50.704093],[3.173557,50.704397],[3.17348,50.704483]]},"geometry_name":"geom","properties":{"nom_de_la_rue":"Rue Turgot","st_length_shape":716.855198184472}},{"type":"Feature","id":"filaire_des_voies_de_la_ville_de_roubaix.451","geometry":{"type":"LineString","coordinates":[[3.181047,50.703803],[3.182866,50.704587]]},"geometry_name":"geom","properties":{"nom_de_la_rue":"Passage du Beau Chêne","st_length_shape":244.974315115299}},{"type":"Feature","id":"filaire_des_voies_de_la_ville_de_roubaix.452","geometry":{"type":"LineString","coordinates":[[3.176864,50.702876],[3.178176,50.703562],[3.178209,50.703579],[3.178562,50.703763]]},"geometry_name":"geom","properties":{"nom_de_la_rue":"Rue Voltaire","st_length_shape":245.069403430277}},{"type":"Feature","id":"filaire_des_voies_de_la_ville_de_roubaix.453","geometry":{"type":"LineString","coordinates":[[3.189731,50.688999],[3.189917,50.689046]]},"geometry_name":"geom","properties":{"nom_de_la_rue":"Cour Veuve Florin","st_length_shape":22.3043739392075}},{"type":"Feature","id":"filaire_des_voies_de_la_ville_de_roubaix.454","geometry":{"type":"LineString","coordinates":[[3.178294,50.700116],[3.179184,50.700582],[3.18054,50.701314],[3.18265,50.702282]]},"geometry_name":"geom","properties":{"nom_de_la_rue":"Rue Drouot","st_length_shape":616.902639361873}},{"type":"Feature","id":"filaire_des_voies_de_la_ville_de_roubaix.455","geometry":{"type":"LineString","coordinates":[[3.18371,50.699291],[3.183966,50.698872],[3.184236,50.698387]]},"geometry_name":"geom","properties":{"nom_de_la_rue":"Rue du Sentier","st_length_shape":169.472824949138}},{"type":"Feature","id":"filaire_des_voies_de_la_ville_de_roubaix.456","geometry":{"type":"LineString","coordinates":[[3.181191,50.698843],[3.182391,50.699329]]},"geometry_name":"geom","properties":{"nom_de_la_rue":"Rue Villars","st_length_shape":158.547734338432}},{"type":"Feature","id":"filaire_des_voies_de_la_ville_de_roubaix.457","geometry":{"type":"LineString","coordinates":[[3.185355,50.695101],[3.18712,50.695623]]},"geometry_name":"geom","properties":{"nom_de_la_rue":"Rue Fourcroy","st_length_shape":216.813162004755}},{"type":"Feature","id":"filaire_des_voies_de_la_ville_de_roubaix.458","geometry":{"type":"LineString","coordinates":[[3.184921,50.696562],[3.18608,50.696118],[3.18704,50.695769]]},"geometry_name":"geom","properties":{"nom_de_la_rue":"Rue Galvani","st_length_shape":273.999772934764}},{"type":"Feature","id":"filaire_des_voies_de_la_ville_de_roubaix.459","geometry":{"type":"LineString","coordinates":[[3.189838,50.69433],[3.189599,50.694681],[3.188209,50.696791],[3.187841,50.697362],[3.187453,50.697951]]},"geometry_name":"geom","properties":{"nom_de_la_rue":"Quai de Brest","st_length_shape":689.574621575442}},{"type":"Feature","id":"filaire_des_voies_de_la_ville_de_roubaix.460","geometry":{"type":"LineString","coordinates":[[3.195202,50.698304],[3.19492,50.698693]]},"geometry_name":"geom","properties":{"nom_de_la_rue":"Rue Blidah","st_length_shape":75.2276672245657}},{"type":"Feature","id":"filaire_des_voies_de_la_ville_de_roubaix.461","geometry":{"type":"LineString","coordinates":[[3.188696,50.692881],[3.189717,50.69278],[3.190185,50.692793],[3.190682,50.692872],[3.191019,50.692976],[3.191311,50.693088],[3.191679,50.693283],[3.192069,50.693587],[3.192376,50.693998],[3.192498,50.694356]]},"geometry_name":"geom","properties":{"nom_de_la_rue":"Pont Nyckes","st_length_shape":570.409561734974}},{"type":"Feature","id":"filaire_des_voies_de_la_ville_de_roubaix.462","geometry":{"type":"LineString","coordinates":[[3.191351,50.691088],[3.192145,50.690268],[3.192567,50.689835]]},"geometry_name":"geom","properties":{"nom_de_la_rue":"Rue de Babylone","st_length_shape":258.546001135687}},{"type":"Feature","id":"filaire_des_voies_de_la_ville_de_roubaix.463","geometry":{"type":"LineString","coordinates":[[3.20495,50.689927],[3.205484,50.690213],[3.205541,50.690261],[3.206011,50.690663],[3.206166,50.690815]]},"geometry_name":"geom","properties":{"nom_de_la_rue":"Rue Basse","st_length_shape":208.161815315725}},{"type":"Feature","id":"filaire_des_voies_de_la_ville_de_roubaix.464","geometry":{"type":"LineString","coordinates":[[3.208154,50.690132],[3.206985,50.689237]]},"geometry_name":"geom","properties":{"nom_de_la_rue":"Rue d'Amsterdam","st_length_shape":204.182335258489}},{"type":"Feature","id":"filaire_des_voies_de_la_ville_de_roubaix.465","geometry":{"type":"LineString","coordinates":[[3.211092,50.689415],[3.211302,50.689283],[3.211441,50.689139],[3.21156,50.689039],[3.211726,50.688932],[3.211875,50.688858],[3.212044,50.688792],[3.213109,50.688426],[3.213828,50.688177],[3.215595,50.687575],[3.216074,50.687395],[3.216296,50.687325]]},"geometry_name":"geom","properties":{"nom_de_la_rue":"Rue de Leers","st_length_shape":693.217983885388}},{"type":"Feature","id":"filaire_des_voies_de_la_ville_de_roubaix.466","geometry":{"type":"LineString","coordinates":[[3.211529,50.684124],[3.211178,50.683848],[3.211222,50.683578],[3.211158,50.683529],[3.21074,50.683505],[3.21041,50.68326],[3.209793,50.683197],[3.209075,50.68365]]},"geometry_name":"geom","properties":{"nom_de_la_rue":"Rue des Bourleux","st_length_shape":406.757792617043}},{"type":"Feature","id":"filaire_des_voies_de_la_ville_de_roubaix.467","geometry":{"type":"MultiLineString","coordinates":[[[3.202134,50.679439],[3.201958,50.679424],[3.201046,50.678863],[3.199063,50.677643],[3.199054,50.677505],[3.199231,50.67749],[3.201264,50.678749],[3.2021,50.679266],[3.202134,50.679439]],[[3.202134,50.679439],[3.202402,50.679604],[3.204705,50.681056],[3.205727,50.681716],[3.206328,50.68205],[3.207489,50.682783],[3.208441,50.683403]]]},"geometry_name":"geom","properties":{"nom_de_la_rue":"Avenue Roger Salengro","st_length_shape":1979.23058870991}},{"type":"Feature","id":"filaire_des_voies_de_la_ville_de_roubaix.468","geometry":{"type":"LineString","coordinates":[[3.201121,50.684616],[3.202914,50.685263]]},"geometry_name":"geom","properties":{"nom_de_la_rue":"Rue Léonie Vanhoutte","st_length_shape":229.629181281757}},{"type":"Feature","id":"filaire_des_voies_de_la_ville_de_roubaix.469","geometry":{"type":"LineString","coordinates":[[3.196,50.685487],[3.197681,50.685944]]},"geometry_name":"geom","properties":{"nom_de_la_rue":"Rue Lamartine","st_length_shape":203.646765821704}},{"type":"Feature","id":"filaire_des_voies_de_la_ville_de_roubaix.470","geometry":{"type":"LineString","coordinates":[[3.19433,50.691034],[3.194354,50.690894],[3.195473,50.689899],[3.195817,50.689141]]},"geometry_name":"geom","properties":{"nom_de_la_rue":"Rue Lannes","st_length_shape":377.928882230236}},{"type":"Feature","id":"filaire_des_voies_de_la_ville_de_roubaix.471","geometry":{"type":"LineString","coordinates":[[3.192324,50.688823],[3.193306,50.689249],[3.194375,50.689713]]},"geometry_name":"geom","properties":{"nom_de_la_rue":"Rue Desaix","st_length_shape":276.756994217614}},{"type":"Feature","id":"filaire_des_voies_de_la_ville_de_roubaix.472","geometry":{"type":"LineString","coordinates":[[3.19266,50.686644],[3.191973,50.687538]]},"geometry_name":"geom","properties":{"nom_de_la_rue":"Rue Paul Bert","st_length_shape":174.7130378422}},{"type":"Feature","id":"filaire_des_voies_de_la_ville_de_roubaix.473","geometry":{"type":"LineString","coordinates":[[3.167494,50.699818],[3.168107,50.700033]]},"geometry_name":"geom","properties":{"nom_de_la_rue":"Rue de la Grand Mère","st_length_shape":77.9304175729221}},{"type":"Feature","id":"filaire_des_voies_de_la_ville_de_roubaix.474","geometry":{"type":"LineString","coordinates":[[3.194362,50.687433],[3.194794,50.686934]]},"geometry_name":"geom","properties":{"nom_de_la_rue":"Rue St Rédempteur","st_length_shape":99.8912890188629}},{"type":"Feature","id":"filaire_des_voies_de_la_ville_de_roubaix.475","geometry":{"type":"LineString","coordinates":[[3.170492,50.700463],[3.169978,50.70098],[3.169828,50.701134],[3.169103,50.701867],[3.169036,50.701911]]},"geometry_name":"geom","properties":{"nom_de_la_rue":"Rue de France","st_length_shape":301.893816000846}},{"type":"Feature","id":"filaire_des_voies_de_la_ville_de_roubaix.476","geometry":{"type":"LineString","coordinates":[[3.188248,50.685352],[3.187583,50.684963]]},"geometry_name":"geom","properties":{"nom_de_la_rue":"Passage Malplaquet","st_length_shape":100.806435556962}},{"type":"Feature","id":"filaire_des_voies_de_la_ville_de_roubaix.477","geometry":{"type":"LineString","coordinates":[[3.186352,50.701288],[3.186971,50.701613],[3.187878,50.7021],[3.188669,50.702522],[3.18893,50.702667],[3.189406,50.702924],[3.190151,50.703327]]},"geometry_name":"geom","properties":{"nom_de_la_rue":"Rue d'Oran","st_length_shape":554.364906549433}},{"type":"Feature","id":"filaire_des_voies_de_la_ville_de_roubaix.478","geometry":{"type":"LineString","coordinates":[[3.19169,50.672882],[3.192603,50.672379],[3.192121,50.672036],[3.192726,50.671444],[3.193408,50.670801],[3.193568,50.670651],[3.193883,50.670366],[3.194842,50.669461]]},"geometry_name":"geom","properties":{"nom_de_la_rue":"Rue Pierre Brossolette","st_length_shape":759.739479942701}},{"type":"Feature","id":"filaire_des_voies_de_la_ville_de_roubaix.479","geometry":{"type":"LineString","coordinates":[[3.185317,50.70429],[3.186171,50.703563],[3.18691,50.702931],[3.187878,50.7021],[3.188825,50.701304]]},"geometry_name":"geom","properties":{"nom_de_la_rue":"Rue Delespaul","st_length_shape":654.154559314604}},{"type":"Feature","id":"filaire_des_voies_de_la_ville_de_roubaix.480","geometry":{"type":"LineString","coordinates":[[3.190247,50.669539],[3.191073,50.669946],[3.191795,50.670346],[3.192261,50.670795],[3.192726,50.671444]]},"geometry_name":"geom","properties":{"nom_de_la_rue":"Rue du Bas Voisinage","st_length_shape":442.911788785674}},{"type":"Feature","id":"filaire_des_voies_de_la_ville_de_roubaix.481","geometry":{"type":"LineString","coordinates":[[3.184147,50.705985],[3.183222,50.706772]]},"geometry_name":"geom","properties":{"nom_de_la_rue":"Rue Tècle","st_length_shape":172.426768571124}},{"type":"Feature","id":"filaire_des_voies_de_la_ville_de_roubaix.482","geometry":{"type":"LineString","coordinates":[[3.184884,50.672388],[3.18579,50.671928],[3.18607,50.671778],[3.186925,50.671331],[3.18722,50.671181],[3.188187,50.67067]]},"geometry_name":"geom","properties":{"nom_de_la_rue":"Rue Mignard","st_length_shape":475.607267714767}},{"type":"Feature","id":"filaire_des_voies_de_la_ville_de_roubaix.483","geometry":{"type":"LineString","coordinates":[[3.16329,50.701344],[3.160785,50.702062]]},"geometry_name":"geom","properties":{"nom_de_la_rue":"Rue de l'Amiral Courbet","st_length_shape":306.115018620453}},{"type":"Feature","id":"filaire_des_voies_de_la_ville_de_roubaix.484","geometry":{"type":"MultiLineString","coordinates":[[[3.187863,50.67235],[3.187413,50.672013],[3.186993,50.672]],[[3.186472,50.672266],[3.186596,50.672206],[3.186983,50.672206],[3.186993,50.672]],[[3.187753,50.671343],[3.187933,50.671484]],[[3.186993,50.672],[3.187006,50.671744],[3.187428,50.671741],[3.187933,50.671484]],[[3.187933,50.671484],[3.188155,50.671655]]]},"geometry_name":"geom","properties":{"nom_de_la_rue":"Allée Rembrandt","st_length_shape":455.692994991984}},{"type":"Feature","id":"filaire_des_voies_de_la_ville_de_roubaix.485","geometry":{"type":"LineString","coordinates":[[3.162434,50.696694],[3.163291,50.698021],[3.163402,50.698131]]},"geometry_name":"geom","properties":{"nom_de_la_rue":"Rue de l'Ouest","st_length_shape":274.941358703196}},{"type":"Feature","id":"filaire_des_voies_de_la_ville_de_roubaix.486","geometry":{"type":"LineString","coordinates":[[3.188395,50.674014],[3.187921,50.673646],[3.187447,50.67328],[3.186892,50.672841]]},"geometry_name":"geom","properties":{"nom_de_la_rue":"Rue Van Dyck","st_length_shape":265.387214024222}},{"type":"Feature","id":"filaire_des_voies_de_la_ville_de_roubaix.487","geometry":{"type":"LineString","coordinates":[[3.17348,50.704483],[3.172698,50.70493],[3.171954,50.705337],[3.17181,50.705484],[3.171658,50.705825],[3.17161,50.705942]]},"geometry_name":"geom","properties":{"nom_de_la_rue":"Rue Turgot","st_length_shape":340.733548457478}},{"type":"Feature","id":"filaire_des_voies_de_la_ville_de_roubaix.488","geometry":{"type":"LineString","coordinates":[[3.179758,50.677789],[3.179084,50.676907]]},"geometry_name":"geom","properties":{"nom_de_la_rue":"Rue de l'Amiral Duquesne","st_length_shape":172.239720239903}},{"type":"Feature","id":"filaire_des_voies_de_la_ville_de_roubaix.489","geometry":{"type":"LineString","coordinates":[[3.17617,50.704253],[3.176827,50.704547],[3.177556,50.704873],[3.179924,50.705672]]},"geometry_name":"geom","properties":{"nom_de_la_rue":"Rue Rollin","st_length_shape":487.541024321625}},{"type":"Feature","id":"filaire_des_voies_de_la_ville_de_roubaix.490","geometry":{"type":"LineString","coordinates":[[3.190639,50.680552],[3.192363,50.681768],[3.19248,50.681809]]},"geometry_name":"geom","properties":{"nom_de_la_rue":"Rue Achille Scrépel","st_length_shape":302.060599366097}},{"type":"Feature","id":"filaire_des_voies_de_la_ville_de_roubaix.491","geometry":{"type":"LineString","coordinates":[[3.17348,50.704483],[3.173722,50.704651],[3.174182,50.704967],[3.174406,50.705133],[3.17471,50.705367],[3.175281,50.705789],[3.17656,50.706735]]},"geometry_name":"geom","properties":{"nom_de_la_rue":"Rue Meyerbeer","st_length_shape":523.746366738587}},{"type":"Feature","id":"filaire_des_voies_de_la_ville_de_roubaix.492","geometry":{"type":"LineString","coordinates":[[3.187617,50.682873],[3.18827,50.682562]]},"geometry_name":"geom","properties":{"nom_de_la_rue":"Rue Rosa Bonheur","st_length_shape":91.0443314559451}},{"type":"Feature","id":"filaire_des_voies_de_la_ville_de_roubaix.493","geometry":{"type":"LineString","coordinates":[[3.177751,50.704099],[3.178421,50.704109]]},"geometry_name":"geom","properties":{"nom_de_la_rue":"Place du Progrès","st_length_shape":74.5297982007868}},{"type":"Feature","id":"filaire_des_voies_de_la_ville_de_roubaix.494","geometry":{"type":"LineString","coordinates":[[3.185124,50.681791],[3.185436,50.682006],[3.185856,50.682279],[3.186512,50.682697]]},"geometry_name":"geom","properties":{"nom_de_la_rue":"Rue des Trente","st_length_shape":221.907326673024}},{"type":"Feature","id":"filaire_des_voies_de_la_ville_de_roubaix.495","geometry":{"type":"LineString","coordinates":[[3.176075,50.703322],[3.175612,50.702992],[3.174449,50.702194]]},"geometry_name":"geom","properties":{"nom_de_la_rue":"Rue Dombasle","st_length_shape":268.42751946902}},{"type":"Feature","id":"filaire_des_voies_de_la_ville_de_roubaix.496","geometry":{"type":"LineString","coordinates":[[3.185797,50.681553],[3.186444,50.68131],[3.186943,50.681133],[3.187653,50.680877],[3.188146,50.680696],[3.188601,50.68053],[3.189605,50.680166]]},"geometry_name":"geom","properties":{"nom_de_la_rue":"Rue de la Potennerie","st_length_shape":488.961703356767}},{"type":"Feature","id":"filaire_des_voies_de_la_ville_de_roubaix.497","geometry":{"type":"LineString","coordinates":[[3.174825,50.7018],[3.176149,50.702502],[3.176864,50.702876]]},"geometry_name":"geom","properties":{"nom_de_la_rue":"Rue Voltaire","st_length_shape":295.424902862807}},{"type":"Feature","id":"filaire_des_voies_de_la_ville_de_roubaix.498","geometry":{"type":"LineString","coordinates":[[3.18531,50.681075],[3.186011,50.680831],[3.186517,50.680658],[3.187232,50.680408],[3.187731,50.680239],[3.188338,50.680034],[3.189393,50.679677]]},"geometry_name":"geom","properties":{"nom_de_la_rue":"Rue Dupuy de Lôme","st_length_shape":516.581779640491}},{"type":"Feature","id":"filaire_des_voies_de_la_ville_de_roubaix.499","geometry":{"type":"LineString","coordinates":[[3.178562,50.703763],[3.178852,50.703914],[3.180387,50.704713]]},"geometry_name":"geom","properties":{"nom_de_la_rue":"Rue Voltaire","st_length_shape":263.022970974677}},{"type":"Feature","id":"filaire_des_voies_de_la_ville_de_roubaix.500","geometry":{"type":"LineString","coordinates":[[3.184312,50.680104],[3.185265,50.679866],[3.187053,50.67941],[3.189047,50.67889]]},"geometry_name":"geom","properties":{"nom_de_la_rue":"Rue Philippe Auguste","st_length_shape":568.584671717792}},{"type":"Feature","id":"filaire_des_voies_de_la_ville_de_roubaix.501","geometry":{"type":"LineString","coordinates":[[3.174257,50.699764],[3.174946,50.700313],[3.175563,50.700715],[3.175754,50.700775]]},"geometry_name":"geom","properties":{"nom_de_la_rue":"Rue Saint Joseph","st_length_shape":245.501353385826}},{"type":"Feature","id":"filaire_des_voies_de_la_ville_de_roubaix.502","geometry":{"type":"LineString","coordinates":[[3.180582,50.680094],[3.180969,50.68001],[3.181238,50.679954],[3.182214,50.67948],[3.182559,50.679311],[3.183261,50.679079]]},"geometry_name":"geom","properties":{"nom_de_la_rue":"Rue Jean Baptiste Notte","st_length_shape":350.604780271549}},{"type":"Feature","id":"filaire_des_voies_de_la_ville_de_roubaix.503","geometry":{"type":"LineString","coordinates":[[3.179919,50.701822],[3.180547,50.701314]]},"geometry_name":"geom","properties":{"nom_de_la_rue":"Rue de Jemmapes","st_length_shape":113.385225876787}},{"type":"Feature","id":"filaire_des_voies_de_la_ville_de_roubaix.504","geometry":{"type":"LineString","coordinates":[[3.18827,50.677157],[3.188798,50.677064],[3.189142,50.677166],[3.189789,50.677701],[3.189887,50.677964],[3.189604,50.678296]]},"geometry_name":"geom","properties":{"nom_de_la_rue":"Square des Platanes","st_length_shape":335.562660461075}},{"type":"Feature","id":"filaire_des_voies_de_la_ville_de_roubaix.505","geometry":{"type":"LineString","coordinates":[[3.186323,50.697023],[3.187199,50.697217]]},"geometry_name":"geom","properties":{"nom_de_la_rue":"Rue Condorcet","st_length_shape":103.400761653143}},{"type":"Feature","id":"filaire_des_voies_de_la_ville_de_roubaix.506","geometry":{"type":"LineString","coordinates":[[3.1905,50.677177],[3.191123,50.677081],[3.191464,50.677039],[3.191709,50.67691],[3.191767,50.676755],[3.191482,50.676356],[3.192991,50.67581]]},"geometry_name":"geom","properties":{"nom_de_la_rue":"Allée Henri Matisse","st_length_shape":443.834819662052}},{"type":"Feature","id":"filaire_des_voies_de_la_ville_de_roubaix.507","geometry":{"type":"LineString","coordinates":[[3.187803,50.698051],[3.187212,50.69894],[3.186211,50.700453],[3.185856,50.700995],[3.185708,50.701285]]},"geometry_name":"geom","properties":{"nom_de_la_rue":"Quai de Rouen","st_length_shape":614.532479233791}},{"type":"Feature","id":"filaire_des_voies_de_la_ville_de_roubaix.508","geometry":{"type":"LineString","coordinates":[[3.187801,50.676751],[3.189359,50.675887],[3.189587,50.675774],[3.191019,50.67498],[3.19224,50.674319],[3.193167,50.673805]]},"geometry_name":"geom","properties":{"nom_de_la_rue":"Rue Léon Marlot","st_length_shape":790.409481990009}},{"type":"Feature","id":"filaire_des_voies_de_la_ville_de_roubaix.509","geometry":{"type":"LineString","coordinates":[[3.187453,50.697951],[3.18633,50.699632],[3.185257,50.701208]]},"geometry_name":"geom","properties":{"nom_de_la_rue":"Quai de Nantes","st_length_shape":622.424413525829}},{"type":"Feature","id":"filaire_des_voies_de_la_ville_de_roubaix.510","geometry":{"type":"LineString","coordinates":[[3.193167,50.673805],[3.195047,50.672743],[3.195134,50.672648]]},"geometry_name":"geom","properties":{"nom_de_la_rue":"Rue Léon Marlot","st_length_shape":299.636607808228}},{"type":"Feature","id":"filaire_des_voies_de_la_ville_de_roubaix.511","geometry":{"type":"LineString","coordinates":[[3.1903,50.694403],[3.190282,50.694454],[3.190121,50.694725],[3.187803,50.698051]]},"geometry_name":"geom","properties":{"nom_de_la_rue":"Quai de Toulon","st_length_shape":699.051944593173}},{"type":"Feature","id":"filaire_des_voies_de_la_ville_de_roubaix.512","geometry":{"type":"LineString","coordinates":[[3.183139,50.671195],[3.182845,50.671509],[3.181923,50.672639],[3.181438,50.673227],[3.180987,50.673791]]},"geometry_name":"geom","properties":{"nom_de_la_rue":"Rue Henri Régnault","st_length_shape":515.09403230884}},{"type":"Feature","id":"filaire_des_voies_de_la_ville_de_roubaix.513","geometry":{"type":"LineString","coordinates":[[3.190121,50.694725],[3.190979,50.694794]]},"geometry_name":"geom","properties":{"nom_de_la_rue":"Rue Papin","st_length_shape":96.203144948593}},{"type":"Feature","id":"filaire_des_voies_de_la_ville_de_roubaix.514","geometry":{"type":"LineString","coordinates":[[3.181238,50.679954],[3.180705,50.679409]]},"geometry_name":"geom","properties":{"nom_de_la_rue":"Rue Eugène Motte","st_length_shape":112.497515494743}},{"type":"Feature","id":"filaire_des_voies_de_la_ville_de_roubaix.515","geometry":{"type":"LineString","coordinates":[[3.194192,50.698053],[3.195232,50.698311],[3.196065,50.698515]]},"geometry_name":"geom","properties":{"nom_de_la_rue":"Rue de Mascara","st_length_shape":223.760749029522}},{"type":"Feature","id":"filaire_des_voies_de_la_ville_de_roubaix.516","geometry":{"type":"LineString","coordinates":[[3.17933,50.679653],[3.179156,50.679863],[3.178829,50.679836]]},"geometry_name":"geom","properties":{"nom_de_la_rue":"Parvis St Jean Baptiste","st_length_shape":78.4511645551488}},{"type":"Feature","id":"filaire_des_voies_de_la_ville_de_roubaix.517","geometry":{"type":"LineString","coordinates":[[3.189838,50.69433],[3.190366,50.693539],[3.190574,50.693031],[3.190682,50.692872]]},"geometry_name":"geom","properties":{"nom_de_la_rue":"Quai de Lorient","st_length_shape":273.43650342312}},{"type":"Feature","id":"filaire_des_voies_de_la_ville_de_roubaix.518","geometry":{"type":"LineString","coordinates":[[3.178829,50.679836],[3.177542,50.680273],[3.175319,50.681059]]},"geometry_name":"geom","properties":{"nom_de_la_rue":"Rue Claude Lorrain","st_length_shape":445.971190138221}},{"type":"Feature","id":"filaire_des_voies_de_la_ville_de_roubaix.519","geometry":{"type":"LineString","coordinates":[[3.200473,50.690915],[3.2,50.692072],[3.19954,50.693198]]},"geometry_name":"geom","properties":{"nom_de_la_rue":"Rue Kellermann","st_length_shape":414.467968104098}},{"type":"Feature","id":"filaire_des_voies_de_la_ville_de_roubaix.520","geometry":{"type":"LineString","coordinates":[[3.176099,50.682223],[3.17556,50.681638],[3.175319,50.681059],[3.174985,50.680265],[3.17498,50.680017],[3.175081,50.679627],[3.17531,50.679286],[3.175678,50.678995],[3.176661,50.678416],[3.176942,50.67797],[3.177321,50.677801]]},"geometry_name":"geom","properties":{"nom_de_la_rue":"Rue de Beaumont","st_length_shape":897.517402375696}},{"type":"Feature","id":"filaire_des_voies_de_la_ville_de_roubaix.521","geometry":{"type":"LineString","coordinates":[[3.192656,50.691067],[3.192712,50.692328]]},"geometry_name":"geom","properties":{"nom_de_la_rue":"Rue Victor Delannoy","st_length_shape":221.840390353628}},{"type":"Feature","id":"filaire_des_voies_de_la_ville_de_roubaix.522","geometry":{"type":"LineString","coordinates":[[3.175907,50.685039],[3.175307,50.684559],[3.174851,50.684204],[3.174348,50.68381],[3.174849,50.683183]]},"geometry_name":"geom","properties":{"nom_de_la_rue":"Rue Coligny","st_length_shape":400.472199827631}},{"type":"Feature","id":"filaire_des_voies_de_la_ville_de_roubaix.523","geometry":{"type":"LineString","coordinates":[[3.205259,50.685074],[3.204975,50.684959],[3.203821,50.684558],[3.203605,50.684487]]},"geometry_name":"geom","properties":{"nom_de_la_rue":"Rue d'Ypres","st_length_shape":211.104143539132}},{"type":"Feature","id":"filaire_des_voies_de_la_ville_de_roubaix.524","geometry":{"type":"LineString","coordinates":[[3.176054,50.685878],[3.175311,50.685462]]},"geometry_name":"geom","properties":{"nom_de_la_rue":"Rue du Havre","st_length_shape":110.31358738161}},{"type":"Feature","id":"filaire_des_voies_de_la_ville_de_roubaix.525","geometry":{"type":"LineString","coordinates":[[3.210529,50.684626],[3.211525,50.684124],[3.212101,50.683829],[3.212411,50.683681]]},"geometry_name":"geom","properties":{"nom_de_la_rue":"Rue du Stand de Tir","st_length_shape":267.259844102743}},{"type":"Feature","id":"filaire_des_voies_de_la_ville_de_roubaix.526","geometry":{"type":"LineString","coordinates":[[3.177781,50.689558],[3.178125,50.689505],[3.178294,50.689363],[3.178385,50.689266],[3.178777,50.688798],[3.17885,50.688714],[3.179657,50.687735],[3.179739,50.687628]]},"geometry_name":"geom","properties":{"nom_de_la_rue":"Rue du Coq Français","st_length_shape":415.367184396047}},{"type":"Feature","id":"filaire_des_voies_de_la_ville_de_roubaix.527","geometry":{"type":"LineString","coordinates":[[3.202732,50.694182],[3.20267,50.693921],[3.202641,50.693773]]},"geometry_name":"geom","properties":{"nom_de_la_rue":"Rue de la Distillerie","st_length_shape":72.6653923461978}},{"type":"Feature","id":"filaire_des_voies_de_la_ville_de_roubaix.528","geometry":{"type":"LineString","coordinates":[[3.183276,50.685347],[3.183021,50.685194],[3.182844,50.685083]]},"geometry_name":"geom","properties":{"nom_de_la_rue":"Rue Boileau","st_length_shape":66.7716798824132}},{"type":"Feature","id":"filaire_des_voies_de_la_ville_de_roubaix.529","geometry":{"type":"MultiLineString","coordinates":[[[3.188988,50.691143],[3.189707,50.691128],[3.189708,50.691128],[3.190049,50.691119],[3.191351,50.691088],[3.192656,50.691067],[3.19433,50.691034],[3.196935,50.690981],[3.198395,50.690959],[3.198896,50.690948],[3.200473,50.690915],[3.20245,50.690879],[3.202809,50.69093],[3.203052,50.691],[3.203058,50.691001],[3.203808,50.691382],[3.204219,50.69151],[3.2045,50.6915]],[[3.204867,50.691641],[3.204867,50.691641]]]},"geometry_name":"geom","properties":{"nom_de_la_rue":"Boulevard de Beaurepaire","st_length_shape":1759.9986273245}},{"type":"Feature","id":"filaire_des_voies_de_la_ville_de_roubaix.530","geometry":{"type":"LineString","coordinates":[[3.189362,50.687832],[3.189972,50.688179],[3.190357,50.688393],[3.190578,50.688522],[3.190754,50.6886],[3.191959,50.689124]]},"geometry_name":"geom","properties":{"nom_de_la_rue":"Rue Jules Guesde","st_length_shape":368.402730510599}},{"type":"Feature","id":"filaire_des_voies_de_la_ville_de_roubaix.531","geometry":{"type":"LineString","coordinates":[[3.204705,50.681056],[3.206307,50.679578],[3.207498,50.678496]]},"geometry_name":"geom","properties":{"nom_de_la_rue":"Avenue Maxence Van der Meersch","st_length_shape":546.772214206702}},{"type":"Feature","id":"filaire_des_voies_de_la_ville_de_roubaix.532","geometry":{"type":"LineString","coordinates":[[3.18689,50.68895],[3.188532,50.68734]]},"geometry_name":"geom","properties":{"nom_de_la_rue":"Rue de Saint Amand","st_length_shape":336.884127832464}},{"type":"Feature","id":"filaire_des_voies_de_la_ville_de_roubaix.533","geometry":{"type":"LineString","coordinates":[[3.195033,50.687012],[3.195645,50.686296]]},"geometry_name":"geom","properties":{"nom_de_la_rue":"Rue Fénelon","st_length_shape":143.091332804786}},{"type":"Feature","id":"filaire_des_voies_de_la_ville_de_roubaix.534","geometry":{"type":"LineString","coordinates":[[3.1845,50.689392],[3.18554,50.688649],[3.185634,50.688566],[3.186673,50.687593],[3.187513,50.68684],[3.187637,50.686821]]},"geometry_name":"geom","properties":{"nom_de_la_rue":"Rue de Beaurewaert","st_length_shape":575.147576668679}},{"type":"Feature","id":"filaire_des_voies_de_la_ville_de_roubaix.535","geometry":{"type":"LineString","coordinates":[[3.197024,50.689283],[3.196788,50.69002]]},"geometry_name":"geom","properties":{"nom_de_la_rue":"Rue de la Tortue","st_length_shape":132.208322496922}},{"type":"Feature","id":"filaire_des_voies_de_la_ville_de_roubaix.536","geometry":{"type":"LineString","coordinates":[[3.179158,50.679861],[3.179581,50.68049],[3.179885,50.680925]]},"geometry_name":"geom","properties":{"nom_de_la_rue":"Rue Jean Goujon","st_length_shape":203.61211564511}},{"type":"Feature","id":"filaire_des_voies_de_la_ville_de_roubaix.537","geometry":{"type":"LineString","coordinates":[[3.196515,50.68922],[3.196314,50.689843]]},"geometry_name":"geom","properties":{"nom_de_la_rue":"Rue du Bon Rasoir","st_length_shape":111.868873323414}},{"type":"Feature","id":"filaire_des_voies_de_la_ville_de_roubaix.538","geometry":{"type":"LineString","coordinates":[[3.176099,50.682223],[3.176617,50.682045],[3.178073,50.681548],[3.178524,50.681395],[3.179884,50.680926]]},"geometry_name":"geom","properties":{"nom_de_la_rue":"Rue d'Hem","st_length_shape":479.012114511971}},{"type":"Feature","id":"filaire_des_voies_de_la_ville_de_roubaix.539","geometry":{"type":"LineString","coordinates":[[3.19054,50.685569],[3.189234,50.686831]]},"geometry_name":"geom","properties":{"nom_de_la_rue":"Rue Charlemagne","st_length_shape":265.10268942921}},{"type":"Feature","id":"filaire_des_voies_de_la_ville_de_roubaix.540","geometry":{"type":"LineString","coordinates":[[3.167791,50.683677],[3.166629,50.683043],[3.165654,50.682504]]},"geometry_name":"geom","properties":{"nom_de_la_rue":"Rue Mirabeau","st_length_shape":314.782953390377}},{"type":"Feature","id":"filaire_des_voies_de_la_ville_de_roubaix.541","geometry":{"type":"LineString","coordinates":[[3.194525,50.682826],[3.195104,50.683105]]},"geometry_name":"geom","properties":{"nom_de_la_rue":"Rue de la Prudence","st_length_shape":81.026497463299}},{"type":"Feature","id":"filaire_des_voies_de_la_ville_de_roubaix.542","geometry":{"type":"LineString","coordinates":[[3.163138,50.680942],[3.163348,50.680845],[3.16447,50.680353]]},"geometry_name":"geom","properties":{"nom_de_la_rue":"Rue de l'Avenir","st_length_shape":180.799223513319}},{"type":"Feature","id":"filaire_des_voies_de_la_ville_de_roubaix.543","geometry":{"type":"LineString","coordinates":[[3.191298,50.685952],[3.192045,50.685226],[3.192654,50.684636],[3.19372,50.683599],[3.194084,50.683257],[3.194525,50.682826],[3.195064,50.682306]]},"geometry_name":"geom","properties":{"nom_de_la_rue":"Rue Pierre de Roubaix","st_length_shape":765.538831411533}},{"type":"Feature","id":"filaire_des_voies_de_la_ville_de_roubaix.544","geometry":{"type":"LineString","coordinates":[[3.190043,50.702091],[3.190895,50.702356]]},"geometry_name":"geom","properties":{"nom_de_la_rue":"Rue M&P. Curie","st_length_shape":105.694249820981}},{"type":"Feature","id":"filaire_des_voies_de_la_ville_de_roubaix.545","geometry":{"type":"LineString","coordinates":[[3.183889,50.68787],[3.184054,50.687742],[3.184303,50.687553]]},"geometry_name":"geom","properties":{"nom_de_la_rue":"Place Ste Elisabeth","st_length_shape":72.3599916119221}},{"type":"Feature","id":"filaire_des_voies_de_la_ville_de_roubaix.546","geometry":{"type":"LineString","coordinates":[[3.170009,50.673236],[3.169757,50.672957]]},"geometry_name":"geom","properties":{"nom_de_la_rue":"Allée des Charmes","st_length_shape":56.5616566292926}},{"type":"Feature","id":"filaire_des_voies_de_la_ville_de_roubaix.547","geometry":{"type":"LineString","coordinates":[[3.197077,50.678832],[3.196383,50.678398],[3.19566,50.677933]]},"geometry_name":"geom","properties":{"nom_de_la_rue":"Rue Georges Verriest","st_length_shape":223.177116387182}},{"type":"Feature","id":"filaire_des_voies_de_la_ville_de_roubaix.548","geometry":{"type":"LineString","coordinates":[[3.170833,50.671915],[3.170876,50.671648]]},"geometry_name":"geom","properties":{"nom_de_la_rue":"Allée des Chênes","st_length_shape":47.0622164633159}},{"type":"Feature","id":"filaire_des_voies_de_la_ville_de_roubaix.549","geometry":{"type":"LineString","coordinates":[[3.201032,50.674467],[3.199749,50.67365]]},"geometry_name":"geom","properties":{"nom_de_la_rue":"Rue Albert Thomas","st_length_shape":202.53877461585}},{"type":"Feature","id":"filaire_des_voies_de_la_ville_de_roubaix.550","geometry":{"type":"LineString","coordinates":[[3.168628,50.687397],[3.167092,50.687931]]},"geometry_name":"geom","properties":{"nom_de_la_rue":"Rue de Rohan","st_length_shape":195.063942878355}},{"type":"Feature","id":"filaire_des_voies_de_la_ville_de_roubaix.551","geometry":{"type":"LineString","coordinates":[[3.19861,50.672501],[3.198329,50.672365],[3.198523,50.672153]]},"geometry_name":"geom","properties":{"nom_de_la_rue":"Rond Point des Tourelles","st_length_shape":82.4550329282793}},{"type":"Feature","id":"filaire_des_voies_de_la_ville_de_roubaix.552","geometry":{"type":"LineString","coordinates":[[3.188568,50.690708],[3.187032,50.690069]]},"geometry_name":"geom","properties":{"nom_de_la_rue":"Cité Flipo","st_length_shape":204.58177694614}},{"type":"Feature","id":"filaire_des_voies_de_la_ville_de_roubaix.553","geometry":{"type":"LineString","coordinates":[[3.198096,50.671843],[3.197106,50.671118],[3.196798,50.670895],[3.19648,50.670661],[3.194842,50.669461],[3.194549,50.669258]]},"geometry_name":"geom","properties":{"nom_de_la_rue":"Rue Jopseph Dubar","st_length_shape":601.731424129359}},{"type":"Feature","id":"filaire_des_voies_de_la_ville_de_roubaix.554","geometry":{"type":"LineString","coordinates":[[3.185739,50.691235],[3.187475,50.691858]]},"geometry_name":"geom","properties":{"nom_de_la_rue":"Rue Edouard Anseele","st_length_shape":222.147191693368}},{"type":"Feature","id":"filaire_des_voies_de_la_ville_de_roubaix.555","geometry":{"type":"LineString","coordinates":[[3.185079,50.673801],[3.186052,50.67329],[3.186892,50.672841],[3.187738,50.67241],[3.187863,50.67235],[3.188573,50.67198],[3.189502,50.6715]]},"geometry_name":"geom","properties":{"nom_de_la_rue":"Boulevard de Fourmies","st_length_shape":637.101689465116}},{"type":"Feature","id":"filaire_des_voies_de_la_ville_de_roubaix.556","geometry":{"type":"LineString","coordinates":[[3.187041,50.692877],[3.18747,50.691925],[3.187475,50.691858]]},"geometry_name":"geom","properties":{"nom_de_la_rue":"Rue Desbonnet","st_length_shape":185.824627357069}},{"type":"Feature","id":"filaire_des_voies_de_la_ville_de_roubaix.557","geometry":{"type":"LineString","coordinates":[[3.186594,50.673718],[3.187447,50.67328],[3.188284,50.672838],[3.189121,50.672406],[3.190107,50.671883]]},"geometry_name":"geom","properties":{"nom_de_la_rue":"Rue Rubens","st_length_shape":506.799417859318}},{"type":"Feature","id":"filaire_des_voies_de_la_ville_de_roubaix.558","geometry":{"type":"LineString","coordinates":[[3.186233,50.690498],[3.18498,50.691625],[3.18497,50.691766],[3.185071,50.691861]]},"geometry_name":"geom","properties":{"nom_de_la_rue":"Allée Pierre de Roubaix","st_length_shape":287.201997274931}},{"type":"Feature","id":"filaire_des_voies_de_la_ville_de_roubaix.559","geometry":{"type":"LineString","coordinates":[[3.184346,50.674887],[3.183809,50.674464]]},"geometry_name":"geom","properties":{"nom_de_la_rue":"Rue Germain Pilon","st_length_shape":95.3266765447112}},{"type":"Feature","id":"filaire_des_voies_de_la_ville_de_roubaix.560","geometry":{"type":"LineString","coordinates":[[3.183431,50.689946],[3.183696,50.690059],[3.185641,50.69102]]},"geometry_name":"geom","properties":{"nom_de_la_rue":"Rue Jules Verne","st_length_shape":310.188198048072}},{"type":"Feature","id":"filaire_des_voies_de_la_ville_de_roubaix.561","geometry":{"type":"LineString","coordinates":[[3.187765,50.674632],[3.18853,50.67424],[3.188395,50.674014],[3.18879,50.674089],[3.189243,50.673853],[3.189176,50.673615],[3.189542,50.673722],[3.190286,50.673328]]},"geometry_name":"geom","properties":{"nom_de_la_rue":"Allée Pierre Auguste Renoir","st_length_shape":458.381050048863}},{"type":"Feature","id":"filaire_des_voies_de_la_ville_de_roubaix.562","geometry":{"type":"LineString","coordinates":[[3.181193,50.692906],[3.181267,50.69287],[3.181776,50.691915]]},"geometry_name":"geom","properties":{"nom_de_la_rue":"Rue Louis Catrice","st_length_shape":187.515185661692}},{"type":"Feature","id":"filaire_des_voies_de_la_ville_de_roubaix.563","geometry":{"type":"LineString","coordinates":[[3.186008,50.674024],[3.186484,50.674392],[3.186946,50.674751]]},"geometry_name":"geom","properties":{"nom_de_la_rue":"Rue Jean Joseph Weerts","st_length_shape":165.028688936244}},{"type":"Feature","id":"filaire_des_voies_de_la_ville_de_roubaix.564","geometry":{"type":"LineString","coordinates":[[3.184809,50.696773],[3.18578,50.697083]]},"geometry_name":"geom","properties":{"nom_de_la_rue":"Place Audenaerde","st_length_shape":120.953318094627}},{"type":"Feature","id":"filaire_des_voies_de_la_ville_de_roubaix.565","geometry":{"type":"LineString","coordinates":[[3.191019,50.67498],[3.190005,50.674195]]},"geometry_name":"geom","properties":{"nom_de_la_rue":"Rue Henri Sellier","st_length_shape":178.249154995136}},{"type":"Feature","id":"filaire_des_voies_de_la_ville_de_roubaix.566","geometry":{"type":"LineString","coordinates":[[3.182379,50.695305],[3.183149,50.695493]]},"geometry_name":"geom","properties":{"nom_de_la_rue":"Impasse Lamartine","st_length_shape":91.9132108069346}},{"type":"Feature","id":"filaire_des_voies_de_la_ville_de_roubaix.567","geometry":{"type":"LineString","coordinates":[[3.182171,50.67153],[3.181551,50.670823]]},"geometry_name":"geom","properties":{"nom_de_la_rue":"Avenue Mozart","st_length_shape":142.021733904991}},{"type":"Feature","id":"filaire_des_voies_de_la_ville_de_roubaix.568","geometry":{"type":"LineString","coordinates":[[3.177288,50.698045],[3.178606,50.698374],[3.180782,50.699184]]},"geometry_name":"geom","properties":{"nom_de_la_rue":"Rue du Nouveau Monde","st_length_shape":438.68656945098}},{"type":"Feature","id":"filaire_des_voies_de_la_ville_de_roubaix.569","geometry":{"type":"LineString","coordinates":[[3.17924,50.672062],[3.17962,50.672432]]},"geometry_name":"geom","properties":{"nom_de_la_rue":"Rue Albert Calmette","st_length_shape":77.6021363688526}},{"type":"Feature","id":"filaire_des_voies_de_la_ville_de_roubaix.570","geometry":{"type":"LineString","coordinates":[[3.178408,50.696232],[3.179273,50.696441],[3.180282,50.696849]]},"geometry_name":"geom","properties":{"nom_de_la_rue":"Rue de la Paix","st_length_shape":236.276682681109}},{"type":"Feature","id":"filaire_des_voies_de_la_ville_de_roubaix.571","geometry":{"type":"LineString","coordinates":[[3.185856,50.677849],[3.185133,50.677247],[3.183969,50.67628],[3.183372,50.675782],[3.183082,50.675541],[3.182562,50.675107]]},"geometry_name":"geom","properties":{"nom_de_la_rue":"Rue Carpeaux","st_length_shape":605.420110375838}},{"type":"Feature","id":"filaire_des_voies_de_la_ville_de_roubaix.572","geometry":{"type":"LineString","coordinates":[[3.177285,50.694959],[3.178046,50.695411],[3.178096,50.69548],[3.178759,50.695662]]},"geometry_name":"geom","properties":{"nom_de_la_rue":"Rue Latine","st_length_shape":209.919023903682}},{"type":"Feature","id":"filaire_des_voies_de_la_ville_de_roubaix.573","geometry":{"type":"LineString","coordinates":[[3.182178,50.675306],[3.180599,50.674272]]},"geometry_name":"geom","properties":{"nom_de_la_rue":"Rue Puget","st_length_shape":252.831877518421}},{"type":"Feature","id":"filaire_des_voies_de_la_ville_de_roubaix.574","geometry":{"type":"LineString","coordinates":[[3.177659,50.694374],[3.177285,50.694959],[3.176187,50.696575],[3.175486,50.697598],[3.174303,50.698011]]},"geometry_name":"geom","properties":{"nom_de_la_rue":"Rue Saint Antoine","st_length_shape":766.448836305443}},{"type":"Feature","id":"filaire_des_voies_de_la_ville_de_roubaix.575","geometry":{"type":"LineString","coordinates":[[3.192549,50.683378],[3.191396,50.682134],[3.190949,50.681657],[3.190294,50.681735]]},"geometry_name":"geom","properties":{"nom_de_la_rue":"Rue du Chevalier Roland","st_length_shape":425.064316471208}},{"type":"Feature","id":"filaire_des_voies_de_la_ville_de_roubaix.576","geometry":{"type":"LineString","coordinates":[[3.176564,50.694778],[3.176908,50.694286]]},"geometry_name":"geom","properties":{"nom_de_la_rue":"Rue des Tisserands","st_length_shape":94.4982167129624}},{"type":"Feature","id":"filaire_des_voies_de_la_ville_de_roubaix.577","geometry":{"type":"LineString","coordinates":[[3.191396,50.682134],[3.19248,50.681809]]},"geometry_name":"geom","properties":{"nom_de_la_rue":"Rue St Simon","st_length_shape":133.443714528973}},{"type":"Feature","id":"filaire_des_voies_de_la_ville_de_roubaix.578","geometry":{"type":"LineString","coordinates":[[3.17356,50.694282],[3.173552,50.694292],[3.173184,50.69497],[3.173028,50.695039]]},"geometry_name":"geom","properties":{"nom_de_la_rue":"Rue du Pays","st_length_shape":149.113900126725}},{"type":"Feature","id":"filaire_des_voies_de_la_ville_de_roubaix.579","geometry":{"type":"LineString","coordinates":[[3.184141,50.682741],[3.185436,50.682006]]},"geometry_name":"geom","properties":{"nom_de_la_rue":"Rue Guillaume Lefebvre","st_length_shape":193.573371200328}},{"type":"Feature","id":"filaire_des_voies_de_la_ville_de_roubaix.580","geometry":{"type":"LineString","coordinates":[[3.172529,50.694362],[3.172731,50.694561],[3.172908,50.694793],[3.173028,50.695039],[3.173205,50.695391],[3.173452,50.695921],[3.174001,50.697032],[3.174056,50.697266],[3.174248,50.698033],[3.174388,50.698509],[3.174522,50.699074],[3.174596,50.69928],[3.174704,50.699341]]},"geometry_name":"geom","properties":{"nom_de_la_rue":"Avenue de la Fosse aux Chênes","st_length_shape":915.655819993068}},{"type":"Feature","id":"filaire_des_voies_de_la_ville_de_roubaix.581","geometry":{"type":"LineString","coordinates":[[3.186943,50.681133],[3.186517,50.680658]]},"geometry_name":"geom","properties":{"nom_de_la_rue":"Rue d'Austerlitz","st_length_shape":96.0649307783022}},{"type":"Feature","id":"filaire_des_voies_de_la_ville_de_roubaix.582","geometry":{"type":"LineString","coordinates":[[3.173028,50.695039],[3.172616,50.695198],[3.172544,50.695222],[3.172446,50.695238],[3.170622,50.695938]]},"geometry_name":"geom","properties":{"nom_de_la_rue":"Rue Emile Moreau","st_length_shape":311.389335810198}},{"type":"Feature","id":"filaire_des_voies_de_la_ville_de_roubaix.583","geometry":{"type":"LineString","coordinates":[[3.184772,50.680552],[3.187227,50.679721]]},"geometry_name":"geom","properties":{"nom_de_la_rue":"Rue Ernest Renan","st_length_shape":309.842385190729}},{"type":"Feature","id":"filaire_des_voies_de_la_ville_de_roubaix.584","geometry":{"type":"LineString","coordinates":[[3.189406,50.702924],[3.190043,50.702091],[3.190628,50.701321]]},"geometry_name":"geom","properties":{"nom_de_la_rue":"Rue Thomas Edison","st_length_shape":312.830711226793}},{"type":"Feature","id":"filaire_des_voies_de_la_ville_de_roubaix.585","geometry":{"type":"LineString","coordinates":[[3.191074,50.677916],[3.190772,50.677668],[3.190565,50.677406],[3.1905,50.677177],[3.19041,50.676715],[3.190297,50.676458],[3.190155,50.676253],[3.189587,50.675774]]},"geometry_name":"geom","properties":{"nom_de_la_rue":"Rue Edouard Branly","st_length_shape":420.572133170068}},{"type":"Feature","id":"filaire_des_voies_de_la_ville_de_roubaix.586","geometry":{"type":"LineString","coordinates":[[3.156257,50.691039],[3.155678,50.690691],[3.154711,50.690116],[3.15386,50.689549]]},"geometry_name":"geom","properties":{"nom_de_la_rue":"Rue du Luxembourg","st_length_shape":373.923297000346}},{"type":"Feature","id":"filaire_des_voies_de_la_ville_de_roubaix.587","geometry":{"type":"LineString","coordinates":[[3.194267,50.674487],[3.194952,50.674112],[3.196726,50.67315]]},"geometry_name":"geom","properties":{"nom_de_la_rue":"Rue Jean Baptiste Chardin","st_length_shape":360.631302294998}},{"type":"Feature","id":"filaire_des_voies_de_la_ville_de_roubaix.588","geometry":{"type":"LineString","coordinates":[[3.152491,50.691847],[3.152563,50.691821],[3.153834,50.691026],[3.154292,50.690742],[3.154401,50.690731]]},"geometry_name":"geom","properties":{"nom_de_la_rue":"Rue de Favreuil","st_length_shape":291.691194256127}},{"type":"Feature","id":"filaire_des_voies_de_la_ville_de_roubaix.589","geometry":{"type":"LineString","coordinates":[[3.180987,50.673791],[3.180599,50.674272],[3.179546,50.675564],[3.179032,50.67619],[3.178209,50.677212]]},"geometry_name":"geom","properties":{"nom_de_la_rue":"Rue Henri Régnault","st_length_shape":675.944180225154}},{"type":"Feature","id":"filaire_des_voies_de_la_ville_de_roubaix.590","geometry":{"type":"LineString","coordinates":[[3.157278,50.688255],[3.156869,50.687978],[3.1566,50.687711],[3.156068,50.687186]]},"geometry_name":"geom","properties":{"nom_de_la_rue":"Rue de Wasquehal","st_length_shape":231.863868535621}},{"type":"Feature","id":"filaire_des_voies_de_la_ville_de_roubaix.591","geometry":{"type":"LineString","coordinates":[[3.174095,50.674417],[3.172512,50.672742],[3.171777,50.67196],[3.171314,50.671471],[3.171209,50.671347]]},"geometry_name":"geom","properties":{"nom_de_la_rue":"Rue Edouard Vaillant","st_length_shape":627.788607141846}},{"type":"Feature","id":"filaire_des_voies_de_la_ville_de_roubaix.592","geometry":{"type":"LineString","coordinates":[[3.162391,50.686567],[3.162571,50.686507],[3.162704,50.686462],[3.163164,50.6863],[3.163264,50.686247],[3.163905,50.685953],[3.164414,50.685718],[3.164622,50.685621],[3.165042,50.68549]]},"geometry_name":"geom","properties":{"nom_de_la_rue":"Rue de la Perche","st_length_shape":351.556540447835}},{"type":"Feature","id":"filaire_des_voies_de_la_ville_de_roubaix.593","geometry":{"type":"LineString","coordinates":[[3.180711,50.677891],[3.182214,50.67948]]},"geometry_name":"geom","properties":{"nom_de_la_rue":"Rue Paul Demulder","st_length_shape":325.43666235091}},{"type":"Feature","id":"filaire_des_voies_de_la_ville_de_roubaix.594","geometry":{"type":"LineString","coordinates":[[3.164414,50.685718],[3.163822,50.68519]]},"geometry_name":"geom","properties":{"nom_de_la_rue":"Impasse du Sud","st_length_shape":113.761788804721}},{"type":"Feature","id":"filaire_des_voies_de_la_ville_de_roubaix.595","geometry":{"type":"LineString","coordinates":[[3.179916,50.678354],[3.180312,50.678855]]},"geometry_name":"geom","properties":{"nom_de_la_rue":"Rue E. Motte Prolongée","st_length_shape":98.4912377055441}},{"type":"Feature","id":"filaire_des_voies_de_la_ville_de_roubaix.596","geometry":{"type":"LineString","coordinates":[[3.161925,50.685118],[3.162832,50.684662]]},"geometry_name":"geom","properties":{"nom_de_la_rue":"Allée des Mésanges","st_length_shape":128.868905417909}},{"type":"Feature","id":"filaire_des_voies_de_la_ville_de_roubaix.597","geometry":{"type":"LineString","coordinates":[[3.178577,50.679077],[3.177687,50.678133],[3.177695,50.677949]]},"geometry_name":"geom","properties":{"nom_de_la_rue":"Boulevard du Cateau","st_length_shape":225.529082903151}},{"type":"Feature","id":"filaire_des_voies_de_la_ville_de_roubaix.598","geometry":{"type":"LineString","coordinates":[[3.161804,50.68757],[3.160938,50.688088],[3.160897,50.688165]]},"geometry_name":"geom","properties":{"nom_de_la_rue":"Rue Philippe de Girard","st_length_shape":146.90199433211}},{"type":"Feature","id":"filaire_des_voies_de_la_ville_de_roubaix.599","geometry":{"type":"LineString","coordinates":[[3.17933,50.679653],[3.180028,50.679419]]},"geometry_name":"geom","properties":{"nom_de_la_rue":"Rue Pigalle","st_length_shape":87.8240741852711}},{"type":"Feature","id":"filaire_des_voies_de_la_ville_de_roubaix.600","geometry":{"type":"LineString","coordinates":[[3.158873,50.689847],[3.160038,50.689208]]},"geometry_name":"geom","properties":{"nom_de_la_rue":"Rue Heilmann","st_length_shape":171.528837272833}},{"type":"Feature","id":"filaire_des_voies_de_la_ville_de_roubaix.601","geometry":{"type":"LineString","coordinates":[[3.178835,50.678937],[3.179378,50.678629],[3.179916,50.678354],[3.180664,50.677972],[3.180711,50.677891],[3.180702,50.677786]]},"geometry_name":"geom","properties":{"nom_de_la_rue":"Rue Ingres","st_length_shape":298.602702119134}},{"type":"Feature","id":"filaire_des_voies_de_la_ville_de_roubaix.602","geometry":{"type":"LineString","coordinates":[[3.161237,50.690557],[3.161759,50.690956]]},"geometry_name":"geom","properties":{"nom_de_la_rue":"Impasse Mozart","st_length_shape":91.0629133750947}},{"type":"Feature","id":"filaire_des_voies_de_la_ville_de_roubaix.603","geometry":{"type":"LineString","coordinates":[[3.174166,50.677822],[3.173077,50.676994],[3.172702,50.676699],[3.172241,50.676355],[3.171372,50.675384]]},"geometry_name":"geom","properties":{"nom_de_la_rue":"Rue Paul Lafargue","st_length_shape":531.182619869506}},{"type":"Feature","id":"filaire_des_voies_de_la_ville_de_roubaix.604","geometry":{"type":"LineString","coordinates":[[3.163439,50.694954],[3.164224,50.694591],[3.164349,50.694546],[3.164861,50.694454],[3.165858,50.694277],[3.166526,50.694165],[3.166739,50.694255]]},"geometry_name":"geom","properties":{"nom_de_la_rue":"Rue du Chemin de Fer","st_length_shape":404.108291979125}},{"type":"Feature","id":"filaire_des_voies_de_la_ville_de_roubaix.605","geometry":{"type":"LineString","coordinates":[[3.168524,50.678891],[3.170617,50.677794],[3.172702,50.676699]]},"geometry_name":"geom","properties":{"nom_de_la_rue":"Avenue Anatole France","st_length_shape":603.786161385158}},{"type":"Feature","id":"filaire_des_voies_de_la_ville_de_roubaix.606","geometry":{"type":"LineString","coordinates":[[3.167871,50.681414],[3.168434,50.680866],[3.168783,50.680656],[3.169563,50.680362],[3.169986,50.680178]]},"geometry_name":"geom","properties":{"nom_de_la_rue":"Boulevard de Douai","st_length_shape":326.605614463657}},{"type":"Feature","id":"filaire_des_voies_de_la_ville_de_roubaix.607","geometry":{"type":"LineString","coordinates":[[3.176695,50.684064],[3.176619,50.683531],[3.17642,50.682825],[3.176313,50.682586],[3.176099,50.682223]]},"geometry_name":"geom","properties":{"nom_de_la_rue":"Rue Jean Moulin","st_length_shape":331.672980853671}},{"type":"Feature","id":"filaire_des_voies_de_la_ville_de_roubaix.608","geometry":{"type":"LineString","coordinates":[[3.176854,50.688584],[3.177271,50.688229],[3.177289,50.688162],[3.177879,50.687517],[3.177951,50.687374]]},"geometry_name":"geom","properties":{"nom_de_la_rue":"Rue Dupleix","st_length_shape":247.069709944538}},{"type":"Feature","id":"filaire_des_voies_de_la_ville_de_roubaix.609","geometry":{"type":"LineString","coordinates":[[3.179081,50.689852],[3.179164,50.689778],[3.179526,50.68955],[3.179919,50.689111],[3.18065,50.688323],[3.180716,50.688236],[3.180723,50.688087],[3.180636,50.688006],[3.180172,50.687819],[3.180026,50.687755],[3.179912,50.687659]]},"geometry_name":"geom","properties":{"nom_de_la_rue":"Rue Winston Churchill","st_length_shape":484.467295169547}},{"type":"Feature","id":"filaire_des_voies_de_la_ville_de_roubaix.610","geometry":{"type":"LineString","coordinates":[[3.180909,50.686482],[3.183718,50.687781]]},"geometry_name":"geom","properties":{"nom_de_la_rue":"Rue Sainte Thérèse","st_length_shape":387.08048272743}},{"type":"Feature","id":"filaire_des_voies_de_la_ville_de_roubaix.611","geometry":{"type":"LineString","coordinates":[[3.182844,50.685083],[3.183142,50.684882]]},"geometry_name":"geom","properties":{"nom_de_la_rue":"Rue Ronsard","st_length_shape":48.467380909226}},{"type":"Feature","id":"filaire_des_voies_de_la_ville_de_roubaix.612","geometry":{"type":"LineString","coordinates":[[3.182128,50.682866],[3.181841,50.682538],[3.182499,50.682299],[3.182782,50.682631]]},"geometry_name":"geom","properties":{"nom_de_la_rue":"Rue Courbet","st_length_shape":216.550360210258}},{"type":"Feature","id":"filaire_des_voies_de_la_ville_de_roubaix.613","geometry":{"type":"LineString","coordinates":[[3.182777,50.684149],[3.183697,50.683589],[3.184592,50.683049],[3.185856,50.682279],[3.186366,50.681969]]},"geometry_name":"geom","properties":{"nom_de_la_rue":"Rue de Maubeuge","st_length_shape":553.493788165077}},{"type":"Feature","id":"filaire_des_voies_de_la_ville_de_roubaix.614","geometry":{"type":"LineString","coordinates":[[3.181276,50.68294],[3.177967,50.684265]]},"geometry_name":"geom","properties":{"nom_de_la_rue":"Rue des Parvenus","st_length_shape":435.77193906889}},{"type":"Feature","id":"filaire_des_voies_de_la_ville_de_roubaix.615","geometry":{"type":"LineString","coordinates":[[3.179601,50.684045],[3.180318,50.6846]]},"geometry_name":"geom","properties":{"nom_de_la_rue":"Rue d'Espagne","st_length_shape":126.088647512177}},{"type":"Feature","id":"filaire_des_voies_de_la_ville_de_roubaix.616","geometry":{"type":"LineString","coordinates":[[3.171292,50.684422],[3.17422,50.683077],[3.174326,50.683025],[3.176099,50.682223]]},"geometry_name":"geom","properties":{"nom_de_la_rue":"Rue de Dammartin","st_length_shape":659.944313919329}},{"type":"Feature","id":"filaire_des_voies_de_la_ville_de_roubaix.617","geometry":{"type":"LineString","coordinates":[[3.166629,50.683043],[3.164643,50.684313]]},"geometry_name":"geom","properties":{"nom_de_la_rue":"Rue Vauban","st_length_shape":314.170078221733}},{"type":"Feature","id":"filaire_des_voies_de_la_ville_de_roubaix.618","geometry":{"type":"LineString","coordinates":[[3.189415,50.683516],[3.189805,50.683772],[3.190002,50.683906]]},"geometry_name":"geom","properties":{"nom_de_la_rue":"Impasse Massillon","st_length_shape":94.6179325223569}},{"type":"Feature","id":"filaire_des_voies_de_la_ville_de_roubaix.619","geometry":{"type":"LineString","coordinates":[[3.175867,50.671556],[3.175861,50.671628],[3.175862,50.671699],[3.175869,50.67177],[3.175883,50.671841],[3.175904,50.671909],[3.175931,50.671976],[3.175963,50.67204],[3.176002,50.6721],[3.176046,50.672156],[3.176095,50.672209],[3.176149,50.672256],[3.176207,50.672298],[3.176269,50.672334],[3.176334,50.672365],[3.176401,50.672389],[3.176471,50.672407],[3.176541,50.672419],[3.176613,50.672424],[3.176684,50.672422],[3.176756,50.672413],[3.176826,50.672398],[3.176894,50.672377],[3.17696,50.672349],[3.177023,50.672315],[3.177113,50.6723],[3.177124,50.6723],[3.177132,50.672304],[3.17735,50.672575],[3.177375,50.672668]]},"geometry_name":"geom","properties":{"nom_de_la_rue":"Rue Hélène Boucher","st_length_shape":315.362519098513}},{"type":"Feature","id":"filaire_des_voies_de_la_ville_de_roubaix.620","geometry":{"type":"MultiLineString","coordinates":[[[3.169418,50.674713],[3.169631,50.674676],[3.169933,50.674492]],[[3.16987,50.674166],[3.169933,50.674492]],[[3.169933,50.674492],[3.170278,50.674508]]]},"geometry_name":"geom","properties":{"nom_de_la_rue":"Allée des Erables","st_length_shape":167.360679875587}},{"type":"Feature","id":"filaire_des_voies_de_la_ville_de_roubaix.621","geometry":{"type":"LineString","coordinates":[[3.169709,50.673395],[3.169336,50.673276],[3.168924,50.673215]]},"geometry_name":"geom","properties":{"nom_de_la_rue":"Allée des Frênes","st_length_shape":93.6157513952204}},{"type":"Feature","id":"filaire_des_voies_de_la_ville_de_roubaix.622","geometry":{"type":"LineString","coordinates":[[3.170124,50.672628],[3.170423,50.672608]]},"geometry_name":"geom","properties":{"nom_de_la_rue":"Allée des Ormes","st_length_shape":33.4967722977901}},{"type":"Feature","id":"filaire_des_voies_de_la_ville_de_roubaix.623","geometry":{"type":"LineString","coordinates":[[3.171314,50.673244],[3.171206,50.673128],[3.171124,50.673043],[3.171102,50.672963],[3.17124,50.672778],[3.171285,50.672424]]},"geometry_name":"geom","properties":{"nom_de_la_rue":"Allée des Thuyas","st_length_shape":153.829145234225}},{"type":"Feature","id":"filaire_des_voies_de_la_ville_de_roubaix.624","geometry":{"type":"LineString","coordinates":[[3.171102,50.672963],[3.170844,50.672677]]},"geometry_name":"geom","properties":{"nom_de_la_rue":"Allée des Thuyas","st_length_shape":57.8716462693952}},{"type":"Feature","id":"filaire_des_voies_de_la_ville_de_roubaix.625","geometry":{"type":"LineString","coordinates":[[3.170137,50.673187],[3.170293,50.673282]]},"geometry_name":"geom","properties":{"nom_de_la_rue":"Allée des Pins","st_length_shape":24.0714170727442}},{"type":"Feature","id":"filaire_des_voies_de_la_ville_de_roubaix.626","geometry":{"type":"LineString","coordinates":[[3.183174,50.694234],[3.1843,50.694509],[3.185046,50.694696],[3.185541,50.694821]]},"geometry_name":"geom","properties":{"nom_de_la_rue":"Rue Lavoisier","st_length_shape":282.901928675079}},{"type":"Feature","id":"filaire_des_voies_de_la_ville_de_roubaix.627","geometry":{"type":"LineString","coordinates":[[3.183555,50.69768],[3.184228,50.697882]]},"geometry_name":"geom","properties":{"nom_de_la_rue":"Impasse Miribel Jacob","st_length_shape":82.8191062478943}},{"type":"Feature","id":"filaire_des_voies_de_la_ville_de_roubaix.628","geometry":{"type":"LineString","coordinates":[[3.177812,50.697192],[3.177358,50.697017],[3.176187,50.696575]]},"geometry_name":"geom","properties":{"nom_de_la_rue":"Rue du Fort","st_length_shape":210.935749147634}},{"type":"Feature","id":"filaire_des_voies_de_la_ville_de_roubaix.629","geometry":{"type":"LineString","coordinates":[[3.17427,50.692355],[3.174193,50.692997],[3.174134,50.693344],[3.174271,50.693523],[3.174814,50.693554],[3.175084,50.693713]]},"geometry_name":"geom","properties":{"nom_de_la_rue":"Rue du Curé","st_length_shape":311.15361644702}},{"type":"Feature","id":"filaire_des_voies_de_la_ville_de_roubaix.630","geometry":{"type":"LineString","coordinates":[[3.171825,50.698838],[3.171625,50.697739],[3.171465,50.696817],[3.171367,50.69676]]},"geometry_name":"geom","properties":{"nom_de_la_rue":"Rue Richard Lenoir","st_length_shape":372.25321177508}},{"type":"Feature","id":"filaire_des_voies_de_la_ville_de_roubaix.631","geometry":{"type":"LineString","coordinates":[[3.172129,50.693983],[3.171,50.69445]]},"geometry_name":"geom","properties":{"nom_de_la_rue":"Mail Notre Dame","st_length_shape":150.107029209494}},{"type":"Feature","id":"filaire_des_voies_de_la_ville_de_roubaix.632","geometry":{"type":"LineString","coordinates":[[3.173345,50.691768],[3.17299,50.692247],[3.172922,50.692398],[3.173198,50.692783],[3.173382,50.692895],[3.173567,50.692959],[3.174098,50.692991]]},"geometry_name":"geom","properties":{"nom_de_la_rue":"Rue du Vieil Abreuvoir","st_length_shape":306.167446784306}},{"type":"Feature","id":"filaire_des_voies_de_la_ville_de_roubaix.633","geometry":{"type":"LineString","coordinates":[[3.159318,50.693605],[3.159112,50.6935],[3.157965,50.692081]]},"geometry_name":"geom","properties":{"nom_de_la_rue":"Rue du Luxembourg","st_length_shape":309.491387215312}},{"type":"Feature","id":"filaire_des_voies_de_la_ville_de_roubaix.634","geometry":{"type":"LineString","coordinates":[[3.15839,50.687853],[3.158289,50.687929],[3.157937,50.68809],[3.157816,50.688115],[3.157278,50.688255]]},"geometry_name":"geom","properties":{"nom_de_la_rue":"Rue des Ogiers","st_length_shape":144.687357927674}},{"type":"Feature","id":"filaire_des_voies_de_la_ville_de_roubaix.635","geometry":{"type":"LineString","coordinates":[[3.163264,50.686247],[3.163225,50.686196],[3.162409,50.685526],[3.161925,50.685118],[3.161435,50.684712],[3.16083,50.68421]]},"geometry_name":"geom","properties":{"nom_de_la_rue":"Rue d'Isly","st_length_shape":449.131865087716}},{"type":"Feature","id":"filaire_des_voies_de_la_ville_de_roubaix.636","geometry":{"type":"MultiLineString","coordinates":[[[3.156934,50.690725],[3.156257,50.691039]],[[3.153092,50.692496],[3.15471,50.691756],[3.155286,50.691484],[3.156273,50.691032]]]},"geometry_name":"geom","properties":{"nom_de_la_rue":"Rue de Béthune","st_length_shape":531.082714305019}},{"type":"Feature","id":"filaire_des_voies_de_la_ville_de_roubaix.637","geometry":{"type":"LineString","coordinates":[[3.16083,50.68421],[3.160386,50.684582],[3.160372,50.684648],[3.160358,50.684701],[3.160432,50.684821],[3.160716,50.685123],[3.16152,50.685948],[3.16179,50.686227],[3.161891,50.686339],[3.16216,50.686523],[3.162391,50.686567],[3.162391,50.686567]]},"geometry_name":"geom","properties":{"nom_de_la_rue":"Rue de Croix","st_length_shape":508.978117647407}},{"type":"Feature","id":"filaire_des_voies_de_la_ville_de_roubaix.638","geometry":{"type":"LineString","coordinates":[[3.160897,50.688165],[3.160387,50.688166],[3.160416,50.687834]]},"geometry_name":"geom","properties":{"nom_de_la_rue":"Place d'Amiens","st_length_shape":115.148002708341}},{"type":"Feature","id":"filaire_des_voies_de_la_ville_de_roubaix.639","geometry":{"type":"LineString","coordinates":[[3.159514,50.691493],[3.159164,50.691226]]},"geometry_name":"geom","properties":{"nom_de_la_rue":"Rue de la Digue","st_length_shape":60.8715641662837}},{"type":"Feature","id":"filaire_des_voies_de_la_ville_de_roubaix.640","geometry":{"type":"LineString","coordinates":[[3.165308,50.685134],[3.165047,50.684883]]},"geometry_name":"geom","properties":{"nom_de_la_rue":"Sentier de la Brasserie","st_length_shape":52.7782718422079}},{"type":"Feature","id":"filaire_des_voies_de_la_ville_de_roubaix.641","geometry":{"type":"LineString","coordinates":[[3.173568,50.700399],[3.17359,50.70048],[3.174293,50.700835],[3.174239,50.701011]]},"geometry_name":"geom","properties":{"nom_de_la_rue":"Rue Saint Laurent","st_length_shape":146.087827824498}},{"type":"Feature","id":"filaire_des_voies_de_la_ville_de_roubaix.642","geometry":{"type":"LineString","coordinates":[[3.197077,50.678832],[3.198086,50.679473],[3.199094,50.680109],[3.199673,50.680456],[3.200953,50.681223],[3.20196,50.681839],[3.203176,50.682565]]},"geometry_name":"geom","properties":{"nom_de_la_rue":"Rue Robert Schuman","st_length_shape":944.070118183069}},{"type":"Feature","id":"filaire_des_voies_de_la_ville_de_roubaix.643","geometry":{"type":"LineString","coordinates":[[3.189958,50.675585],[3.190441,50.675941],[3.190528,50.675916],[3.190695,50.676013],[3.191037,50.675874],[3.191461,50.676288]]},"geometry_name":"geom","properties":{"nom_de_la_rue":"Impasse Béguinage Marlot","st_length_shape":250.238445314708}},{"type":"Feature","id":"filaire_des_voies_de_la_ville_de_roubaix.644","geometry":{"type":"LineString","coordinates":[[3.186322,50.670859],[3.186925,50.671326]]},"geometry_name":"geom","properties":{"nom_de_la_rue":"Voie Vertes Allées","st_length_shape":106.043682216387}},{"type":"Feature","id":"filaire_des_voies_de_la_ville_de_roubaix.645","geometry":{"type":"LineString","coordinates":[[3.173174,50.692872],[3.173039,50.692989],[3.172787,50.692967],[3.172345,50.692681]]},"geometry_name":"geom","properties":{"nom_de_la_rue":"Passage François Villon","st_length_shape":124.064099644845}},{"type":"Feature","id":"filaire_des_voies_de_la_ville_de_roubaix.646","geometry":{"type":"LineString","coordinates":[[3.176903,50.703441],[3.177137,50.703258]]},"geometry_name":"geom","properties":{"nom_de_la_rue":"Cour Messian","st_length_shape":41.4264070888365}},{"type":"Feature","id":"filaire_des_voies_de_la_ville_de_roubaix.647","geometry":{"type":"LineString","coordinates":[[3.184302,50.693899],[3.184534,50.693942],[3.1846,50.693905],[3.184698,50.693734],[3.1849,50.693707],[3.185052,50.693739],[3.18505,50.693738]]},"geometry_name":"geom","properties":{"nom_de_la_rue":"Chemin Léon Allart","st_length_shape":109.873226026767}},{"type":"Feature","id":"filaire_des_voies_de_la_ville_de_roubaix.648","geometry":{"type":"LineString","coordinates":[[3.199054,50.677505],[3.202134,50.679439]]},"geometry_name":"geom","properties":{"nom_de_la_rue":"Mail Charles Crupelandt","st_length_shape":482.679952479415}},{"type":"Feature","id":"filaire_des_voies_de_la_ville_de_roubaix.649","geometry":{"type":"LineString","coordinates":[[3.189208,50.698363],[3.188022,50.698128],[3.187803,50.698051]]},"geometry_name":"geom","properties":{"nom_de_la_rue":"Allée du cimetière","st_length_shape":166.138288005488}},{"type":"Feature","id":"filaire_des_voies_de_la_ville_de_roubaix.650","geometry":{"type":"LineString","coordinates":[[3.183345,50.699896],[3.18356,50.699948],[3.184513,50.700175]]},"geometry_name":"geom","properties":{"nom_de_la_rue":"Rue de Lunéville","st_length_shape":138.946722343664}},{"type":"Feature","id":"filaire_des_voies_de_la_ville_de_roubaix.651","geometry":{"type":"LineString","coordinates":[[3.182896,50.698617],[3.183966,50.698872],[3.185098,50.699146]]},"geometry_name":"geom","properties":{"nom_de_la_rue":"Rue Plutarque","st_length_shape":262.138556351386}},{"type":"Feature","id":"filaire_des_voies_de_la_ville_de_roubaix.652","geometry":{"type":"LineString","coordinates":[[3.183189,50.698195],[3.184236,50.698387],[3.185415,50.6986]]},"geometry_name":"geom","properties":{"nom_de_la_rue":"Rue Saint Louis","st_length_shape":257.766978679093}},{"type":"Feature","id":"filaire_des_voies_de_la_ville_de_roubaix.653","geometry":{"type":"LineString","coordinates":[[3.180082,50.699816],[3.179537,50.700249],[3.179221,50.7005],[3.179184,50.700582],[3.178875,50.701281],[3.178833,50.701318]]},"geometry_name":"geom","properties":{"nom_de_la_rue":"Rue Buffon","st_length_shape":304.32145887049}},{"type":"Feature","id":"filaire_des_voies_de_la_ville_de_roubaix.654","geometry":{"type":"LineString","coordinates":[[3.171803,50.703117],[3.17028,50.702717]]},"geometry_name":"geom","properties":{"nom_de_la_rue":"Rue Jacquard","st_length_shape":183.567124365911}},{"type":"Feature","id":"filaire_des_voies_de_la_ville_de_roubaix.655","geometry":{"type":"LineString","coordinates":[[3.172177,50.69881],[3.171825,50.698838],[3.170838,50.698959]]},"geometry_name":"geom","properties":{"nom_de_la_rue":"Rue Henri Carrette","st_length_shape":151.439045930582}},{"type":"Feature","id":"filaire_des_voies_de_la_ville_de_roubaix.656","geometry":{"type":"LineString","coordinates":[[3.179722,50.702907],[3.179882,50.702785],[3.180657,50.702164]]},"geometry_name":"geom","properties":{"nom_de_la_rue":"Rue Olivier de Serres","st_length_shape":167.116766765179}},{"type":"Feature","id":"filaire_des_voies_de_la_ville_de_roubaix.657","geometry":{"type":"LineString","coordinates":[[3.184949,50.702342],[3.18691,50.702931]]},"geometry_name":"geom","properties":{"nom_de_la_rue":"Rue de Philippeville","st_length_shape":241.611364268529}},{"type":"Feature","id":"filaire_des_voies_de_la_ville_de_roubaix.658","geometry":{"type":"LineString","coordinates":[[3.188067,50.70343],[3.189574,50.704077]]},"geometry_name":"geom","properties":{"nom_de_la_rue":"Rue de Philippeville","st_length_shape":202.726296622934}},{"type":"Feature","id":"filaire_des_voies_de_la_ville_de_roubaix.659","geometry":{"type":"LineString","coordinates":[[3.187453,50.697951],[3.187803,50.698051]]},"geometry_name":"geom","properties":{"nom_de_la_rue":"Pont accès cimetière","st_length_shape":42.7997744772096}},{"type":"Feature","id":"filaire_des_voies_de_la_ville_de_roubaix.660","geometry":{"type":"LineString","coordinates":[[3.187475,50.691858],[3.187452,50.691781],[3.188161,50.691092]]},"geometry_name":"geom","properties":{"nom_de_la_rue":"Rue Monge","st_length_shape":158.260890329818}},{"type":"Feature","id":"filaire_des_voies_de_la_ville_de_roubaix.661","geometry":{"type":"LineString","coordinates":[[3.188164,50.691092],[3.188362,50.690915],[3.188568,50.690708]]},"geometry_name":"geom","properties":{"nom_de_la_rue":"Rue Monge","st_length_shape":81.1109714279796}},{"type":"Feature","id":"filaire_des_voies_de_la_ville_de_roubaix.662","geometry":{"type":"LineString","coordinates":[[3.192673,50.690758],[3.192744,50.690684]]},"geometry_name":"geom","properties":{"nom_de_la_rue":"Cour Desplechin","st_length_shape":15.2990482622286}},{"type":"Feature","id":"filaire_des_voies_de_la_ville_de_roubaix.663","geometry":{"type":"LineString","coordinates":[[3.1782,50.686429],[3.176433,50.685608]]},"geometry_name":"geom","properties":{"nom_de_la_rue":"Rue Saint Jean","st_length_shape":244.003912611601}},{"type":"Feature","id":"filaire_des_voies_de_la_ville_de_roubaix.664","geometry":{"type":"LineString","coordinates":[[3.17885,50.688714],[3.179919,50.689111]]},"geometry_name":"geom","properties":{"nom_de_la_rue":"Rue du Président Vincent Auriol","st_length_shape":137.914942451534}},{"type":"Feature","id":"filaire_des_voies_de_la_ville_de_roubaix.665","geometry":{"type":"LineString","coordinates":[[3.19403,50.690664],[3.194202,50.69074]]},"geometry_name":"geom","properties":{"nom_de_la_rue":"Cour Veuve Leriche","st_length_shape":23.3600250706201}},{"type":"Feature","id":"filaire_des_voies_de_la_ville_de_roubaix.666","geometry":{"type":"LineString","coordinates":[[3.204031,50.690851],[3.20452,50.690843],[3.205648,50.690824],[3.20584,50.690916]]},"geometry_name":"geom","properties":{"nom_de_la_rue":"Boulevard de Beaurepaire","st_length_shape":206.897337232326}},{"type":"Feature","id":"filaire_des_voies_de_la_ville_de_roubaix.667","geometry":{"type":"LineString","coordinates":[[3.186144,50.696314],[3.186283,50.696314]]},"geometry_name":"geom","properties":{"nom_de_la_rue":"Cour Boucher","st_length_shape":15.4799432676609}},{"type":"Feature","id":"filaire_des_voies_de_la_ville_de_roubaix.668","geometry":{"type":"LineString","coordinates":[[3.180987,50.673791],[3.180777,50.673815],[3.178724,50.674865]]},"geometry_name":"geom","properties":{"nom_de_la_rue":"Rue Philibert Delorme","st_length_shape":317.461332512275}},{"type":"Feature","id":"filaire_des_voies_de_la_ville_de_roubaix.669","geometry":{"type":"LineString","coordinates":[[3.172199,50.691597],[3.172561,50.691638],[3.17281,50.691672],[3.173126,50.691604]]},"geometry_name":"geom","properties":{"nom_de_la_rue":"Rue du Général Sarrail","st_length_shape":106.394004481304}},{"type":"Feature","id":"filaire_des_voies_de_la_ville_de_roubaix.670","geometry":{"type":"LineString","coordinates":[[3.168786,50.690045],[3.168193,50.690047]]},"geometry_name":"geom","properties":{"nom_de_la_rue":"Place du Trichon","st_length_shape":65.99549313438}},{"type":"Feature","id":"filaire_des_voies_de_la_ville_de_roubaix.671","geometry":{"type":"LineString","coordinates":[[3.175128,50.689193],[3.175048,50.689659]]},"geometry_name":"geom","properties":{"nom_de_la_rue":"Rue du Château","st_length_shape":82.2539423067369}},{"type":"Feature","id":"filaire_des_voies_de_la_ville_de_roubaix.672","geometry":{"type":"LineString","coordinates":[[3.172221,50.688578],[3.171985,50.686974]]},"geometry_name":"geom","properties":{"nom_de_la_rue":"Rue du Curoir","st_length_shape":282.9475173435}},{"type":"Feature","id":"filaire_des_voies_de_la_ville_de_roubaix.673","geometry":{"type":"LineString","coordinates":[[3.177378,50.689654],[3.177702,50.689653]]},"geometry_name":"geom","properties":{"nom_de_la_rue":"Rond Point de l'Europe","st_length_shape":36.086688291945}},{"type":"Feature","id":"filaire_des_voies_de_la_ville_de_roubaix.674","geometry":{"type":"LineString","coordinates":[[3.183638,50.68899],[3.184624,50.688263],[3.184928,50.688038]]},"geometry_name":"geom","properties":{"nom_de_la_rue":"Rue Henri Lefebvre","st_length_shape":220.558560217749}},{"type":"Feature","id":"filaire_des_voies_de_la_ville_de_roubaix.675","geometry":{"type":"LineString","coordinates":[[3.16992,50.691398],[3.169939,50.691478],[3.170262,50.691932],[3.170565,50.692345],[3.170686,50.692508],[3.170782,50.692597]]},"geometry_name":"geom","properties":{"nom_de_la_rue":"Rue de l'Hospice","st_length_shape":232.346105956031}},{"type":"Feature","id":"filaire_des_voies_de_la_ville_de_roubaix.676","geometry":{"type":"LineString","coordinates":[[3.173221,50.69542],[3.173118,50.695411],[3.172646,50.695236],[3.172616,50.695198]]},"geometry_name":"geom","properties":{"nom_de_la_rue":"Rue Emile Moreau","st_length_shape":79.8269441314822}},{"type":"Feature","id":"filaire_des_voies_de_la_ville_de_roubaix.677","geometry":{"type":"LineString","coordinates":[[3.183189,50.698195],[3.182896,50.698617],[3.182603,50.699032]]},"geometry_name":"geom","properties":{"nom_de_la_rue":"Rue Lacroix","st_length_shape":160.893184826841}},{"type":"Feature","id":"filaire_des_voies_de_la_ville_de_roubaix.678","geometry":{"type":"LineString","coordinates":[[3.181741,50.700269],[3.18219,50.699622],[3.182391,50.699329],[3.182603,50.699032]]},"geometry_name":"geom","properties":{"nom_de_la_rue":"Rue Lacroix","st_length_shape":237.606146997948}},{"type":"Feature","id":"filaire_des_voies_de_la_ville_de_roubaix.679","geometry":{"type":"LineString","coordinates":[[3.196449,50.684458],[3.198237,50.685373],[3.199617,50.686083]]},"geometry_name":"geom","properties":{"nom_de_la_rue":"Rue Victor Hugo","st_length_shape":453.791442296446}},{"type":"Feature","id":"filaire_des_voies_de_la_ville_de_roubaix.680","geometry":{"type":"LineString","coordinates":[[3.174167,50.699595],[3.174169,50.699694],[3.174257,50.699764]]},"geometry_name":"geom","properties":{"nom_de_la_rue":"Rue Saint Joseph","st_length_shape":33.1436431402027}},{"type":"Feature","id":"filaire_des_voies_de_la_ville_de_roubaix.681","geometry":{"type":"LineString","coordinates":[[3.199475,50.672831],[3.20055,50.672144]]},"geometry_name":"geom","properties":{"nom_de_la_rue":"Rue Jules Michelet","st_length_shape":170.033625033756}},{"type":"Feature","id":"filaire_des_voies_de_la_ville_de_roubaix.682","geometry":{"type":"LineString","coordinates":[[3.199749,50.67365],[3.20048,50.673209]]},"geometry_name":"geom","properties":{"nom_de_la_rue":"Rue Marcelin Berthelot","st_length_shape":112.349603236505}},{"type":"Feature","id":"filaire_des_voies_de_la_ville_de_roubaix.683","geometry":{"type":"LineString","coordinates":[[3.180293,50.673206],[3.179451,50.673608],[3.179272,50.673469],[3.180121,50.673059]]},"geometry_name":"geom","properties":{"nom_de_la_rue":"Square Bartholdi","st_length_shape":267.526242267306}},{"type":"Feature","id":"filaire_des_voies_de_la_ville_de_roubaix.684","geometry":{"type":"LineString","coordinates":[[3.165042,50.68549],[3.165046,50.685489],[3.165293,50.685431],[3.165474,50.685299],[3.165901,50.684992],[3.165956,50.684794]]},"geometry_name":"geom","properties":{"nom_de_la_rue":"Rue de la Perche","st_length_shape":167.803918215278}},{"type":"Feature","id":"filaire_des_voies_de_la_ville_de_roubaix.685","geometry":{"type":"LineString","coordinates":[[3.158261,50.689444],[3.158873,50.689847]]},"geometry_name":"geom","properties":{"nom_de_la_rue":"Rue du Brondeloire","st_length_shape":98.3048288471121}},{"type":"Feature","id":"filaire_des_voies_de_la_ville_de_roubaix.686","geometry":{"type":"LineString","coordinates":[[3.174674,50.670877],[3.175019,50.671164],[3.175572,50.671436],[3.175867,50.671556]]},"geometry_name":"geom","properties":{"nom_de_la_rue":"Rue Hélène Boucher","st_length_shape":180.345462036789}},{"type":"Feature","id":"filaire_des_voies_de_la_ville_de_roubaix.687","geometry":{"type":"LineString","coordinates":[[3.193806,50.694699],[3.193849,50.694998]]},"geometry_name":"geom","properties":{"nom_de_la_rue":"Rue de la Conférence","st_length_shape":52.6855882074975}},{"type":"Feature","id":"filaire_des_voies_de_la_ville_de_roubaix.688","geometry":{"type":"LineString","coordinates":[[3.178342,50.679137],[3.178577,50.679077],[3.178835,50.678937]]},"geometry_name":"geom","properties":{"nom_de_la_rue":"Rue Ingres","st_length_shape":65.9896633219656}},{"type":"Feature","id":"filaire_des_voies_de_la_ville_de_roubaix.689","geometry":{"type":"LineString","coordinates":[[3.160096,50.690648],[3.159849,50.690799]]},"geometry_name":"geom","properties":{"nom_de_la_rue":"Rue du Marquisat","st_length_shape":38.257794002399}},{"type":"Feature","id":"filaire_des_voies_de_la_ville_de_roubaix.690","geometry":{"type":"LineString","coordinates":[[3.182146,50.695896],[3.184314,50.696605]]},"geometry_name":"geom","properties":{"nom_de_la_rue":"Rue Pellart","st_length_shape":271.623444957205}},{"type":"Feature","id":"filaire_des_voies_de_la_ville_de_roubaix.691","geometry":{"type":"LineString","coordinates":[[3.183718,50.703566],[3.184055,50.703714]]},"geometry_name":"geom","properties":{"nom_de_la_rue":"Pont Daubenton","st_length_shape":45.7143618681263}},{"type":"Feature","id":"filaire_des_voies_de_la_ville_de_roubaix.692","geometry":{"type":"LineString","coordinates":[[3.199252,50.694965],[3.199273,50.694963],[3.199358,50.695734],[3.199312,50.695898]]},"geometry_name":"geom","properties":{"nom_de_la_rue":"Rue d'Avelghem","st_length_shape":167.500400021798}},{"type":"Feature","id":"filaire_des_voies_de_la_ville_de_roubaix.693","geometry":{"type":"LineString","coordinates":[[3.182635,50.705224],[3.182737,50.705312],[3.183621,50.705732]]},"geometry_name":"geom","properties":{"nom_de_la_rue":"Rue du Hutin","st_length_shape":142.238691119726}},{"type":"Feature","id":"filaire_des_voies_de_la_ville_de_roubaix.694","geometry":{"type":"LineString","coordinates":[[3.173547,50.690131],[3.172502,50.690186]]},"geometry_name":"geom","properties":{"nom_de_la_rue":"Rue des Fabricants","st_length_shape":116.803797695537}},{"type":"Feature","id":"filaire_des_voies_de_la_ville_de_roubaix.695","geometry":{"type":"LineString","coordinates":[[3.201784,50.68655],[3.200067,50.685919],[3.199773,50.685935]]},"geometry_name":"geom","properties":{"nom_de_la_rue":"Rue de Liège","st_length_shape":253.76806543932}},{"type":"Feature","id":"filaire_des_voies_de_la_ville_de_roubaix.696","geometry":{"type":"LineString","coordinates":[[3.203605,50.684487],[3.203295,50.684357],[3.203406,50.684226],[3.201997,50.683741]]},"geometry_name":"geom","properties":{"nom_de_la_rue":"Rue d'Ypres","st_length_shape":246.115243427765}},{"type":"Feature","id":"filaire_des_voies_de_la_ville_de_roubaix.697","geometry":{"type":"LineString","coordinates":[[3.166629,50.683043],[3.168419,50.681897]]},"geometry_name":"geom","properties":{"nom_de_la_rue":"Rue Vauban","st_length_shape":283.237802908387}},{"type":"Feature","id":"filaire_des_voies_de_la_ville_de_roubaix.698","geometry":{"type":"LineString","coordinates":[[3.180999,50.682537],[3.181002,50.682541],[3.181276,50.68294],[3.181404,50.683125],[3.181591,50.683297]]},"geometry_name":"geom","properties":{"nom_de_la_rue":"Rue Jules Guesde","st_length_shape":149.391603149634}},{"type":"Feature","id":"filaire_des_voies_de_la_ville_de_roubaix.699","geometry":{"type":"LineString","coordinates":[[3.189936,50.680906],[3.189057,50.681352],[3.187015,50.682434],[3.186512,50.682697],[3.18514,50.683421],[3.184402,50.683812],[3.183198,50.684449]]},"geometry_name":"geom","properties":{"nom_de_la_rue":"Rue Jouffroy","st_length_shape":974.706220286335}},{"type":"Feature","id":"filaire_des_voies_de_la_ville_de_roubaix.700","geometry":{"type":"LineString","coordinates":[[3.16662,50.704192],[3.166547,50.704301],[3.166422,50.704328],[3.165681,50.704139],[3.164632,50.703899],[3.163674,50.703653],[3.162856,50.703425],[3.162267,50.70323],[3.162645,50.703053],[3.162388,50.702626]]},"geometry_name":"geom","properties":{"nom_de_la_rue":"Contre allée quai de Boulogne","st_length_shape":669.599029136683}},{"type":"Feature","id":"filaire_des_voies_de_la_ville_de_roubaix.701","geometry":{"type":"LineString","coordinates":[[3.176827,50.704547],[3.177227,50.704257]]},"geometry_name":"geom","properties":{"nom_de_la_rue":"Rue de Sully","st_length_shape":67.7200870886179}},{"type":"Feature","id":"filaire_des_voies_de_la_ville_de_roubaix.702","geometry":{"type":"LineString","coordinates":[[3.178581,50.699267],[3.178613,50.6989],[3.178842,50.698537]]},"geometry_name":"geom","properties":{"nom_de_la_rue":"Rue Mickael Dufermont","st_length_shape":133.358074343979}},{"type":"Feature","id":"filaire_des_voies_de_la_ville_de_roubaix.703","geometry":{"type":"LineString","coordinates":[[3.184441,50.694423],[3.185177,50.694403]]},"geometry_name":"geom","properties":{"nom_de_la_rue":"Place Jean Baptiste Clément","st_length_shape":82.040982630695}},{"type":"Feature","id":"filaire_des_voies_de_la_ville_de_roubaix.704","geometry":{"type":"LineString","coordinates":[[3.167427,50.693201],[3.16763,50.693693]]},"geometry_name":"geom","properties":{"nom_de_la_rue":"Square Jean Pennel","st_length_shape":89.2401881282755}},{"type":"Feature","id":"filaire_des_voies_de_la_ville_de_roubaix.705","geometry":{"type":"MultiLineString","coordinates":[[[3.164304,50.690848],[3.163941,50.690351],[3.163885,50.690274],[3.162983,50.690213],[3.162874,50.690254],[3.162462,50.689865]],[[3.164304,50.690848],[3.162838,50.691279]],[[3.164643,50.691977],[3.164466,50.691533],[3.164517,50.691441],[3.164639,50.691265],[3.164646,50.691198],[3.164606,50.691125],[3.164402,50.690987],[3.164304,50.690848]]]},"geometry_name":"geom","properties":{"nom_de_la_rue":"Parking du Colisée","st_length_shape":704.966703680575}},{"type":"Feature","id":"filaire_des_voies_de_la_ville_de_roubaix.706","geometry":{"type":"LineString","coordinates":[[3.194573,50.687957],[3.194637,50.687893]]},"geometry_name":"geom","properties":{"nom_de_la_rue":"Cour Sonneville","st_length_shape":13.2427535754465}},{"type":"Feature","id":"filaire_des_voies_de_la_ville_de_roubaix.707","geometry":{"type":"LineString","coordinates":[[3.164246,50.695386],[3.163726,50.695365]]},"geometry_name":"geom","properties":{"nom_de_la_rue":"Place de la Gare","st_length_shape":57.9615823394255}},{"type":"Feature","id":"filaire_des_voies_de_la_ville_de_roubaix.708","geometry":{"type":"LineString","coordinates":[[3.164168,50.696251],[3.164684,50.697214],[3.164759,50.696691]]},"geometry_name":"geom","properties":{"nom_de_la_rue":"Cour de la Petite Vitesse","st_length_shape":271.019165967635}},{"type":"Feature","id":"filaire_des_voies_de_la_ville_de_roubaix.709","geometry":{"type":"LineString","coordinates":[[3.18245,50.683151],[3.18272,50.683403]]},"geometry_name":"geom","properties":{"nom_de_la_rue":"Cour Leclercq","st_length_shape":53.4757687882091}},{"type":"Feature","id":"filaire_des_voies_de_la_ville_de_roubaix.710","geometry":{"type":"LineString","coordinates":[[3.183046,50.700832],[3.182836,50.701136]]},"geometry_name":"geom","properties":{"nom_de_la_rue":"Cour veuve bayart","st_length_shape":58.2848589218504}},{"type":"Feature","id":"filaire_des_voies_de_la_ville_de_roubaix.711","geometry":{"type":"LineString","coordinates":[[3.20737,50.690867],[3.207272,50.690708]]},"geometry_name":"geom","properties":{"nom_de_la_rue":"Rangée Coulon","st_length_shape":30.0152237549548}},{"type":"Feature","id":"filaire_des_voies_de_la_ville_de_roubaix.712","geometry":{"type":"LineString","coordinates":[[3.183213,50.701371],[3.182989,50.701273]]},"geometry_name":"geom","properties":{"nom_de_la_rue":"Cour Deschamps","st_length_shape":30.3662723682048}},{"type":"Feature","id":"filaire_des_voies_de_la_ville_de_roubaix.713","geometry":{"type":"LineString","coordinates":[[3.18703,50.684232],[3.186554,50.683972]]},"geometry_name":"geom","properties":{"nom_de_la_rue":"Cour Dilles","st_length_shape":70.0455240273067}},{"type":"Feature","id":"filaire_des_voies_de_la_ville_de_roubaix.714","geometry":{"type":"LineString","coordinates":[[3.180583,50.699751],[3.180693,50.699589]]},"geometry_name":"geom","properties":{"nom_de_la_rue":"Cour Coutteau","st_length_shape":30.9332844893652}},{"type":"Feature","id":"filaire_des_voies_de_la_ville_de_roubaix.715","geometry":{"type":"LineString","coordinates":[[3.182263,50.700033],[3.182067,50.699974]]},"geometry_name":"geom","properties":{"nom_de_la_rue":"Cour Tilman","st_length_shape":24.1166098135704}},{"type":"Feature","id":"filaire_des_voies_de_la_ville_de_roubaix.716","geometry":{"type":"LineString","coordinates":[[3.160664,50.688732],[3.160198,50.688966]]},"geometry_name":"geom","properties":{"nom_de_la_rue":"Cour Govaere","st_length_shape":66.076762986242}},{"type":"Feature","id":"filaire_des_voies_de_la_ville_de_roubaix.717","geometry":{"type":"LineString","coordinates":[[3.186432,50.67722],[3.186218,50.677065]]},"geometry_name":"geom","properties":{"nom_de_la_rue":"Cour Fournier","st_length_shape":36.1757789654902}},{"type":"Feature","id":"filaire_des_voies_de_la_ville_de_roubaix.718","geometry":{"type":"LineString","coordinates":[[3.188017,50.692476],[3.187764,50.692409]]},"geometry_name":"geom","properties":{"nom_de_la_rue":"Cour Quagebeur","st_length_shape":30.6099856190754}},{"type":"Feature","id":"filaire_des_voies_de_la_ville_de_roubaix.719","geometry":{"type":"LineString","coordinates":[[3.161495,50.689753],[3.1617,50.689644]]},"geometry_name":"geom","properties":{"nom_de_la_rue":"Cour Blazin","st_length_shape":29.7321999606487}},{"type":"Feature","id":"filaire_des_voies_de_la_ville_de_roubaix.720","geometry":{"type":"LineString","coordinates":[[3.163033,50.685705],[3.163213,50.685625]]},"geometry_name":"geom","properties":{"nom_de_la_rue":"Impasse du Nord","st_length_shape":24.4593599315272}},{"type":"Feature","id":"filaire_des_voies_de_la_ville_de_roubaix.721","geometry":{"type":"LineString","coordinates":[[3.192703,50.687433],[3.192569,50.687552]]},"geometry_name":"geom","properties":{"nom_de_la_rue":"Cour Binaux","st_length_shape":25.6774462665196}},{"type":"Feature","id":"filaire_des_voies_de_la_ville_de_roubaix.722","geometry":{"type":"LineString","coordinates":[[3.181137,50.70268],[3.180977,50.702823]]},"geometry_name":"geom","properties":{"nom_de_la_rue":"Cour Demeester","st_length_shape":30.8146589820494}},{"type":"Feature","id":"filaire_des_voies_de_la_ville_de_roubaix.723","geometry":{"type":"LineString","coordinates":[[3.15867,50.694061],[3.158929,50.694267]]},"geometry_name":"geom","properties":{"nom_de_la_rue":"Cour Mathis","st_length_shape":46.2809759728552}},{"type":"Feature","id":"filaire_des_voies_de_la_ville_de_roubaix.724","geometry":{"type":"LineString","coordinates":[[3.19419,50.688812],[3.194085,50.688922]]},"geometry_name":"geom","properties":{"nom_de_la_rue":"Cour Saint André","st_length_shape":22.5841753608583}},{"type":"Feature","id":"filaire_des_voies_de_la_ville_de_roubaix.725","geometry":{"type":"LineString","coordinates":[[3.159435,50.695085],[3.159522,50.695149]]},"geometry_name":"geom","properties":{"nom_de_la_rue":"Cour Veuve Debaillie","st_length_shape":14.8494324783811}},{"type":"Feature","id":"filaire_des_voies_de_la_ville_de_roubaix.726","geometry":{"type":"LineString","coordinates":[[3.198031,50.686156],[3.198656,50.686193]]},"geometry_name":"geom","properties":{"nom_de_la_rue":"Impasse des Villas","st_length_shape":69.8810095795703}},{"type":"Feature","id":"filaire_des_voies_de_la_ville_de_roubaix.727","geometry":{"type":"LineString","coordinates":[[3.179715,50.682709],[3.179807,50.682797]]},"geometry_name":"geom","properties":{"nom_de_la_rue":"Cour Serrurier","st_length_shape":18.5185000958501}},{"type":"Feature","id":"filaire_des_voies_de_la_ville_de_roubaix.728","geometry":{"type":"LineString","coordinates":[[3.180041,50.682718],[3.180134,50.682679]]},"geometry_name":"geom","properties":{"nom_de_la_rue":"Cour Segard","st_length_shape":12.379161337102}},{"type":"Feature","id":"filaire_des_voies_de_la_ville_de_roubaix.729","geometry":{"type":"LineString","coordinates":[[3.186137,50.695549],[3.186002,50.695513]]},"geometry_name":"geom","properties":{"nom_de_la_rue":"Cour Debooschére","st_length_shape":16.3847267505442}},{"type":"Feature","id":"filaire_des_voies_de_la_ville_de_roubaix.730","geometry":{"type":"LineString","coordinates":[[3.179062,50.684089],[3.179133,50.684064]]},"geometry_name":"geom","properties":{"nom_de_la_rue":"Cour Vaneecke","st_length_shape":9.07356622833602}},{"type":"Feature","id":"filaire_des_voies_de_la_ville_de_roubaix.731","geometry":{"type":"LineString","coordinates":[[3.196929,50.679936],[3.196749,50.679855]]},"geometry_name":"geom","properties":{"nom_de_la_rue":"Cour Boutemy","st_length_shape":24.6223265369055}},{"type":"Feature","id":"filaire_des_voies_de_la_ville_de_roubaix.732","geometry":{"type":"LineString","coordinates":[[3.188339,50.684475],[3.188009,50.684714],[3.187831,50.684843]]},"geometry_name":"geom","properties":{"nom_de_la_rue":"Cour Degrieck","st_length_shape":86.0019208112756}},{"type":"Feature","id":"filaire_des_voies_de_la_ville_de_roubaix.733","geometry":{"type":"LineString","coordinates":[[3.179513,50.703905],[3.179666,50.703977]]},"geometry_name":"geom","properties":{"nom_de_la_rue":"cour Veuve Deroo","st_length_shape":21.195900772791}},{"type":"Feature","id":"filaire_des_voies_de_la_ville_de_roubaix.734","geometry":{"type":"LineString","coordinates":[[3.206038,50.690132],[3.206451,50.690458],[3.206454,50.690458]]},"geometry_name":"geom","properties":{"nom_de_la_rue":"Rangée Tribout","st_length_shape":73.8010108967888}},{"type":"Feature","id":"filaire_des_voies_de_la_ville_de_roubaix.735","geometry":{"type":"LineString","coordinates":[[3.198998,50.689316],[3.199566,50.689469]]},"geometry_name":"geom","properties":{"nom_de_la_rue":"Cour Bonte","st_length_shape":68.8102089283996}},{"type":"Feature","id":"filaire_des_voies_de_la_ville_de_roubaix.736","geometry":{"type":"LineString","coordinates":[[3.189716,50.688231],[3.189605,50.688333]]},"geometry_name":"geom","properties":{"nom_de_la_rue":"Cour Lefebvre","st_length_shape":21.8190917650117}},{"type":"Feature","id":"filaire_des_voies_de_la_ville_de_roubaix.737","geometry":{"type":"LineString","coordinates":[[3.194297,50.68677],[3.194433,50.68656],[3.194015,50.686412],[3.193999,50.686331],[3.194512,50.685672]]},"geometry_name":"geom","properties":{"nom_de_la_rue":"Rue de Condé Prolongée","st_length_shape":236.666041466943}},{"type":"Feature","id":"filaire_des_voies_de_la_ville_de_roubaix.738","geometry":{"type":"LineString","coordinates":[[3.191256,50.683862],[3.192654,50.684636],[3.192689,50.684655],[3.193614,50.685178],[3.194512,50.685672],[3.195645,50.686296],[3.196771,50.686864],[3.196991,50.68697],[3.197243,50.687094],[3.197712,50.687324],[3.198143,50.687534],[3.198841,50.687881],[3.199464,50.688184],[3.201345,50.689109],[3.201648,50.689256]]},"geometry_name":"geom","properties":{"nom_de_la_rue":"Boulevard de Mulhouse","st_length_shape":1496.16853278825}},{"type":"Feature","id":"filaire_des_voies_de_la_ville_de_roubaix.739","geometry":{"type":"LineString","coordinates":[[3.164764,50.677727],[3.166938,50.676965],[3.166943,50.676963],[3.168725,50.676326],[3.169404,50.676083],[3.171372,50.675384],[3.17184,50.675219],[3.172787,50.674884],[3.174095,50.674417],[3.17584,50.673802],[3.17694,50.673397],[3.17746,50.673213],[3.179442,50.672503],[3.17962,50.672432],[3.180232,50.672222],[3.180972,50.671954],[3.181043,50.671929],[3.182171,50.67153],[3.182741,50.671332],[3.183139,50.671195],[3.183299,50.671139],[3.185257,50.670432],[3.186229,50.67009],[3.186375,50.670039],[3.186764,50.669945]]},"geometry_name":"geom","properties":{"nom_de_la_rue":"Avenue Gustave Delory","st_length_shape":2805.33998214412}},{"type":"Feature","id":"filaire_des_voies_de_la_ville_de_roubaix.740","geometry":{"type":"MultiLineString","coordinates":[[[3.187321,50.689818],[3.187875,50.689267],[3.188448,50.688714],[3.188893,50.688283],[3.189362,50.687832],[3.190351,50.686857],[3.191298,50.685952]],[[3.187321,50.689818],[3.187321,50.689818]],[[3.184618,50.69244],[3.184759,50.692207],[3.184977,50.691951],[3.185813,50.691157],[3.186667,50.690394],[3.18698,50.690114],[3.187321,50.689818]]]},"geometry_name":"geom","properties":{"nom_de_la_rue":"Rue Pierre de Roubaix","st_length_shape":1362.61846999533}},{"type":"Feature","id":"filaire_des_voies_de_la_ville_de_roubaix.741","geometry":{"type":"LineString","coordinates":[[3.192336,50.707401],[3.191465,50.707039],[3.190955,50.70684]]},"geometry_name":"geom","properties":{"nom_de_la_rue":"Rue de l'horloge","st_length_shape":182.691718888736}},{"type":"Feature","id":"filaire_des_voies_de_la_ville_de_roubaix.742","geometry":{"type":"LineString","coordinates":[[3.174704,50.699341],[3.175224,50.699606],[3.176467,50.699442],[3.177548,50.69948],[3.177942,50.699372],[3.178829,50.699403],[3.179762,50.699435],[3.180089,50.699687],[3.180082,50.699816]]},"geometry_name":"geom","properties":{"nom_de_la_rue":"Rue des 7 Ponts","st_length_shape":666.809781323004}},{"type":"Feature","id":"filaire_des_voies_de_la_ville_de_roubaix.743","geometry":{"type":"LineString","coordinates":[[3.191582,50.692892],[3.191885,50.692777],[3.192175,50.692745],[3.192414,50.692749],[3.193204,50.692721],[3.193748,50.692741],[3.194177,50.692773],[3.195078,50.692892],[3.195608,50.692936],[3.195828,50.692957],[3.196577,50.693078],[3.197128,50.69318],[3.198968,50.693468],[3.201069,50.693789],[3.201161,50.693771],[3.201465,50.693805],[3.201682,50.693834],[3.20205,50.693834],[3.20259,50.693747],[3.202932,50.693642],[3.203397,50.693406],[3.203901,50.693039],[3.204315,50.6927],[3.205112,50.692055],[3.205681,50.691637],[3.206388,50.691357],[3.207068,50.691251]]},"geometry_name":"geom","properties":{"nom_de_la_rue":"Quai de Wattrelos","st_length_shape":1937.64974001303}},{"type":"Feature","id":"filaire_des_voies_de_la_ville_de_roubaix.744","geometry":{"type":"LineString","coordinates":[[3.191595,50.689422],[3.191959,50.689124],[3.192324,50.688823],[3.193015,50.688256],[3.19315,50.688158],[3.193153,50.688036],[3.193191,50.687975],[3.193844,50.687229],[3.193921,50.687197],[3.19424,50.68686],[3.194297,50.68677]]},"geometry_name":"geom","properties":{"nom_de_la_rue":"Rue de Condé","st_length_shape":560.710593361719}},{"type":"Feature","id":"filaire_des_voies_de_la_ville_de_roubaix.745","geometry":{"type":"LineString","coordinates":[[3.177812,50.697192],[3.17957,50.697526],[3.181852,50.69796]]},"geometry_name":"geom","properties":{"nom_de_la_rue":"Allée du Fil d'art","st_length_shape":469.564338049316}},{"type":"Feature","id":"filaire_des_voies_de_la_ville_de_roubaix.746","geometry":{"type":"LineString","coordinates":[[3.169457,50.686066],[3.168137,50.686781],[3.167868,50.686928],[3.166752,50.687527],[3.165457,50.688245],[3.164732,50.688634],[3.164231,50.688903],[3.163955,50.689054],[3.163554,50.689274],[3.162638,50.689764],[3.161721,50.69029],[3.161237,50.690557],[3.16025,50.691091],[3.159514,50.691493],[3.159442,50.691532],[3.159233,50.691651]]},"geometry_name":"geom","properties":{"nom_de_la_rue":"Rue des Arts","st_length_shape":1502.92128034496}},{"type":"Feature","id":"filaire_des_voies_de_la_ville_de_roubaix.747","geometry":{"type":"MultiLineString","coordinates":[[[3.174916,50.687638],[3.175053,50.687747],[3.17557,50.688055],[3.176854,50.688584],[3.177219,50.688853],[3.177477,50.68923],[3.177522,50.689491]],[[3.177568,50.689846],[3.177612,50.690061],[3.177871,50.690447],[3.17827,50.690785],[3.179378,50.691172],[3.179537,50.691219]]]},"geometry_name":"geom","properties":{"nom_de_la_rue":"Boulevard du Général Leclerc","st_length_shape":801.201826450592}},{"type":"Feature","id":"filaire_des_voies_de_la_ville_de_roubaix.748","geometry":{"type":"LineString","coordinates":[[3.20804,50.683425],[3.208021,50.683321],[3.208,50.683285],[3.207956,50.683244],[3.205827,50.681884],[3.205727,50.681716],[3.206348,50.681923],[3.206864,50.68223],[3.20795,50.682798],[3.208098,50.682844],[3.208245,50.682849]]},"geometry_name":"geom","properties":{"nom_de_la_rue":"Avenue Roger Salengro latérale","st_length_shape":750.542889439088}},{"type":"Feature","id":"filaire_des_voies_de_la_ville_de_roubaix.749","geometry":{"type":"LineString","coordinates":[[3.193527,50.679123],[3.194499,50.679942]]},"geometry_name":"geom","properties":{"nom_de_la_rue":"Allée des Rosiers","st_length_shape":180.021040132369}},{"type":"Feature","id":"filaire_des_voies_de_la_ville_de_roubaix.750","geometry":{"type":"LineString","coordinates":[[3.163109,50.692198],[3.163074,50.692014],[3.163033,50.691821],[3.162946,50.691532],[3.162904,50.691409],[3.162838,50.691279],[3.162209,50.690616],[3.162014,50.690464],[3.161819,50.690326],[3.161721,50.69029],[3.161206,50.68998],[3.160745,50.689697],[3.160348,50.689456],[3.160286,50.689406],[3.160038,50.689208],[3.15945,50.688724],[3.158548,50.68799],[3.158431,50.687893],[3.15839,50.687853]]},"geometry_name":"geom","properties":{"nom_de_la_rue":"Rue de l'Epeule","st_length_shape":948.096524563525}},{"type":"Feature","id":"filaire_des_voies_de_la_ville_de_roubaix.751","geometry":{"type":"LineString","coordinates":[[3.190767,50.676373],[3.190929,50.67656],[3.191042,50.676733],[3.19111,50.67691],[3.191146,50.677076]]},"geometry_name":"geom","properties":{"nom_de_la_rue":"Allée Henri Matisse","st_length_shape":131.892956418226}},{"type":"Feature","id":"filaire_des_voies_de_la_ville_de_roubaix.752","geometry":{"type":"LineString","coordinates":[[3.185772,50.671923],[3.185238,50.671503],[3.185215,50.671461],[3.185244,50.671418],[3.185325,50.671366],[3.185479,50.671303],[3.185314,50.671168],[3.185185,50.670999],[3.185155,50.670967],[3.185146,50.670924],[3.185183,50.670905],[3.185853,50.670655],[3.185927,50.670631],[3.186001,50.670626],[3.186053,50.670659],[3.186331,50.670855],[3.186551,50.670745],[3.18664,50.67073],[3.1867,50.670772],[3.187218,50.671173]]},"geometry_name":"geom","properties":{"nom_de_la_rue":"Voie Vertes Allées","st_length_shape":527.28778367456}},{"type":"Feature","id":"filaire_des_voies_de_la_ville_de_roubaix.753","geometry":{"type":"LineString","coordinates":[[3.199801,50.685318],[3.20017,50.68462],[3.200419,50.684355]]},"geometry_name":"geom","properties":{"nom_de_la_rue":"Rue du Sergent Louis Bettremieux","st_length_shape":183.585885120435}},{"type":"Feature","id":"filaire_des_voies_de_la_ville_de_roubaix.754","geometry":{"type":"LineString","coordinates":[[3.187332,50.679748],[3.187589,50.679673],[3.187372,50.679327]]},"geometry_name":"geom","properties":{"nom_de_la_rue":"Clos Gustave Eiffel","st_length_shape":96.92339652407}},{"type":"Feature","id":"filaire_des_voies_de_la_ville_de_roubaix.755","geometry":{"type":"LineString","coordinates":[[3.18206,50.707079],[3.182365,50.706796]]},"geometry_name":"geom","properties":{"nom_de_la_rue":"Rue Delespaul prolongée","st_length_shape":60.1647718247148}},{"type":"Feature","id":"filaire_des_voies_de_la_ville_de_roubaix.756","geometry":{"type":"LineString","coordinates":[[3.167178,50.694074],[3.167342,50.694193],[3.167354,50.694201],[3.167368,50.694207],[3.167383,50.69421],[3.167397,50.694211],[3.167412,50.694209],[3.168931,50.693929]]},"geometry_name":"geom","properties":{"nom_de_la_rue":"Allée Louise et Victor Champier","st_length_shape":212.774002612759}},{"type":"Feature","id":"filaire_des_voies_de_la_ville_de_roubaix.757","geometry":{"type":"LineString","coordinates":[[3.185957,50.690266],[3.184081,50.689379]]},"geometry_name":"geom","properties":{"nom_de_la_rue":"Allée de Belfort","st_length_shape":260.630912225392}},{"type":"Feature","id":"filaire_des_voies_de_la_ville_de_roubaix.758","geometry":{"type":"LineString","coordinates":[[3.18009,50.706328],[3.17957,50.706332]]},"geometry_name":"geom","properties":{"nom_de_la_rue":"Rond Point des Couteaux","st_length_shape":57.8852422426476}},{"type":"Feature","id":"filaire_des_voies_de_la_ville_de_roubaix.759","geometry":{"type":"LineString","coordinates":[[3.185257,50.701208],[3.185468,50.701248],[3.185708,50.701285]]},"geometry_name":"geom","properties":{"nom_de_la_rue":"Pont de la vigne","st_length_shape":52.1122292512386}},{"type":"Feature","id":"filaire_des_voies_de_la_ville_de_roubaix.760","geometry":{"type":"LineString","coordinates":[[3.182492,50.69939],[3.183491,50.699441]]},"geometry_name":"geom","properties":{"nom_de_la_rue":"Place de la Nation","st_length_shape":111.478832179791}},{"type":"Feature","id":"filaire_des_voies_de_la_ville_de_roubaix.761","geometry":{"type":"LineString","coordinates":[[3.184441,50.696428],[3.184671,50.696501],[3.184809,50.696541],[3.184921,50.696562]]},"geometry_name":"geom","properties":{"nom_de_la_rue":"Rue Gay Lussac","st_length_shape":58.4665814170804}},{"type":"Feature","id":"filaire_des_voies_de_la_ville_de_roubaix.762","geometry":{"type":"LineString","coordinates":[[3.184441,50.696428],[3.184314,50.696605],[3.184174,50.696803],[3.183555,50.69768],[3.183189,50.698195]]},"geometry_name":"geom","properties":{"nom_de_la_rue":"Rue Lacroix","st_length_shape":340.408971020367}},{"type":"Feature","id":"filaire_des_voies_de_la_ville_de_roubaix.763","geometry":{"type":"LineString","coordinates":[[3.186312,50.693756],[3.185541,50.694821],[3.185355,50.695101]]},"geometry_name":"geom","properties":{"nom_de_la_rue":"Rue Lacroix","st_length_shape":259.237029278119}},{"type":"Feature","id":"filaire_des_voies_de_la_ville_de_roubaix.764","geometry":{"type":"MultiLineString","coordinates":[[[3.187931,50.695212],[3.188318,50.694518]],[[3.18704,50.695769],[3.187691,50.695537],[3.187763,50.695511],[3.187929,50.695215]]]},"geometry_name":"geom","properties":{"nom_de_la_rue":"Rue du Duc","st_length_shape":277.083462384191}},{"type":"Feature","id":"filaire_des_voies_de_la_ville_de_roubaix.765","geometry":{"type":"LineString","coordinates":[[3.168664,50.699821],[3.168396,50.700136],[3.168174,50.700399]]},"geometry_name":"geom","properties":{"nom_de_la_rue":"Passage Jardins Frasez","st_length_shape":115.304635425389}},{"type":"Feature","id":"filaire_des_voies_de_la_ville_de_roubaix.766","geometry":{"type":"LineString","coordinates":[[3.179722,50.702907],[3.179122,50.703405],[3.178918,50.703455],[3.178832,50.703474],[3.178562,50.703763]]},"geometry_name":"geom","properties":{"nom_de_la_rue":"Rue Olivier de Serres","st_length_shape":203.595163424151}},{"type":"Feature","id":"filaire_des_voies_de_la_ville_de_roubaix.767","geometry":{"type":"LineString","coordinates":[[3.173435,50.699535],[3.173517,50.69943]]},"geometry_name":"geom","properties":{"nom_de_la_rue":"Cour Degraeve","st_length_shape":20.4230127025863}},{"type":"Feature","id":"filaire_des_voies_de_la_ville_de_roubaix.768","geometry":{"type":"LineString","coordinates":[[3.188161,50.691092],[3.188359,50.691165],[3.188988,50.691143]]},"geometry_name":"geom","properties":{"nom_de_la_rue":"Place du Général Faidherbe","st_length_shape":95.641114029067}},{"type":"Feature","id":"filaire_des_voies_de_la_ville_de_roubaix.769","geometry":{"type":"LineString","coordinates":[[3.21733,50.687981],[3.216489,50.688274],[3.214443,50.689076],[3.213605,50.68934],[3.211781,50.689825],[3.211568,50.689841],[3.211153,50.689802]]},"geometry_name":"geom","properties":{"nom_de_la_rue":"Boulevard de Grimonpont","st_length_shape":769.524498376206}},{"type":"Feature","id":"filaire_des_voies_de_la_ville_de_roubaix.770","geometry":{"type":"LineString","coordinates":[[3.194039,50.681736],[3.192914,50.681697]]},"geometry_name":"geom","properties":{"nom_de_la_rue":"Place de la Fraternité","st_length_shape":125.450364125458}},{"type":"Feature","id":"filaire_des_voies_de_la_ville_de_roubaix.771","geometry":{"type":"LineString","coordinates":[[3.172248,50.688735],[3.172438,50.69019]]},"geometry_name":"geom","properties":{"nom_de_la_rue":"Rue du Curoir","st_length_shape":256.523822924207}},{"type":"Feature","id":"filaire_des_voies_de_la_ville_de_roubaix.772","geometry":{"type":"LineString","coordinates":[[3.168671,50.689817],[3.168791,50.689748],[3.169064,50.689656],[3.169514,50.689576],[3.170136,50.689423],[3.170789,50.68921],[3.172248,50.688735]]},"geometry_name":"geom","properties":{"nom_de_la_rue":"Rue de Sébastopol","st_length_shape":443.151371886622}},{"type":"Feature","id":"filaire_des_voies_de_la_ville_de_roubaix.773","geometry":{"type":"LineString","coordinates":[[3.173927,50.68895],[3.174078,50.688765],[3.174411,50.688156],[3.174601,50.68788],[3.174916,50.687638]]},"geometry_name":"geom","properties":{"nom_de_la_rue":"Rue du Maréchal Foch","st_length_shape":257.96557677864}},{"type":"Feature","id":"filaire_des_voies_de_la_ville_de_roubaix.774","geometry":{"type":"LineString","coordinates":[[3.164103,50.68763],[3.164308,50.687948],[3.164326,50.687977],[3.164732,50.688634]]},"geometry_name":"geom","properties":{"nom_de_la_rue":"Rue d'Isly","st_length_shape":189.795915567254}},{"type":"Feature","id":"filaire_des_voies_de_la_ville_de_roubaix.775","geometry":{"type":"LineString","coordinates":[[3.184624,50.688263],[3.183889,50.68787],[3.183718,50.687781]]},"geometry_name":"geom","properties":{"nom_de_la_rue":"Rue Sainte Elisabeth","st_length_shape":131.739255888402}},{"type":"Feature","id":"filaire_des_voies_de_la_ville_de_roubaix.776","geometry":{"type":"LineString","coordinates":[[3.168934,50.693927],[3.169737,50.693777]]},"geometry_name":"geom","properties":{"nom_de_la_rue":"Rue Nain","st_length_shape":93.2143784954338}},{"type":"Feature","id":"filaire_des_voies_de_la_ville_de_roubaix.777","geometry":{"type":"LineString","coordinates":[[3.170782,50.692597],[3.171219,50.693192]]},"geometry_name":"geom","properties":{"nom_de_la_rue":"Rue de l'Hospice","st_length_shape":115.403995491751}},{"type":"Feature","id":"filaire_des_voies_de_la_ville_de_roubaix.778","geometry":{"type":"LineString","coordinates":[[3.169885,50.697547],[3.171367,50.69676],[3.173006,50.69601],[3.173446,50.695909]]},"geometry_name":"geom","properties":{"nom_de_la_rue":"Rue du Fontenoy","st_length_shape":492.488590134833}},{"type":"Feature","id":"filaire_des_voies_de_la_ville_de_roubaix.779","geometry":{"type":"LineString","coordinates":[[3.168013,50.698489],[3.167913,50.698553],[3.166665,50.699187],[3.165611,50.699727]]},"geometry_name":"geom","properties":{"nom_de_la_rue":"Rue du Fontenoy","st_length_shape":344.939870186655}},{"type":"Feature","id":"filaire_des_voies_de_la_ville_de_roubaix.780","geometry":{"type":"LineString","coordinates":[[3.161206,50.68998],[3.160096,50.690648]]},"geometry_name":"geom","properties":{"nom_de_la_rue":"Rue du Marquisat","st_length_shape":170.501122931229}},{"type":"Feature","id":"filaire_des_voies_de_la_ville_de_roubaix.781","geometry":{"type":"LineString","coordinates":[[3.159849,50.690799],[3.159848,50.6908],[3.159164,50.691226]]},"geometry_name":"geom","properties":{"nom_de_la_rue":"Rue du Marquisat","st_length_shape":106.926131870234}},{"type":"Feature","id":"filaire_des_voies_de_la_ville_de_roubaix.782","geometry":{"type":"LineString","coordinates":[[3.169028,50.692854],[3.169297,50.693204]]},"geometry_name":"geom","properties":{"nom_de_la_rue":"Rue Nationale","st_length_shape":68.3861202421222}},{"type":"Feature","id":"filaire_des_voies_de_la_ville_de_roubaix.783","geometry":{"type":"LineString","coordinates":[[3.185634,50.688566],[3.185768,50.688581],[3.18689,50.68895],[3.187875,50.689267]]},"geometry_name":"geom","properties":{"nom_de_la_rue":"Rue Jacques Prévert","st_length_shape":278.897198324342}},{"type":"Feature","id":"filaire_des_voies_de_la_ville_de_roubaix.784","geometry":{"type":"LineString","coordinates":[[3.187875,50.689267],[3.187951,50.689293],[3.189401,50.689899]]},"geometry_name":"geom","properties":{"nom_de_la_rue":"Rue Jacques Prévert","st_length_shape":202.895523963431}},{"type":"Feature","id":"filaire_des_voies_de_la_ville_de_roubaix.785","geometry":{"type":"LineString","coordinates":[[3.192145,50.690268],[3.190025,50.689428],[3.189956,50.689369]]},"geometry_name":"geom","properties":{"nom_de_la_rue":"Rue Franklin","st_length_shape":291.262923363653}},{"type":"Feature","id":"filaire_des_voies_de_la_ville_de_roubaix.786","geometry":{"type":"LineString","coordinates":[[3.196515,50.68922],[3.195817,50.689141],[3.19548,50.689071],[3.195185,50.68898]]},"geometry_name":"geom","properties":{"nom_de_la_rue":"Rue du Pile","st_length_shape":154.910112038998}},{"type":"Feature","id":"filaire_des_voies_de_la_ville_de_roubaix.787","geometry":{"type":"LineString","coordinates":[[3.193703,50.690319],[3.194032,50.69002]]},"geometry_name":"geom","properties":{"nom_de_la_rue":"Rue Marceau","st_length_shape":64.0038585084525}},{"type":"Feature","id":"filaire_des_voies_de_la_ville_de_roubaix.788","geometry":{"type":"LineString","coordinates":[[3.197239,50.683137],[3.196449,50.684458]]},"geometry_name":"geom","properties":{"nom_de_la_rue":"Rue de Nancy","st_length_shape":248.185880116859}},{"type":"Feature","id":"filaire_des_voies_de_la_ville_de_roubaix.789","geometry":{"type":"LineString","coordinates":[[3.189234,50.686831],[3.188716,50.686551],[3.188656,50.6865]]},"geometry_name":"geom","properties":{"nom_de_la_rue":"Rue du Progrès","st_length_shape":86.930609794685}},{"type":"Feature","id":"filaire_des_voies_de_la_ville_de_roubaix.790","geometry":{"type":"LineString","coordinates":[[3.185,50.684213],[3.185076,50.684167],[3.185723,50.683823]]},"geometry_name":"geom","properties":{"nom_de_la_rue":"Rue Duguesclin","st_length_shape":105.687888593432}},{"type":"Feature","id":"filaire_des_voies_de_la_ville_de_roubaix.791","geometry":{"type":"MultiLineString","coordinates":[[[3.197686,50.685939],[3.198242,50.685368]],[[3.196771,50.686864],[3.197681,50.685944]]]},"geometry_name":"geom","properties":{"nom_de_la_rue":"Rue Alfred de Musset","st_length_shape":308.616383261169}},{"type":"Feature","id":"filaire_des_voies_de_la_ville_de_roubaix.792","geometry":{"type":"LineString","coordinates":[[3.185797,50.681553],[3.185124,50.681791],[3.183565,50.68235],[3.183162,50.682492],[3.182782,50.682631],[3.182128,50.682866],[3.181404,50.683125]]},"geometry_name":"geom","properties":{"nom_de_la_rue":"Rue de la Potennerie","st_length_shape":561.681822979374}},{"type":"Feature","id":"filaire_des_voies_de_la_ville_de_roubaix.793","geometry":{"type":"MultiLineString","coordinates":[[[3.183257,50.674742],[3.181438,50.673227],[3.180232,50.672222]],[[3.183344,50.67481],[3.183726,50.675125]]]},"geometry_name":"geom","properties":{"nom_de_la_rue":"Rue David d'Angers","st_length_shape":626.095272740653}},{"type":"Feature","id":"filaire_des_voies_de_la_ville_de_roubaix.794","geometry":{"type":"LineString","coordinates":[[3.197807,50.673942],[3.199268,50.674876],[3.199834,50.675241]]},"geometry_name":"geom","properties":{"nom_de_la_rue":"Rue Emile Zola","st_length_shape":320.924670587162}},{"type":"Feature","id":"filaire_des_voies_de_la_ville_de_roubaix.795","geometry":{"type":"LineString","coordinates":[[3.199148,50.674033],[3.199749,50.67365]]},"geometry_name":"geom","properties":{"nom_de_la_rue":"Rue Marcelin Berthelot","st_length_shape":94.9090909370646}},{"type":"Feature","id":"filaire_des_voies_de_la_ville_de_roubaix.796","geometry":{"type":"LineString","coordinates":[[3.175236,50.687387],[3.175268,50.6873],[3.175436,50.68714],[3.175882,50.686004],[3.176054,50.685878],[3.176433,50.685608],[3.176694,50.68542],[3.176897,50.685231],[3.176906,50.68507],[3.176767,50.684444],[3.176695,50.684064]]},"geometry_name":"geom","properties":{"nom_de_la_rue":"Rue Jean Moulin","st_length_shape":638.637050615353}},{"type":"Feature","id":"filaire_des_voies_de_la_ville_de_roubaix.797","geometry":{"type":"LineString","coordinates":[[3.189104,50.68484],[3.190177,50.685384],[3.19054,50.685569],[3.191298,50.685952]]},"geometry_name":"geom","properties":{"nom_de_la_rue":"Rue Lalande","st_length_shape":312.843749020866}},{"type":"Feature","id":"filaire_des_voies_de_la_ville_de_roubaix.798","geometry":{"type":"LineString","coordinates":[[3.181903,50.690661],[3.182324,50.690856],[3.18259,50.690966]]},"geometry_name":"geom","properties":{"nom_de_la_rue":"Rue Jules Watteeuw","st_length_shape":93.3722461564281}},{"type":"Feature","id":"filaire_des_voies_de_la_ville_de_roubaix.799","geometry":{"type":"LineString","coordinates":[[3.181806,50.690748],[3.181504,50.690584]]},"geometry_name":"geom","properties":{"nom_de_la_rue":"Rue Saint Exupéry","st_length_shape":44.2690042286926}},{"type":"Feature","id":"filaire_des_voies_de_la_ville_de_roubaix.800","geometry":{"type":"LineString","coordinates":[[3.172248,50.688735],[3.172221,50.688578]]},"geometry_name":"geom","properties":{"nom_de_la_rue":"Place Verte","st_length_shape":27.7859079061671}},{"type":"Feature","id":"filaire_des_voies_de_la_ville_de_roubaix.801","geometry":{"type":"LineString","coordinates":[[3.173831,50.693794],[3.173973,50.693629],[3.174161,50.693556],[3.174271,50.693523]]},"geometry_name":"geom","properties":{"nom_de_la_rue":"Rue du Curé","st_length_shape":71.2188220884089}},{"type":"Feature","id":"filaire_des_voies_de_la_ville_de_roubaix.802","geometry":{"type":"LineString","coordinates":[[3.172438,50.69019],[3.172436,50.690404],[3.172199,50.691597]]},"geometry_name":"geom","properties":{"nom_de_la_rue":"Rue Neuve","st_length_shape":248.954427387951}},{"type":"Feature","id":"filaire_des_voies_de_la_ville_de_roubaix.803","geometry":{"type":"LineString","coordinates":[[3.185871,50.703818],[3.184865,50.703361],[3.18464,50.703567],[3.185626,50.704027]]},"geometry_name":"geom","properties":{"nom_de_la_rue":"Rue Fromé","st_length_shape":318.135007325592}},{"type":"Feature","id":"filaire_des_voies_de_la_ville_de_roubaix.804","geometry":{"type":"LineString","coordinates":[[3.199889,50.690438],[3.200053,50.690579]]},"geometry_name":"geom","properties":{"nom_de_la_rue":"Cour Deboosere","st_length_shape":30.7812161478393}},{"type":"Feature","id":"filaire_des_voies_de_la_ville_de_roubaix.805","geometry":{"type":"LineString","coordinates":[[3.168013,50.698489],[3.168346,50.698318],[3.168421,50.698285],[3.169884,50.697547],[3.169885,50.697547]]},"geometry_name":"geom","properties":{"nom_de_la_rue":"Rue du Fontenoy","st_length_shape":266.164614536988}},{"type":"Feature","id":"filaire_des_voies_de_la_ville_de_roubaix.806","geometry":{"type":"LineString","coordinates":[[3.190967,50.694781],[3.19133,50.694783]]},"geometry_name":"geom","properties":{"nom_de_la_rue":"Place Chaptal","st_length_shape":40.4489026533477}},{"type":"Feature","id":"filaire_des_voies_de_la_ville_de_roubaix.807","geometry":{"type":"LineString","coordinates":[[3.177375,50.672668],[3.177395,50.672738],[3.177439,50.673084],[3.177506,50.673196]]},"geometry_name":"geom","properties":{"nom_de_la_rue":"Rue Hélène Boucher","st_length_shape":94.5689150709026}},{"type":"Feature","id":"filaire_des_voies_de_la_ville_de_roubaix.808","geometry":{"type":"LineString","coordinates":[[3.19625,50.687394],[3.196726,50.687555]]},"geometry_name":"geom","properties":{"nom_de_la_rue":"Rue Bourdaloue","st_length_shape":60.0664644273325}},{"type":"Feature","id":"filaire_des_voies_de_la_ville_de_roubaix.809","geometry":{"type":"LineString","coordinates":[[3.178096,50.695482],[3.177687,50.696052],[3.177861,50.69622],[3.177861,50.69622]]},"geometry_name":"geom","properties":{"nom_de_la_rue":"Rue de la Banque","st_length_shape":145.451465582297}},{"type":"Feature","id":"filaire_des_voies_de_la_ville_de_roubaix.810","geometry":{"type":"LineString","coordinates":[[3.20002,50.687748],[3.19874,50.686968]]},"geometry_name":"geom","properties":{"nom_de_la_rue":"Rue d'Ostende","st_length_shape":197.748688786475}},{"type":"Feature","id":"filaire_des_voies_de_la_ville_de_roubaix.811","geometry":{"type":"LineString","coordinates":[[3.179884,50.680926],[3.180188,50.681365],[3.180486,50.681794],[3.180999,50.682537]]},"geometry_name":"geom","properties":{"nom_de_la_rue":"Rue Jules Guesde","st_length_shape":309.107387999942}},{"type":"Feature","id":"filaire_des_voies_de_la_ville_de_roubaix.812","geometry":{"type":"LineString","coordinates":[[3.175156,50.691915],[3.175776,50.692015],[3.178082,50.692394],[3.178374,50.692444],[3.178493,50.692464],[3.178842,50.692519],[3.180182,50.692736],[3.181193,50.692906],[3.181706,50.692992],[3.183828,50.693343],[3.185293,50.693587],[3.186312,50.693756],[3.187207,50.693901],[3.187464,50.693932],[3.188033,50.694034]]},"geometry_name":"geom","properties":{"nom_de_la_rue":"Grande Rue","st_length_shape":1481.13029791711}},{"type":"Feature","id":"filaire_des_voies_de_la_ville_de_roubaix.813","geometry":{"type":"LineString","coordinates":[[3.194682,50.678555],[3.19566,50.677933],[3.196814,50.677184],[3.197668,50.676634]]},"geometry_name":"geom","properties":{"nom_de_la_rue":"Rue Leconte Baillon","st_length_shape":473.665678361709}},{"type":"Feature","id":"filaire_des_voies_de_la_ville_de_roubaix.814","geometry":{"type":"LineString","coordinates":[[3.197668,50.676634],[3.198685,50.675978],[3.199834,50.675241],[3.201032,50.674467],[3.202101,50.673776]]},"geometry_name":"geom","properties":{"nom_de_la_rue":"Rue Jean Jacques Rousseau","st_length_shape":703.963815191643}},{"type":"Feature","id":"filaire_des_voies_de_la_ville_de_roubaix.815","geometry":{"type":"LineString","coordinates":[[3.204942,50.691493],[3.204577,50.69149]]},"geometry_name":"geom","properties":{"nom_de_la_rue":"Rond Point de Wassegnies","st_length_shape":40.6411923508649}},{"type":"Feature","id":"filaire_des_voies_de_la_ville_de_roubaix.816","geometry":{"type":"LineString","coordinates":[[3.179378,50.678629],[3.178791,50.677898],[3.178687,50.677782]]},"geometry_name":"geom","properties":{"nom_de_la_rue":"Rue Larochefoucauld","st_length_shape":167.530712050084}},{"type":"Feature","id":"filaire_des_voies_de_la_ville_de_roubaix.817","geometry":{"type":"LineString","coordinates":[[3.160312,50.694409],[3.159046,50.695062]]},"geometry_name":"geom","properties":{"nom_de_la_rue":"Rue de Naples","st_length_shape":181.619470568163}},{"type":"Feature","id":"filaire_des_voies_de_la_ville_de_roubaix.818","geometry":{"type":"LineString","coordinates":[[3.161387,50.698092],[3.161896,50.698094]]},"geometry_name":"geom","properties":{"nom_de_la_rue":"Hameau d'Epinal","st_length_shape":56.596300952094}},{"type":"Feature","id":"filaire_des_voies_de_la_ville_de_roubaix.819","geometry":{"type":"LineString","coordinates":[[3.161962,50.687309],[3.162983,50.68735]]},"geometry_name":"geom","properties":{"nom_de_la_rue":"Square des Ormes","st_length_shape":113.8290037237}},{"type":"Feature","id":"filaire_des_voies_de_la_ville_de_roubaix.820","geometry":{"type":"LineString","coordinates":[[3.194166,50.689264],[3.194369,50.689045]]},"geometry_name":"geom","properties":{"nom_de_la_rue":"Cour Lepers","st_length_shape":44.5560776959777}},{"type":"Feature","id":"filaire_des_voies_de_la_ville_de_roubaix.821","geometry":{"type":"LineString","coordinates":[[3.189138,50.686992],[3.189261,50.686925]]},"geometry_name":"geom","properties":{"nom_de_la_rue":"Cour Commen","st_length_shape":17.9597334863299}},{"type":"Feature","id":"filaire_des_voies_de_la_ville_de_roubaix.822","geometry":{"type":"LineString","coordinates":[[3.18356,50.702002],[3.184303,50.702268]]},"geometry_name":"geom","properties":{"nom_de_la_rue":"Cour Duponchelle Delcroix","st_length_shape":94.9600118470928}},{"type":"Feature","id":"filaire_des_voies_de_la_ville_de_roubaix.823","geometry":{"type":"LineString","coordinates":[[3.2074,50.689958],[3.206806,50.6895]]},"geometry_name":"geom","properties":{"nom_de_la_rue":"Rangée Farvacque","st_length_shape":104.163424647618}},{"type":"Feature","id":"filaire_des_voies_de_la_ville_de_roubaix.824","geometry":{"type":"LineString","coordinates":[[3.187755,50.6847],[3.18706,50.6843]]},"geometry_name":"geom","properties":{"nom_de_la_rue":"Cité Dillies","st_length_shape":104.606545449221}},{"type":"Feature","id":"filaire_des_voies_de_la_ville_de_roubaix.825","geometry":{"type":"LineString","coordinates":[[3.167663,50.694037],[3.168179,50.693981]]},"geometry_name":"geom","properties":{"nom_de_la_rue":"Place des Martyrs de la Résistance","st_length_shape":58.2187235597793}},{"type":"Feature","id":"filaire_des_voies_de_la_ville_de_roubaix.826","geometry":{"type":"LineString","coordinates":[[3.187676,50.685343],[3.187546,50.685265]]},"geometry_name":"geom","properties":{"nom_de_la_rue":"Cour Lenne","st_length_shape":19.9364659466015}},{"type":"Feature","id":"filaire_des_voies_de_la_ville_de_roubaix.827","geometry":{"type":"LineString","coordinates":[[3.182717,50.700746],[3.182539,50.701012]]},"geometry_name":"geom","properties":{"nom_de_la_rue":"Cour Gesquière","st_length_shape":50.7115032413751}},{"type":"Feature","id":"filaire_des_voies_de_la_ville_de_roubaix.828","geometry":{"type":"LineString","coordinates":[[3.182909,50.700809],[3.182677,50.701131]]},"geometry_name":"geom","properties":{"nom_de_la_rue":"Cour Vanberveren","st_length_shape":62.3528961814125}},{"type":"Feature","id":"filaire_des_voies_de_la_ville_de_roubaix.829","geometry":{"type":"LineString","coordinates":[[3.185773,50.685502],[3.185978,50.685342]]},"geometry_name":"geom","properties":{"nom_de_la_rue":"Cour d'Halluin","st_length_shape":36.2023362572086}},{"type":"Feature","id":"filaire_des_voies_de_la_ville_de_roubaix.830","geometry":{"type":"LineString","coordinates":[[3.18698,50.685069],[3.186771,50.684943]]},"geometry_name":"geom","properties":{"nom_de_la_rue":"Cour Dujardin","st_length_shape":32.1282643267575}},{"type":"Feature","id":"filaire_des_voies_de_la_ville_de_roubaix.831","geometry":{"type":"LineString","coordinates":[[3.208002,50.690557],[3.207843,50.69043]]},"geometry_name":"geom","properties":{"nom_de_la_rue":"Rangée Delcourt","st_length_shape":28.4050330422269}},{"type":"Feature","id":"filaire_des_voies_de_la_ville_de_roubaix.832","geometry":{"type":"LineString","coordinates":[[3.208763,50.689573],[3.208492,50.68972]]},"geometry_name":"geom","properties":{"nom_de_la_rue":"Cité Duretête","st_length_shape":39.6427878148094}},{"type":"Feature","id":"filaire_des_voies_de_la_ville_de_roubaix.833","geometry":{"type":"LineString","coordinates":[[3.181362,50.699563],[3.180901,50.699389]]},"geometry_name":"geom","properties":{"nom_de_la_rue":"Cour Lauwers","st_length_shape":59.7833014274889}},{"type":"Feature","id":"filaire_des_voies_de_la_ville_de_roubaix.834","geometry":{"type":"LineString","coordinates":[[3.194155,50.695244],[3.194376,50.695234]]},"geometry_name":"geom","properties":{"nom_de_la_rue":"Cour Delbecque","st_length_shape":24.6904619262176}},{"type":"Feature","id":"filaire_des_voies_de_la_ville_de_roubaix.835","geometry":{"type":"LineString","coordinates":[[3.196915,50.691639],[3.196681,50.692085]]},"geometry_name":"geom","properties":{"nom_de_la_rue":"Cité Planckaert","st_length_shape":82.5063246303579}},{"type":"Feature","id":"filaire_des_voies_de_la_ville_de_roubaix.836","geometry":{"type":"LineString","coordinates":[[3.171435,50.690194],[3.170823,50.689254]]},"geometry_name":"geom","properties":{"nom_de_la_rue":"Rue du Nord","st_length_shape":178.575472668561}},{"type":"Feature","id":"filaire_des_voies_de_la_ville_de_roubaix.837","geometry":{"type":"LineString","coordinates":[[3.182059,50.698858],[3.181751,50.698741]]},"geometry_name":"geom","properties":{"nom_de_la_rue":"Cour Bauters","st_length_shape":39.9885407148098}},{"type":"Feature","id":"filaire_des_voies_de_la_ville_de_roubaix.838","geometry":{"type":"LineString","coordinates":[[3.189486,50.685388],[3.189148,50.685177]]},"geometry_name":"geom","properties":{"nom_de_la_rue":"Cour Dujardin","st_length_shape":52.7776788922173}},{"type":"Feature","id":"filaire_des_voies_de_la_ville_de_roubaix.839","geometry":{"type":"LineString","coordinates":[[3.1789,50.702663],[3.178742,50.702556]]},"geometry_name":"geom","properties":{"nom_de_la_rue":"Cour Prouvost","st_length_shape":25.7774501566776}},{"type":"Feature","id":"filaire_des_voies_de_la_ville_de_roubaix.840","geometry":{"type":"LineString","coordinates":[[3.173242,50.705385],[3.172935,50.7051]]},"geometry_name":"geom","properties":{"nom_de_la_rue":"Cour Veuve Rose","st_length_shape":60.6605299783146}},{"type":"Feature","id":"filaire_des_voies_de_la_ville_de_roubaix.841","geometry":{"type":"LineString","coordinates":[[3.187085,50.688623],[3.186873,50.688536]]},"geometry_name":"geom","properties":{"nom_de_la_rue":"Cour Carlier","st_length_shape":28.1923725777026}},{"type":"Feature","id":"filaire_des_voies_de_la_ville_de_roubaix.842","geometry":{"type":"LineString","coordinates":[[3.162445,50.684496],[3.162266,50.684369]]},"geometry_name":"geom","properties":{"nom_de_la_rue":"Impasse du Petit Roubaix","st_length_shape":30.0248477325032}},{"type":"Feature","id":"filaire_des_voies_de_la_ville_de_roubaix.843","geometry":{"type":"LineString","coordinates":[[3.190063,50.702767],[3.189918,50.702943]]},"geometry_name":"geom","properties":{"nom_de_la_rue":"Cour Sainte Marie","st_length_shape":34.9217065897416}},{"type":"Feature","id":"filaire_des_voies_de_la_ville_de_roubaix.844","geometry":{"type":"MultiLineString","coordinates":[[[3.212455,50.684936],[3.212444,50.685309]],[[3.211461,50.685307],[3.212412,50.685324]]]},"geometry_name":"geom","properties":{"nom_de_la_rue":"Rue de Carihem","st_length_shape":171.482252146159}},{"type":"Feature","id":"filaire_des_voies_de_la_ville_de_roubaix.845","geometry":{"type":"LineString","coordinates":[[3.153473,50.692551],[3.153894,50.692359]]},"geometry_name":"geom","properties":{"nom_de_la_rue":"Cour Desfrennes Scamp","st_length_shape":57.6973717076437}},{"type":"Feature","id":"filaire_des_voies_de_la_ville_de_roubaix.846","geometry":{"type":"LineString","coordinates":[[3.185263,50.684487],[3.185062,50.684601]]},"geometry_name":"geom","properties":{"nom_de_la_rue":"Cour Decraene","st_length_shape":30.0253174672642}},{"type":"Feature","id":"filaire_des_voies_de_la_ville_de_roubaix.847","geometry":{"type":"LineString","coordinates":[[3.1695,50.701063],[3.169608,50.700952]]},"geometry_name":"geom","properties":{"nom_de_la_rue":"Place du Fontenoy","st_length_shape":22.8153834927226}},{"type":"Feature","id":"filaire_des_voies_de_la_ville_de_roubaix.848","geometry":{"type":"LineString","coordinates":[[3.182091,50.685568],[3.181915,50.685503]]},"geometry_name":"geom","properties":{"nom_de_la_rue":"Cour Herman","st_length_shape":22.6618778996799}},{"type":"Feature","id":"filaire_des_voies_de_la_ville_de_roubaix.849","geometry":{"type":"LineString","coordinates":[[3.175479,50.685907],[3.175394,50.685877],[3.175416,50.685931],[3.17535,50.685907]]},"geometry_name":"geom","properties":{"nom_de_la_rue":"Cour Brabant","st_length_shape":29.1063091003703}},{"type":"Feature","id":"filaire_des_voies_de_la_ville_de_roubaix.850","geometry":{"type":"LineString","coordinates":[[3.196277,50.687699],[3.196144,50.687825]]},"geometry_name":"geom","properties":{"nom_de_la_rue":"Cour Cabaret","st_length_shape":26.5088309349922}},{"type":"Feature","id":"filaire_des_voies_de_la_ville_de_roubaix.851","geometry":{"type":"LineString","coordinates":[[3.17691,50.685602],[3.176791,50.685705]]},"geometry_name":"geom","properties":{"nom_de_la_rue":"Cour Boussemat","st_length_shape":22.5223081954315}},{"type":"Feature","id":"filaire_des_voies_de_la_ville_de_roubaix.852","geometry":{"type":"LineString","coordinates":[[3.169919,50.690738],[3.169831,50.69062]]},"geometry_name":"geom","properties":{"nom_de_la_rue":"Cour Leman","st_length_shape":22.9244697810004}},{"type":"Feature","id":"filaire_des_voies_de_la_ville_de_roubaix.853","geometry":{"type":"LineString","coordinates":[[3.187762,50.688734],[3.187456,50.688727]]},"geometry_name":"geom","properties":{"nom_de_la_rue":"Cour Thyl","st_length_shape":34.130397970138}},{"type":"Feature","id":"filaire_des_voies_de_la_ville_de_roubaix.854","geometry":{"type":"LineString","coordinates":[[3.192756,50.683774],[3.192968,50.683926]]},"geometry_name":"geom","properties":{"nom_de_la_rue":"Cour Duhayon","st_length_shape":35.6874782254224}},{"type":"Feature","id":"filaire_des_voies_de_la_ville_de_roubaix.855","geometry":{"type":"LineString","coordinates":[[3.181163,50.700111],[3.181012,50.700368],[3.181381,50.700571],[3.181186,50.700756],[3.180979,50.700922],[3.180955,50.700964],[3.180613,50.70126]]},"geometry_name":"geom","properties":{"nom_de_la_rue":"Rue Jean Henri Fabre","st_length_shape":251.329488777805}},{"type":"Feature","id":"filaire_des_voies_de_la_ville_de_roubaix.856","geometry":{"type":"LineString","coordinates":[[3.174793,50.683678],[3.174931,50.683734]]},"geometry_name":"geom","properties":{"nom_de_la_rue":"Cour Bell","st_length_shape":18.2179190900059}},{"type":"Feature","id":"filaire_des_voies_de_la_ville_de_roubaix.857","geometry":{"type":"LineString","coordinates":[[3.174748,50.686272],[3.17528,50.686481]]},"geometry_name":"geom","properties":{"nom_de_la_rue":"Cour Dekien","st_length_shape":69.6423947478115}},{"type":"Feature","id":"filaire_des_voies_de_la_ville_de_roubaix.858","geometry":{"type":"LineString","coordinates":[[3.186275,50.682231],[3.18636,50.682288]]},"geometry_name":"geom","properties":{"nom_de_la_rue":"Cour Leman","st_length_shape":13.7051840542183}},{"type":"Feature","id":"filaire_des_voies_de_la_ville_de_roubaix.859","geometry":{"type":"LineString","coordinates":[[3.194753,50.68737],[3.194827,50.687395]]},"geometry_name":"geom","properties":{"nom_de_la_rue":"Cour Dupont","st_length_shape":9.33340940332095}},{"type":"Feature","id":"filaire_des_voies_de_la_ville_de_roubaix.860","geometry":{"type":"LineString","coordinates":[[3.193256,50.686667],[3.193909,50.686829]]},"geometry_name":"geom","properties":{"nom_de_la_rue":"Cour Lecomte","st_length_shape":78.0279563890405}},{"type":"Feature","id":"filaire_des_voies_de_la_ville_de_roubaix.861","geometry":{"type":"LineString","coordinates":[[3.196756,50.686282],[3.196875,50.686327]]},"geometry_name":"geom","properties":{"nom_de_la_rue":"Cour Vanhaelst","st_length_shape":15.4046154463524}},{"type":"Feature","id":"filaire_des_voies_de_la_ville_de_roubaix.862","geometry":{"type":"LineString","coordinates":[[3.187576,50.701612],[3.187574,50.701449]]},"geometry_name":"geom","properties":{"nom_de_la_rue":"Cour Lescrenier","st_length_shape":28.6745062717739}},{"type":"Feature","id":"filaire_des_voies_de_la_ville_de_roubaix.863","geometry":{"type":"LineString","coordinates":[[3.194061,50.681918],[3.195064,50.682306],[3.197239,50.683137],[3.197328,50.683171],[3.198353,50.683566],[3.198959,50.683798],[3.200419,50.684355],[3.201121,50.684616]]},"geometry_name":"geom","properties":{"nom_de_la_rue":"Avenue Julien Lagache","st_length_shape":917.840559720366}},{"type":"Feature","id":"filaire_des_voies_de_la_ville_de_roubaix.864","geometry":{"type":"LineString","coordinates":[[3.178687,50.677782],[3.178828,50.677795],[3.179758,50.677789],[3.180559,50.677787],[3.180702,50.677786],[3.181259,50.677782],[3.181933,50.677777],[3.184066,50.67776],[3.184277,50.677759],[3.185496,50.67805]]},"geometry_name":"geom","properties":{"nom_de_la_rue":"Boulevard de Lyon","st_length_shape":767.560644107603}},{"type":"Feature","id":"filaire_des_voies_de_la_ville_de_roubaix.865","geometry":{"type":"LineString","coordinates":[[3.191256,50.683862],[3.191185,50.683767],[3.190719,50.682707],[3.190535,50.682276],[3.190396,50.681966],[3.190294,50.681735],[3.189936,50.680906],[3.189716,50.680416],[3.189605,50.680166],[3.189393,50.679677],[3.189047,50.67889],[3.188667,50.678795],[3.186977,50.678399],[3.186332,50.678247],[3.185496,50.67805]]},"geometry_name":"geom","properties":{"nom_de_la_rue":"Boulevard de Reims","st_length_shape":1329.59974481069}},{"type":"Feature","id":"filaire_des_voies_de_la_ville_de_roubaix.866","geometry":{"type":"LineString","coordinates":[[3.173126,50.691604],[3.173059,50.691662],[3.170782,50.692597],[3.169297,50.693204],[3.168116,50.693691],[3.167178,50.694074],[3.166587,50.694317],[3.166063,50.694533],[3.165306,50.694841],[3.164743,50.695084],[3.164196,50.695302]]},"geometry_name":"geom","properties":{"nom_de_la_rue":"Avenue Jean Lebas","st_length_shape":1188.51160720858}},{"type":"Feature","id":"filaire_des_voies_de_la_ville_de_roubaix.867","geometry":{"type":"LineString","coordinates":[[3.190929,50.706825],[3.19138,50.706278],[3.191406,50.706246],[3.191747,50.705832],[3.192035,50.705483],[3.192271,50.705196],[3.192476,50.704947],[3.193686,50.703408],[3.196087,50.700364]]},"geometry_name":"geom","properties":{"nom_de_la_rue":"Promenade des femmes du textile","st_length_shape":1272.67654736533}},{"type":"Feature","id":"filaire_des_voies_de_la_ville_de_roubaix.868","geometry":{"type":"LineString","coordinates":[[3.1873,50.707078],[3.188237,50.707483],[3.189291,50.707846],[3.189915,50.708111]]},"geometry_name":"geom","properties":{"nom_de_la_rue":"Rue martha Desrumaux","st_length_shape":343.552037645664}},{"type":"Feature","id":"filaire_des_voies_de_la_ville_de_roubaix.869","geometry":{"type":"LineString","coordinates":[[3.189906,50.708117],[3.190872,50.708599],[3.191574,50.709017],[3.191755,50.709059],[3.191867,50.709016]]},"geometry_name":"geom","properties":{"nom_de_la_rue":"Rue de la reine","st_length_shape":280.302412439274}},{"type":"Feature","id":"filaire_des_voies_de_la_ville_de_roubaix.870","geometry":{"type":"LineString","coordinates":[[3.165909,50.697207],[3.166988,50.69784],[3.167471,50.698124],[3.168013,50.698489],[3.168065,50.698546],[3.168422,50.698786],[3.168927,50.699117],[3.169427,50.699566],[3.169515,50.699598],[3.170105,50.700119],[3.170492,50.700463],[3.171494,50.701338],[3.172429,50.702151]]},"geometry_name":"geom","properties":{"nom_de_la_rue":"Rue de l'Alma","st_length_shape":1137.25980967918}},{"type":"Feature","id":"filaire_des_voies_de_la_ville_de_roubaix.871","geometry":{"type":"LineString","coordinates":[[3.156398,50.68754],[3.154993,50.688216],[3.154963,50.688286],[3.155404,50.688622],[3.155449,50.688641],[3.155496,50.688654],[3.155544,50.68866],[3.155593,50.688659],[3.155642,50.688651],[3.155688,50.688636],[3.155732,50.688615],[3.156482,50.68824],[3.156893,50.688036]]},"geometry_name":"geom","properties":{"nom_de_la_rue":"Allée des Clarisses","st_length_shape":490.732024153067}},{"type":"Feature","id":"filaire_des_voies_de_la_ville_de_roubaix.872","geometry":{"type":"LineString","coordinates":[[3.185257,50.701208],[3.184945,50.701764],[3.184311,50.702738],[3.183718,50.703566],[3.18327,50.704162],[3.182866,50.704587],[3.182263,50.705044],[3.181749,50.705217],[3.181716,50.705235],[3.180499,50.705888],[3.180291,50.70596]]},"geometry_name":"geom","properties":{"nom_de_la_rue":"Quai de Bordeaux","st_length_shape":1030.22258557771}},{"type":"Feature","id":"filaire_des_voies_de_la_ville_de_roubaix.873","geometry":{"type":"LineString","coordinates":[[3.197944,50.689495],[3.197247,50.690382],[3.197214,50.690432],[3.196935,50.690981],[3.196098,50.692649]]},"geometry_name":"geom","properties":{"nom_de_la_rue":"Rue Dampierre","st_length_shape":592.623696675222}},{"type":"Feature","id":"filaire_des_voies_de_la_ville_de_roubaix.874","geometry":{"type":"LineString","coordinates":[[3.176695,50.684064],[3.177205,50.684129],[3.177967,50.684265],[3.178614,50.684386],[3.178677,50.684415],[3.179825,50.684891],[3.180195,50.68505],[3.180388,50.685133],[3.181657,50.685661],[3.181904,50.685772],[3.182918,50.686525],[3.184152,50.68744]]},"geometry_name":"geom","properties":{"nom_de_la_rue":"Rue Decrême","st_length_shape":1046.42112560859}},{"type":"Feature","id":"filaire_des_voies_de_la_ville_de_roubaix.875","geometry":{"type":"LineString","coordinates":[[3.18223,50.695122],[3.182379,50.695305],[3.182147,50.695823],[3.182146,50.695896],[3.182153,50.695984],[3.182136,50.696177],[3.18216,50.69649],[3.182154,50.696634],[3.182145,50.696861],[3.182104,50.697065],[3.182042,50.69733],[3.181995,50.697529],[3.181917,50.697826],[3.181852,50.69796],[3.181804,50.698061],[3.181686,50.698307],[3.181665,50.69836],[3.181465,50.69858],[3.181301,50.698752],[3.181191,50.698843],[3.180782,50.699184],[3.180227,50.699653],[3.180082,50.699816]]},"geometry_name":"geom","properties":{"nom_de_la_rue":"Rue de l'Hommelet","st_length_shape":893.976185208755}},{"type":"Feature","id":"filaire_des_voies_de_la_ville_de_roubaix.876","geometry":{"type":"LineString","coordinates":[[3.172221,50.688578],[3.171423,50.688422],[3.171182,50.688391],[3.171119,50.688395],[3.170504,50.687554]]},"geometry_name":"geom","properties":{"nom_de_la_rue":"Rue de la Tour","st_length_shape":290.159931431586}},{"type":"Feature","id":"filaire_des_voies_de_la_ville_de_roubaix.877","geometry":{"type":"LineString","coordinates":[[3.159784,50.697694],[3.16081,50.697303],[3.162434,50.696694]]},"geometry_name":"geom","properties":{"nom_de_la_rue":"Rue d'Epinal","st_length_shape":343.392176988439}},{"type":"Feature","id":"filaire_des_voies_de_la_ville_de_roubaix.878","geometry":{"type":"MultiLineString","coordinates":[[[3.192655,50.700057],[3.19593,50.701011]],[[3.189193,50.709005],[3.189935,50.708083],[3.190672,50.707186],[3.190948,50.706831],[3.191265,50.706744],[3.192105,50.706197],[3.193476,50.70511]]]},"geometry_name":"geom","properties":{"nom_de_la_rue":"Rue amédée Prouvost","st_length_shape":1247.77518486985}},{"type":"Feature","id":"filaire_des_voies_de_la_ville_de_roubaix.879","geometry":{"type":"MultiLineString","coordinates":[[[3.156071,50.687189],[3.155939,50.687272],[3.155264,50.687615],[3.153998,50.688244]],[[3.156063,50.687189],[3.156124,50.687131],[3.15682,50.686711],[3.157074,50.686565],[3.157612,50.686311],[3.158017,50.686126],[3.158154,50.686089]],[[3.153996,50.688244],[3.153722,50.688391],[3.153567,50.688469],[3.153471,50.688518],[3.153326,50.688531]]]},"geometry_name":"geom","properties":{"nom_de_la_rue":"Boulevard de la Limite","st_length_shape":692.295717232098}},{"type":"Feature","id":"filaire_des_voies_de_la_ville_de_roubaix.880","geometry":{"type":"LineString","coordinates":[[3.168019,50.701187],[3.1688,50.700386],[3.169465,50.699703],[3.169515,50.699598]]},"geometry_name":"geom","properties":{"nom_de_la_rue":"Avenue Frasez","st_length_shape":325.763027434495}},{"type":"Feature","id":"filaire_des_voies_de_la_ville_de_roubaix.881","geometry":{"type":"LineString","coordinates":[[3.177548,50.69948],[3.177425,50.699434],[3.176915,50.698609]]},"geometry_name":"geom","properties":{"nom_de_la_rue":"Rue des Charpentiers","st_length_shape":171.702322630638}},{"type":"Feature","id":"filaire_des_voies_de_la_ville_de_roubaix.882","geometry":{"type":"LineString","coordinates":[[3.180082,50.699816],[3.181741,50.700269],[3.183039,50.700618],[3.184105,50.700908],[3.185257,50.701208]]},"geometry_name":"geom","properties":{"nom_de_la_rue":"Rue de la Vigne","st_length_shape":625.849851355514}},{"type":"Feature","id":"filaire_des_voies_de_la_ville_de_roubaix.883","geometry":{"type":"LineString","coordinates":[[3.19108,50.705604],[3.190495,50.705356],[3.190641,50.70523],[3.191197,50.70545]]},"geometry_name":"geom","properties":{"nom_de_la_rue":"Square du Bon Repos","st_length_shape":178.969776715396}},{"type":"Feature","id":"filaire_des_voies_de_la_ville_de_roubaix.884","geometry":{"type":"LineString","coordinates":[[3.164573,50.69788],[3.165611,50.699727],[3.165801,50.700048],[3.166388,50.701112]]},"geometry_name":"geom","properties":{"nom_de_la_rue":"Rue de Cassel","st_length_shape":602.893203674798}},{"type":"Feature","id":"filaire_des_voies_de_la_ville_de_roubaix.885","geometry":{"type":"LineString","coordinates":[[3.186171,50.703563],[3.187219,50.704053],[3.187312,50.704094],[3.188974,50.704857]]},"geometry_name":"geom","properties":{"nom_de_la_rue":"Rue Mazagran","st_length_shape":386.180341009863}},{"type":"Feature","id":"filaire_des_voies_de_la_ville_de_roubaix.886","geometry":{"type":"LineString","coordinates":[[3.183621,50.705732],[3.184147,50.705985],[3.184463,50.706139],[3.184681,50.706195]]},"geometry_name":"geom","properties":{"nom_de_la_rue":"Rue du Hutin","st_length_shape":144.048689781716}},{"type":"Feature","id":"filaire_des_voies_de_la_ville_de_roubaix.887","geometry":{"type":"LineString","coordinates":[[3.161099,50.700157],[3.160785,50.702062],[3.160656,50.702864],[3.160554,50.703491]]},"geometry_name":"geom","properties":{"nom_de_la_rue":"Boulevard de la République","st_length_shape":589.152372501268}},{"type":"Feature","id":"filaire_des_voies_de_la_ville_de_roubaix.888","geometry":{"type":"LineString","coordinates":[[3.158213,50.698396],[3.156671,50.699461]]},"geometry_name":"geom","properties":{"nom_de_la_rue":"Rue du Capitaine Aubert","st_length_shape":253.958698393755}},{"type":"Feature","id":"filaire_des_voies_de_la_ville_de_roubaix.889","geometry":{"type":"LineString","coordinates":[[3.157954,50.696932],[3.156916,50.697476]]},"geometry_name":"geom","properties":{"nom_de_la_rue":"Rue de Turin","st_length_shape":150.038826468618}},{"type":"Feature","id":"filaire_des_voies_de_la_ville_de_roubaix.890","geometry":{"type":"LineString","coordinates":[[3.159499,50.696926],[3.159092,50.697246],[3.158777,50.697484],[3.157917,50.698224]]},"geometry_name":"geom","properties":{"nom_de_la_rue":"Rue du Fresnoy","st_length_shape":288.298059475326}},{"type":"Feature","id":"filaire_des_voies_de_la_ville_de_roubaix.891","geometry":{"type":"LineString","coordinates":[[3.161849,50.695796],[3.160751,50.696315],[3.159957,50.696702],[3.159499,50.696926]]},"geometry_name":"geom","properties":{"nom_de_la_rue":"Rue du Fresnoy","st_length_shape":328.516689908023}},{"type":"Feature","id":"filaire_des_voies_de_la_ville_de_roubaix.892","geometry":{"type":"LineString","coordinates":[[3.177227,50.704257],[3.175637,50.703578]]},"geometry_name":"geom","properties":{"nom_de_la_rue":"Rue Gretry","st_length_shape":213.489993159328}},{"type":"Feature","id":"filaire_des_voies_de_la_ville_de_roubaix.893","geometry":{"type":"LineString","coordinates":[[3.176075,50.703322],[3.177575,50.704005]]},"geometry_name":"geom","properties":{"nom_de_la_rue":"Rue Bayard","st_length_shape":205.651349697005}},{"type":"Feature","id":"filaire_des_voies_de_la_ville_de_roubaix.894","geometry":{"type":"LineString","coordinates":[[3.176864,50.702876],[3.176075,50.703322],[3.175637,50.703578],[3.175249,50.703854]]},"geometry_name":"geom","properties":{"nom_de_la_rue":"Rue La Bruyère","st_length_shape":249.050341099959}},{"type":"Feature","id":"filaire_des_voies_de_la_ville_de_roubaix.895","geometry":{"type":"LineString","coordinates":[[3.178833,50.701318],[3.17786,50.701932]]},"geometry_name":"geom","properties":{"nom_de_la_rue":"Rue des Récollets","st_length_shape":153.007118497703}},{"type":"Feature","id":"filaire_des_voies_de_la_ville_de_roubaix.896","geometry":{"type":"LineString","coordinates":[[3.163811,50.698164],[3.163936,50.6981],[3.164396,50.697943],[3.164573,50.69788],[3.16488,50.697775],[3.165115,50.697662],[3.165909,50.697207],[3.166143,50.697072],[3.167462,50.696352],[3.168689,50.695881],[3.169948,50.6954],[3.171539,50.694769],[3.172529,50.694362]]},"geometry_name":"geom","properties":{"nom_de_la_rue":"Avenue des Nations Unies","st_length_shape":1182.33980475736}},{"type":"Feature","id":"filaire_des_voies_de_la_ville_de_roubaix.897","geometry":{"type":"LineString","coordinates":[[3.171625,50.697739],[3.170423,50.698259],[3.169407,50.698692],[3.169206,50.698824],[3.169154,50.698883],[3.168927,50.699117],[3.168107,50.700033],[3.167562,50.700644]]},"geometry_name":"geom","properties":{"nom_de_la_rue":"Rue Archimède","st_length_shape":699.107694253989}},{"type":"Feature","id":"filaire_des_voies_de_la_ville_de_roubaix.898","geometry":{"type":"LineString","coordinates":[[3.194119,50.696835],[3.195151,50.69678]]},"geometry_name":"geom","properties":{"nom_de_la_rue":"Rue du Congo","st_length_shape":115.313950844336}},{"type":"Feature","id":"filaire_des_voies_de_la_ville_de_roubaix.899","geometry":{"type":"LineString","coordinates":[[3.204047,50.689109],[3.203654,50.689594],[3.203546,50.689729]]},"geometry_name":"geom","properties":{"nom_de_la_rue":"Rue de Valenciennes","st_length_shape":122.321964421433}},{"type":"Feature","id":"filaire_des_voies_de_la_ville_de_roubaix.900","geometry":{"type":"LineString","coordinates":[[3.197409,50.689331],[3.198841,50.687881]]},"geometry_name":"geom","properties":{"nom_de_la_rue":"Rue Hoche","st_length_shape":300.496804661164}},{"type":"Feature","id":"filaire_des_voies_de_la_ville_de_roubaix.901","geometry":{"type":"LineString","coordinates":[[3.204129,50.685931],[3.203302,50.685637],[3.203344,50.685586],[3.202813,50.685384]]},"geometry_name":"geom","properties":{"nom_de_la_rue":"Allée Brame","st_length_shape":184.701024063855}},{"type":"Feature","id":"filaire_des_voies_de_la_ville_de_roubaix.902","geometry":{"type":"LineString","coordinates":[[3.213109,50.688426],[3.213497,50.688899]]},"geometry_name":"geom","properties":{"nom_de_la_rue":"Rue Bois le Duc","st_length_shape":93.6493912468202}},{"type":"Feature","id":"filaire_des_voies_de_la_ville_de_roubaix.903","geometry":{"type":"LineString","coordinates":[[3.200953,50.681223],[3.202402,50.679604]]},"geometry_name":"geom","properties":{"nom_de_la_rue":"Rue Léon Blum","st_length_shape":326.967756718075}},{"type":"Feature","id":"filaire_des_voies_de_la_ville_de_roubaix.904","geometry":{"type":"LineString","coordinates":[[3.196515,50.68922],[3.197024,50.689283],[3.197409,50.689331],[3.197944,50.689495],[3.198193,50.689573],[3.199408,50.689945],[3.199933,50.690094],[3.200783,50.690358]]},"geometry_name":"geom","properties":{"nom_de_la_rue":"Rue du Pile","st_length_shape":518.170309171972}},{"type":"Feature","id":"filaire_des_voies_de_la_ville_de_roubaix.905","geometry":{"type":"LineString","coordinates":[[3.190357,50.688393],[3.191625,50.687394]]},"geometry_name":"geom","properties":{"nom_de_la_rue":"Rue Copernic","st_length_shape":225.260492669731}},{"type":"Feature","id":"filaire_des_voies_de_la_ville_de_roubaix.906","geometry":{"type":"LineString","coordinates":[[3.190351,50.686857],[3.190896,50.687083],[3.191024,50.687136],[3.19129,50.687247],[3.191625,50.687394],[3.191973,50.687538],[3.192471,50.687737],[3.193153,50.688036]]},"geometry_name":"geom","properties":{"nom_de_la_rue":"Rue de Leuze","st_length_shape":374.489522335595}},{"type":"Feature","id":"filaire_des_voies_de_la_ville_de_roubaix.907","geometry":{"type":"LineString","coordinates":[[3.187583,50.684963],[3.186953,50.68534]]},"geometry_name":"geom","properties":{"nom_de_la_rue":"Rue de Bourgogne","st_length_shape":96.5599555249483}},{"type":"Feature","id":"filaire_des_voies_de_la_ville_de_roubaix.908","geometry":{"type":"LineString","coordinates":[[3.181625,50.677484],[3.181933,50.677777],[3.183261,50.679079],[3.183663,50.679472],[3.184312,50.680104],[3.184772,50.680552],[3.18531,50.681075],[3.185797,50.681553],[3.186366,50.681969],[3.187015,50.682434]]},"geometry_name":"geom","properties":{"nom_de_la_rue":"Rue Montgolfier","st_length_shape":1058.3513782743}},{"type":"Feature","id":"filaire_des_voies_de_la_ville_de_roubaix.909","geometry":{"type":"LineString","coordinates":[[3.187094,50.66998],[3.188187,50.67067],[3.189502,50.6715],[3.190107,50.671883],[3.190622,50.672211],[3.19092,50.672393],[3.191202,50.67257],[3.19169,50.672882],[3.192066,50.673112],[3.19262,50.673464],[3.193167,50.673805],[3.194267,50.674487],[3.195634,50.675347],[3.196263,50.675745],[3.197668,50.676634],[3.199054,50.677505]]},"geometry_name":"geom","properties":{"nom_de_la_rue":"Avenue Alfred Motte","st_length_shape":1876.19034732323}},{"type":"Feature","id":"filaire_des_voies_de_la_ville_de_roubaix.910","geometry":{"type":"LineString","coordinates":[[3.196693,50.680087],[3.197526,50.681115]]},"geometry_name":"geom","properties":{"nom_de_la_rue":"Rue du Pont Rouge","st_length_shape":202.992601106666}},{"type":"Feature","id":"filaire_des_voies_de_la_ville_de_roubaix.911","geometry":{"type":"LineString","coordinates":[[3.196814,50.677184],[3.197492,50.677616],[3.197572,50.677564]]},"geometry_name":"geom","properties":{"nom_de_la_rue":"Lotissement la Closeraie","st_length_shape":119.697130499427}},{"type":"Feature","id":"filaire_des_voies_de_la_ville_de_roubaix.912","geometry":{"type":"LineString","coordinates":[[3.202484,50.675346],[3.20235,50.675306],[3.201032,50.674467]]},"geometry_name":"geom","properties":{"nom_de_la_rue":"Rue d'Epinoy","st_length_shape":224.534265816893}},{"type":"Feature","id":"filaire_des_voies_de_la_ville_de_roubaix.913","geometry":{"type":"LineString","coordinates":[[3.203137,50.67436],[3.202974,50.674273],[3.202111,50.673785],[3.201951,50.673694],[3.201668,50.673597],[3.20048,50.673209],[3.200318,50.673156],[3.200019,50.673051],[3.199475,50.672831],[3.198793,50.672571],[3.19861,50.672501]]},"geometry_name":"geom","properties":{"nom_de_la_rue":"Rue du Chemin Vert","st_length_shape":603.589089150673}},{"type":"Feature","id":"filaire_des_voies_de_la_ville_de_roubaix.914","geometry":{"type":"LineString","coordinates":[[3.197807,50.673942],[3.19743,50.673668],[3.197293,50.673426],[3.197286,50.672978],[3.197592,50.672371],[3.198096,50.671843],[3.198734,50.67125]]},"geometry_name":"geom","properties":{"nom_de_la_rue":"Avenue du Président Coty","st_length_shape":534.124825777593}},{"type":"Feature","id":"filaire_des_voies_de_la_ville_de_roubaix.915","geometry":{"type":"LineString","coordinates":[[3.19648,50.670661],[3.194683,50.671649]]},"geometry_name":"geom","properties":{"nom_de_la_rue":"Rue Charles Pranard","st_length_shape":264.789721911048}},{"type":"Feature","id":"filaire_des_voies_de_la_ville_de_roubaix.916","geometry":{"type":"LineString","coordinates":[[3.192121,50.672036],[3.191603,50.671696]]},"geometry_name":"geom","properties":{"nom_de_la_rue":"Allée Dupleix","st_length_shape":82.9502836094006}},{"type":"Feature","id":"filaire_des_voies_de_la_ville_de_roubaix.917","geometry":{"type":"LineString","coordinates":[[3.186484,50.674392],[3.18707,50.674091],[3.187921,50.673646],[3.188746,50.673198],[3.189573,50.672766],[3.190622,50.672211]]},"geometry_name":"geom","properties":{"nom_de_la_rue":"Rue Jean Honoré Fragonard","st_length_shape":599.209067780782}},{"type":"Feature","id":"filaire_des_voies_de_la_ville_de_roubaix.918","geometry":{"type":"LineString","coordinates":[[3.188746,50.673198],[3.188284,50.672838],[3.187738,50.67241]]},"geometry_name":"geom","properties":{"nom_de_la_rue":"Rue Léonard de Vinci","st_length_shape":178.125355968426}},{"type":"Feature","id":"filaire_des_voies_de_la_ville_de_roubaix.919","geometry":{"type":"LineString","coordinates":[[3.181043,50.671929],[3.180679,50.671565]]},"geometry_name":"geom","properties":{"nom_de_la_rue":"Rue Védrines","st_length_shape":75.7620810314104}},{"type":"Feature","id":"filaire_des_voies_de_la_ville_de_roubaix.920","geometry":{"type":"LineString","coordinates":[[3.182562,50.675107],[3.180987,50.673791],[3.180661,50.673524],[3.180303,50.673212],[3.180131,50.673065],[3.179442,50.672503]]},"geometry_name":"geom","properties":{"nom_de_la_rue":"Rue Carpeaux","st_length_shape":574.246626110368}},{"type":"Feature","id":"filaire_des_voies_de_la_ville_de_roubaix.921","geometry":{"type":"LineString","coordinates":[[3.189057,50.681352],[3.188601,50.68053],[3.188338,50.680034]]},"geometry_name":"geom","properties":{"nom_de_la_rue":"Rue Volta","st_length_shape":245.04552088709}},{"type":"Feature","id":"filaire_des_voies_de_la_ville_de_roubaix.922","geometry":{"type":"LineString","coordinates":[[3.188146,50.680696],[3.187731,50.680239]]},"geometry_name":"geom","properties":{"nom_de_la_rue":"Rue Saint Charles","st_length_shape":92.6201686541868}},{"type":"Feature","id":"filaire_des_voies_de_la_ville_de_roubaix.923","geometry":{"type":"LineString","coordinates":[[3.181002,50.682541],[3.182321,50.68209],[3.182429,50.682055],[3.182902,50.681893],[3.183698,50.681616],[3.18531,50.681075]]},"geometry_name":"geom","properties":{"nom_de_la_rue":"Rue Dupuy de Lôme","st_length_shape":544.388138312288}},{"type":"Feature","id":"filaire_des_voies_de_la_ville_de_roubaix.924","geometry":{"type":"LineString","coordinates":[[3.185265,50.679866],[3.184328,50.678679]]},"geometry_name":"geom","properties":{"nom_de_la_rue":"Rue de Picardie","st_length_shape":233.070914164874}},{"type":"Feature","id":"filaire_des_voies_de_la_ville_de_roubaix.925","geometry":{"type":"LineString","coordinates":[[3.193665,50.67544],[3.193298,50.675183],[3.192808,50.675493]]},"geometry_name":"geom","properties":{"nom_de_la_rue":"Allée Antoine Watteau","st_length_shape":137.966778080587}},{"type":"Feature","id":"filaire_des_voies_de_la_ville_de_roubaix.926","geometry":{"type":"LineString","coordinates":[[3.196127,50.679796],[3.19531,50.679102],[3.194682,50.678555],[3.194239,50.678167],[3.193634,50.677643],[3.193556,50.677554],[3.193474,50.677392],[3.193381,50.676795]]},"geometry_name":"geom","properties":{"nom_de_la_rue":"Rue du Chemin Neuf","st_length_shape":622.436297060062}},{"type":"Feature","id":"filaire_des_voies_de_la_ville_de_roubaix.927","geometry":{"type":"LineString","coordinates":[[3.196164,50.674996],[3.194952,50.674112]]},"geometry_name":"geom","properties":{"nom_de_la_rue":"Rue Jean Baptiste Greuze","st_length_shape":205.67365669458}},{"type":"Feature","id":"filaire_des_voies_de_la_ville_de_roubaix.928","geometry":{"type":"LineString","coordinates":[[3.174874,50.675233],[3.176719,50.674522]]},"geometry_name":"geom","properties":{"nom_de_la_rue":"Rue Beaucourt","st_length_shape":240.373816603993}},{"type":"Feature","id":"filaire_des_voies_de_la_ville_de_roubaix.929","geometry":{"type":"LineString","coordinates":[[3.177278,50.677522],[3.176955,50.677422],[3.176543,50.676991],[3.176455,50.67692],[3.175894,50.676321],[3.17511,50.675477],[3.174874,50.675233],[3.174732,50.675096],[3.174095,50.674417]]},"geometry_name":"geom","properties":{"nom_de_la_rue":"Rue Edouard Vaillant","st_length_shape":656.538352108748}},{"type":"Feature","id":"filaire_des_voies_de_la_ville_de_roubaix.930","geometry":{"type":"LineString","coordinates":[[3.177843,50.679299],[3.176661,50.678416]]},"geometry_name":"geom","properties":{"nom_de_la_rue":"Rue Payen","st_length_shape":203.352677963704}},{"type":"Feature","id":"filaire_des_voies_de_la_ville_de_roubaix.931","geometry":{"type":"LineString","coordinates":[[3.174985,50.680265],[3.177843,50.679299],[3.178342,50.679137]]},"geometry_name":"geom","properties":{"nom_de_la_rue":"Rue Ingres","st_length_shape":422.980937740029}},{"type":"Feature","id":"filaire_des_voies_de_la_ville_de_roubaix.932","geometry":{"type":"LineString","coordinates":[[3.175319,50.681059],[3.172824,50.681929],[3.172753,50.681962]]},"geometry_name":"geom","properties":{"nom_de_la_rue":"Rue Henri Bossut","st_length_shape":326.771473943108}},{"type":"Feature","id":"filaire_des_voies_de_la_ville_de_roubaix.933","geometry":{"type":"LineString","coordinates":[[3.174851,50.684204],[3.17566,50.683568]]},"geometry_name":"geom","properties":{"nom_de_la_rue":"Rue Auguste Blanqui","st_length_shape":143.486398816055}},{"type":"Feature","id":"filaire_des_voies_de_la_ville_de_roubaix.934","geometry":{"type":"LineString","coordinates":[[3.173334,50.686824],[3.174068,50.687647],[3.174095,50.68774]]},"geometry_name":"geom","properties":{"nom_de_la_rue":"Rue des Loups","st_length_shape":182.698487684098}},{"type":"Feature","id":"filaire_des_voies_de_la_ville_de_roubaix.935","geometry":{"type":"LineString","coordinates":[[3.175236,50.687387],[3.175312,50.687385],[3.175492,50.687407],[3.175752,50.687404],[3.177951,50.687374],[3.178932,50.68736],[3.179012,50.687359],[3.17919,50.687372],[3.179313,50.687389],[3.179573,50.687439]]},"geometry_name":"geom","properties":{"nom_de_la_rue":"Avenue André Diligent","st_length_shape":484.974493974226}},{"type":"Feature","id":"filaire_des_voies_de_la_ville_de_roubaix.936","geometry":{"type":"LineString","coordinates":[[3.182022,50.688664],[3.180821,50.688062],[3.181039,50.687819]]},"geometry_name":"geom","properties":{"nom_de_la_rue":"Rue Paul Claudel","st_length_shape":219.59859899268}},{"type":"Feature","id":"filaire_des_voies_de_la_ville_de_roubaix.937","geometry":{"type":"LineString","coordinates":[[3.183571,50.685147],[3.183142,50.684882]]},"geometry_name":"geom","properties":{"nom_de_la_rue":"Rue Ph. de Comines","st_length_shape":66.6434188393723}},{"type":"Feature","id":"filaire_des_voies_de_la_ville_de_roubaix.938","geometry":{"type":"LineString","coordinates":[[3.185695,50.684676],[3.186018,50.684844],[3.186956,50.685338],[3.187625,50.685696]]},"geometry_name":"geom","properties":{"nom_de_la_rue":"Rue La Fontaine","st_length_shape":279.774745212757}},{"type":"Feature","id":"filaire_des_voies_de_la_ville_de_roubaix.939","geometry":{"type":"LineString","coordinates":[[3.185442,50.686825],[3.185934,50.68713],[3.186304,50.687364],[3.186673,50.687593]]},"geometry_name":"geom","properties":{"nom_de_la_rue":"Rue Thiers","st_length_shape":192.271074557518}},{"type":"Feature","id":"filaire_des_voies_de_la_ville_de_roubaix.940","geometry":{"type":"LineString","coordinates":[[3.179884,50.680926],[3.17992,50.680828],[3.18002,50.680696],[3.180337,50.68026],[3.180582,50.680094]]},"geometry_name":"geom","properties":{"nom_de_la_rue":"Rue J-B. Vercoutère","st_length_shape":167.620183046723}},{"type":"Feature","id":"filaire_des_voies_de_la_ville_de_roubaix.941","geometry":{"type":"LineString","coordinates":[[3.178524,50.681395],[3.177821,50.6806],[3.177542,50.680273]]},"geometry_name":"geom","properties":{"nom_de_la_rue":"Rue Marc Sangnier","st_length_shape":225.435721727861}},{"type":"Feature","id":"filaire_des_voies_de_la_ville_de_roubaix.942","geometry":{"type":"LineString","coordinates":[[3.165871,50.682401],[3.165122,50.682024]]},"geometry_name":"geom","properties":{"nom_de_la_rue":"Avenue du Onze Novembre","st_length_shape":106.495526497267}},{"type":"Feature","id":"filaire_des_voies_de_la_ville_de_roubaix.943","geometry":{"type":"LineString","coordinates":[[3.158542,50.674784],[3.157712,50.675117]]},"geometry_name":"geom","properties":{"nom_de_la_rue":"Rue Albert Samain","st_length_shape":109.330417058795}},{"type":"Feature","id":"filaire_des_voies_de_la_ville_de_roubaix.944","geometry":{"type":"LineString","coordinates":[[3.16412,50.677269],[3.163849,50.677112],[3.163456,50.677098],[3.163098,50.677208],[3.162792,50.677386],[3.162415,50.677782],[3.162021,50.677763],[3.161765,50.677889]]},"geometry_name":"geom","properties":{"nom_de_la_rue":"Avenue du Peuple Belge","st_length_shape":336.471223677691}},{"type":"Feature","id":"filaire_des_voies_de_la_ville_de_roubaix.945","geometry":{"type":"LineString","coordinates":[[3.155221,50.671166],[3.154545,50.671091],[3.154245,50.670892],[3.153512,50.670331],[3.153425,50.670187],[3.153433,50.670098],[3.153434,50.670089],[3.153566,50.67003],[3.153793,50.669978],[3.154,50.669946],[3.154541,50.669912],[3.155121,50.669949]]},"geometry_name":"geom","properties":{"nom_de_la_rue":"Contour du Fer à Cheval","st_length_shape":490.967408007841}},{"type":"Feature","id":"filaire_des_voies_de_la_ville_de_roubaix.946","geometry":{"type":"LineString","coordinates":[[3.175048,50.689659],[3.176382,50.689912],[3.177003,50.690029]]},"geometry_name":"geom","properties":{"nom_de_la_rue":"Rue de la Sagesse","st_length_shape":227.241113998856}},{"type":"Feature","id":"filaire_des_voies_de_la_ville_de_roubaix.947","geometry":{"type":"LineString","coordinates":[[3.188988,50.691143],[3.18877,50.691379],[3.18811,50.69209]]},"geometry_name":"geom","properties":{"nom_de_la_rue":"Rue Louis Dupire","st_length_shape":192.915191037794}},{"type":"Feature","id":"filaire_des_voies_de_la_ville_de_roubaix.948","geometry":{"type":"LineString","coordinates":[[3.18488,50.691575],[3.18498,50.691625],[3.184131,50.691203],[3.183837,50.691112],[3.182704,50.690547]]},"geometry_name":"geom","properties":{"nom_de_la_rue":"Rue Albert Camus","st_length_shape":331.289925341374}},{"type":"Feature","id":"filaire_des_voies_de_la_ville_de_roubaix.949","geometry":{"type":"LineString","coordinates":[[3.183838,50.689083],[3.181903,50.690661],[3.181407,50.691098],[3.181336,50.691546],[3.181221,50.691752]]},"geometry_name":"geom","properties":{"nom_de_la_rue":"Rue Henri Dunant","st_length_shape":563.141948095717}},{"type":"Feature","id":"filaire_des_voies_de_la_ville_de_roubaix.950","geometry":{"type":"MultiLineString","coordinates":[[[3.158493,50.685867],[3.158583,50.685726],[3.158597,50.685569]],[[3.15839,50.687853],[3.158408,50.687624],[3.158465,50.687079],[3.15853,50.686302],[3.158512,50.686165]]]},"geometry_name":"geom","properties":{"nom_de_la_rue":"Rue de l'Epeule","st_length_shape":351.476850882599}},{"type":"Feature","id":"filaire_des_voies_de_la_ville_de_roubaix.951","geometry":{"type":"LineString","coordinates":[[3.172502,50.690186],[3.172438,50.69019],[3.171975,50.690212],[3.171456,50.690239],[3.170807,50.690273],[3.169995,50.690356],[3.169227,50.690425]]},"geometry_name":"geom","properties":{"nom_de_la_rue":"Rue des Fabricants","st_length_shape":367.162118136066}},{"type":"Feature","id":"filaire_des_voies_de_la_ville_de_roubaix.952","geometry":{"type":"LineString","coordinates":[[3.17023,50.693643],[3.171,50.69445]]},"geometry_name":"geom","properties":{"nom_de_la_rue":"Rue des Lignes","st_length_shape":165.696568137364}},{"type":"Feature","id":"filaire_des_voies_de_la_ville_de_roubaix.953","geometry":{"type":"LineString","coordinates":[[3.155315,50.694633],[3.15531,50.694637],[3.155564,50.695176],[3.155653,50.695464],[3.15569,50.695635],[3.155882,50.695889],[3.155954,50.695985],[3.156175,50.696189],[3.15643,50.696419],[3.156415,50.696728],[3.156399,50.696912],[3.156396,50.697005],[3.156417,50.697079],[3.156462,50.697148],[3.156916,50.697476],[3.157917,50.698224]]},"geometry_name":"geom","properties":{"nom_de_la_rue":"Rue Cuvier","st_length_shape":721.150306389811}},{"type":"Feature","id":"filaire_des_voies_de_la_ville_de_roubaix.954","geometry":{"type":"LineString","coordinates":[[3.155678,50.690691],[3.154816,50.691081]]},"geometry_name":"geom","properties":{"nom_de_la_rue":"Rue de Lens","st_length_shape":117.932721642808}},{"type":"Feature","id":"filaire_des_voies_de_la_ville_de_roubaix.955","geometry":{"type":"LineString","coordinates":[[3.154683,50.691764],[3.154096,50.691255],[3.153834,50.691026]]},"geometry_name":"geom","properties":{"nom_de_la_rue":"Rue Bully Grenay","st_length_shape":160.390253213463}},{"type":"Feature","id":"filaire_des_voies_de_la_ville_de_roubaix.956","geometry":{"type":"LineString","coordinates":[[3.15319,50.687292],[3.153161,50.687351],[3.153903,50.688172],[3.15392,50.688191]]},"geometry_name":"geom","properties":{"nom_de_la_rue":"Rue Foucault","st_length_shape":181.010203596484}},{"type":"Feature","id":"filaire_des_voies_de_la_ville_de_roubaix.957","geometry":{"type":"LineString","coordinates":[[3.161429,50.687351],[3.162391,50.686644],[3.162391,50.686564]]},"geometry_name":"geom","properties":{"nom_de_la_rue":"Allée des Tilleuls","st_length_shape":178.041010403324}},{"type":"Feature","id":"filaire_des_voies_de_la_ville_de_roubaix.958","geometry":{"type":"LineString","coordinates":[[3.160416,50.687834],[3.160505,50.687814],[3.161341,50.687313]]},"geometry_name":"geom","properties":{"nom_de_la_rue":"Rue Salomon de Caus","st_length_shape":138.566035956912}},{"type":"Feature","id":"filaire_des_voies_de_la_ville_de_roubaix.959","geometry":{"type":"LineString","coordinates":[[3.161749,50.68873],[3.160897,50.688165],[3.160416,50.687834],[3.159533,50.687243]]},"geometry_name":"geom","properties":{"nom_de_la_rue":"Rue Newcommen","st_length_shape":359.337689711703}},{"type":"Feature","id":"filaire_des_voies_de_la_ville_de_roubaix.960","geometry":{"type":"LineString","coordinates":[[3.162365,50.692562],[3.161958,50.691719]]},"geometry_name":"geom","properties":{"nom_de_la_rue":"Rue du Lieutenant Castelain","st_length_shape":154.981421508031}},{"type":"Feature","id":"filaire_des_voies_de_la_ville_de_roubaix.961","geometry":{"type":"LineString","coordinates":[[3.165625,50.689249],[3.166748,50.690069]]},"geometry_name":"geom","properties":{"nom_de_la_rue":"Rue de la Concorde","st_length_shape":190.779848760633}},{"type":"Feature","id":"filaire_des_voies_de_la_ville_de_roubaix.962","geometry":{"type":"LineString","coordinates":[[3.167181,50.694079],[3.166846,50.693245],[3.166583,50.692582],[3.166535,50.692457],[3.166242,50.691734]]},"geometry_name":"geom","properties":{"nom_de_la_rue":"Rue des Champs","st_length_shape":425.091893859982}},{"type":"Feature","id":"filaire_des_voies_de_la_ville_de_roubaix.963","geometry":{"type":"LineString","coordinates":[[3.157749,50.694115],[3.158391,50.694583],[3.159046,50.695062],[3.160751,50.696315]]},"geometry_name":"geom","properties":{"nom_de_la_rue":"Rue d'Italie","st_length_shape":511.111479522617}},{"type":"Feature","id":"filaire_des_voies_de_la_ville_de_roubaix.964","geometry":{"type":"LineString","coordinates":[[3.170558,50.702787],[3.170124,50.703069],[3.169952,50.703359]]},"geometry_name":"geom","properties":{"nom_de_la_rue":"Rue de la Barbe d'Or","st_length_shape":123.656619222682}},{"type":"Feature","id":"filaire_des_voies_de_la_ville_de_roubaix.965","geometry":{"type":"LineString","coordinates":[[3.159046,50.695062],[3.157985,50.695625],[3.156963,50.696146],[3.15643,50.696419]]},"geometry_name":"geom","properties":{"nom_de_la_rue":"Rue de Naples","st_length_shape":376.510553318672}},{"type":"Feature","id":"filaire_des_voies_de_la_ville_de_roubaix.966","geometry":{"type":"LineString","coordinates":[[3.198086,50.679473],[3.19887,50.678972],[3.198994,50.678959],[3.199109,50.678991],[3.19998,50.679545],[3.199981,50.679545]]},"geometry_name":"geom","properties":{"nom_de_la_rue":"Allée des Peupliers","st_length_shape":289.277727449981}},{"type":"Feature","id":"filaire_des_voies_de_la_ville_de_roubaix.967","geometry":{"type":"LineString","coordinates":[[3.153364,50.689851],[3.153129,50.689701],[3.153001,50.689787],[3.153225,50.689935]]},"geometry_name":"geom","properties":{"nom_de_la_rue":"Parvis Saint Vincent de Paul","st_length_shape":94.0543313215511}},{"type":"Feature","id":"filaire_des_voies_de_la_ville_de_roubaix.968","geometry":{"type":"LineString","coordinates":[[3.175734,50.687404],[3.175753,50.687578],[3.176434,50.687822],[3.176427,50.687822]]},"geometry_name":"geom","properties":{"nom_de_la_rue":"Rue du Pt Vincent Auriol","st_length_shape":118.465590780796}},{"type":"Feature","id":"filaire_des_voies_de_la_ville_de_roubaix.969","geometry":{"type":"LineString","coordinates":[[3.188649,50.687405],[3.189163,50.687052]]},"geometry_name":"geom","properties":{"nom_de_la_rue":"Rue André Huys","st_length_shape":84.4352120529107}},{"type":"Feature","id":"filaire_des_voies_de_la_ville_de_roubaix.970","geometry":{"type":"LineString","coordinates":[[3.157995,50.69751],[3.158367,50.697703]]},"geometry_name":"geom","properties":{"nom_de_la_rue":"Enclos des Pensées","st_length_shape":53.545248802298}},{"type":"Feature","id":"filaire_des_voies_de_la_ville_de_roubaix.971","geometry":{"type":"LineString","coordinates":[[3.210373,50.689963],[3.210324,50.690017],[3.210273,50.690063],[3.210207,50.690118],[3.210162,50.690148],[3.210103,50.690187],[3.210029,50.69023],[3.209955,50.69027],[3.20989,50.690299],[3.209811,50.69033],[3.209746,50.690356],[3.20966,50.690383],[3.209575,50.690405],[3.209461,50.690431],[3.208755,50.690574],[3.20769,50.690789],[3.206486,50.691032],[3.205914,50.69111],[3.205827,50.69113],[3.2057,50.691161],[3.205563,50.691195],[3.205286,50.691264],[3.205013,50.691384]]},"geometry_name":"geom","properties":{"nom_de_la_rue":"Boulevard de Grimonpont","st_length_shape":658.651422115182}},{"type":"Feature","id":"filaire_des_voies_de_la_ville_de_roubaix.972","geometry":{"type":"LineString","coordinates":[[3.177519,50.701412],[3.177618,50.701289]]},"geometry_name":"geom","properties":{"nom_de_la_rue":"Parvis du Père Piat","st_length_shape":24.2191501892614}},{"type":"Feature","id":"filaire_des_voies_de_la_ville_de_roubaix.973","geometry":{"type":"LineString","coordinates":[[3.194552,50.686855],[3.194655,50.686722],[3.195037,50.686857]]},"geometry_name":"geom","properties":{"nom_de_la_rue":"Parvis St Redempteur","st_length_shape":74.7589215752983}},{"type":"Feature","id":"filaire_des_voies_de_la_ville_de_roubaix.974","geometry":{"type":"LineString","coordinates":[[3.187741,50.7013],[3.187792,50.701185],[3.188463,50.699855],[3.189208,50.698363],[3.189758,50.697266],[3.190268,50.696247],[3.190946,50.694901]]},"geometry_name":"geom","properties":{"nom_de_la_rue":"Allée centrale du cimetière","st_length_shape":1179.89496959255}},{"type":"Feature","id":"filaire_des_voies_de_la_ville_de_roubaix.975","geometry":{"type":"MultiLineString","coordinates":[[[3.184105,50.700908],[3.18265,50.702282],[3.182089,50.702816],[3.181047,50.703803],[3.180624,50.704229],[3.180387,50.704713],[3.179924,50.705672],[3.179819,50.705952],[3.179799,50.706084]],[[3.17915,50.70726],[3.179698,50.706722],[3.179789,50.70657]]]},"geometry_name":"geom","properties":{"nom_de_la_rue":"Boulevard de Metz","st_length_shape":1181.07856280482}},{"type":"Feature","id":"filaire_des_voies_de_la_ville_de_roubaix.976","geometry":{"type":"LineString","coordinates":[[3.170838,50.698959],[3.170699,50.698978],[3.169515,50.699598]]},"geometry_name":"geom","properties":{"nom_de_la_rue":"Rue Henri Carrette","st_length_shape":186.771901979962}},{"type":"Feature","id":"filaire_des_voies_de_la_ville_de_roubaix.977","geometry":{"type":"LineString","coordinates":[[3.192066,50.704358],[3.191197,50.70545],[3.19108,50.705604],[3.190315,50.706578]]},"geometry_name":"geom","properties":{"nom_de_la_rue":"Rue du Caire","st_length_shape":436.221564327974}},{"type":"Feature","id":"filaire_des_voies_de_la_ville_de_roubaix.978","geometry":{"type":"LineString","coordinates":[[3.18008,50.687467],[3.179663,50.68746]]},"geometry_name":"geom","properties":{"nom_de_la_rue":"Rond Point du Chat Botté","st_length_shape":46.4673792819221}},{"type":"Feature","id":"filaire_des_voies_de_la_ville_de_roubaix.979","geometry":{"type":"LineString","coordinates":[[3.177271,50.688229],[3.177344,50.688199],[3.177396,50.68819],[3.177475,50.688209],[3.17885,50.688714]]},"geometry_name":"geom","properties":{"nom_de_la_rue":"Rue du Président Vincent Auriol","st_length_shape":201.996889862525}},{"type":"Feature","id":"filaire_des_voies_de_la_ville_de_roubaix.980","geometry":{"type":"LineString","coordinates":[[3.190822,50.688442],[3.190931,50.688491]]},"geometry_name":"geom","properties":{"nom_de_la_rue":"Cour d'Halluin","st_length_shape":14.8598717454088}},{"type":"Feature","id":"filaire_des_voies_de_la_ville_de_roubaix.981","geometry":{"type":"LineString","coordinates":[[3.186276,50.6956],[3.186331,50.695524]]},"geometry_name":"geom","properties":{"nom_de_la_rue":"Cour Boussemart","st_length_shape":14.6105619443607}},{"type":"Feature","id":"filaire_des_voies_de_la_ville_de_roubaix.982","geometry":{"type":"LineString","coordinates":[[3.162409,50.685526],[3.16152,50.685948]]},"geometry_name":"geom","properties":{"nom_de_la_rue":"Rue St Roch","st_length_shape":123.714334666279}},{"type":"Feature","id":"filaire_des_voies_de_la_ville_de_roubaix.983","geometry":{"type":"LineString","coordinates":[[3.210944,50.685066],[3.210326,50.684739],[3.210055,50.684584],[3.209856,50.684473],[3.209686,50.684364],[3.209579,50.684295],[3.208755,50.683763],[3.208697,50.683738],[3.208632,50.683722],[3.208563,50.683717],[3.208503,50.68372],[3.208403,50.683733]]},"geometry_name":"geom","properties":{"nom_de_la_rue":"Rue de Carihem latérale","st_length_shape":375.989373788244}},{"type":"Feature","id":"filaire_des_voies_de_la_ville_de_roubaix.984","geometry":{"type":"LineString","coordinates":[[3.184884,50.672388],[3.186052,50.67329]]},"geometry_name":"geom","properties":{"nom_de_la_rue":"Rue Horace Vernet","st_length_shape":204.933218900695}},{"type":"Feature","id":"filaire_des_voies_de_la_ville_de_roubaix.985","geometry":{"type":"LineString","coordinates":[[3.190849,50.673758],[3.192066,50.673112]]},"geometry_name":"geom","properties":{"nom_de_la_rue":"Rue Jean Macé","st_length_shape":176.718120370097}},{"type":"Feature","id":"filaire_des_voies_de_la_ville_de_roubaix.986","geometry":{"type":"LineString","coordinates":[[3.185308,50.695596],[3.185453,50.695636]]},"geometry_name":"geom","properties":{"nom_de_la_rue":"Cour Vrambout","st_length_shape":17.5631323871911}},{"type":"Feature","id":"filaire_des_voies_de_la_ville_de_roubaix.987","geometry":{"type":"LineString","coordinates":[[3.173126,50.691604],[3.173152,50.691535],[3.173223,50.691257],[3.173458,50.690429],[3.173547,50.690131],[3.173927,50.68895]]},"geometry_name":"geom","properties":{"nom_de_la_rue":"Rue du Maréchal Foch","st_length_shape":474.79013312965}},{"type":"Feature","id":"filaire_des_voies_de_la_ville_de_roubaix.988","geometry":{"type":"LineString","coordinates":[[3.162409,50.685526],[3.164323,50.684631]]},"geometry_name":"geom","properties":{"nom_de_la_rue":"Rue St Roch","st_length_shape":264.768095535791}},{"type":"Feature","id":"filaire_des_voies_de_la_ville_de_roubaix.989","geometry":{"type":"LineString","coordinates":[[3.180188,50.681365],[3.178401,50.681929],[3.176874,50.682407],[3.176313,50.682586],[3.175524,50.68283],[3.175287,50.682903],[3.17517,50.682942],[3.174849,50.683183]]},"geometry_name":"geom","properties":{"nom_de_la_rue":"Rue de Bouvines","st_length_shape":678.952206245724}},{"type":"Feature","id":"filaire_des_voies_de_la_ville_de_roubaix.990","geometry":{"type":"LineString","coordinates":[[3.169783,50.687682],[3.170441,50.688609]]},"geometry_name":"geom","properties":{"nom_de_la_rue":"Rue Mischkind","st_length_shape":178.697310781892}},{"type":"Feature","id":"filaire_des_voies_de_la_ville_de_roubaix.991","geometry":{"type":"LineString","coordinates":[[3.188276,50.689934],[3.18845,50.689762]]},"geometry_name":"geom","properties":{"nom_de_la_rue":"Cité Bernard Spriet","st_length_shape":35.9549578246172}},{"type":"Feature","id":"filaire_des_voies_de_la_ville_de_roubaix.992","geometry":{"type":"LineString","coordinates":[[3.169737,50.693777],[3.169297,50.693204]]},"geometry_name":"geom","properties":{"nom_de_la_rue":"Rue Nationale","st_length_shape":112.128681582591}},{"type":"Feature","id":"filaire_des_voies_de_la_ville_de_roubaix.993","geometry":{"type":"LineString","coordinates":[[3.183165,50.70101],[3.183395,50.701108]]},"geometry_name":"geom","properties":{"nom_de_la_rue":"Cour Vandenboossche","st_length_shape":30.8785096538029}},{"type":"Feature","id":"filaire_des_voies_de_la_ville_de_roubaix.994","geometry":{"type":"LineString","coordinates":[[3.194032,50.69002],[3.194375,50.689713]]},"geometry_name":"geom","properties":{"nom_de_la_rue":"Rue Marceau","st_length_shape":66.1730742315181}},{"type":"Feature","id":"filaire_des_voies_de_la_ville_de_roubaix.995","geometry":{"type":"LineString","coordinates":[[3.193196,50.682808],[3.194084,50.683257],[3.196449,50.684458]]},"geometry_name":"geom","properties":{"nom_de_la_rue":"Rue Victor Hugo","st_length_shape":463.860143998496}},{"type":"Feature","id":"filaire_des_voies_de_la_ville_de_roubaix.996","geometry":{"type":"LineString","coordinates":[[3.187637,50.686821],[3.187775,50.686806],[3.18813,50.686517],[3.188656,50.6865]]},"geometry_name":"geom","properties":{"nom_de_la_rue":"Rue Nabuchodonosor","st_length_shape":138.52126773938}},{"type":"Feature","id":"filaire_des_voies_de_la_ville_de_roubaix.997","geometry":{"type":"LineString","coordinates":[[3.186718,50.684454],[3.187344,50.684808],[3.187434,50.684873],[3.187583,50.684963]]},"geometry_name":"geom","properties":{"nom_de_la_rue":"Rue de Rocroi","st_length_shape":131.490217159869}},{"type":"Feature","id":"filaire_des_voies_de_la_ville_de_roubaix.998","geometry":{"type":"LineString","coordinates":[[3.179775,50.685497],[3.180388,50.685133]]},"geometry_name":"geom","properties":{"nom_de_la_rue":"Rue de Tunis","st_length_shape":93.6255717039955}},{"type":"Feature","id":"filaire_des_voies_de_la_ville_de_roubaix.999","geometry":{"type":"LineString","coordinates":[[3.173715,50.686563],[3.175311,50.685462],[3.175907,50.685039],[3.176767,50.684444]]},"geometry_name":"geom","properties":{"nom_de_la_rue":"Rue du Général Chanzy","st_length_shape":503.981075392803}},{"type":"Feature","id":"filaire_des_voies_de_la_ville_de_roubaix.1000","geometry":{"type":"LineString","coordinates":[[3.183082,50.675541],[3.183786,50.675177],[3.184346,50.674887],[3.185201,50.674446]]},"geometry_name":"geom","properties":{"nom_de_la_rue":"Rue Rubens","st_length_shape":304.423688788779}},{"type":"Feature","id":"filaire_des_voies_de_la_ville_de_roubaix.1001","geometry":{"type":"LineString","coordinates":[[3.195634,50.675347],[3.196164,50.674996],[3.197465,50.674165],[3.197807,50.673942]]},"geometry_name":"geom","properties":{"nom_de_la_rue":"Rue Jules Michelet","st_length_shape":345.617307791232}},{"type":"Feature","id":"filaire_des_voies_de_la_ville_de_roubaix.1002","geometry":{"type":"LineString","coordinates":[[3.152778,50.688392],[3.152752,50.688335],[3.15272,50.688265],[3.152543,50.688142],[3.152318,50.688101],[3.152113,50.688102],[3.151705,50.688191],[3.151437,50.688255]]},"geometry_name":"geom","properties":{"nom_de_la_rue":"Rue du Luxembourg","st_length_shape":181.202621138787}},{"type":"Feature","id":"filaire_des_voies_de_la_ville_de_roubaix.1003","geometry":{"type":"LineString","coordinates":[[3.185856,50.677849],[3.186102,50.678048],[3.186119,50.678197]]},"geometry_name":"geom","properties":{"nom_de_la_rue":"Liaison Bd de Reims","st_length_shape":70.5906079397672}},{"type":"Feature","id":"filaire_des_voies_de_la_ville_de_roubaix.1004","geometry":{"type":"LineString","coordinates":[[3.175486,50.697598],[3.177288,50.698045]]},"geometry_name":"geom","properties":{"nom_de_la_rue":"Rue du Nouveau Monde","st_length_shape":215.394780754432}},{"type":"Feature","id":"filaire_des_voies_de_la_ville_de_roubaix.1005","geometry":{"type":"LineString","coordinates":[[3.186851,50.68616],[3.18687,50.686235],[3.187139,50.686531],[3.187637,50.686821],[3.188003,50.687035],[3.188532,50.68734],[3.189362,50.687832]]},"geometry_name":"geom","properties":{"nom_de_la_rue":"Rue Jules Guesde","st_length_shape":410.221591480229}},{"type":"Feature","id":"filaire_des_voies_de_la_ville_de_roubaix.1006","geometry":{"type":"LineString","coordinates":[[3.18558,50.690576],[3.186106,50.690143]]},"geometry_name":"geom","properties":{"nom_de_la_rue":"Allée de Belfort","st_length_shape":95.9346673123434}},{"type":"Feature","id":"filaire_des_voies_de_la_ville_de_roubaix.1007","geometry":{"type":"LineString","coordinates":[[3.18606,50.67015],[3.185807,50.66982]]},"geometry_name":"geom","properties":{"nom_de_la_rue":"Allée des Templiers","st_length_shape":64.4212626857003}},{"type":"Feature","id":"filaire_des_voies_de_la_ville_de_roubaix.1008","geometry":{"type":"LineString","coordinates":[[3.19607,50.688596],[3.196707,50.688615]]},"geometry_name":"geom","properties":{"nom_de_la_rue":"Place Carnot","st_length_shape":70.9241017856412}},{"type":"Feature","id":"filaire_des_voies_de_la_ville_de_roubaix.1009","geometry":{"type":"LineString","coordinates":[[3.187199,50.697217],[3.186877,50.697788]]},"geometry_name":"geom","properties":{"nom_de_la_rue":"Rue Henri Martin","st_length_shape":106.454668260251}},{"type":"Feature","id":"filaire_des_voies_de_la_ville_de_roubaix.1010","geometry":{"type":"LineString","coordinates":[[3.17021,50.705577],[3.170166,50.705661],[3.170086,50.705789],[3.170001,50.705918],[3.169982,50.705936]]},"geometry_name":"geom","properties":{"nom_de_la_rue":"Rue de Tourcoing","st_length_shape":68.2168348670088}},{"type":"Feature","id":"filaire_des_voies_de_la_ville_de_roubaix.1011","geometry":{"type":"LineString","coordinates":[[3.188967,50.692399],[3.188112,50.692091],[3.187475,50.691858]]},"geometry_name":"geom","properties":{"nom_de_la_rue":"Rue Edouard Anseele","st_length_shape":191.348992490652}},{"type":"Feature","id":"filaire_des_voies_de_la_ville_de_roubaix.1012","geometry":{"type":"LineString","coordinates":[[3.185953,50.68398],[3.187338,50.683374],[3.187943,50.683115]]},"geometry_name":"geom","properties":{"nom_de_la_rue":"Rue Louis Decottignies","st_length_shape":268.682367378644}},{"type":"Feature","id":"filaire_des_voies_de_la_ville_de_roubaix.1013","geometry":{"type":"LineString","coordinates":[[3.186512,50.682697],[3.187338,50.683374]]},"geometry_name":"geom","properties":{"nom_de_la_rue":"Rue des Trente","st_length_shape":150.273940598395}},{"type":"Feature","id":"filaire_des_voies_de_la_ville_de_roubaix.1014","geometry":{"type":"LineString","coordinates":[[3.170816,50.68849],[3.17098,50.688691],[3.171129,50.688642],[3.171278,50.688594],[3.171119,50.688395],[3.170816,50.68849]]},"geometry_name":"geom","properties":{"nom_de_la_rue":"Place Bodart Timal","st_length_shape":153.801388846884}},{"type":"Feature","id":"filaire_des_voies_de_la_ville_de_roubaix.1015","geometry":{"type":"LineString","coordinates":[[3.158391,50.694583],[3.15738,50.6951]]},"geometry_name":"geom","properties":{"nom_de_la_rue":"Rue de Solférino","st_length_shape":144.5920993417}},{"type":"Feature","id":"filaire_des_voies_de_la_ville_de_roubaix.1016","geometry":{"type":"LineString","coordinates":[[3.202122,50.68424],[3.202885,50.684249]]},"geometry_name":"geom","properties":{"nom_de_la_rue":"Square Léo Lagrange","st_length_shape":84.8849904332327}},{"type":"Feature","id":"filaire_des_voies_de_la_ville_de_roubaix.1017","geometry":{"type":"LineString","coordinates":[[3.194491,50.688018],[3.194595,50.688067]]},"geometry_name":"geom","properties":{"nom_de_la_rue":"Cour Ducroquet","st_length_shape":14.3519196346691}},{"type":"Feature","id":"filaire_des_voies_de_la_ville_de_roubaix.1018","geometry":{"type":"LineString","coordinates":[[3.159175,50.689821],[3.160113,50.689812]]},"geometry_name":"geom","properties":{"nom_de_la_rue":"Place Victor Vandermeiren","st_length_shape":104.440650124365}},{"type":"Feature","id":"filaire_des_voies_de_la_ville_de_roubaix.1019","geometry":{"type":"LineString","coordinates":[[3.204837,50.679304],[3.205689,50.679314]]},"geometry_name":"geom","properties":{"nom_de_la_rue":"Parvis Jean Stablinski","st_length_shape":94.8668126790924}},{"type":"Feature","id":"filaire_des_voies_de_la_ville_de_roubaix.1020","geometry":{"type":"LineString","coordinates":[[3.179687,50.690944],[3.182698,50.688545]]},"geometry_name":"geom","properties":{"nom_de_la_rue":"Mail de Lannoy","st_length_shape":538.711208449212}},{"type":"Feature","id":"filaire_des_voies_de_la_ville_de_roubaix.1021","geometry":{"type":"LineString","coordinates":[[3.176484,50.690934],[3.176463,50.690913],[3.176115,50.690925],[3.175516,50.690941],[3.175369,50.690952]]},"geometry_name":"geom","properties":{"nom_de_la_rue":"Rue Pierre Motte","st_length_shape":126.305085806235}},{"type":"Feature","id":"filaire_des_voies_de_la_ville_de_roubaix.1022","geometry":{"type":"LineString","coordinates":[[3.176492,50.690918],[3.177947,50.690893]]},"geometry_name":"geom","properties":{"nom_de_la_rue":"Rue Pierre Motte","st_length_shape":161.98707430323}},{"type":"Feature","id":"filaire_des_voies_de_la_ville_de_roubaix.1023","geometry":{"type":"LineString","coordinates":[[3.183551,50.702037],[3.184261,50.702296]]},"geometry_name":"geom","properties":{"nom_de_la_rue":"Cour Veuve Verghote Duponchelle","st_length_shape":91.1185628741477}},{"type":"Feature","id":"filaire_des_voies_de_la_ville_de_roubaix.1024","geometry":{"type":"LineString","coordinates":[[3.182266,50.700713],[3.181933,50.701209]]},"geometry_name":"geom","properties":{"nom_de_la_rue":"Cour Paul Leroy","st_length_shape":94.6622205091345}},{"type":"Feature","id":"filaire_des_voies_de_la_ville_de_roubaix.1025","geometry":{"type":"LineString","coordinates":[[3.183023,50.700291],[3.183189,50.700093]]},"geometry_name":"geom","properties":{"nom_de_la_rue":"Cour Inglebert","st_length_shape":39.3287757344416}},{"type":"Feature","id":"filaire_des_voies_de_la_ville_de_roubaix.1026","geometry":{"type":"LineString","coordinates":[[3.192214,50.688608],[3.191756,50.688408]]},"geometry_name":"geom","properties":{"nom_de_la_rue":"Cour Vroman","st_length_shape":61.9254664089823}},{"type":"Feature","id":"filaire_des_voies_de_la_ville_de_roubaix.1027","geometry":{"type":"LineString","coordinates":[[3.188719,50.684461],[3.188192,50.684082]]},"geometry_name":"geom","properties":{"nom_de_la_rue":"Cour Papillon Bonte","st_length_shape":88.8096680014625}},{"type":"Feature","id":"filaire_des_voies_de_la_ville_de_roubaix.1028","geometry":{"type":"LineString","coordinates":[[3.16603,50.699261],[3.165869,50.699133]]},"geometry_name":"geom","properties":{"nom_de_la_rue":"Cour Driessens","st_length_shape":28.67577391545}},{"type":"Feature","id":"filaire_des_voies_de_la_ville_de_roubaix.1029","geometry":{"type":"LineString","coordinates":[[3.182129,50.700637],[3.181721,50.701173]]},"geometry_name":"geom","properties":{"nom_de_la_rue":"Cour Sainte Thérèse","st_length_shape":104.561147273976}},{"type":"Feature","id":"filaire_des_voies_de_la_ville_de_roubaix.1030","geometry":{"type":"LineString","coordinates":[[3.19458,50.698021],[3.194791,50.698083]]},"geometry_name":"geom","properties":{"nom_de_la_rue":"Cour Pinquet","st_length_shape":25.9265288401668}},{"type":"Feature","id":"filaire_des_voies_de_la_ville_de_roubaix.1031","geometry":{"type":"LineString","coordinates":[[3.191076,50.701646],[3.190855,50.701939]]},"geometry_name":"geom","properties":{"nom_de_la_rue":"Cour Duchatelet","st_length_shape":57.0205515217978}},{"type":"Feature","id":"filaire_des_voies_de_la_ville_de_roubaix.1032","geometry":{"type":"LineString","coordinates":[[3.182941,50.701601],[3.182461,50.701431]]},"geometry_name":"geom","properties":{"nom_de_la_rue":"Cité Beys","st_length_shape":61.1429565890463}},{"type":"Feature","id":"filaire_des_voies_de_la_ville_de_roubaix.1033","geometry":{"type":"LineString","coordinates":[[3.183093,50.701377],[3.182605,50.701206]]},"geometry_name":"geom","properties":{"nom_de_la_rue":"Cour Charles Masure","st_length_shape":62.0876927123242}},{"type":"Feature","id":"filaire_des_voies_de_la_ville_de_roubaix.1034","geometry":{"type":"LineString","coordinates":[[3.179757,50.694615],[3.180287,50.693837],[3.180539,50.693652],[3.180745,50.693331],[3.180964,50.693277],[3.18117,50.692964]]},"geometry_name":"geom","properties":{"nom_de_la_rue":"Rue de Choiseul","st_length_shape":338.435770472247}},{"type":"Feature","id":"filaire_des_voies_de_la_ville_de_roubaix.1035","geometry":{"type":"LineString","coordinates":[[3.161513,50.689559],[3.16122,50.689721]]},"geometry_name":"geom","properties":{"nom_de_la_rue":"Cour Heuls","st_length_shape":43.2648318042495}},{"type":"Feature","id":"filaire_des_voies_de_la_ville_de_roubaix.1036","geometry":{"type":"LineString","coordinates":[[3.187738,50.692177],[3.187567,50.692558]]},"geometry_name":"geom","properties":{"nom_de_la_rue":"Cour Jelart","st_length_shape":69.6560584108087}},{"type":"Feature","id":"filaire_des_voies_de_la_ville_de_roubaix.1037","geometry":{"type":"LineString","coordinates":[[3.185702,50.702794],[3.185784,50.702816]]},"geometry_name":"geom","properties":{"nom_de_la_rue":"Cour Penant","st_length_shape":9.89627783765189}},{"type":"Feature","id":"filaire_des_voies_de_la_ville_de_roubaix.1038","geometry":{"type":"LineString","coordinates":[[3.159127,50.689131],[3.159185,50.689168]]},"geometry_name":"geom","properties":{"nom_de_la_rue":"Cour Dekien","st_length_shape":9.13263961021128}},{"type":"Feature","id":"filaire_des_voies_de_la_ville_de_roubaix.1039","geometry":{"type":"LineString","coordinates":[[3.185692,50.684678],[3.185,50.684213],[3.184402,50.683812]]},"geometry_name":"geom","properties":{"nom_de_la_rue":"Rue La Fontaine","st_length_shape":209.242213264793}},{"type":"Feature","id":"filaire_des_voies_de_la_ville_de_roubaix.1040","geometry":{"type":"LineString","coordinates":[[3.194012,50.696808],[3.193586,50.696836]]},"geometry_name":"geom","properties":{"nom_de_la_rue":"Cour Minet","st_length_shape":47.7473138689497}},{"type":"Feature","id":"filaire_des_voies_de_la_ville_de_roubaix.1041","geometry":{"type":"LineString","coordinates":[[3.176369,50.676414],[3.17617,50.67626]]},"geometry_name":"geom","properties":{"nom_de_la_rue":"Cour Poisonier","st_length_shape":34.8492823238872}},{"type":"Feature","id":"filaire_des_voies_de_la_ville_de_roubaix.1042","geometry":{"type":"LineString","coordinates":[[3.1593,50.688213],[3.159481,50.688102]]},"geometry_name":"geom","properties":{"nom_de_la_rue":"Cour Lampe","st_length_shape":28.0634876750913}},{"type":"Feature","id":"filaire_des_voies_de_la_ville_de_roubaix.1043","geometry":{"type":"LineString","coordinates":[[3.158139,50.697317],[3.158377,50.697442]]},"geometry_name":"geom","properties":{"nom_de_la_rue":"Cour Chalmain","st_length_shape":34.456952397448}},{"type":"Feature","id":"filaire_des_voies_de_la_ville_de_roubaix.1044","geometry":{"type":"LineString","coordinates":[[3.18739,50.694589],[3.187321,50.694707]]},"geometry_name":"geom","properties":{"nom_de_la_rue":"Cour Quivron","st_length_shape":22.0732097224214}},{"type":"Feature","id":"filaire_des_voies_de_la_ville_de_roubaix.1045","geometry":{"type":"LineString","coordinates":[[3.193808,50.695291],[3.193531,50.695307],[3.193213,50.695241]]},"geometry_name":"geom","properties":{"nom_de_la_rue":"Cour Deboosére","st_length_shape":68.2379896995245}},{"type":"Feature","id":"filaire_des_voies_de_la_ville_de_roubaix.1046","geometry":{"type":"LineString","coordinates":[[3.180305,50.699062],[3.180191,50.69919]]},"geometry_name":"geom","properties":{"nom_de_la_rue":"Cour Ségard","st_length_shape":25.7972998464956}},{"type":"Feature","id":"filaire_des_voies_de_la_ville_de_roubaix.1047","geometry":{"type":"LineString","coordinates":[[3.187752,50.701643],[3.187753,50.701495]]},"geometry_name":"geom","properties":{"nom_de_la_rue":"Cour Desbouvries","st_length_shape":25.9914957907389}},{"type":"Feature","id":"filaire_des_voies_de_la_ville_de_roubaix.1048","geometry":{"type":"LineString","coordinates":[[3.178802,50.682139],[3.179248,50.682709]]},"geometry_name":"geom","properties":{"nom_de_la_rue":"Cour Fontier","st_length_shape":111.870308717953}},{"type":"Feature","id":"filaire_des_voies_de_la_ville_de_roubaix.1049","geometry":{"type":"LineString","coordinates":[[3.194477,50.690213],[3.194227,50.690102]]},"geometry_name":"geom","properties":{"nom_de_la_rue":"Cour Marceau","st_length_shape":33.992859467394}},{"type":"Feature","id":"filaire_des_voies_de_la_ville_de_roubaix.1050","geometry":{"type":"LineString","coordinates":[[3.182554,50.678937],[3.18265,50.678898]]},"geometry_name":"geom","properties":{"nom_de_la_rue":"Cour Delfosse","st_length_shape":12.6759222189157}},{"type":"Feature","id":"filaire_des_voies_de_la_ville_de_roubaix.1051","geometry":{"type":"LineString","coordinates":[[3.189481,50.692289],[3.189551,50.692148]]},"geometry_name":"geom","properties":{"nom_de_la_rue":"Cour Lorthiois","st_length_shape":25.9830949973247}},{"type":"Feature","id":"filaire_des_voies_de_la_ville_de_roubaix.1052","geometry":{"type":"LineString","coordinates":[[3.189809,50.692188],[3.189816,50.692367]]},"geometry_name":"geom","properties":{"nom_de_la_rue":"Cour Veuve Couteau","st_length_shape":31.4193655457904}},{"type":"Feature","id":"filaire_des_voies_de_la_ville_de_roubaix.1053","geometry":{"type":"LineString","coordinates":[[3.186397,50.693683],[3.186555,50.693339],[3.188117,50.693619]]},"geometry_name":"geom","properties":{"nom_de_la_rue":"Lotissement du Galon d'Eau","st_length_shape":243.574627857306}},{"type":"Feature","id":"filaire_des_voies_de_la_ville_de_roubaix.1054","geometry":{"type":"LineString","coordinates":[[3.167097,50.702354],[3.167485,50.702659]]},"geometry_name":"geom","properties":{"nom_de_la_rue":"Place Viviane Romance","st_length_shape":68.7090969788572}},{"type":"Feature","id":"filaire_des_voies_de_la_ville_de_roubaix.1055","geometry":{"type":"LineString","coordinates":[[3.161343,50.694048],[3.160613,50.693355]]},"geometry_name":"geom","properties":{"nom_de_la_rue":"Square de la Savonnerie Victor Vaissier","st_length_shape":146.432184992576}},{"type":"Feature","id":"filaire_des_voies_de_la_ville_de_roubaix.1056","geometry":{"type":"MultiLineString","coordinates":[[[3.187801,50.676751],[3.187125,50.676178],[3.186808,50.675898],[3.186021,50.67523],[3.185279,50.674529],[3.185201,50.674446],[3.184929,50.674127]],[[3.192949,50.68107],[3.192735,50.680979],[3.192013,50.680361],[3.191646,50.680049],[3.190527,50.679082],[3.18986,50.678512],[3.189612,50.678301],[3.188277,50.677161],[3.187808,50.676756]]]},"geometry_name":"geom","properties":{"nom_de_la_rue":"Avenue Linné","st_length_shape":1512.90951648473}},{"type":"Feature","id":"filaire_des_voies_de_la_ville_de_roubaix.1057","geometry":{"type":"LineString","coordinates":[[3.182698,50.688545],[3.183132,50.688754],[3.183636,50.68899],[3.183638,50.68899],[3.183838,50.689083],[3.184252,50.689276],[3.1845,50.689392],[3.184503,50.689394],[3.186337,50.690251],[3.186686,50.690403],[3.188161,50.691092]]},"geometry_name":"geom","properties":{"nom_de_la_rue":"Boulevard de Belfort","st_length_shape":755.142464849764}},{"type":"Feature","id":"filaire_des_voies_de_la_ville_de_roubaix.1058","geometry":{"type":"LineString","coordinates":[[3.174166,50.677822],[3.174353,50.677827],[3.177039,50.677816],[3.177261,50.677749]]},"geometry_name":"geom","properties":{"nom_de_la_rue":"Boulevard de Lyon","st_length_shape":347.126837681482}},{"type":"Feature","id":"filaire_des_voies_de_la_ville_de_roubaix.1059","geometry":{"type":"LineString","coordinates":[[3.187905,50.694242],[3.187631,50.694715],[3.18712,50.695623],[3.18704,50.695769],[3.186658,50.696438],[3.186323,50.697023],[3.186094,50.697423],[3.186022,50.697552],[3.185415,50.6986],[3.185098,50.699146],[3.18491,50.699482],[3.184513,50.700175],[3.184105,50.700908]]},"geometry_name":"geom","properties":{"nom_de_la_rue":"Boulevard de Strasbourg","st_length_shape":1245.5270355922}},{"type":"Feature","id":"filaire_des_voies_de_la_ville_de_roubaix.1060","geometry":{"type":"LineString","coordinates":[[3.212411,50.683681],[3.212998,50.684109],[3.213306,50.684325],[3.213522,50.684637],[3.213451,50.684956],[3.213363,50.685059],[3.21257,50.685634],[3.212065,50.686032],[3.212065,50.686032],[3.211507,50.686723],[3.2113,50.687078],[3.211127,50.687482],[3.211061,50.687701],[3.210683,50.688799],[3.210577,50.689094],[3.210559,50.689295]]},"geometry_name":"geom","properties":{"nom_de_la_rue":"Avenue du Parc des Sports","st_length_shape":1113.25185794476}},{"type":"Feature","id":"filaire_des_voies_de_la_ville_de_roubaix.1061","geometry":{"type":"LineString","coordinates":[[3.204824,50.683523],[3.204315,50.684053],[3.203887,50.684452],[3.203808,50.684511],[3.203605,50.684487],[3.202914,50.685263],[3.202813,50.685384],[3.202683,50.685537],[3.201798,50.686534],[3.201743,50.686595],[3.201583,50.686778],[3.201482,50.68685],[3.201373,50.686928],[3.200666,50.687239],[3.200601,50.687294],[3.2006,50.687295],[3.199464,50.688184]]},"geometry_name":"geom","properties":{"nom_de_la_rue":"Avenue du Président Kennedy","st_length_shape":1035.92082443251}},{"type":"Feature","id":"filaire_des_voies_de_la_ville_de_roubaix.1062","geometry":{"type":"LineString","coordinates":[[3.166811,50.68083],[3.166901,50.680723],[3.167085,50.680626],[3.167249,50.680473],[3.167319,50.680227],[3.1673,50.679948],[3.167242,50.679694],[3.167105,50.679426],[3.166834,50.67915],[3.166405,50.678798],[3.166154,50.678613],[3.165929,50.678446],[3.165537,50.678202],[3.164764,50.677727],[3.164747,50.677717],[3.164496,50.67756],[3.16412,50.677269],[3.163924,50.677111],[3.163037,50.676258],[3.162147,50.675474],[3.16173,50.675064],[3.160593,50.673861],[3.160169,50.673488],[3.157539,50.671606],[3.157247,50.671389],[3.156946,50.67117],[3.156472,50.67076],[3.155758,50.67028],[3.155571,50.669971]]},"geometry_name":"geom","properties":{"nom_de_la_rue":"Avenue Le Nôtre","st_length_shape":2376.84302547357}},{"type":"Feature","id":"filaire_des_voies_de_la_ville_de_roubaix.1063","geometry":{"type":"LineString","coordinates":[[3.201555,50.685948],[3.202063,50.685948]]},"geometry_name":"geom","properties":{"nom_de_la_rue":"Place des 3 Ponts","st_length_shape":56.5813356323443}},{"type":"Feature","id":"filaire_des_voies_de_la_ville_de_roubaix.1064","geometry":{"type":"LineString","coordinates":[[3.166084,50.701236],[3.167211,50.7022],[3.16771,50.702625],[3.16825,50.703088],[3.168528,50.703323],[3.168272,50.70376]]},"geometry_name":"geom","properties":{"nom_de_la_rue":"Rue des Anges","st_length_shape":538.565567836962}},{"type":"Feature","id":"filaire_des_voies_de_la_ville_de_roubaix.1065","geometry":{"type":"LineString","coordinates":[[3.185708,50.701285],[3.186352,50.701288],[3.187518,50.7013],[3.187741,50.7013],[3.188825,50.701304],[3.189607,50.701312],[3.190628,50.701321],[3.191682,50.701332],[3.193741,50.702234],[3.194061,50.702421],[3.194308,50.702595],[3.194635,50.702801],[3.194869,50.702942]]},"geometry_name":"geom","properties":{"nom_de_la_rue":"Rue de Cartigny","st_length_shape":1120.55979893302}},{"type":"Feature","id":"filaire_des_voies_de_la_ville_de_roubaix.1066","geometry":{"type":"LineString","coordinates":[[3.164861,50.694454],[3.165184,50.694723],[3.165306,50.694841],[3.165938,50.695304],[3.166437,50.695652],[3.166982,50.696022],[3.167462,50.696352],[3.167631,50.696409],[3.168079,50.696683],[3.168437,50.696786],[3.169045,50.696948],[3.169808,50.697502],[3.169884,50.697547],[3.170423,50.698259],[3.170454,50.698329],[3.170838,50.698959]]},"geometry_name":"geom","properties":{"nom_de_la_rue":"Rue de Blanchemaille","st_length_shape":1060.89766884753}},{"type":"Feature","id":"filaire_des_voies_de_la_ville_de_roubaix.1067","geometry":{"type":"LineString","coordinates":[[3.159233,50.691651],[3.157965,50.692081],[3.156363,50.6926],[3.154027,50.693352]]},"geometry_name":"geom","properties":{"nom_de_la_rue":"Rue Boucher de Perthes","st_length_shape":652.098057101499}},{"type":"Feature","id":"filaire_des_voies_de_la_ville_de_roubaix.1068","geometry":{"type":"LineString","coordinates":[[3.181061,50.706539],[3.181381,50.706505],[3.18244,50.70665],[3.182562,50.706632],[3.182667,50.706683],[3.183219,50.706772],[3.183826,50.706869],[3.184376,50.706977],[3.185153,50.707173],[3.185573,50.707308],[3.185932,50.707419],[3.186769,50.707736]]},"geometry_name":"geom","properties":{"nom_de_la_rue":"Rue de l'Espierre","st_length_shape":681.146433701076}}],"numberMatched":1068,"numberReturned":1068,"timeStamp":"2026-09-22T18:58:06.182Z","crs":{"type":"name","properties":{"name":"urn:ogc:def:crs:EPSG::4326"}}}