{
"type": "FeatureCollection",
"name": "rbx-bnr",
"crs": { "type": "name", "properties": { "name": "urn:ogc:def:crs:EPSG::27561" } },
"features": [
{ "type": "Feature", "properties": { "name": "17 Grand'Place", "source": "adresse", "documents": 1, "instruments_de_recherche": 1, "geometrie_officielle": false, "rue_autre_forme": null, "url": "https://www.bn-r.fr/resultat.php?type_rech=pl&index%5B%5D=adresse&value%5B%5D=%2217+Grand%27Place%22&decouvrir_par_terme=17+Grand%27Place" }, "geometry": { "type": "Point", "coordinates": [ 660266.448835027753375, 331489.083538857521489 ] } },
{ "type": "Feature", "properties": { "name": "Place de l'Abreuvoir", "source": "rue", "documents": 1, "instruments_de_recherche": 1, "geometrie_officielle": true, "rue_autre_forme": "Abreuvoir, place de l\\'", "url": "https://www.bn-r.fr/resultat.php?type_rech=pl&index%5B%5D=rue&value%5B%5D=%22Abreuvoir%2C+place+de+l%5C%27%22&decouvrir_par_terme=Abreuvoir%2C+place+de+l%5C%27" }, "geometry": { "type": "LineString", "coordinates": [ [ 658391.850913975969888, 332860.608539038803428 ], [ 658373.736348744831048, 332823.91671517083887 ] ] } },
{ "type": "Feature", "properties": { "name": "Square des Acacias", "source": "rue", "documents": 2, "instruments_de_recherche": 1, "geometrie_officielle": true, "rue_autre_forme": "Acacias, square des", "url": "https://www.bn-r.fr/resultat.php?type_rech=pl&index%5B%5D=rue&value%5B%5D=%22Acacias%2C+square+des%22&decouvrir_par_terme=Acacias%2C+square+des" }, "geometry": { "type": "LineString", "coordinates": [ [ 659123.784416798618622, 330645.705446708831005 ], [ 659127.544301521615125, 330657.318110253021587 ], [ 659127.889760816469789, 330689.920921457349323 ], [ 659134.744083171361126, 330703.014283074822742 ], [ 659151.481535191764124, 330711.09936536476016 ], [ 659164.527411583578214, 330707.795080682146363 ], [ 659194.880955680040643, 330680.317166406894103 ], [ 659228.696612203959376, 330659.442185314488597 ], [ 659227.909819143475033, 330647.528696642548312 ], [ 659214.53816198266577, 330635.586681978602428 ], [ 659176.587841067812406, 330614.91613646625774 ] ] } },
{ "type": "Feature", "properties": { "name": "Rue Achille Scrépel", "source": "rue", "documents": 1, "instruments_de_recherche": 1, "geometrie_officielle": true, "rue_autre_forme": "Achille Screpel, rue", "url": "https://www.bn-r.fr/resultat.php?type_rech=pl&index%5B%5D=rue&value%5B%5D=%22Achille+Screpel%2C+rue%22&decouvrir_par_terme=Achille+Screpel%2C+rue" }, "geometry": { "type": "LineString", "coordinates": [ [ 660375.508806901634671, 331657.51170645665843 ], [ 660495.827482519904152, 331794.168243213265669 ], [ 660504.045169925899245, 331798.823184225708246 ] ] } },
{ "type": "Feature", "properties": { "name": "Rue Albert Thomas", "source": "rue", "documents": 2, "instruments_de_recherche": 2, "geometrie_officielle": true, "rue_autre_forme": "Albert Thomas, rue", "url": "https://www.bn-r.fr/resultat.php?type_rech=pl&index%5B%5D=rue&value%5B%5D=%22Albert+Thomas%2C+rue%22&decouvrir_par_terme=Albert+Thomas%2C+rue" }, "geometry": { "type": "LineString", "coordinates": [ [ 661117.855973219033331, 330988.953728888882324 ], [ 661028.201333408826031, 330897.027313269674778 ] ] } },
{ "type": "Feature", "properties": { "name": "Rue Alexander Fleming", "source": "rue", "documents": 23, "instruments_de_recherche": 4, "geometrie_officielle": true, "rue_autre_forme": "Alexandre Fleming, rue", "url": "https://www.bn-r.fr/resultat.php?type_rech=pl&index%5B%5D=rue&value%5B%5D=%22Alexandre+Fleming%2C+rue%22&decouvrir_par_terme=Alexandre+Fleming%2C+rue" }, "geometry": { "type": "LineString", "coordinates": [ [ 661189.406981086474843, 331542.959757324657403 ], [ 661223.57021715620067, 331473.591851960634813 ], [ 661236.085584064479917, 331442.582746635365766 ], [ 661250.424306475790218, 331425.168369049089961 ], [ 661274.71298024256248, 331409.314775812614243 ], [ 661304.747388730058447, 331410.216398955089971 ], [ 661325.757834271644242, 331421.250309722963721 ], [ 661353.787176245125011, 331448.942861044430174 ], [ 661428.013597274082713, 331522.673184458166361 ], [ 661484.186503412667662, 331561.816876523196697 ] ] } },
{ "type": "Feature", "properties": { "name": "Avenue Alfred Motte", "source": "rue", "documents": 46, "instruments_de_recherche": 9, "geometrie_officielle": true, "rue_autre_forme": "Alfred Motte, avenue", "url": "https://www.bn-r.fr/resultat.php?type_rech=pl&index%5B%5D=rue&value%5B%5D=%22Alfred+Motte%2C+avenue%22&decouvrir_par_terme=Alfred+Motte%2C+avenue" }, "geometry": { "type": "LineString", "coordinates": [ [ 660138.210287725785747, 330478.591085818829015 ], [ 660214.614758160663769, 330556.222470414708368 ], [ 660306.535010094637983, 330649.606824964401312 ], [ 660348.822795743006282, 330692.697748769889586 ], [ 660384.816805438604206, 330729.598456414416432 ], [ 660405.654002021532506, 330750.083758678752929 ], [ 660425.366258069057949, 330770.000097830605228 ], [ 660459.470703400438651, 330805.099764207669068 ], [ 660485.760708329151385, 330830.987699691671878 ], [ 660524.479479370056652, 330870.590544450853486 ], [ 660562.716736318194307, 330908.964357045013458 ], [ 660639.613727306597866, 330985.717650673293974 ], [ 660735.156818113056943, 331082.488765712303575 ], [ 660779.115147197619081, 331127.271203006966971 ], [ 660877.302388350828551, 331227.301677704264876 ], [ 660974.165802112082019, 331325.316227662842721 ] ] } },
{ "type": "Feature", "properties": { "name": "Rue d'Alger", "source": "rue", "documents": 1, "instruments_de_recherche": 1, "geometrie_officielle": true, "rue_autre_forme": "Alger, rue d'", "url": "https://www.bn-r.fr/resultat.php?type_rech=pl&index%5B%5D=rue&value%5B%5D=%22Alger%2C+rue+d%27%22&decouvrir_par_terme=Alger%2C+rue+d%27" }, "geometry": { "type": "MultiLineString", "coordinates": [ [ [ 660423.01373000361491, 333970.048701622290537 ], [ 660366.121308505069464, 334083.335515534854494 ], [ 660312.335835032747127, 334190.761284214619081 ], [ 660270.628474988043308, 334273.735448615858331 ], [ 660227.259823544998653, 334360.029025993775576 ], [ 660217.568310846108943, 334379.835298859514296 ], [ 660181.509777351282537, 334450.857802737620659 ], [ 660104.593854662030935, 334605.199488663696684 ], [ 660066.062501106411219, 334682.759362347889692 ], [ 660059.858213439583778, 334694.149369667866267 ] ], [ [ 660787.441423069220036, 333235.864034445374273 ], [ 660751.23377540986985, 333312.443806431838311 ], [ 660673.865415419451892, 333466.437830223119818 ], [ 660617.44315949967131, 333580.951025169226341 ] ], [ [ 660617.44315949967131, 333580.951025169226341 ], [ 660611.43956302839797, 333593.121467047312763 ], [ 660604.49470210657455, 333607.283912762068212 ], [ 660502.985825386829674, 333809.51596137532033 ], [ 660423.01373000361491, 333970.048701622290537 ] ] ] } },
{ "type": "Feature", "properties": { "name": "Rue d'Alger", "source": "rue", "documents": 11, "instruments_de_recherche": 6, "geometrie_officielle": true, "rue_autre_forme": "Alger, rue d\\'", "url": "https://www.bn-r.fr/resultat.php?type_rech=pl&index%5B%5D=rue&value%5B%5D=%22Alger%2C+rue+d%5C%27%22&decouvrir_par_terme=Alger%2C+rue+d%5C%27" }, "geometry": { "type": "MultiLineString", "coordinates": [ [ [ 660423.01373000361491, 333970.048701622290537 ], [ 660366.121308505069464, 334083.335515534854494 ], [ 660312.335835032747127, 334190.761284214619081 ], [ 660270.628474988043308, 334273.735448615858331 ], [ 660227.259823544998653, 334360.029025993775576 ], [ 660217.568310846108943, 334379.835298859514296 ], [ 660181.509777351282537, 334450.857802737620659 ], [ 660104.593854662030935, 334605.199488663696684 ], [ 660066.062501106411219, 334682.759362347889692 ], [ 660059.858213439583778, 334694.149369667866267 ] ], [ [ 660787.441423069220036, 333235.864034445374273 ], [ 660751.23377540986985, 333312.443806431838311 ], [ 660673.865415419451892, 333466.437830223119818 ], [ 660617.44315949967131, 333580.951025169226341 ] ], [ [ 660617.44315949967131, 333580.951025169226341 ], [ 660611.43956302839797, 333593.121467047312763 ], [ 660604.49470210657455, 333607.283912762068212 ], [ 660502.985825386829674, 333809.51596137532033 ], [ 660423.01373000361491, 333970.048701622290537 ] ] ] } },
{ "type": "Feature", "properties": { "name": "Alma gare", "source": "quartier", "documents": 42, "instruments_de_recherche": 7, "geometrie_officielle": false, "rue_autre_forme": null, "url": "https://www.bn-r.fr/resultat.php?type_rech=pl&index%5B%5D=quartier&value%5B%5D=%22Alma+gare%22&decouvrir_par_terme=Alma+gare" }, "geometry": { "type": "Polygon", "coordinates": [ [ [ 658766.611533682560548, 334740.844579361088108 ], [ 658761.057770103565417, 334735.795684193843044 ], [ 658761.05775582161732, 334736.795838866732083 ], [ 658741.057424125610851, 334723.795563233841676 ], [ 658731.05725048284512, 334717.795403766504023 ], [ 658725.057183912373148, 334712.795251450268552 ], [ 658705.056831188267097, 334700.795034564216621 ], [ 658685.056387274991721, 334687.794763782760128 ], [ 658634.055558513384312, 334654.794008872879203 ], [ 658632.055482547264546, 334651.79401732434053 ], [ 658623.055464775883593, 334644.793821114697494 ], [ 658616.055081480182707, 334635.793633481720462 ], [ 658611.055107196443714, 334626.793572243303061 ], [ 658609.055118793621659, 334624.793537233024836 ], [ 658601.054952828446403, 334617.793451273872051 ], [ 658596.054842651239596, 334611.793356493115425 ], [ 658589.054720820393413, 334605.793138857465237 ], [ 658572.054394740145653, 334585.792918773018755 ], [ 658566.054236360476352, 334578.792855562525801 ], [ 658545.053966786363162, 334559.792447483283468 ], [ 658506.053279380197637, 334530.791875450173393 ], [ 658488.05304469447583, 334522.791628136998042 ], [ 658471.052563878358342, 334514.791491126117762 ], [ 658468.052635081810877, 334510.791433014674112 ], [ 658458.052380536566488, 334499.791300854762085 ], [ 658455.052351074293256, 334495.791241686965805 ], [ 658454.219588537467644, 334494.773393814451993 ], [ 658459.128021984011866, 334441.935825226013549 ], [ 658464.379984382307157, 334386.035622505587526 ], [ 658468.868344114278443, 334344.709564652526751 ], [ 658475.895941464579664, 334285.179793596966192 ], [ 658480.834413855336607, 334246.710623344988562 ], [ 658485.799675940303132, 334205.230318785237614 ], [ 658490.736645537312143, 334166.919549166806974 ], [ 658497.183144689654, 334119.271328615257517 ], [ 658505.265179859823547, 334065.931891690299381 ], [ 658509.497858016984537, 334035.539423514390364 ], [ 658512.984625499346294, 333999.909982625045814 ], [ 658515.088848320883699, 333959.355180786573328 ], [ 658517.195267958566546, 333900.732277667731978 ], [ 658517.239230605540797, 333860.159112945955712 ], [ 658515.53706653486006, 333819.887281583738513 ], [ 658512.774949272512458, 333774.058786222944036 ], [ 658509.336621503229253, 333732.979076857911423 ], [ 658503.091698933276348, 333682.246037298231386 ], [ 658495.850180552573875, 333635.162626930919942 ], [ 658484.827938762377016, 333579.17936230939813 ], [ 658512.602988251834176, 333564.998137006536126 ], [ 658544.103007158613764, 333544.470483934273943 ], [ 658606.73179442610126, 333490.352232369012199 ], [ 658683.058051393600181, 333561.784271502983756 ], [ 658716.0586985910777, 333593.784959234762937 ], [ 658754.05923534638714, 333634.785791095986497 ], [ 658758.059202652657405, 333641.7859927858226 ], [ 658783.059559265500866, 333668.786553380079567 ], [ 658818.060109951300547, 333705.787286494625732 ], [ 658819.580197769682854, 333703.6472366633825 ], [ 658853.011020113830455, 333656.626936712535098 ], [ 658925.142486523138359, 333610.716987996012904 ], [ 658951.352727388148196, 333684.788186108577065 ], [ 658951.062658441951498, 333694.788141320634168 ], [ 658979.06283917312976, 333776.789470450486988 ], [ 659057.064262157538906, 333809.790535867563449 ], [ 659147.30344239808619, 333847.486870457534678 ], [ 659141.105608381563798, 333862.166175735997967 ], [ 659109.865147069329396, 333937.562063369026873 ], [ 659062.610475968103856, 334046.842205376364291 ], [ 659018.233184375567362, 334153.743115666205995 ], [ 658998.122776594944298, 334201.493317188229412 ], [ 658977.622413326404057, 334248.403504113084637 ], [ 658956.040188314625993, 334302.611154847079888 ], [ 658903.951713933143765, 334424.45888273906894 ], [ 658871.216236670385115, 334494.533978165592998 ], [ 658822.058963878313079, 334606.795225207926705 ], [ 658789.028298218501732, 334688.445665194070898 ], [ 658766.611533682560548, 334740.844579361088108 ] ] ] } },
{ "type": "Feature", "properties": { "name": "Rue de l'Alma", "source": "rue", "documents": 61, "instruments_de_recherche": 9, "geometrie_officielle": true, "rue_autre_forme": "Alma, rue de l\\'", "url": "https://www.bn-r.fr/resultat.php?type_rech=pl&index%5B%5D=rue&value%5B%5D=%22Alma%2C+rue+de+l%5C%27%22&decouvrir_par_terme=Alma%2C+rue+de+l%5C%27" }, "geometry": { "type": "MultiLineString", "coordinates": [ [ [ 658607.18796043517068, 333490.815501759760082 ], [ 658545.897455670055933, 333409.366514310822822 ], [ 658505.064851814880967, 333356.736824255553074 ], [ 658485.712398782139644, 333330.044368497561663 ], [ 658476.601658650906757, 333303.798145504959393 ], [ 658467.714478280395269, 333302.254243959439918 ], [ 658461.14086369308643, 333295.951532361621503 ], [ 658457.926051187096164, 333286.236595428606961 ], [ 658450.883525308454409, 333271.139168623369187 ], [ 658435.414429218624718, 333238.258917708415538 ], [ 658405.433258209028281, 333168.948725091526285 ], [ 658382.974193769274279, 333135.435744386864826 ], [ 658343.86913134297356, 333105.412196820252575 ], [ 658289.598537762998603, 333021.039229175075889 ] ], [ [ 658607.18796043517068, 333490.815501759760082 ], [ 658682.650958742713556, 333562.074050726543646 ], [ 658716.429517035838217, 333594.044209069106728 ], [ 658754.276946303900331, 333635.071580351679586 ], [ 658757.881069321301766, 333641.453188535058871 ], [ 658782.810235553304665, 333668.430739304516464 ], [ 658818.084180414211005, 333705.647331073414534 ], [ 658852.859374534687959, 333755.987448030267842 ], [ 658859.037524890387431, 333759.61603796883719 ], [ 658900.082146620494314, 333818.036530512035824 ], [ 658927.001361170783639, 333856.60793727642158 ], [ 658996.71663601626642, 333954.732779602694791 ], [ 659061.772271914756857, 334045.908766941633075 ] ] ] } },
{ "type": "Feature", "properties": { "name": "Rue de l'Alouette", "source": "rue", "documents": 16, "instruments_de_recherche": 7, "geometrie_officielle": true, "rue_autre_forme": "Alouette, rue de l\\'", "url": "https://www.bn-r.fr/resultat.php?type_rech=pl&index%5B%5D=rue&value%5B%5D=%22Alouette%2C+rue+de+l%5C%27%22&decouvrir_par_terme=Alouette%2C+rue+de+l%5C%27" }, "geometry": { "type": "LineString", "coordinates": [ [ 658415.45724826620426, 332931.406297435518354 ], [ 658408.746445738477632, 332950.469529435969889 ], [ 658428.978609515819699, 333019.561499408911914 ], [ 658460.160155622172169, 333101.902411382761784 ], [ 658500.213258749106899, 333193.575553145317826 ], [ 658527.396197714377195, 333253.732202238752507 ] ] } },
{ "type": "Feature", "properties": { "name": "Avenue d'Alsace", "source": "rue", "documents": 23, "instruments_de_recherche": 10, "geometrie_officielle": true, "rue_autre_forme": "Alsace, rue d\\'", "url": "https://www.bn-r.fr/resultat.php?type_rech=pl&index%5B%5D=rue&value%5B%5D=%22Alsace%2C+rue+d%5C%27%22&decouvrir_par_terme=Alsace%2C+rue+d%5C%27" }, "geometry": { "type": "LineString", "coordinates": [ [ 658457.782396117341705, 333595.650914299301803 ], [ 658438.894054856034927, 333610.463936935761012 ], [ 658264.904029429424554, 333792.91774113336578 ], [ 658263.741045632283203, 333815.268448211718351 ] ] } },
{ "type": "Feature", "properties": { "name": "Place d'Amiens", "source": "rue", "documents": 19, "instruments_de_recherche": 6, "geometrie_officielle": true, "rue_autre_forme": "Amiens, place d\\'", "url": "https://www.bn-r.fr/resultat.php?type_rech=pl&index%5B%5D=rue&value%5B%5D=%22Amiens%2C+place+d%5C%27%22&decouvrir_par_terme=Amiens%2C+place+d%5C%27" }, "geometry": { "type": "LineString", "coordinates": [ [ 658264.052925895084627, 332481.036447791033424 ], [ 658228.009995488100685, 332480.753821215999778 ], [ 658230.462939413497224, 332443.842273712158203 ] ] } },
{ "type": "Feature", "properties": { "name": "Rue de l'Amiral Courbet", "source": "rue", "documents": 2, "instruments_de_recherche": 2, "geometrie_officielle": true, "rue_autre_forme": "Amiral Courbet, rue de l\\'", "url": "https://www.bn-r.fr/resultat.php?type_rech=pl&index%5B%5D=rue&value%5B%5D=%22Amiral+Courbet%2C+rue+de+l%5C%27%22&decouvrir_par_terme=Amiral+Courbet%2C+rue+de+l%5C%27" }, "geometry": { "type": "LineString", "coordinates": [ [ 658417.092525902437046, 333949.014130304625724 ], [ 658239.239824573742226, 334026.952561575686559 ] ] } },
{ "type": "Feature", "properties": { "name": "Rue Ampère", "source": "rue", "documents": 1, "instruments_de_recherche": 1, "geometrie_officielle": true, "rue_autre_forme": "Ampère, rue", "url": "https://www.bn-r.fr/resultat.php?type_rech=pl&index%5B%5D=rue&value%5B%5D=%22Amp%C3%A8re%2C+rue%22&decouvrir_par_terme=Amp%C3%A8re%2C+rue" }, "geometry": { "type": "LineString", "coordinates": [ [ 660027.870206341613084, 333545.015054801711813 ], [ 660087.984946119249798, 333571.950212916592136 ], [ 660128.477922324324027, 333590.542547043180093 ] ] } },
{ "type": "Feature", "properties": { "name": "Avenue Anatole France", "source": "rue", "documents": 3, "instruments_de_recherche": 3, "geometrie_officielle": true, "rue_autre_forme": "Anatole France, avenue", "url": "https://www.bn-r.fr/resultat.php?type_rech=pl&index%5B%5D=rue&value%5B%5D=%22Anatole+France%2C+avenue%22&decouvrir_par_terme=Anatole+France%2C+avenue" }, "geometry": { "type": "LineString", "coordinates": [ [ 658814.435538790654391, 331455.256760921445675 ], [ 658963.7261854786193, 331334.854104211612139 ], [ 659112.455603902693838, 331214.671925066038966 ] ] } },
{ "type": "Feature", "properties": { "name": "Avenue André Chenier", "source": "rue", "documents": 11, "instruments_de_recherche": 4, "geometrie_officielle": true, "rue_autre_forme": "Andre Chenier, avenue", "url": "https://www.bn-r.fr/resultat.php?type_rech=pl&index%5B%5D=rue&value%5B%5D=%22Andre+Chenier%2C+avenue%22&decouvrir_par_terme=Andre+Chenier%2C+avenue" }, "geometry": { "type": "LineString", "coordinates": [ [ 658731.623536081984639, 332009.863915230380371 ], [ 658858.787419280037284, 332118.521231259335764 ], [ 658802.95525264670141, 332213.922412694082595 ] ] } },
{ "type": "Feature", "properties": { "name": "Rue des Anges", "source": "rue", "documents": 1, "instruments_de_recherche": 1, "geometrie_officielle": true, "rue_autre_forme": "Anges, rue des", "url": "https://www.bn-r.fr/resultat.php?type_rech=pl&index%5B%5D=rue&value%5B%5D=%22Anges%2C+rue+des%22&decouvrir_par_terme=Anges%2C+rue+des" }, "geometry": { "type": "LineString", "coordinates": [ [ 658614.622274942230433, 333939.167210418265313 ], [ 658693.064253295422532, 334047.286305540474132 ], [ 658727.797096773283556, 334094.954968712059781 ], [ 658765.379253176273778, 334146.883223501732573 ], [ 658784.730938075110316, 334173.243057354236953 ], [ 658766.108957009273581, 334221.658753180701751 ] ] } },
{ "type": "Feature", "properties": { "name": "Anseele", "source": "quartier", "documents": 13, "instruments_de_recherche": 8, "geometrie_officielle": false, "rue_autre_forme": null, "url": "https://www.bn-r.fr/resultat.php?type_rech=pl&index%5B%5D=quartier&value%5B%5D=%22Anseele%22&decouvrir_par_terme=Anseele" }, "geometry": { "type": "Polygon", "coordinates": [ [ [ 659364.724176831310615, 332209.45424951298628 ], [ 659626.158274455345236, 332404.149169829441234 ], [ 659690.13045436295215, 332451.375279197120108 ], [ 659805.970328201772645, 332540.403776122257113 ], [ 659884.9089024302084, 332599.344313476467505 ], [ 659933.213175340439193, 332635.114625012327451 ], [ 660084.795666541787796, 332750.347443837905303 ], [ 659967.69312400824856, 332920.878292530367617 ], [ 659937.352612942224368, 332975.451149413129315 ], [ 659859.238809883594513, 332950.546467579202726 ], [ 659731.766115076607093, 332911.48136292793788 ], [ 659671.589299678918906, 332881.443573017138988 ], [ 659584.177137090358883, 332835.213741991552524 ], [ 659529.953342365799472, 332805.636756210587919 ], [ 659487.560279979021288, 332779.01758943090681 ], [ 659456.340621631476097, 332740.567939209518954 ], [ 659440.237838020781055, 332679.771765679819509 ], [ 659439.154347019037232, 332660.200346260447986 ], [ 659437.280420851777308, 332627.848664295393974 ], [ 659418.220028857234865, 332563.766102474881336 ], [ 659386.343151902430691, 332532.874851458123885 ], [ 659320.288796514156274, 332491.467218544101343 ], [ 659280.524637109250762, 332457.946817880729213 ], [ 659253.248543074936606, 332433.299455442640465 ], [ 659260.411793257226236, 332418.485800565162208 ], [ 659293.422490293742158, 332378.255619397154078 ], [ 659325.362736293813214, 332256.298700148356147 ], [ 659336.279510734719224, 332238.356577214144636 ], [ 659364.724176831310615, 332209.45424951298628 ] ] ] } },
{ "type": "Feature", "properties": { "name": "Rue d'Antoing", "source": "rue", "documents": 3, "instruments_de_recherche": 2, "geometrie_officielle": true, "rue_autre_forme": "Antoing, rue d\\'", "url": "https://www.bn-r.fr/resultat.php?type_rech=pl&index%5B%5D=rue&value%5B%5D=%22Antoing%2C+rue+d%5C%27%22&decouvrir_par_terme=Antoing%2C+rue+d%5C%27" }, "geometry": { "type": "LineString", "coordinates": [ [ 660593.596469501499087, 332402.871896750701126 ], [ 660629.945913413423114, 332425.982438162202016 ], [ 660697.386671533458866, 332468.361536347540095 ], [ 660752.097291155252606, 332505.1446105329087 ] ] } },
{ "type": "Feature", "properties": { "name": "Quai d'Anvers", "source": "rue", "documents": 13, "instruments_de_recherche": 6, "geometrie_officielle": false, "rue_autre_forme": "Anvers, quai d\\'", "url": "https://www.bn-r.fr/resultat.php?type_rech=pl&index%5B%5D=rue&value%5B%5D=%22Anvers%2C+quai+d%5C%27%22&decouvrir_par_terme=Anvers%2C+quai+d%5C%27" }, "geometry": { "type": "Point", "coordinates": [ 659211.29081041936297, 334585.739173143170774 ] } },
{ "type": "Feature", "properties": { "name": "Rue d'Anzin", "source": "rue", "documents": 8, "instruments_de_recherche": 3, "geometrie_officielle": true, "rue_autre_forme": "Anzin, rue d\\'", "url": "https://www.bn-r.fr/resultat.php?type_rech=pl&index%5B%5D=rue&value%5B%5D=%22Anzin%2C+rue+d%5C%27%22&decouvrir_par_terme=Anzin%2C+rue+d%5C%27" }, "geometry": { "type": "MultiLineString", "coordinates": [ [ [ 660982.037785579566844, 332311.729343529557809 ], [ 661071.036472901469097, 332415.6645069673541 ] ], [ [ 661312.246719815535471, 332620.261029092245735 ], [ 661178.700383415562101, 332561.872055856802035 ], [ 661153.117646477534436, 332536.989813397987746 ], [ 661113.43952712812461, 332483.908341442933306 ], [ 661070.965802007354796, 332415.663697175856214 ] ] ] } },
{ "type": "Feature", "properties": { "name": "Rue Archimède", "source": "rue", "documents": 94, "instruments_de_recherche": 8, "geometrie_officielle": true, "rue_autre_forme": "Archimède, rue", "url": "https://www.bn-r.fr/resultat.php?type_rech=pl&index%5B%5D=rue&value%5B%5D=%22Archim%C3%A8de%2C+rue%22&decouvrir_par_terme=Archim%C3%A8de%2C+rue" }, "geometry": { "type": "LineString", "coordinates": [ [ 659010.40566207235679, 333554.456192076613661 ], [ 658924.837711499538273, 333611.364934143028222 ], [ 658852.520180858322419, 333658.741681272746064 ], [ 658838.156500013079494, 333673.269493974104989 ], [ 658834.410011176252738, 333679.792518262460362 ], [ 658818.084180414211005, 333705.647331073414534 ], [ 658759.024366763420403, 333806.910725741763599 ], [ 658719.769729595282115, 333874.458427610632498 ] ] } },
{ "type": "Feature", "properties": { "name": "Rue d'Arcole", "source": "rue", "documents": 1, "instruments_de_recherche": 1, "geometrie_officielle": true, "rue_autre_forme": "Arcole, rue d\\'", "url": "https://www.bn-r.fr/resultat.php?type_rech=pl&index%5B%5D=rue&value%5B%5D=%22Arcole%2C+rue+d%5C%27%22&decouvrir_par_terme=Arcole%2C+rue+d%5C%27" }, "geometry": { "type": "LineString", "coordinates": [ [ 658716.429517035838217, 333594.044209069106728 ], [ 658737.555615245713852, 333575.028919002041221 ], [ 658777.165714607108384, 333616.409662010031752 ], [ 658778.003757186583243, 333617.308992602687795 ], [ 658834.398956397548318, 333680.793744068359956 ] ] } },
{ "type": "Feature", "properties": { "name": "Rue Armand Meeschaert", "source": "rue", "documents": 1, "instruments_de_recherche": 1, "geometrie_officielle": true, "rue_autre_forme": "Armand Meeschaert, rue", "url": "https://www.bn-r.fr/resultat.php?type_rech=pl&index%5B%5D=rue&value%5B%5D=%22Armand+Meeschaert%2C+rue%22&decouvrir_par_terme=Armand+Meeschaert%2C+rue" }, "geometry": { "type": "LineString", "coordinates": [ [ 660114.006863211048767, 331289.401023252226878 ], [ 660243.916581764817238, 331441.958543292654213 ], [ 660247.341938739526086, 331464.137993388634641 ] ] } },
{ "type": "Feature", "properties": { "name": "Armentières", "source": "quartier", "documents": 1, "instruments_de_recherche": 1, "geometrie_officielle": false, "rue_autre_forme": null, "url": "https://www.bn-r.fr/resultat.php?type_rech=pl&index%5B%5D=quartier&value%5B%5D=%22Armenti%C3%A8res%22&decouvrir_par_terme=Armenti%C3%A8res" }, "geometry": { "type": "Polygon", "coordinates": [ [ [ 658464.379984382307157, 334386.035622505587526 ], [ 658459.128021984011866, 334441.935825226013549 ], [ 658454.219588537467644, 334494.773393814451993 ], [ 658446.052251671557315, 334484.791020974516869 ], [ 658443.052210771478713, 334481.79101860919036 ], [ 658419.051741807255894, 334451.790554763399996 ], [ 658418.051694990252145, 334450.7904870811617 ], [ 658410.051635588519275, 334440.790332749602385 ], [ 658403.051522097666748, 334431.790244951145723 ], [ 658385.051172477542423, 334412.789871441200376 ], [ 658385.051081890705973, 334411.789912785985507 ], [ 658390.051165077951737, 334391.789804645697586 ], [ 658391.051342137041502, 334389.789799986290745 ], [ 658398.0515234565828, 334361.789443594752811 ], [ 658394.051399686024524, 334360.789545219973661 ], [ 658390.051376558374614, 334359.789548037340865 ], [ 658386.051263668225147, 334357.789492037845775 ], [ 658370.050972207682207, 334353.789303648285568 ], [ 658368.050965862930752, 334352.789226460503414 ], [ 658332.050299777300097, 334349.788910487550311 ], [ 658311.049896307522431, 334347.788699964468833 ], [ 658310.049738358240575, 334347.788689593086019 ], [ 658289.049469442921691, 334341.788450878928415 ], [ 658287.049461328890175, 334340.788474819331896 ], [ 658289.049366762978025, 334330.788407477666624 ], [ 658291.049483290407807, 334330.788426097773481 ], [ 658293.04953555657994, 334326.788410314475186 ], [ 658299.049711036146618, 334312.78834530536551 ], [ 658291.049605704145506, 334305.788163384073414 ], [ 658275.049292326089926, 334291.787799069075845 ], [ 658228.048458924284205, 334252.787195492186584 ], [ 658226.048324456438422, 334254.787196025834419 ], [ 658213.766577738337219, 334242.977765381918289 ], [ 658217.1081522279419, 334221.406824105011765 ], [ 658221.158408472780138, 334185.776554350217339 ], [ 658226.50855995900929, 334137.986195346689783 ], [ 658229.761274168267846, 334104.708238676888868 ], [ 658238.696314839529805, 334020.787700427114032 ], [ 658262.483025869820267, 333813.222390228416771 ], [ 658251.589467247133143, 333803.16361237608362 ], [ 658443.232295545749366, 333606.761237076483667 ], [ 658464.11436300969217, 333590.126798879238777 ], [ 658484.827938762377016, 333579.17936230939813 ], [ 658495.850180552573875, 333635.162626930919942 ], [ 658503.091698933276348, 333682.246037298231386 ], [ 658509.336621503229253, 333732.979076857911423 ], [ 658512.774949272512458, 333774.058786222944036 ], [ 658515.53706653486006, 333819.887281583738513 ], [ 658517.239230605540797, 333860.159112945955712 ], [ 658517.195267958566546, 333900.732277667731978 ], [ 658515.088848320883699, 333959.355180786573328 ], [ 658512.984625499346294, 333999.909982625045814 ], [ 658509.497858016984537, 334035.539423514390364 ], [ 658505.265179859823547, 334065.931891690299381 ], [ 658497.183144689654, 334119.271328615257517 ], [ 658490.736645537312143, 334166.919549166806974 ], [ 658485.799675940303132, 334205.230318785237614 ], [ 658480.834413855336607, 334246.710623344988562 ], [ 658475.895941464579664, 334285.179793596966192 ], [ 658468.868344114278443, 334344.709564652526751 ], [ 658464.379984382307157, 334386.035622505587526 ] ] ] } },
{ "type": "Feature", "properties": { "name": "Boulevard d'Armentières", "source": "rue", "documents": 18, "instruments_de_recherche": 8, "geometrie_officielle": true, "rue_autre_forme": "Armentières, boulevard d\\'", "url": "https://www.bn-r.fr/resultat.php?type_rech=pl&index%5B%5D=rue&value%5B%5D=%22Armenti%C3%A8res%2C+boulevard+d%5C%27%22&decouvrir_par_terme=Armenti%C3%A8res%2C+boulevard+d%5C%27" }, "geometry": { "type": "LineString", "coordinates": [ [ 658041.267564553418197, 333597.773545289062895 ], [ 658061.973014473216608, 333617.135945158661343 ], [ 658142.383071854361333, 333708.245138302678242 ], [ 658168.989823232404888, 333730.676408020430245 ], [ 658225.106859854189679, 333781.356648114684504 ], [ 658263.741045632283203, 333815.268448211718351 ], [ 658417.092525902437046, 333949.014130304625724 ], [ 658470.282756750122644, 333995.548315408173949 ], [ 658491.672901131096296, 334029.495159500045702 ] ] } },
{ "type": "Feature", "properties": { "name": "Rue d'Artois", "source": "rue", "documents": 1, "instruments_de_recherche": 1, "geometrie_officielle": true, "rue_autre_forme": "Artois, rue d\\'", "url": "https://www.bn-r.fr/resultat.php?type_rech=pl&index%5B%5D=rue&value%5B%5D=%22Artois%2C+rue+d%5C%27%22&decouvrir_par_terme=Artois%2C+rue+d%5C%27" }, "geometry": { "type": "LineString", "coordinates": [ [ 660078.051703443517908, 331738.486032248241827 ], [ 660048.04758941847831, 331684.854367911117151 ] ] } },
{ "type": "Feature", "properties": { "name": "Rue des Arts", "source": "rue", "documents": 35, "instruments_de_recherche": 9, "geometrie_officielle": true, "rue_autre_forme": "Arts, rue des", "url": "https://www.bn-r.fr/resultat.php?type_rech=pl&index%5B%5D=rue&value%5B%5D=%22Arts%2C+rue+des%22&decouvrir_par_terme=Arts%2C+rue+des" }, "geometry": { "type": "LineString", "coordinates": [ [ 658871.567121992819011, 332254.177136643789709 ], [ 658777.401541902450845, 332332.688863546238281 ], [ 658758.210493560996838, 332348.832503354060464 ], [ 658678.60715092450846, 332414.600358015391976 ], [ 658586.210314183379523, 332493.468719519441947 ], [ 658534.499391826801002, 332536.180763161682989 ], [ 658498.76561564730946, 332565.717425191076472 ], [ 658479.07668343372643, 332582.301647190237418 ], [ 658450.470133167691529, 332606.465089977486059 ], [ 658385.140754711464979, 332660.266529738728423 ], [ 658319.698202056461014, 332718.072901011968497 ], [ 658285.170594383729622, 332747.401674992230255 ], [ 658214.773867907817475, 332806.045241390005685 ], [ 658162.275843409472145, 332850.198686218820512 ], [ 658157.140609568683431, 332854.481797060347162 ], [ 658142.227184459217824, 332867.559050360810943 ] ] } },
{ "type": "Feature", "properties": { "name": "Rue d'Avelghem", "source": "rue", "documents": 5, "instruments_de_recherche": 2, "geometrie_officielle": true, "rue_autre_forme": "Avelghem, rue d\\'", "url": "https://www.bn-r.fr/resultat.php?type_rech=pl&index%5B%5D=rue&value%5B%5D=%22Avelghem%2C+rue+d%5C%27%22&decouvrir_par_terme=Avelghem%2C+rue+d%5C%27" }, "geometry": { "type": "MultiLineString", "coordinates": [ [ [ 661396.25383493443951, 333046.022650080849417 ], [ 661381.497459385776892, 333063.209395562531427 ], [ 661358.596038776566274, 333088.090672365156934 ], [ 661335.784698692033999, 333111.30416800477542 ], [ 661307.189563895692118, 333133.561129503767006 ], [ 661275.344258419238031, 333155.780870844377205 ], [ 661229.915732281049713, 333179.291106710443273 ], [ 661210.894310788018629, 333186.415817804052494 ], [ 661188.165379476500675, 333196.390814299229532 ], [ 661138.20338576217182, 333214.731763106537983 ], [ 661085.623492675949819, 333233.376951915735845 ], [ 661035.38339054887183, 333251.381889517768286 ], [ 661013.107051023864187, 333258.915068368020002 ], [ 660996.862309329211712, 333264.292154679133091 ], [ 660967.425900096772239, 333267.626908415229991 ] ], [ [ 660489.473452533129603, 333194.6446692502941 ], [ 660534.242855538148433, 333216.403890983841848 ], [ 660583.953532706946135, 333219.972861648071557 ], [ 660649.682726016151719, 333219.385403291031253 ], [ 660791.4220447485568, 333221.445503645110875 ], [ 660813.815814543515444, 333228.376680598361418 ], [ 660878.543244399596006, 333272.173797861905769 ], [ 660903.361996823805384, 333277.130360852694139 ], [ 660965.939503273228183, 333267.83242499770131 ] ], [ [ 660965.939503273228183, 333267.83242499770131 ], [ 660967.425900096772239, 333267.626908415229991 ], [ 660972.450558820855804, 333353.466754046035931 ], [ 660968.991525627789088, 333371.674011480412446 ] ] ] } },
{ "type": "Feature", "properties": { "name": "Rue de l'Avenir", "source": "rue", "documents": 8, "instruments_de_recherche": 4, "geometrie_officielle": true, "rue_autre_forme": "Avenir, rue de l\\'", "url": "https://www.bn-r.fr/resultat.php?type_rech=pl&index%5B%5D=rue&value%5B%5D=%22Avenir%2C+rue+de+l%5C%27%22&decouvrir_par_terme=Avenir%2C+rue+de+l%5C%27" }, "geometry": { "type": "LineString", "coordinates": [ [ 658431.232281849835999, 331679.236232253373601 ], [ 658446.193535243044607, 331668.608058413490653 ], [ 658526.098316222196445, 331614.744974936242215 ] ] } },
{ "type": "Feature", "properties": { "name": "Rue de Babylone", "source": "rue", "documents": 2, "instruments_de_recherche": 1, "geometrie_officielle": true, "rue_autre_forme": "Babylone, rue de", "url": "https://www.bn-r.fr/resultat.php?type_rech=pl&index%5B%5D=rue&value%5B%5D=%22Babylone%2C+rue+de%22&decouvrir_par_terme=Babylone%2C+rue+de" }, "geometry": { "type": "LineString", "coordinates": [ [ 660412.546987107372843, 332830.171500722994097 ], [ 660469.690349092590623, 332739.58575339440722 ], [ 660500.058474274934269, 332691.754513044201303 ] ] } },
{ "type": "Feature", "properties": { "name": "Rue de la Barbe d'Or", "source": "rue", "documents": 1, "instruments_de_recherche": 1, "geometrie_officielle": true, "rue_autre_forme": "Barbe d\\'or, rue", "url": "https://www.bn-r.fr/resultat.php?type_rech=pl&index%5B%5D=rue&value%5B%5D=%22Barbe+d%5C%27or%2C+rue%22&decouvrir_par_terme=Barbe+d%5C%27or%2C+rue" }, "geometry": { "type": "LineString", "coordinates": [ [ 658928.80496692599263, 334115.198591079562902 ], [ 658897.796799201169051, 334146.231374467373826 ], [ 658885.28880357008893, 334178.358857218176126 ] ] } },
{ "type": "Feature", "properties": { "name": "Barbieux", "source": "quartier", "documents": 31, "instruments_de_recherche": 5, "geometrie_officielle": false, "rue_autre_forme": null, "url": "https://www.bn-r.fr/resultat.php?type_rech=pl&index%5B%5D=quartier&value%5B%5D=%22Barbieux%22&decouvrir_par_terme=Barbieux" }, "geometry": { "type": "Polygon", "coordinates": [ [ [ 659172.110521799651906, 332311.67357959819492 ], [ 659019.483523289323784, 332094.568732316722162 ], [ 659004.35829675453715, 332072.679003179538995 ], [ 658873.383348338422365, 331885.578219130751677 ], [ 658767.176390019943938, 331733.595676256110892 ], [ 658621.772238575736992, 331842.972310941549949 ], [ 658571.757801868487149, 331801.580381938430946 ], [ 658577.061652675038204, 331796.761348997591995 ], [ 658586.061773724970408, 331787.761324808874633 ], [ 658591.061930606374517, 331782.761278874415439 ], [ 658611.062361890566535, 331762.761193155660294 ], [ 658594.062126155942678, 331741.760808833525516 ], [ 658591.061917708255351, 331738.760731762740761 ], [ 658570.061717498698272, 331711.760117547935806 ], [ 658566.061637043952942, 331707.760049658478238 ], [ 658561.061585783027112, 331702.75999020395102 ], [ 658557.061605429975316, 331698.759823378524743 ], [ 658540.061318697175011, 331680.75947922677733 ], [ 658488.060270970105194, 331722.75944244756829 ], [ 658466.060002854443155, 331691.758808456768747 ], [ 658462.059838528628461, 331685.758680391765665 ], [ 658451.059793117572553, 331670.758452881709673 ], [ 658448.059778837836348, 331667.758379504899494 ], [ 658445.059725492843427, 331668.758331417455338 ], [ 658441.059671049006283, 331671.758336403931025 ], [ 658439.059599158819765, 331672.758297906955704 ], [ 658431.059391239657998, 331678.758307256153785 ], [ 658428.059396263444796, 331673.758172182831913 ], [ 658409.05910880677402, 331646.75769103935454 ], [ 658400.05899793561548, 331633.757445139228366 ], [ 658397.059009543270804, 331627.757327278493904 ], [ 658394.059001828078181, 331623.757272487098817 ], [ 658389.058968447730877, 331615.757071916013956 ], [ 658380.058871683897451, 331600.756760485412087 ], [ 658425.059571263263933, 331567.756875367136672 ], [ 658419.059644958935678, 331560.756743337959051 ], [ 658414.059601297951303, 331553.756519715068862 ], [ 658411.059492395143025, 331549.75646106840577 ], [ 658370.058744743233547, 331579.756445804727264 ], [ 658367.058653558371589, 331573.75632507429691 ], [ 658356.058522133389488, 331554.755962605646346 ], [ 658354.058493442367762, 331550.75591510348022 ], [ 658349.0584628082579, 331541.755728876683861 ], [ 658345.058405240182765, 331533.755533305113204 ], [ 658343.05835768673569, 331531.755550150992349 ], [ 658339.058399197179824, 331523.755354997818358 ], [ 658331.058271485380828, 331508.755044233519584 ], [ 658331.058306418824941, 331504.755013490736019 ], [ 658330.058240864309482, 331502.755038588831667 ], [ 658331.058323437348008, 331502.755047985934652 ], [ 658319.05816192063503, 331487.75470051181037 ], [ 658290.057764089782722, 331451.753962070506532 ], [ 658250.057220049318857, 331404.752911605639383 ], [ 658244.057158577139489, 331399.752845237147994 ], [ 658239.057073437026702, 331395.752670517773367 ], [ 658237.057030264171772, 331392.752603339031339 ], [ 658205.056631448795088, 331343.75164119398687 ], [ 658203.056586497696117, 331340.75157328316709 ], [ 658179.056330440216698, 331305.750841984525323 ], [ 658165.056110328878276, 331283.750478175759781 ], [ 658162.056149456766434, 331284.750441642885562 ], [ 658161.055959052988328, 331285.750317617377732 ], [ 658150.055843729060143, 331269.750083087186795 ], [ 658127.05561986786779, 331237.749504074454308 ], [ 658125.055670902482234, 331234.749435699195601 ], [ 658119.055517225526273, 331226.749212769558653 ], [ 658117.055574508151039, 331222.749159106053412 ], [ 658101.055362858227454, 331200.748674434726126 ], [ 658093.055260744993575, 331188.748495873413049 ], [ 658088.055180519004352, 331181.748364088474773 ], [ 658125.055955659016035, 331150.748362815240398 ], [ 658123.055932942661457, 331143.74824828945566 ], [ 658122.055868240073323, 331140.748183367308229 ], [ 658119.05588677583728, 331129.748018085956573 ], [ 658116.055918882251717, 331116.74777991976589 ], [ 658115.055839630193077, 331115.747786345309578 ], [ 658111.055891338502988, 331101.747553959605284 ], [ 658110.055825955234468, 331098.747488063178025 ], [ 658110.055839988868684, 331096.747415794990957 ], [ 658106.055828902986832, 331091.747357593034394 ], [ 658102.055718527524732, 331086.74719860003097 ], [ 658100.055758912465535, 331084.747212965623476 ], [ 658096.055640698992647, 331080.747140085906722 ], [ 658093.055609309230931, 331076.746974684298038 ], [ 658089.055596802849323, 331071.746916224597953 ], [ 658080.055391784175299, 331060.746704631019384 ], [ 658059.055148780578747, 331033.746129538980313 ], [ 658055.055134208872914, 331028.745970602554735 ], [ 658049.055051849456504, 331022.745811747736298 ], [ 658029.054781833197922, 330995.745239448209759 ], [ 658021.054746270528995, 330985.745020182861481 ], [ 658018.054708953015506, 330981.744953336368781 ], [ 658016.054647141718306, 330979.744866658118553 ], [ 658009.054566395934671, 330974.744788731564768 ], [ 657976.054020617739297, 330951.744087690021843 ], [ 657975.053938743076287, 330950.744093927904032 ], [ 657939.053511701175012, 330909.743203920254018 ], [ 657930.053380661876872, 330898.742889959481545 ], [ 657910.053135526482947, 330876.742451031808741 ], [ 657902.053072002599947, 330868.742206276860088 ], [ 657901.053088611224666, 330867.742213339661248 ], [ 657894.052992404554971, 330863.742026030551642 ], [ 657886.05281140236184, 330858.741945079236757 ], [ 657868.052563363802619, 330850.741553117579315 ], [ 657861.052459717495367, 330847.741455412411597 ], [ 657860.052580022835173, 330845.741475185379386 ], [ 657857.052438995568082, 330840.74131865776144 ], [ 657853.052412561024539, 330834.741269913851283 ], [ 657849.052382293739356, 330829.741109678230714 ], [ 657843.052283316035755, 330822.740962847368792 ], [ 657842.052099357824773, 330821.74096826184541 ], [ 657837.052187817171216, 330814.740827294299379 ], [ 657827.051951242028736, 330803.740507417882327 ], [ 657808.051767827710137, 330779.739995782321785 ], [ 657800.051710924017243, 330766.739706615218893 ], [ 657801.051699946401641, 330766.739710495981853 ], [ 657789.051592581323348, 330751.739425972395111 ], [ 657785.051552062039264, 330747.739353457931429 ], [ 657759.05116352380719, 330713.738615842768922 ], [ 657755.051328185945749, 330707.738465968694072 ], [ 657806.052154153236188, 330667.738478120649233 ], [ 657813.052303700824268, 330662.73845819325652 ], [ 657819.052363178343512, 330657.738533368508797 ], [ 657825.052523893071339, 330652.738509690621868 ], [ 657832.052675164071843, 330647.738490243325941 ], [ 657843.052904177922755, 330638.73852827999508 ], [ 657866.053459187736735, 330620.738410978228785 ], [ 657862.053311617579311, 330617.738420612819027 ], [ 657860.053244326845743, 330614.738439936947543 ], [ 657817.052755055367015, 330569.737277907319367 ], [ 657805.052533232490532, 330553.73697479267139 ], [ 657803.052564086741768, 330550.73689453152474 ], [ 657763.052001980482601, 330505.73583971633343 ], [ 657762.052007190650329, 330506.735827451571822 ], [ 657760.052031724830158, 330504.735837859916501 ], [ 657762.052022201241925, 330502.735762486292515 ], [ 657760.051959148957394, 330497.735598285624292 ], [ 657758.052005348959938, 330489.735560432309285 ], [ 657757.052075868472457, 330472.735402209917083 ], [ 657757.05211686110124, 330461.735195064218715 ], [ 657759.052044958574697, 330449.735001221997663 ], [ 657763.052217754651792, 330447.735133370966651 ], [ 657767.052288169390522, 330446.735156681854278 ], [ 657772.052358537446707, 330443.73510029586032 ], [ 657781.052595211658627, 330440.735160339390859 ], [ 657789.05273603356909, 330438.735308032017201 ], [ 657798.052869872422889, 330436.735360236023553 ], [ 657803.052928961231373, 330436.735380395373795 ], [ 657811.053066507913172, 330435.735521413851529 ], [ 657820.053196953609586, 330434.735567151277792 ], [ 657828.053330706432462, 330434.735701208235696 ], [ 657835.053473475272767, 330434.735731828201097 ], [ 657843.053607231704518, 330434.735866914619692 ], [ 657910.054507477791049, 330464.736934496380854 ], [ 657922.054681049077772, 330469.73705327976495 ], [ 657926.054835388436913, 330471.737257572822273 ], [ 657929.054904943099245, 330472.737264883937314 ], [ 657950.055146072525531, 330487.737647396221291 ], [ 657971.05553087790031, 330511.738254627212882 ], [ 658014.056112997350283, 330551.739343190216459 ], [ 658020.056128491414711, 330556.739432664238848 ], [ 658025.05612860515248, 330565.739579474320635 ], [ 658041.056500482838601, 330594.74020730110351 ], [ 658062.056603776989505, 330625.740839456673712 ], [ 658091.057041452964768, 330652.741461573983543 ], [ 658096.05705755634699, 330657.741644187248312 ], [ 658102.057150966022164, 330664.741714216186665 ], [ 658108.057242757640779, 330671.741883974755183 ], [ 658113.057150920853019, 330677.742055459704716 ], [ 658125.057417617412284, 330693.742374765744898 ], [ 658145.057661165832542, 330714.742895806441084 ], [ 658168.05803606484551, 330739.743496536801104 ], [ 658243.059039067127742, 330826.745404304354452 ], [ 658274.059386806795374, 330862.746236806036904 ], [ 658282.059509220998734, 330872.746485057868995 ], [ 658290.059498018352315, 330886.746684393612668 ], [ 658300.059717484517023, 330905.747040848131292 ], [ 658333.060083816177212, 330966.748169948288705 ], [ 658343.060298741795123, 330984.748430150444619 ], [ 658347.060184654430486, 330991.74867426045239 ], [ 658394.060792530304752, 331065.750127608305775 ], [ 658421.061037647421472, 331106.750921345083043 ], [ 658442.061335648992099, 331138.751577070564963 ], [ 658449.061429246328771, 331149.751789827481844 ], [ 658459.061636277940124, 331144.751759036560543 ], [ 658480.061947009526193, 331133.751921939314343 ], [ 658541.063121919403784, 331101.752194665255956 ], [ 658543.063173576025292, 331103.752188558981288 ], [ 658576.063789211330004, 331087.752361131890211 ], [ 658582.063828287529759, 331085.752452915417962 ], [ 658591.064125350327231, 331074.752401513978839 ], [ 658591.064036228111945, 331073.752414159011096 ], [ 658598.064284837106243, 331069.752446174097713 ], [ 658607.064429721096531, 331063.752426314051263 ], [ 658607.064363302197307, 331060.752365880878642 ], [ 658637.064963184762746, 331042.752442946308292 ], [ 658695.066004729829729, 331007.752673528448213 ], [ 658711.066280428436585, 331000.752754425571766 ], [ 658752.067169691901654, 330974.752885608642828 ], [ 658776.067552337772213, 330959.752972021349706 ], [ 658811.06820652470924, 330936.753101190552115 ], [ 658819.068372419453226, 330931.7530657768948 ], [ 658781.067832271219231, 330860.751828115084209 ], [ 658773.067813650006428, 330845.75150212290464 ], [ 658762.067763889906928, 330827.751171631389298 ], [ 658760.0677484520711, 330822.751103518996388 ], [ 658757.067544509423897, 330817.751021335658152 ], [ 658742.067427725880407, 330775.750302950851619 ], [ 658782.068275822559372, 330752.750448261213023 ], [ 658794.068534769583493, 330745.750474717759062 ], [ 658816.068964875652455, 330732.750593174074311 ], [ 658841.069383070804179, 330718.750563496316317 ], [ 658844.069476280361414, 330716.750723607256077 ], [ 658904.070522591006011, 330681.750981791701633 ], [ 658997.072153610992245, 330627.75131374434568 ], [ 659011.072533403406851, 330619.751393568818457 ], [ 659012.274370052968152, 330619.115231090574525 ], [ 659054.186691784881987, 330687.431289027619641 ], [ 659214.683297042152844, 330962.35732580255717 ], [ 659266.675492279464379, 331053.139498724252917 ], [ 659337.696511582005769, 331176.171655630343594 ], [ 659413.298954750527628, 331302.166799518687185 ], [ 659438.657805652357638, 331341.814702343079261 ], [ 659417.667350443545729, 331342.304516209871508 ], [ 659390.186756412498653, 331408.845023663830943 ], [ 659319.945371760404669, 331472.465007102699019 ], [ 659293.634866132866591, 331504.465153374243528 ], [ 659284.206338305608369, 331524.558985617477447 ], [ 659273.284402007004246, 331561.45562076207716 ], [ 659269.464156290167011, 331611.566289874259382 ], [ 659291.314312253845856, 331701.887453361065127 ], [ 659308.134447469259612, 331767.428427184000611 ], [ 659344.19488386134617, 331832.959555672714487 ], [ 659360.285046633565798, 331871.700179338629823 ], [ 659302.303974950802512, 331899.01997522538295 ], [ 659279.160632006707601, 331912.348107769968919 ], [ 659255.143025614204817, 331937.169919691630639 ], [ 659220.052085410105065, 332007.020396423526108 ], [ 659255.092730043688789, 332051.301334263873287 ], [ 659286.86306768853683, 332091.1620749887079 ], [ 659328.673793485970236, 332144.973110405611806 ], [ 659286.312909056432545, 332190.203273177496158 ], [ 659172.110521799651906, 332311.67357959819492 ] ] ] } },
{ "type": "Feature", "properties": { "name": "Parc Barbieux", "source": "rue", "documents": 255, "instruments_de_recherche": 9, "geometrie_officielle": false, "rue_autre_forme": "Barbieux, parc", "url": "https://www.bn-r.fr/resultat.php?type_rech=pl&index%5B%5D=rue&value%5B%5D=%22Barbieux%2C+parc%22&decouvrir_par_terme=Barbieux%2C+parc" }, "geometry": { "type": "Point", "coordinates": [ 658463.252786850905977, 331408.670105084660463 ] } },
{ "type": "Feature", "properties": { "name": "Rue de Barbieux", "source": "rue", "documents": 37, "instruments_de_recherche": 7, "geometrie_officielle": true, "rue_autre_forme": "Barbieux, rue de", "url": "https://www.bn-r.fr/resultat.php?type_rech=pl&index%5B%5D=rue&value%5B%5D=%22Barbieux%2C+rue+de%22&decouvrir_par_terme=Barbieux%2C+rue+de" }, "geometry": { "type": "LineString", "coordinates": [ [ 659211.876425874535926, 331925.39038434298709 ], [ 659201.883479704381898, 331921.385286993579939 ], [ 659150.365757366525941, 331869.299979104252998 ], [ 659124.503438702784479, 331817.499697825405747 ], [ 659109.568144368822686, 331800.200030462350696 ], [ 658982.163479262730107, 331706.665594561898615 ], [ 658969.387205271981657, 331685.829913157213014 ], [ 658936.963607296464033, 331632.622920492023695 ], [ 658916.192612044280395, 331599.571677657018881 ], [ 658913.059883281122893, 331595.197923915227875 ], [ 658882.291624301462434, 331552.022969537647441 ], [ 658814.435538790654391, 331455.256760921445675 ], [ 658800.24553694948554, 331434.294667203095742 ], [ 658788.951020430889912, 331413.587064549676143 ], [ 658713.426862004678696, 331255.322414859256241 ], [ 658705.046549623133615, 331239.54253107047407 ], [ 658662.203257311601192, 331162.635643842455465 ], [ 658645.486675107385963, 331139.866054426762275 ], [ 658587.169963232823648, 331081.258696890203282 ] ] } },
{ "type": "Feature", "properties": { "name": "Rue de la Basse Masure", "source": "rue", "documents": 4, "instruments_de_recherche": 2, "geometrie_officielle": true, "rue_autre_forme": "Basse Masure, rue de la", "url": "https://www.bn-r.fr/resultat.php?type_rech=pl&index%5B%5D=rue&value%5B%5D=%22Basse+Masure%2C+rue+de+la%22&decouvrir_par_terme=Basse+Masure%2C+rue+de+la" }, "geometry": { "type": "LineString", "coordinates": [ [ 659271.880107392906211, 333946.882995500345714 ], [ 659315.309214925393462, 333955.599600653222296 ], [ 659388.915658709476702, 333995.472174955997616 ], [ 659445.740055978414603, 334025.812584872939624 ], [ 659460.253787450259551, 334048.560557054006495 ], [ 659489.28832564142067, 334093.389143276377581 ], [ 659502.445697381393984, 334117.345972104580142 ], [ 659518.59457435098011, 334196.076810988830402 ] ] } },
{ "type": "Feature", "properties": { "name": "Rue de Bavai", "source": "rue", "documents": 3, "instruments_de_recherche": 1, "geometrie_officielle": true, "rue_autre_forme": "Bavai, rue de", "url": "https://www.bn-r.fr/resultat.php?type_rech=pl&index%5B%5D=rue&value%5B%5D=%22Bavai%2C+rue+de%22&decouvrir_par_terme=Bavai%2C+rue+de" }, "geometry": { "type": "LineString", "coordinates": [ [ 659822.322819700813852, 332315.831871149130166 ], [ 659952.684860126348212, 332181.55901284434367 ], [ 660020.681283966521733, 332112.564063941361383 ], [ 660067.58436541154515, 332065.13924894889351 ] ] } },
{ "type": "Feature", "properties": { "name": "Rue Beaumarchais", "source": "rue", "documents": 1, "instruments_de_recherche": 1, "geometrie_officielle": true, "rue_autre_forme": "Beaumarchais, rue", "url": "https://www.bn-r.fr/resultat.php?type_rech=pl&index%5B%5D=rue&value%5B%5D=%22Beaumarchais%2C+rue%22&decouvrir_par_terme=Beaumarchais%2C+rue" }, "geometry": { "type": "LineString", "coordinates": [ [ 660816.32702980923932, 332376.592268335865811 ], [ 660964.704187226714566, 332337.899814135220367 ] ] } },
{ "type": "Feature", "properties": { "name": "Rue de Beaumont", "source": "rue", "documents": 8, "instruments_de_recherche": 7, "geometrie_officielle": true, "rue_autre_forme": "Beaumont, rue de", "url": "https://www.bn-r.fr/resultat.php?type_rech=pl&index%5B%5D=rue&value%5B%5D=%22Beaumont%2C+rue+de%22&decouvrir_par_terme=Beaumont%2C+rue+de" }, "geometry": { "type": "LineString", "coordinates": [ [ 659345.736967530217953, 331831.863002831116319 ], [ 659308.365264867199585, 331766.359980599139817 ], [ 659292.047956563765183, 331701.758958731952589 ], [ 659269.422816038946621, 331613.167002784495708 ], [ 659269.376159075531177, 331585.574042103951797 ], [ 659276.99748041969724, 331542.26745245011989 ], [ 659293.605717672151513, 331504.512564989854582 ], [ 659319.977293201372959, 331472.429358880443033 ], [ 659390.17668329027947, 331408.791571663576178 ], [ 659410.591907134046778, 331359.397200379054993 ], [ 659437.591107974294573, 331340.895266780280508 ] ] } },
{ "type": "Feature", "properties": { "name": "Boulevard de Beaurepaire", "source": "rue", "documents": 35, "instruments_de_recherche": 9, "geometrie_officielle": true, "rue_autre_forme": "Beaurepaire, boulevard", "url": "https://www.bn-r.fr/resultat.php?type_rech=pl&index%5B%5D=rue&value%5B%5D=%22Beaurepaire%2C+boulevard%22&decouvrir_par_terme=Beaurepaire%2C+boulevard" }, "geometry": { "type": "MultiLineString", "coordinates": [ [ [ 660245.495466207503341, 332834.39978731633164 ], [ 660296.322720509837382, 332833.305695787537843 ], [ 660296.393385861301795, 332833.306495298282243 ], [ 660320.501602495205589, 332832.577965014264919 ], [ 660412.546987107372843, 332830.171500722994097 ], [ 660504.791839118348435, 332828.881499033770524 ], [ 660623.12748155137524, 332826.554694583523087 ], [ 660807.278193327365443, 332822.755844221857842 ], [ 660910.477771964855492, 332821.486611185770016 ], [ 660945.895184663473628, 332820.667657878715545 ], [ 661057.376755031757057, 332818.272120226407424 ], [ 661197.128516950178891, 332815.869689472950995 ], [ 661222.432282885420136, 332821.834626267664135 ], [ 661239.514515374437906, 332829.819160951767117 ], [ 661239.937229400500655, 332829.935279417666607 ], [ 661292.448796346085146, 332872.929399024054874 ], [ 661321.328189199557528, 332887.50303485232871 ], [ 661341.197755304048769, 332886.619094345543999 ] ], [ [ 661366.95105345826596, 332902.603392521385103 ], [ 661366.95105345826596, 332902.603392521385103 ] ], [ [ 661308.886624276638031, 332814.038895120378584 ], [ 661343.452349027851596, 332813.54656973562669 ], [ 661423.187515873927623, 332812.351012931670994 ], [ 661436.637329538934864, 332822.742059943382628 ] ] ] } },
{ "type": "Feature", "properties": { "name": "Rue de Beaurewaert", "source": "rue", "documents": 22, "instruments_de_recherche": 3, "geometrie_officielle": true, "rue_autre_forme": "Beaurewaert, rue", "url": "https://www.bn-r.fr/resultat.php?type_rech=pl&index%5B%5D=rue&value%5B%5D=%22Beaurewaert%2C+rue%22&decouvrir_par_terme=Beaurewaert%2C+rue" }, "geometry": { "type": "LineString", "coordinates": [ [ 659930.539758537197486, 332636.031358420674223 ], [ 660004.965045092743821, 332554.202196662430651 ], [ 660011.71190486184787, 332545.043538261030335 ], [ 660086.357478947960772, 332437.628089923178777 ], [ 660146.666102874209173, 332354.529199119948316 ], [ 660155.453250498627312, 332352.514420069404878 ] ] } },
{ "type": "Feature", "properties": { "name": "Allée de Belfort", "source": "rue", "documents": 1, "instruments_de_recherche": 1, "geometrie_officielle": true, "rue_autre_forme": "Belfort, allée", "url": "https://www.bn-r.fr/resultat.php?type_rech=pl&index%5B%5D=rue&value%5B%5D=%22Belfort%2C+all%C3%A9e%22&decouvrir_par_terme=Belfort%2C+all%C3%A9e" }, "geometry": { "type": "MultiLineString", "coordinates": [ [ [ 660032.407760037691332, 332734.41960219561588 ], [ 659900.946132736164145, 332634.252275083214045 ] ], [ [ 660005.378134948667139, 332768.605998720624484 ], [ 660043.091252609272487, 332720.854897044773679 ] ] ] } },
{ "type": "Feature", "properties": { "name": "Boulevard de Belfort", "source": "rue", "documents": 1, "instruments_de_recherche": 1, "geometrie_officielle": true, "rue_autre_forme": "Belfort, boulevard", "url": "https://www.bn-r.fr/resultat.php?type_rech=pl&index%5B%5D=rue&value%5B%5D=%22Belfort%2C+boulevard%22&decouvrir_par_terme=Belfort%2C+boulevard" }, "geometry": { "type": "LineString", "coordinates": [ [ 659804.253369210637175, 332540.375129324267618 ], [ 659834.662789688329212, 332563.969883032026701 ], [ 659869.985001729684882, 332590.624035380489659 ], [ 659870.126338874339126, 332590.625623088912107 ], [ 659884.14380479126703, 332601.130335399648175 ], [ 659913.159170576022007, 332622.929719542735256 ], [ 659930.539758537197486, 332636.031358420674223 ], [ 659930.749260518001392, 332636.256235375418328 ], [ 660059.279896656633355, 332733.053455592831597 ], [ 660083.751931505510584, 332750.240913588204421 ], [ 660187.119303535437211, 332828.065896877204068 ] ] } },
{ "type": "Feature", "properties": { "name": "Boulevard de Belfort", "source": "rue", "documents": 148, "instruments_de_recherche": 11, "geometrie_officielle": true, "rue_autre_forme": "Belfort, boulevard de", "url": "https://www.bn-r.fr/resultat.php?type_rech=pl&index%5B%5D=rue&value%5B%5D=%22Belfort%2C+boulevard+de%22&decouvrir_par_terme=Belfort%2C+boulevard+de" }, "geometry": { "type": "LineString", "coordinates": [ [ 659804.253369210637175, 332540.375129324267618 ], [ 659834.662789688329212, 332563.969883032026701 ], [ 659869.985001729684882, 332590.624035380489659 ], [ 659870.126338874339126, 332590.625623088912107 ], [ 659884.14380479126703, 332601.130335399648175 ], [ 659913.159170576022007, 332622.929719542735256 ], [ 659930.539758537197486, 332636.031358420674223 ], [ 659930.749260518001392, 332636.256235375418328 ], [ 660059.279896656633355, 332733.053455592831597 ], [ 660083.751931505510584, 332750.240913588204421 ], [ 660187.119303535437211, 332828.065896877204068 ] ] } },
{ "type": "Feature", "properties": { "name": "Rue Bell", "source": "rue", "documents": 3, "instruments_de_recherche": 3, "geometrie_officielle": true, "rue_autre_forme": "Bell, rue", "url": "https://www.bn-r.fr/resultat.php?type_rech=pl&index%5B%5D=rue&value%5B%5D=%22Bell%2C+rue%22&decouvrir_par_terme=Bell%2C+rue" }, "geometry": { "type": "LineString", "coordinates": [ [ 657770.956548212794587, 332478.561684441519901 ], [ 657861.061238986440003, 332407.887663784436882 ] ] } },
{ "type": "Feature", "properties": { "name": "Rue Bernard Palissy", "source": "rue", "documents": 3, "instruments_de_recherche": 2, "geometrie_officielle": true, "rue_autre_forme": "Bernard Palissy, rue", "url": "https://www.bn-r.fr/resultat.php?type_rech=pl&index%5B%5D=rue&value%5B%5D=%22Bernard+Palissy%2C+rue%22&decouvrir_par_terme=Bernard+Palissy%2C+rue" }, "geometry": { "type": "LineString", "coordinates": [ [ 659654.485334930242971, 331169.864028781768866 ], [ 659597.647575823473744, 331093.794260896625929 ], [ 659540.410129979718477, 331015.384229729650542 ], [ 659416.120092923752964, 330850.668597686104476 ] ] } },
{ "type": "Feature", "properties": { "name": "Rue de Béthune", "source": "rue", "documents": 2, "instruments_de_recherche": 2, "geometrie_officielle": true, "rue_autre_forme": "Bethune, rue de", "url": "https://www.bn-r.fr/resultat.php?type_rech=pl&index%5B%5D=rue&value%5B%5D=%22Bethune%2C+rue+de%22&decouvrir_par_terme=Bethune%2C+rue+de" }, "geometry": { "type": "MultiLineString", "coordinates": [ [ [ 657980.889261396951042, 332762.774410849786364 ], [ 657932.668473910889588, 332797.185730957484338 ] ], [ [ 657707.255980086745694, 332956.846347482292913 ], [ 657822.48301745695062, 332875.76270518975798 ], [ 657863.5144632991869, 332845.945257081300952 ], [ 657933.807592208264396, 332796.41929200605955 ] ] ] } },
{ "type": "Feature", "properties": { "name": "Rue de Blanchemaille", "source": "rue", "documents": 30, "instruments_de_recherche": 6, "geometrie_officielle": true, "rue_autre_forme": "Blanchemaille, rue", "url": "https://www.bn-r.fr/resultat.php?type_rech=pl&index%5B%5D=rue&value%5B%5D=%22Blanchemaille%2C+rue%22&decouvrir_par_terme=Blanchemaille%2C+rue" }, "geometry": { "type": "LineString", "coordinates": [ [ 658536.503890431369655, 333183.738086334895343 ], [ 658558.99845870025456, 333213.914308324456215 ], [ 658567.474745547631755, 333227.136203793634195 ], [ 658611.565435051103123, 333279.134604745777324 ], [ 658646.398437054944225, 333318.236528913257644 ], [ 658684.454257685807534, 333359.821918562753126 ], [ 658717.965754270320758, 333396.907092284527607 ], [ 658729.837049118708819, 333403.37977259606123 ], [ 658761.155614857678302, 333434.210463650058955 ], [ 658786.324548434000462, 333445.947915857948828 ], [ 658829.085177111555822, 333464.444052824401297 ], [ 658882.315428984933533, 333526.670444864197634 ], [ 658887.629973970470019, 333531.735909020528197 ], [ 658924.837711499538273, 333611.364934143028222 ], [ 658926.941901347134262, 333619.176463046402205 ], [ 658953.297989808255807, 333689.562345796381123 ] ] } },
{ "type": "Feature", "properties": { "name": "Rue Auguste Blanqui", "source": "rue", "documents": 1, "instruments_de_recherche": 1, "geometrie_officielle": true, "rue_autre_forme": "Blanqui, rue", "url": "https://www.bn-r.fr/resultat.php?type_rech=pl&index%5B%5D=rue&value%5B%5D=%22Blanqui%2C+rue%22&decouvrir_par_terme=Blanqui%2C+rue" }, "geometry": { "type": "LineString", "coordinates": [ [ 659255.080091692972928, 332051.260566593962722 ], [ 659313.044061681372114, 331981.143848119536415 ] ] } },
{ "type": "Feature", "properties": { "name": "Place Bodart Timal", "source": "rue", "documents": 1, "instruments_de_recherche": 1, "geometrie_officielle": true, "rue_autre_forme": "Bodart Timal, place", "url": "https://www.bn-r.fr/resultat.php?type_rech=pl&index%5B%5D=rue&value%5B%5D=%22Bodart+Timal%2C+place%22&decouvrir_par_terme=Bodart+Timal%2C+place" }, "geometry": { "type": "LineString", "coordinates": [ [ 658964.628420320339501, 332524.900571413920261 ], [ 658975.970778505783528, 332547.389384867856279 ], [ 658986.56081086199265, 332542.054824884573463 ], [ 658997.149633106775582, 332536.831532761221752 ], [ 658986.158225881750695, 332514.569079260341823 ], [ 658964.628420320339501, 332524.900571413920261 ] ] } },
{ "type": "Feature", "properties": { "name": "Rue du Bois", "source": "rue", "documents": 15, "instruments_de_recherche": 3, "geometrie_officielle": true, "rue_autre_forme": "Bois, rue du", "url": "https://www.bn-r.fr/resultat.php?type_rech=pl&index%5B%5D=rue&value%5B%5D=%22Bois%2C+rue+du%22&decouvrir_par_terme=Bois%2C+rue+du" }, "geometry": { "type": "LineString", "coordinates": [ [ 658833.767453382257372, 332713.820794868981466 ], [ 658849.957685462781228, 332738.921866098768078 ], [ 658897.733399959397502, 332847.706006353488192 ] ] } },
{ "type": "Feature", "properties": { "name": "Rue Bossuet", "source": "rue", "documents": 1, "instruments_de_recherche": 1, "geometrie_officielle": true, "rue_autre_forme": "Bossuet, rue", "url": "https://www.bn-r.fr/resultat.php?type_rech=pl&index%5B%5D=rue&value%5B%5D=%22Bossuet%2C+rue%22&decouvrir_par_terme=Bossuet%2C+rue" }, "geometry": { "type": "LineString", "coordinates": [ [ 658662.203257311601192, 331162.635643842455465 ], [ 658533.691126151126809, 331251.565775332972407 ], [ 658505.124925306765363, 331271.390170365804806 ] ] } },
{ "type": "Feature", "properties": { "name": "Rue Boucher de Perthes", "source": "rue", "documents": 5, "instruments_de_recherche": 2, "geometrie_officielle": true, "rue_autre_forme": "Boucher de Perthes, rue", "url": "https://www.bn-r.fr/resultat.php?type_rech=pl&index%5B%5D=rue&value%5B%5D=%22Boucher+de+Perthes%2C+rue%22&decouvrir_par_terme=Boucher+de+Perthes%2C+rue" }, "geometry": { "type": "LineString", "coordinates": [ [ 658142.227184459217824, 332867.559050360810943 ], [ 658052.103019347414374, 332914.41851453873096 ], [ 657938.271148564759642, 332970.923873533494771 ], [ 657772.294235378853045, 333052.789774489123374 ] ] } },
{ "type": "Feature", "properties": { "name": "Quai de Boulogne", "source": "rue", "documents": 1, "instruments_de_recherche": 1, "geometrie_officielle": true, "rue_autre_forme": "Boulogne, quai de", "url": "https://www.bn-r.fr/resultat.php?type_rech=pl&index%5B%5D=rue&value%5B%5D=%22Boulogne%2C+quai+de%22&decouvrir_par_terme=Boulogne%2C+quai+de" }, "geometry": { "type": "LineString", "coordinates": [ [ 658229.147347391117364, 334116.407325047941413 ], [ 658255.403184037189931, 334131.937080501986202 ], [ 658274.019002022803761, 334135.367216343875043 ], [ 658334.559544791816734, 334162.287287654529791 ], [ 658427.581077476264909, 334210.369960214011371 ], [ 658440.00495251850225, 334224.302587626269087 ], [ 658480.306126163806766, 334241.100155874562915 ] ] } },
{ "type": "Feature", "properties": { "name": "Rue Bourdaloue", "source": "rue", "documents": 7, "instruments_de_recherche": 3, "geometrie_officielle": true, "rue_autre_forme": "Bourdaloue, rue", "url": "https://www.bn-r.fr/resultat.php?type_rech=pl&index%5B%5D=rue&value%5B%5D=%22Bourdaloue%2C+rue%22&decouvrir_par_terme=Bourdaloue%2C+rue" }, "geometry": { "type": "MultiLineString", "coordinates": [ [ [ 660626.191289400681853, 332352.173961190390401 ], [ 660644.878579297102988, 332362.177491596899927 ], [ 660661.107491684961133, 332370.817981086089276 ], [ 660677.899189638555981, 332379.687449294724502 ], [ 660763.423016472370364, 332423.052099851309322 ], [ 660763.421748165972531, 332423.1633460232988 ] ], [ [ 660763.421748165972531, 332423.1633460232988 ], [ 660796.856734776869416, 332441.457603843591642 ] ] ] } },
{ "type": "Feature", "properties": { "name": "Rue de Bouvines", "source": "rue", "documents": 8, "instruments_de_recherche": 6, "geometrie_officielle": true, "rue_autre_forme": "Bouvines, rue de", "url": "https://www.bn-r.fr/resultat.php?type_rech=pl&index%5B%5D=rue&value%5B%5D=%22Bouvines%2C+rue+de%22&decouvrir_par_terme=Bouvines%2C+rue+de" }, "geometry": { "type": "LineString", "coordinates": [ [ 659635.809705554624088, 331739.639301535324194 ], [ 659508.8043079249328, 331800.970553061109968 ], [ 659400.284808165510185, 331852.942428046779241 ], [ 659360.412487762048841, 331872.413793076062575 ], [ 659304.345460758311674, 331898.937152760394383 ], [ 659287.504506409517489, 331906.871791373006999 ], [ 659279.186971611576155, 331911.118425429216586 ], [ 659256.201418198994361, 331937.676514883351047 ] ] } },
{ "type": "Feature", "properties": { "name": "Allée Brame", "source": "rue", "documents": 3, "instruments_de_recherche": 2, "geometrie_officielle": true, "rue_autre_forme": "Brame, allée", "url": "https://www.bn-r.fr/resultat.php?type_rech=pl&index%5B%5D=rue&value%5B%5D=%22Brame%2C+all%C3%A9e%22&decouvrir_par_terme=Brame%2C+all%C3%A9e" }, "geometry": { "type": "LineString", "coordinates": [ [ 661322.109156773658469, 332266.787759507424198 ], [ 661264.038632327341475, 332233.409314174787141 ], [ 661267.072129183565266, 332227.769890621304512 ], [ 661229.802713637589477, 332204.866959725972265 ] ] } },
{ "type": "Feature", "properties": { "name": "Impasse de la Brasserie ( rue de la Perche)", "source": "rue", "documents": 1, "instruments_de_recherche": 1, "geometrie_officielle": false, "rue_autre_forme": "Brasserie ( rue de la Perche), impasse de la", "url": "https://www.bn-r.fr/resultat.php?type_rech=pl&index%5B%5D=rue&value%5B%5D=%22Brasserie+%28+rue+de+la+Perche%29%2C+impasse+de+la%22&decouvrir_par_terme=Brasserie+%28+rue+de+la+Perche%29%2C+impasse+de+la" }, "geometry": { "type": "Point", "coordinates": [ 658513.401878155418672, 332211.069626139709726 ] } },
{ "type": "Feature", "properties": { "name": "Quai de Brest", "source": "rue", "documents": 1, "instruments_de_recherche": 1, "geometrie_officielle": true, "rue_autre_forme": "Brest, quai de", "url": "https://www.bn-r.fr/resultat.php?type_rech=pl&index%5B%5D=rue&value%5B%5D=%22Brest%2C+quai+de%22&decouvrir_par_terme=Brest%2C+quai+de" }, "geometry": { "type": "LineString", "coordinates": [ [ 660301.549065954983234, 333189.622053971979767 ], [ 660284.219446363043971, 333228.478576511144638 ], [ 660183.350799092790112, 333462.099150057532825 ], [ 660156.631902505992912, 333525.327522094361484 ], [ 660128.477922324324027, 333590.542547043180093 ] ] } },
{ "type": "Feature", "properties": { "name": "Rue Brézin", "source": "rue", "documents": 6, "instruments_de_recherche": 5, "geometrie_officielle": true, "rue_autre_forme": "Brezin, rue", "url": "https://www.bn-r.fr/resultat.php?type_rech=pl&index%5B%5D=rue&value%5B%5D=%22Brezin%2C+rue%22&decouvrir_par_terme=Brezin%2C+rue" }, "geometry": { "type": "LineString", "coordinates": [ [ 658228.009995488100685, 332480.753821215999778 ], [ 658161.114774343674071, 332542.106549343210645 ], [ 658076.21627060289029, 332621.28805461130105 ] ] } },
{ "type": "Feature", "properties": { "name": "Rue du Brondeloire", "source": "rue", "documents": 6, "instruments_de_recherche": 5, "geometrie_officielle": true, "rue_autre_forme": "Brondeloire, rue du", "url": "https://www.bn-r.fr/resultat.php?type_rech=pl&index%5B%5D=rue&value%5B%5D=%22Brondeloire%2C+rue+du%22&decouvrir_par_terme=Brondeloire%2C+rue+du" }, "geometry": { "type": "MultiLineString", "coordinates": [ [ [ 658204.42956194083672, 332756.643971148820128 ], [ 658168.800104128196836, 332718.649028139130678 ], [ 658118.97629716922529, 332666.592009258340113 ] ], [ [ 658076.21627060289029, 332621.28805461130105 ], [ 658118.97629716922529, 332666.592009258340113 ] ] ] } },
{ "type": "Feature", "properties": { "name": "Rue Buffon", "source": "rue", "documents": 3, "instruments_de_recherche": 2, "geometrie_officielle": true, "rue_autre_forme": "Buffon, rue", "url": "https://www.bn-r.fr/resultat.php?type_rech=pl&index%5B%5D=rue&value%5B%5D=%22Buffon%2C+rue%22&decouvrir_par_terme=Buffon%2C+rue" }, "geometry": { "type": "LineString", "coordinates": [ [ 659605.356519449036568, 333792.167144315200858 ], [ 659566.312340939650312, 333839.906589904800057 ], [ 659543.674274414312094, 333867.580109046655707 ], [ 659540.958228568080813, 333876.673171620466746 ], [ 659518.258292142418213, 333954.191110846120864 ], [ 659515.244995930115692, 333958.274115947191603 ] ] } },
{ "type": "Feature", "properties": { "name": "Rue Cadeau", "source": "rue", "documents": 1, "instruments_de_recherche": 1, "geometrie_officielle": false, "rue_autre_forme": "Cadeau, rue", "url": "https://www.bn-r.fr/resultat.php?type_rech=pl&index%5B%5D=rue&value%5B%5D=%22Cadeau%2C+rue%22&decouvrir_par_terme=Cadeau%2C+rue" }, "geometry": { "type": "Point", "coordinates": [ 658844.27070514857769, 334660.256712585804053 ] } },
{ "type": "Feature", "properties": { "name": "Rue du Caire", "source": "rue", "documents": 5, "instruments_de_recherche": 2, "geometrie_officielle": true, "rue_autre_forme": "Caire, rue du", "url": "https://www.bn-r.fr/resultat.php?type_rech=pl&index%5B%5D=rue&value%5B%5D=%22Caire%2C+rue+du%22&decouvrir_par_terme=Caire%2C+rue+du" }, "geometry": { "type": "MultiLineString", "coordinates": [ [ [ 660319.827183164888993, 334552.557516179105733 ], [ 660251.130054024746642, 334685.850520540378056 ] ], [ [ 660567.341923677828163, 334072.0452106569428 ], [ 660446.324197559501044, 334306.990370623650961 ] ], [ [ 660446.324197559501044, 334306.990370623650961 ], [ 660383.556142556481063, 334427.776282700477168 ], [ 660375.096626673359424, 334444.814702800824307 ], [ 660319.827183164888993, 334552.557516179105733 ] ] ] } },
{ "type": "Feature", "properties": { "name": "Quai de Calais", "source": "rue", "documents": 2, "instruments_de_recherche": 2, "geometrie_officielle": false, "rue_autre_forme": "Calais, quai de", "url": "https://www.bn-r.fr/resultat.php?type_rech=pl&index%5B%5D=rue&value%5B%5D=%22Calais%2C+quai+de%22&decouvrir_par_terme=Calais%2C+quai+de" }, "geometry": { "type": "Point", "coordinates": [ 658683.900485451798886, 334385.307951335213147 ] } },
{ "type": "Feature", "properties": { "name": "Boulevard de Cambrai", "source": "rue", "documents": 21, "instruments_de_recherche": 8, "geometrie_officielle": true, "rue_autre_forme": "Cambai, boulevard de", "url": "https://www.bn-r.fr/resultat.php?type_rech=pl&index%5B%5D=rue&value%5B%5D=%22Cambai%2C+boulevard+de%22&decouvrir_par_terme=Cambai%2C+boulevard+de" }, "geometry": { "type": "LineString", "coordinates": [ [ 658425.962036676588468, 331992.374758551712148 ], [ 658448.993045556126162, 331974.158114135498181 ], [ 658501.945413659093902, 331934.685466451221146 ], [ 658607.15428068395704, 331854.955278093228117 ], [ 658622.617494802107103, 331843.665552278165706 ], [ 658765.184906008769758, 331735.421912399004214 ] ] } },
{ "type": "Feature", "properties": { "name": "Rue du Capitaine Aubert", "source": "rue", "documents": 1, "instruments_de_recherche": 1, "geometrie_officielle": true, "rue_autre_forme": "Capitaine Aubert, rue du", "url": "https://www.bn-r.fr/resultat.php?type_rech=pl&index%5B%5D=rue&value%5B%5D=%22Capitaine+Aubert%2C+rue+du%22&decouvrir_par_terme=Capitaine+Aubert%2C+rue+du" }, "geometry": { "type": "LineString", "coordinates": [ [ 658061.973014473216608, 333617.135945158661343 ], [ 657951.734550298191607, 333734.428544318594504 ] ] } },
{ "type": "Feature", "properties": { "name": "Rue de Carihem", "source": "rue", "documents": 5, "instruments_de_recherche": 3, "geometrie_officielle": true, "rue_autre_forme": "Carihem, rue de", "url": "https://www.bn-r.fr/resultat.php?type_rech=pl&index%5B%5D=rue&value%5B%5D=%22Carihem%2C+rue+de%22&decouvrir_par_terme=Carihem%2C+rue+de" }, "geometry": { "type": "MultiLineString", "coordinates": [ [ [ 661956.664191685034893, 332093.105138101615012 ], [ 661952.844091181992553, 332178.508994376170449 ] ], [ [ 661890.445399178541265, 332134.614882391702849 ], [ 661950.854096285416745, 332136.874336520442739 ] ], [ [ 661845.004175241338089, 332085.132701208698563 ], [ 661843.881797313108109, 332145.311727229505777 ] ], [ [ 661788.866864547715522, 332128.985901053878479 ], [ 661801.100515165249817, 332146.818192482169252 ], [ 661841.810294341878034, 332147.179124080110341 ] ], [ [ 661630.102246881695464, 331989.073284619254991 ], [ 661766.745452375733294, 332134.848836260614917 ], [ 661804.860364202759229, 332176.123363225022331 ], [ 661813.850880978628993, 332187.131177601288073 ], [ 661866.726292333099991, 332259.841658249555621 ], [ 661882.838255214039236, 332284.506084993947297 ], [ 661982.996091495035216, 332375.568723084230442 ], [ 662004.930389468441717, 332385.726080462976824 ], [ 662091.211641392670572, 332393.517489165533334 ], [ 662106.136893724789843, 332398.586873098742217 ], [ 662158.816475588595495, 332433.024339583644178 ], [ 662164.396166895632632, 332439.431293478584848 ] ], [ [ 661911.816866358858533, 332162.900798916118219 ], [ 661910.557453877176158, 332204.386437702807598 ] ], [ [ 661841.087784853414632, 332203.357420292915776 ], [ 661908.276513030403294, 332206.028854877571575 ] ] ] } },
{ "type": "Feature", "properties": { "name": "Place Carnot", "source": "rue", "documents": 7, "instruments_de_recherche": 4, "geometrie_officielle": true, "rue_autre_forme": "Carnot, place", "url": "https://www.bn-r.fr/resultat.php?type_rech=pl&index%5B%5D=rue&value%5B%5D=%22Carnot%2C+place%22&decouvrir_par_terme=Carnot%2C+place" }, "geometry": { "type": "LineString", "coordinates": [ [ 660749.176819709595293, 332556.736280186334625 ], [ 660794.168873904971406, 332559.363266174099408 ] ] } },
{ "type": "Feature", "properties": { "name": "Rue Carpeaux", "source": "rue", "documents": 3, "instruments_de_recherche": 3, "geometrie_officielle": true, "rue_autre_forme": "Carpeaux, rue", "url": "https://www.bn-r.fr/resultat.php?type_rech=pl&index%5B%5D=rue&value%5B%5D=%22Carpeaux%2C+rue%22&decouvrir_par_terme=Carpeaux%2C+rue" }, "geometry": { "type": "MultiLineString", "coordinates": [ [ [ 660040.828409616602585, 331352.995792144793086 ], [ 659990.476789264939725, 331285.450487505411729 ], [ 659909.407313377247192, 331176.95058155269362 ], [ 659867.829117300338112, 331121.076141985075083 ], [ 659847.630549520254135, 331094.03576010139659 ], [ 659811.414232908049598, 331045.342611406056676 ] ], [ [ 659811.414232908049598, 331045.342611406056676 ], [ 659701.718342297826894, 330897.695396594237536 ], [ 659679.005552789545618, 330867.73479913873598 ], [ 659654.086380229680799, 330832.742938868759666 ], [ 659642.110314192948863, 330816.253800680453423 ], [ 659594.102276707417332, 330753.189124461205211 ] ] ] } },
{ "type": "Feature", "properties": { "name": "Rue de Cartigny", "source": "rue", "documents": 12, "instruments_de_recherche": 5, "geometrie_officielle": true, "rue_autre_forme": "Cartigny, rue de", "url": "https://www.bn-r.fr/resultat.php?type_rech=pl&index%5B%5D=rue&value%5B%5D=%22Cartigny%2C+rue+de%22&decouvrir_par_terme=Cartigny%2C+rue+de" }, "geometry": { "type": "LineString", "coordinates": [ [ 660001.007736027939245, 333960.050490630441345 ], [ 660046.502828950528055, 333960.89678780536633 ], [ 660128.866107478505, 333963.160755290882662 ], [ 660144.621136729721911, 333963.338574015418999 ], [ 660221.201085051521659, 333964.648601199965924 ], [ 660276.439577133976854, 333966.163303022738546 ], [ 660348.562204819521867, 333967.981047243403737 ], [ 660423.01373000361491, 333970.048701622290537 ], [ 660567.341923677828163, 334072.0452106569428 ], [ 660589.713004013639875, 334093.105462285864633 ], [ 660606.943027618457563, 334112.66092972579645 ], [ 660629.784262810717337, 334135.840674746257719 ], [ 660646.137364518479444, 334151.714666443760507 ] ] } },
{ "type": "Feature", "properties": { "name": "Rue Casimir Périer", "source": "rue", "documents": 1, "instruments_de_recherche": 1, "geometrie_officielle": true, "rue_autre_forme": "Casimir Perier, rue", "url": "https://www.bn-r.fr/resultat.php?type_rech=pl&index%5B%5D=rue&value%5B%5D=%22Casimir+Perier%2C+rue%22&decouvrir_par_terme=Casimir+Perier%2C+rue" }, "geometry": { "type": "LineString", "coordinates": [ [ 660385.442144977045245, 332384.265429685008712 ], [ 660429.189782784553245, 332316.002263803151436 ] ] } },
{ "type": "Feature", "properties": { "name": "Rue de Cassel", "source": "rue", "documents": 4, "instruments_de_recherche": 4, "geometrie_officielle": true, "rue_autre_forme": "Cassel, rue de", "url": "https://www.bn-r.fr/resultat.php?type_rech=pl&index%5B%5D=rue&value%5B%5D=%22Cassel%2C+rue+de%22&decouvrir_par_terme=Cassel%2C+rue+de" }, "geometry": { "type": "LineString", "coordinates": [ [ 658511.968600241234526, 333564.647578066273127 ], [ 658583.050130332470872, 333770.9272774271667 ], [ 658596.081484443391673, 333806.785305333440192 ], [ 658636.2518837825628, 333925.608830867917277 ] ] } },
{ "type": "Feature", "properties": { "name": "Centre", "source": "quartier", "documents": 187, "instruments_de_recherche": 8, "geometrie_officielle": false, "rue_autre_forme": null, "url": "https://www.bn-r.fr/resultat.php?type_rech=pl&index%5B%5D=quartier&value%5B%5D=%22Centre%22&decouvrir_par_terme=Centre" }, "geometry": { "type": "Polygon", "coordinates": [ [ [ 659851.124221497680992, 333134.855611168430187 ], [ 659829.56855159252882, 333177.966272016928997 ], [ 659816.268252594745718, 333211.445887451642193 ], [ 659806.178414570516907, 333233.459847840014845 ], [ 659792.419376991922036, 333250.428903140127659 ], [ 659775.908793873852119, 333265.104652750422247 ], [ 659764.703092621057294, 333271.201331969175953 ], [ 659756.088303452124819, 333274.558497517777141 ], [ 659745.630359655246139, 333277.239024937734939 ], [ 659732.934417173848487, 333279.107114010374062 ], [ 659720.077730332268402, 333278.790137008356396 ], [ 659641.475111420149915, 333271.292492543696426 ], [ 659615.765707463142462, 333266.1767107185442 ], [ 659594.075508600915782, 333258.788793371873908 ], [ 659570.373521280940622, 333246.621435295091942 ], [ 659552.706010904046707, 333238.128109499928541 ], [ 659542.931076303240843, 333233.428990989574231 ], [ 659469.403577345656231, 333194.038866601651534 ], [ 659441.551100224023685, 333183.557360996375792 ], [ 659380.426126803737134, 333166.46811215748312 ], [ 659349.863658301183023, 333154.965923672541976 ], [ 659283.809270185651258, 333119.802242769976147 ], [ 659255.218486440833658, 333106.985500658396631 ], [ 659226.299136229092255, 333101.727208508120384 ], [ 659192.778921699849889, 333106.984950703801587 ], [ 659193.568900339887477, 333063.192804595862981 ], [ 659196.722740944242105, 333029.100207463372499 ], [ 659160.573435535770841, 333025.156321067479439 ], [ 659142.82749477121979, 333018.255148041353095 ], [ 659125.410216759773903, 333001.494977761758491 ], [ 659109.636100956238806, 332963.373969769396354 ], [ 659113.908313824096695, 332941.684602857101709 ], [ 659143.813804132980295, 332884.503692409605719 ], [ 659120.809797152294777, 332879.902787627535872 ], [ 659155.619086884893477, 332709.558192020165734 ], [ 659165.29942877124995, 332661.577777188213076 ], [ 659175.399749662727118, 332613.277208541752771 ], [ 659194.800310792867094, 332558.016761646897066 ], [ 659216.240790137788281, 332496.956208953051828 ], [ 659236.528671519830823, 332458.605243586935103 ], [ 659253.248543074936606, 332433.299455442640465 ], [ 659280.524637109250762, 332457.946817880729213 ], [ 659320.288796514156274, 332491.467218544101343 ], [ 659386.343151902430691, 332532.874851458123885 ], [ 659418.220028857234865, 332563.766102474881336 ], [ 659437.280420851777308, 332627.848664295393974 ], [ 659439.154347019037232, 332660.200346260447986 ], [ 659440.237838020781055, 332679.771765679819509 ], [ 659456.340621631476097, 332740.567939209518954 ], [ 659487.560279979021288, 332779.01758943090681 ], [ 659529.953342365799472, 332805.636756210587919 ], [ 659584.177137090358883, 332835.213741991552524 ], [ 659671.589299678918906, 332881.443573017138988 ], [ 659731.766115076607093, 332911.48136292793788 ], [ 659859.238809883594513, 332950.546467579202726 ], [ 659935.0824235600885, 332974.78867265995359 ], [ 659937.352612942224368, 332975.451149413129315 ], [ 659884.60439891635906, 333076.610309208161198 ], [ 659851.124221497680992, 333134.855611168430187 ] ] ] } },
{ "type": "Feature", "properties": { "name": "Rue des Champs", "source": "rue", "documents": 38, "instruments_de_recherche": 7, "geometrie_officielle": true, "rue_autre_forme": "Champs, rue des", "url": "https://www.bn-r.fr/resultat.php?type_rech=pl&index%5B%5D=rue&value%5B%5D=%22Champs%2C+rue+des%22&decouvrir_par_terme=Champs%2C+rue+des" }, "geometry": { "type": "LineString", "coordinates": [ [ 658700.89621102612, 333143.823641492635943 ], [ 658678.246262929751538, 333050.782923486898653 ], [ 658660.473883625934832, 332976.821574664092623 ], [ 658657.23509289091453, 332962.878369803889655 ], [ 658637.415603870293126, 332882.218981184822042 ] ] } },
{ "type": "Feature", "properties": { "name": "Place Chaptal", "source": "rue", "documents": 15, "instruments_de_recherche": 2, "geometrie_officielle": true, "rue_autre_forme": "Chaptal, place", "url": "https://www.bn-r.fr/resultat.php?type_rech=pl&index%5B%5D=rue&value%5B%5D=%22Chaptal%2C+place%22&decouvrir_par_terme=Chaptal%2C+place" }, "geometry": { "type": "LineString", "coordinates": [ [ 660380.75641161785461, 333240.697635904303752 ], [ 660406.403448779485188, 333241.210820464533754 ] ] } },
{ "type": "Feature", "properties": { "name": "Rue Charlemagne", "source": "rue", "documents": 1, "instruments_de_recherche": 1, "geometrie_officielle": true, "rue_autre_forme": "Charlemagne, rue", "url": "https://www.bn-r.fr/resultat.php?type_rech=pl&index%5B%5D=rue&value%5B%5D=%22Charlemagne%2C+rue%22&decouvrir_par_terme=Charlemagne%2C+rue" }, "geometry": { "type": "LineString", "coordinates": [ [ 660362.190608751727268, 332215.5536875911057 ], [ 660268.303414175286889, 332354.901912700908724 ] ] } },
{ "type": "Feature", "properties": { "name": "Rue de Charleroi", "source": "rue", "documents": 1, "instruments_de_recherche": 1, "geometrie_officielle": true, "rue_autre_forme": "Charleroi, rue de", "url": "https://www.bn-r.fr/resultat.php?type_rech=pl&index%5B%5D=rue&value%5B%5D=%22Charleroi%2C+rue+de%22&decouvrir_par_terme=Charleroi%2C+rue+de" }, "geometry": { "type": "LineString", "coordinates": [ [ 661028.269808029406704, 332243.276935983565636 ], [ 661011.564834132557735, 332239.191565355635248 ], [ 661007.556194892385975, 332231.246177804656327 ], [ 661012.279860645881854, 332207.601744871411938 ], [ 661017.020106220850721, 332194.86104360059835 ], [ 660947.752246653311886, 332151.455726488726214 ], [ 660945.469295079587027, 332122.390625717351213 ], [ 660941.283394591533579, 332061.928314919467084 ], [ 660959.444099564221688, 332025.308770019095391 ], [ 661068.170259594800882, 331802.141080082801636 ] ] } },
{ "type": "Feature", "properties": { "name": "Avenue Charles Fourier", "source": "rue", "documents": 1, "instruments_de_recherche": 1, "geometrie_officielle": true, "rue_autre_forme": "Charles Fourier, avenue", "url": "https://www.bn-r.fr/resultat.php?type_rech=pl&index%5B%5D=rue&value%5B%5D=%22Charles+Fourier%2C+avenue%22&decouvrir_par_terme=Charles+Fourier%2C+avenue" }, "geometry": { "type": "LineString", "coordinates": [ [ 659968.890991700813174, 330897.912489442620426 ], [ 659925.121203431743197, 330785.270660999871325 ], [ 659857.087682913523167, 330610.607805705803912 ], [ 659856.346982710063457, 330582.117072981083766 ], [ 659874.428755695931613, 330445.24851928697899 ] ] } },
{ "type": "Feature", "properties": { "name": "Rue Charles Gounod", "source": "rue", "documents": 1, "instruments_de_recherche": 1, "geometrie_officielle": true, "rue_autre_forme": "Charles Gounod, rue", "url": "https://www.bn-r.fr/resultat.php?type_rech=pl&index%5B%5D=rue&value%5B%5D=%22Charles+Gounod%2C+rue%22&decouvrir_par_terme=Charles+Gounod%2C+rue" }, "geometry": { "type": "LineString", "coordinates": [ [ 657838.375809297664091, 333540.716024396242574 ], [ 657902.885124299558811, 333560.887195150949992 ], [ 658027.958945397520438, 333599.96507685049437 ], [ 658041.267564553418197, 333597.773545289062895 ] ] } },
{ "type": "Feature", "properties": { "name": "Place Charles Spriet", "source": "rue", "documents": 1, "instruments_de_recherche": 1, "geometrie_officielle": true, "rue_autre_forme": "Charles Louis Spriet, place", "url": "https://www.bn-r.fr/resultat.php?type_rech=pl&index%5B%5D=rue&value%5B%5D=%22Charles+Louis+Spriet%2C+place%22&decouvrir_par_terme=Charles+Louis+Spriet%2C+place" }, "geometry": { "type": "LineString", "coordinates": [ [ 659979.961809178697877, 330938.201761521981098 ], [ 659957.365241591120139, 330929.491850718157366 ], [ 659968.890991700813174, 330897.912489442620426 ], [ 659990.973472712910734, 330902.055016566358972 ], [ 659979.961809178697877, 330938.201761521981098 ] ] } },
{ "type": "Feature", "properties": { "name": "Rue Charles Quint", "source": "rue", "documents": 5, "instruments_de_recherche": 4, "geometrie_officielle": true, "rue_autre_forme": "Charles Quint, rue", "url": "https://www.bn-r.fr/resultat.php?type_rech=pl&index%5B%5D=rue&value%5B%5D=%22Charles+Quint%2C+rue%22&decouvrir_par_terme=Charles+Quint%2C+rue" }, "geometry": { "type": "LineString", "coordinates": [ [ 658911.178338287514634, 332277.089345710468479 ], [ 659019.147981280111708, 332094.81588685704628 ] ] } },
{ "type": "Feature", "properties": { "name": "Rue des Charpentiers", "source": "rue", "documents": 1, "instruments_de_recherche": 1, "geometrie_officielle": true, "rue_autre_forme": "Charpentiers, rue", "url": "https://www.bn-r.fr/resultat.php?type_rech=pl&index%5B%5D=rue&value%5B%5D=%22Charpentiers%2C+rue%22&decouvrir_par_terme=Charpentiers%2C+rue" }, "geometry": { "type": "LineString", "coordinates": [ [ 659426.739607572671957, 333752.788364558946341 ], [ 659418.106334164971486, 333747.57407958235126 ], [ 659383.095999820972793, 333655.393460803257767 ] ] } },
{ "type": "Feature", "properties": { "name": "Rue du Château", "source": "rue", "documents": 110, "instruments_de_recherche": 9, "geometrie_officielle": true, "rue_autre_forme": "Chateau, rue du", "url": "https://www.bn-r.fr/resultat.php?type_rech=pl&index%5B%5D=rue&value%5B%5D=%22Chateau%2C+rue+du%22&decouvrir_par_terme=Chateau%2C+rue+du" }, "geometry": { "type": "MultiLineString", "coordinates": [ [ [ 659250.038780485861935, 332759.042405101121403 ], [ 659262.255358919268474, 332658.265013401745819 ] ], [ [ 659268.485272067366168, 332606.486942356801592 ], [ 659262.255358919268474, 332658.265013401745819 ] ] ] } },
{ "type": "Feature", "properties": { "name": "Rue de la Chaussée", "source": "rue", "documents": 1, "instruments_de_recherche": 1, "geometrie_officielle": true, "rue_autre_forme": "Chaussée, rue de la", "url": "https://www.bn-r.fr/resultat.php?type_rech=pl&index%5B%5D=rue&value%5B%5D=%22Chauss%C3%A9e%2C+rue+de+la%22&decouvrir_par_terme=Chauss%C3%A9e%2C+rue+de+la" }, "geometry": { "type": "MultiLineString", "coordinates": [ [ [ 658790.503574378555641, 333983.050301269278862 ], [ 658783.922069779015146, 333983.979036734672263 ], [ 658693.064253295422532, 334047.286305540474132 ] ], [ [ 658693.064253295422532, 334047.286305540474132 ], [ 658563.827086042263545, 334137.654624396469444 ] ] ] } },
{ "type": "Feature", "properties": { "name": "Rue du Chemin de Fer", "source": "rue", "documents": 19, "instruments_de_recherche": 7, "geometrie_officielle": true, "rue_autre_forme": "Chemin de fer, rue du", "url": "https://www.bn-r.fr/resultat.php?type_rech=pl&index%5B%5D=rue&value%5B%5D=%22Chemin+de+fer%2C+rue+du%22&decouvrir_par_terme=Chemin+de+fer%2C+rue+du" }, "geometry": { "type": "LineString", "coordinates": [ [ 658435.414429218624718, 333238.258917708415538 ], [ 658491.325741154258139, 333198.484722174121998 ], [ 658500.213258749106899, 333193.575553145317826 ], [ 658536.503890431369655, 333183.738086334895343 ], [ 658607.169152891612612, 333164.821644071722403 ], [ 658654.507802159059793, 333152.88127948960755 ], [ 658669.448391827871092, 333163.059191819862463 ] ] } },
{ "type": "Feature", "properties": { "name": "Chemin neuf", "source": "quartier", "documents": 1, "instruments_de_recherche": 1, "geometrie_officielle": false, "rue_autre_forme": null, "url": "https://www.bn-r.fr/resultat.php?type_rech=pl&index%5B%5D=quartier&value%5B%5D=%22Chemin+neuf%22&decouvrir_par_terme=Chemin+neuf" }, "geometry": { "type": "Polygon", "coordinates": [ [ [ 660663.438544063130394, 331438.848881961079314 ], [ 660447.384549202164635, 331602.948347475146875 ], [ 660321.920824066386558, 331429.159123326186091 ], [ 660308.101735416450538, 331409.532996244670358 ], [ 660180.090701795415953, 331232.001450225827284 ], [ 660291.202807137276977, 331137.821545598329976 ], [ 660497.666668968973681, 330962.981921860948205 ], [ 660561.983595772297122, 330907.120555731118657 ], [ 660733.810492065153085, 331079.673689978779294 ], [ 660779.101052065496333, 331127.276711239945143 ], [ 660877.211350602097809, 331225.747419503517449 ], [ 660663.438544063130394, 331438.848881961079314 ] ] ] } },
{ "type": "Feature", "properties": { "name": "Rue du Chemin Neuf", "source": "rue", "documents": 2, "instruments_de_recherche": 2, "geometrie_officielle": true, "rue_autre_forme": "Chemin neuf, rue du", "url": "https://www.bn-r.fr/resultat.php?type_rech=pl&index%5B%5D=rue&value%5B%5D=%22Chemin+neuf%2C+rue+du%22&decouvrir_par_terme=Chemin+neuf%2C+rue+du" }, "geometry": { "type": "MultiLineString", "coordinates": [ [ [ 660574.065039857523516, 331241.760276538552716 ], [ 660555.693972307490185, 331153.767480647715274 ], [ 660547.741849270067178, 331131.870217897812836 ], [ 660517.499179992009886, 331049.52830284787342 ], [ 660512.457601025816984, 331032.782099714677315 ], [ 660496.537414337042719, 330965.400494777888525 ] ], [ [ 660764.364432697067969, 331577.817536472750362 ], [ 660707.496461597038433, 331499.955047771218233 ], [ 660663.799999983748421, 331438.598321101046167 ], [ 660632.977996819536202, 331395.078749900916591 ], [ 660590.876474595163018, 331336.299792937235907 ], [ 660585.475552158080973, 331326.336267550475895 ], [ 660579.8841539042769, 331308.248604362481274 ], [ 660574.065039857523516, 331241.760276538552716 ] ] ] } },
{ "type": "Feature", "properties": { "name": "Rue du Chevalier Roland", "source": "rue", "documents": 1, "instruments_de_recherche": 1, "geometrie_officielle": true, "rue_autre_forme": "Chevalier Roland, rue du", "url": "https://www.bn-r.fr/resultat.php?type_rech=pl&index%5B%5D=rue&value%5B%5D=%22Chevalier+Roland%2C+rue+du%22&decouvrir_par_terme=Chevalier+Roland%2C+rue+du" }, "geometry": { "type": "LineString", "coordinates": [ [ 660506.940632205922157, 331973.423436105251312 ], [ 660427.019170867861249, 331834.109004018420819 ], [ 660396.027077184175141, 331780.686630425625481 ], [ 660349.633877642569132, 331788.839467671117745 ] ] } },
{ "type": "Feature", "properties": { "name": "Rue de Choiseul", "source": "rue", "documents": 4, "instruments_de_recherche": 3, "geometrie_officielle": true, "rue_autre_forme": "Choiseul, rue", "url": "https://www.bn-r.fr/resultat.php?type_rech=pl&index%5B%5D=rue&value%5B%5D=%22Choiseul%2C+rue%22&decouvrir_par_terme=Choiseul%2C+rue" }, "geometry": { "type": "LineString", "coordinates": [ [ 659588.864262928953394, 333213.314491364988498 ], [ 659627.282634703908116, 333127.183339392882772 ], [ 659645.319666297407821, 333106.801947527099401 ], [ 659660.275760108372197, 333071.254665033950005 ], [ 659675.818050312111154, 333065.42060560209211 ], [ 659690.764490233850665, 333030.763390041422099 ] ] } },
{ "type": "Feature", "properties": { "name": "Rue Christophe Colomb", "source": "rue", "documents": 1, "instruments_de_recherche": 1, "geometrie_officielle": false, "rue_autre_forme": "Christophe Colomb, rue", "url": "https://www.bn-r.fr/resultat.php?type_rech=pl&index%5B%5D=rue&value%5B%5D=%22Christophe+Colomb%2C+rue%22&decouvrir_par_terme=Christophe+Colomb%2C+rue" }, "geometry": { "type": "Point", "coordinates": [ 658808.848543331376277, 334275.424426884681452 ] } },
{ "type": "Feature", "properties": { "name": "Rue de Cohem", "source": "rue", "documents": 2, "instruments_de_recherche": 1, "geometrie_officielle": true, "rue_autre_forme": "Cohem, rue de", "url": "https://www.bn-r.fr/resultat.php?type_rech=pl&index%5B%5D=rue&value%5B%5D=%22Cohem%2C+rue+de%22&decouvrir_par_terme=Cohem%2C+rue+de" }, "geometry": { "type": "LineString", "coordinates": [ [ 661457.529928608215414, 332077.313010076759383 ], [ 661478.082043275120668, 332060.415892211487517 ], [ 661586.734994249767624, 332022.840282778721303 ] ] } },
{ "type": "Feature", "properties": { "name": "Rue Colbert", "source": "rue", "documents": 6, "instruments_de_recherche": 2, "geometrie_officielle": true, "rue_autre_forme": "Colbert, rue", "url": "https://www.bn-r.fr/resultat.php?type_rech=pl&index%5B%5D=rue&value%5B%5D=%22Colbert%2C+rue%22&decouvrir_par_terme=Colbert%2C+rue" }, "geometry": { "type": "MultiLineString", "coordinates": [ [ [ 658871.882200351334177, 331886.466281824919861 ], [ 658756.755427354131825, 331987.11008101736661 ] ], [ [ 658756.755427354131825, 331987.11008101736661 ], [ 658731.623536081984639, 332009.863915230380371 ], [ 658628.919418653240427, 332099.743899148073979 ], [ 658625.697145628044382, 332109.944374715327285 ] ] ] } },
{ "type": "Feature", "properties": { "name": "Rue Coligny", "source": "rue", "documents": 2, "instruments_de_recherche": 2, "geometrie_officielle": true, "rue_autre_forme": "Coligny, rue", "url": "https://www.bn-r.fr/resultat.php?type_rech=pl&index%5B%5D=rue&value%5B%5D=%22Coligny%2C+rue%22&decouvrir_par_terme=Coligny%2C+rue" }, "geometry": { "type": "LineString", "coordinates": [ [ 659328.679702146910131, 332144.981479652633425 ], [ 659286.868952533230186, 332091.111391086364165 ], [ 659255.080091692972928, 332051.260566593962722 ], [ 659220.017169122467749, 332007.034426025464199 ], [ 659256.201418198994361, 331937.676514883351047 ] ] } },
{ "type": "Feature", "properties": { "name": "Rue du Collège", "source": "rue", "documents": 66, "instruments_de_recherche": 7, "geometrie_officielle": true, "rue_autre_forme": "College, rue du", "url": "https://www.bn-r.fr/resultat.php?type_rech=pl&index%5B%5D=rue&value%5B%5D=%22College%2C+rue+du%22&decouvrir_par_terme=College%2C+rue+du" }, "geometry": { "type": "MultiLineString", "coordinates": [ [ [ 659550.652394809992984, 333236.808413665683474 ], [ 659567.353757219505496, 333177.804338641639333 ], [ 659621.233472665888257, 333004.617607722000685 ] ], [ [ 659448.231655334238894, 333498.462972185458057 ], [ 659491.535233102622442, 333392.135790988977533 ], [ 659517.044385763350874, 333329.001951040350832 ], [ 659550.652394809992984, 333236.808413665683474 ] ], [ [ 659225.973884615348652, 333735.087800406850874 ], [ 659383.095999820972793, 333655.393460803257767 ], [ 659386.406856021145359, 333649.978570667211898 ], [ 659410.149644812452607, 333592.943833210738376 ], [ 659448.231655334238894, 333498.462972185458057 ] ] ] } },
{ "type": "Feature", "properties": { "name": "Rue du Collège", "source": "rue", "documents": 12, "instruments_de_recherche": 5, "geometrie_officielle": true, "rue_autre_forme": "Collège, rue du", "url": "https://www.bn-r.fr/resultat.php?type_rech=pl&index%5B%5D=rue&value%5B%5D=%22Coll%C3%A8ge%2C+rue+du%22&decouvrir_par_terme=Coll%C3%A8ge%2C+rue+du" }, "geometry": { "type": "MultiLineString", "coordinates": [ [ [ 659550.652394809992984, 333236.808413665683474 ], [ 659567.353757219505496, 333177.804338641639333 ], [ 659621.233472665888257, 333004.617607722000685 ] ], [ [ 659448.231655334238894, 333498.462972185458057 ], [ 659491.535233102622442, 333392.135790988977533 ], [ 659517.044385763350874, 333329.001951040350832 ], [ 659550.652394809992984, 333236.808413665683474 ] ], [ [ 659225.973884615348652, 333735.087800406850874 ], [ 659383.095999820972793, 333655.393460803257767 ], [ 659386.406856021145359, 333649.978570667211898 ], [ 659410.149644812452607, 333592.943833210738376 ], [ 659448.231655334238894, 333498.462972185458057 ] ] ] } },
{ "type": "Feature", "properties": { "name": "Rue de la Concorde", "source": "rue", "documents": 1, "instruments_de_recherche": 1, "geometrie_officielle": true, "rue_autre_forme": "Concorde, rue de la", "url": "https://www.bn-r.fr/resultat.php?type_rech=pl&index%5B%5D=rue&value%5B%5D=%22Concorde%2C+rue+de+la%22&decouvrir_par_terme=Concorde%2C+rue+de+la" }, "geometry": { "type": "LineString", "coordinates": [ [ 658596.854866575798951, 332605.290985424013343 ], [ 658675.211152935517021, 332697.386472756741568 ] ] } },
{ "type": "Feature", "properties": { "name": "Rue de Condé", "source": "rue", "documents": 6, "instruments_de_recherche": 4, "geometrie_officielle": true, "rue_autre_forme": "Conde, rue de", "url": "https://www.bn-r.fr/resultat.php?type_rech=pl&index%5B%5D=rue&value%5B%5D=%22Conde%2C+rue+de%22&decouvrir_par_terme=Conde%2C+rue+de" }, "geometry": { "type": "LineString", "coordinates": [ [ 660431.890894250827841, 332645.030445840675384 ], [ 660457.990058765397407, 332612.170770458586048 ], [ 660484.163998365169391, 332578.978291327017359 ], [ 660533.712508077383973, 332516.456050417153165 ], [ 660543.376743659726344, 332505.662283489946276 ], [ 660543.74292834661901, 332492.092647270765156 ], [ 660546.505474989418872, 332485.337132234941237 ], [ 660593.596469501499087, 332402.871896750701126 ], [ 660599.078617165796459, 332399.37388725229539 ], [ 660622.049119930481538, 332362.140296526602469 ], [ 660626.191289400681853, 332352.173961190390401 ] ] } },
{ "type": "Feature", "properties": { "name": "Rue Condorcet", "source": "rue", "documents": 1, "instruments_de_recherche": 1, "geometrie_officielle": true, "rue_autre_forme": "Condorcet, rue", "url": "https://www.bn-r.fr/resultat.php?type_rech=pl&index%5B%5D=rue&value%5B%5D=%22Condorcet%2C+rue%22&decouvrir_par_terme=Condorcet%2C+rue" }, "geometry": { "type": "LineString", "coordinates": [ [ 660049.800817851908505, 333486.405050313100219 ], [ 660111.452608633320779, 333508.684816145629156 ] ] } },
{ "type": "Feature", "properties": { "name": "Rue de la Conférence", "source": "rue", "documents": 7, "instruments_de_recherche": 4, "geometrie_officielle": true, "rue_autre_forme": "Conference, rue de la", "url": "https://www.bn-r.fr/resultat.php?type_rech=pl&index%5B%5D=rue&value%5B%5D=%22Conference%2C+rue+de+la%22&decouvrir_par_terme=Conference%2C+rue+de+la" }, "geometry": { "type": "MultiLineString", "coordinates": [ [ [ 660584.123873967211694, 333267.149477370781824 ], [ 660593.335483156843111, 333376.846376600442454 ], [ 660600.877854396123439, 333471.726635524420999 ], [ 660608.941079901647754, 333564.276390873128548 ], [ 660617.44315949967131, 333580.951025169226341 ] ], [ [ 660581.463657600223087, 333233.852183354203589 ], [ 660584.123873967211694, 333267.149477370781824 ] ] ] } },
{ "type": "Feature", "properties": { "name": "Rue de Constantine", "source": "rue", "documents": 6, "instruments_de_recherche": 2, "geometrie_officielle": true, "rue_autre_forme": "Constantine, rue de", "url": "https://www.bn-r.fr/resultat.php?type_rech=pl&index%5B%5D=rue&value%5B%5D=%22Constantine%2C+rue+de%22&decouvrir_par_terme=Constantine%2C+rue+de" }, "geometry": { "type": "LineString", "coordinates": [ [ 659881.185607592109591, 334228.956312415364664 ], [ 659969.620644296403043, 334294.037565280275885 ], [ 660004.72735392395407, 334319.911713609064464 ], [ 660050.477763302857056, 334354.250669430941343 ], [ 660181.509777351282537, 334450.857802737620659 ], [ 660203.585348268738016, 334466.795099300332367 ], [ 660319.827183164888993, 334552.557516179105733 ], [ 660327.134955662535504, 334556.089373058232013 ], [ 660363.233489879756235, 334581.420879447134212 ] ] } },
{ "type": "Feature", "properties": { "name": "Rue Copernic", "source": "rue", "documents": 2, "instruments_de_recherche": 1, "geometrie_officielle": true, "rue_autre_forme": "Copernic, rue", "url": "https://www.bn-r.fr/resultat.php?type_rech=pl&index%5B%5D=rue&value%5B%5D=%22Copernic%2C+rue%22&decouvrir_par_terme=Copernic%2C+rue" }, "geometry": { "type": "LineString", "coordinates": [ [ 660345.700222906190902, 332529.566635000112001 ], [ 660436.569208282744512, 332419.446966033428907 ] ] } },
{ "type": "Feature", "properties": { "name": "Rue du Coq Français", "source": "rue", "documents": 13, "instruments_de_recherche": 4, "geometrie_officielle": true, "rue_autre_forme": "Coq français, rue du", "url": "https://www.bn-r.fr/resultat.php?type_rech=pl&index%5B%5D=rue&value%5B%5D=%22Coq+fran%C3%A7ais%2C+rue+du%22&decouvrir_par_terme=Coq+fran%C3%A7ais%2C+rue+du" }, "geometry": { "type": "MultiLineString", "coordinates": [ [ [ 659844.704037102754228, 332085.106738265138119 ], [ 659760.001721733948216, 332175.389803343743552 ], [ 659734.282343562459573, 332218.715528756496496 ], [ 659705.039341569179669, 332267.453665709123015 ], [ 659680.395873134490103, 332309.456589449255262 ], [ 659623.499466395005584, 332404.058655564673245 ] ], [ [ 659455.515419872594066, 332649.180165723431855 ], [ 659479.890942844911478, 332643.555344520427752 ], [ 659492.010147897643037, 332627.891627753560897 ], [ 659498.56141027668491, 332617.172496973769739 ], [ 659526.844846387626603, 332565.418435973464511 ], [ 659532.108056437922642, 332556.131347563001327 ], [ 659590.355649051722139, 332447.858350758964662 ], [ 659596.283727763569914, 332436.019773735373747 ] ] ] } },
{ "type": "Feature", "properties": { "name": "Avenue Cordonnier", "source": "rue", "documents": 1, "instruments_de_recherche": 1, "geometrie_officielle": true, "rue_autre_forme": "Cordonnier, avenue", "url": "https://www.bn-r.fr/resultat.php?type_rech=pl&index%5B%5D=rue&value%5B%5D=%22Cordonnier%2C+avenue%22&decouvrir_par_terme=Cordonnier%2C+avenue" }, "geometry": { "type": "LineString", "coordinates": [ [ 660664.366497370414436, 331736.670734781655483 ], [ 660502.727375429822132, 331559.932638422586024 ] ] } },
{ "type": "Feature", "properties": { "name": "Rue Corneille", "source": "rue", "documents": 3, "instruments_de_recherche": 1, "geometrie_officielle": true, "rue_autre_forme": "Corneille, rue", "url": "https://www.bn-r.fr/resultat.php?type_rech=pl&index%5B%5D=rue&value%5B%5D=%22Corneille%2C+rue%22&decouvrir_par_terme=Corneille%2C+rue" }, "geometry": { "type": "LineString", "coordinates": [ [ 658225.106859854189679, 333781.356648114684504 ], [ 658141.394834021106362, 333921.855077426007483 ] ] } },
{ "type": "Feature", "properties": { "name": "Rue de Croix", "source": "rue", "documents": 4, "instruments_de_recherche": 2, "geometrie_officielle": true, "rue_autre_forme": "Croix, rue de", "url": "https://www.bn-r.fr/resultat.php?type_rech=pl&index%5B%5D=rue&value%5B%5D=%22Croix%2C+rue+de%22&decouvrir_par_terme=Croix%2C+rue+de" }, "geometry": { "type": "LineString", "coordinates": [ [ 658264.127356817014515, 332041.004049832932651 ], [ 658232.295159197179601, 332082.044863829389215 ], [ 658231.225492668105289, 332089.376329769438598 ], [ 658230.171627931646071, 332095.261590326321311 ], [ 658235.255738088511862, 332108.668320338125341 ], [ 658254.960244618472643, 332142.4841285062721 ], [ 658310.778506374452263, 332234.88393067731522 ], [ 658329.520632863743231, 332266.130537247285247 ], [ 658336.522224929998629, 332278.668283777544275 ], [ 658355.309076929930598, 332299.345778469170909 ], [ 658371.580803990014829, 332304.419393965858035 ], [ 658371.580803990014829, 332304.419393965858035 ] ] } },
{ "type": "Feature", "properties": { "name": "Crouy", "source": "quartier", "documents": 3, "instruments_de_recherche": 3, "geometrie_officielle": false, "rue_autre_forme": null, "url": "https://www.bn-r.fr/resultat.php?type_rech=pl&index%5B%5D=quartier&value%5B%5D=%22Crouy%22&decouvrir_par_terme=Crouy" }, "geometry": { "type": "Polygon", "coordinates": [ [ [ 659120.809797152294777, 332879.902787627535872 ], [ 658895.424070790992118, 332847.017396640498191 ], [ 658850.143589965300635, 332740.124929432175122 ], [ 658832.175775255891494, 332711.040216415771283 ], [ 658809.974825285142288, 332667.932686939020641 ], [ 658915.685126162017696, 332626.894896722515114 ], [ 659065.027984142303467, 332555.095496727852151 ], [ 659051.470310298376717, 332391.890505412244238 ], [ 659052.068297249032184, 332359.062967371428385 ], [ 659185.680400067940354, 332437.555269350181334 ], [ 659236.528671519830823, 332458.605243586935103 ], [ 659216.240790137788281, 332496.956208953051828 ], [ 659194.800310792867094, 332558.016761646897066 ], [ 659175.399749662727118, 332613.277208541752771 ], [ 659165.29942877124995, 332661.577777188213076 ], [ 659155.619086884893477, 332709.558192020165734 ], [ 659120.809797152294777, 332879.902787627535872 ] ] ] } },
{ "type": "Feature", "properties": { "name": "Rue de Crouy", "source": "rue", "documents": 8, "instruments_de_recherche": 3, "geometrie_officielle": true, "rue_autre_forme": "Crouy, rue de", "url": "https://www.bn-r.fr/resultat.php?type_rech=pl&index%5B%5D=rue&value%5B%5D=%22Crouy%2C+rue+de%22&decouvrir_par_terme=Crouy%2C+rue+de" }, "geometry": { "type": "LineString", "coordinates": [ [ 659051.988102773204446, 332390.797818646824453 ], [ 658943.731109082465991, 332420.529830772662535 ], [ 658892.620096607832238, 332434.206137590808794 ], [ 658834.78583264327608, 332448.698794054391328 ] ] } },
{ "type": "Feature", "properties": { "name": "Rue Cugnot", "source": "rue", "documents": 9, "instruments_de_recherche": 3, "geometrie_officielle": true, "rue_autre_forme": "Cugnot, rue", "url": "https://www.bn-r.fr/resultat.php?type_rech=pl&index%5B%5D=rue&value%5B%5D=%22Cugnot%2C+rue%22&decouvrir_par_terme=Cugnot%2C+rue" }, "geometry": { "type": "LineString", "coordinates": [ [ 657977.829537910409272, 332316.365745566028636 ], [ 658074.21439646917861, 332448.256811614846811 ], [ 658087.261408033082262, 332444.393625551136211 ] ] } },
{ "type": "Feature", "properties": { "name": "Cul de Four", "source": "quartier", "documents": 18, "instruments_de_recherche": 7, "geometrie_officielle": false, "rue_autre_forme": null, "url": "https://www.bn-r.fr/resultat.php?type_rech=pl&index%5B%5D=quartier&value%5B%5D=%22Cul+de+Four%22&decouvrir_par_terme=Cul+de+Four" }, "geometry": { "type": "Polygon", "coordinates": [ [ [ 659020.062929143779911, 334536.796331190969795 ], [ 658990.062270495807752, 334560.796236508293077 ], [ 658922.060911836801097, 334617.796144858119078 ], [ 658877.059962437371723, 334655.796027279749978 ], [ 658868.059763642842881, 334662.796090650255792 ], [ 658861.059691882110201, 334668.796027513046283 ], [ 658856.059658373007551, 334672.796080860774964 ], [ 658845.059524740907364, 334681.796029345772695 ], [ 658791.058291489025578, 334752.796214460628107 ], [ 658790.058224931242876, 334753.796055856510065 ], [ 658784.058221781626344, 334751.796067056478932 ], [ 658772.057843428337947, 334745.795877394732088 ], [ 658766.611533682560548, 334740.844579361088108 ], [ 658789.028298218501732, 334688.445665194070898 ], [ 658822.058963878313079, 334606.795225207926705 ], [ 658871.216236670385115, 334494.533978165592998 ], [ 658903.951713933143765, 334424.45888273906894 ], [ 658956.040188314625993, 334302.611154847079888 ], [ 658977.622413326404057, 334248.403504113084637 ], [ 658998.122776594944298, 334201.493317188229412 ], [ 659018.233184375567362, 334153.743115666205995 ], [ 659062.610475968103856, 334046.842205376364291 ], [ 659109.865147069329396, 333937.562063369026873 ], [ 659141.105608381563798, 333862.166175735997967 ], [ 659147.30344239808619, 333847.486870457534678 ], [ 659171.564152779523283, 333790.026844885200262 ], [ 659214.494503282941878, 333720.211879704555031 ], [ 659228.61592273239512, 333733.67816317465622 ], [ 659262.70600048545748, 333765.744968824321404 ], [ 659351.069692856632173, 333836.793356746144127 ], [ 659438.247759818099439, 333903.004618106177077 ], [ 659517.155504410387948, 333960.198615176661406 ], [ 659592.453944799490273, 334015.356880087463651 ], [ 659642.764884509961121, 334053.507642901851796 ], [ 659743.776585769141093, 334128.009027435560711 ], [ 659871.110518984030932, 334220.954556069220416 ], [ 659843.078362072003074, 334279.80120272905333 ], [ 659811.07771847746335, 334327.801321663893759 ], [ 659767.076730686472729, 334383.801333535811864 ], [ 659737.165014173369855, 334415.156098274164833 ], [ 659693.755730573204346, 334451.325443516485393 ], [ 659615.073981315246783, 334497.801018901809584 ], [ 659607.104225739371032, 334503.927362815360539 ], [ 659606.823160382686183, 334504.143400753382593 ], [ 659606.823174437042326, 334518.300742250401527 ], [ 659601.044638829305768, 334531.880086164106615 ], [ 659587.753975034342147, 334541.992317209718749 ], [ 659575.914967503747903, 334547.189773463062011 ], [ 659575.907951094210148, 334547.192905726958998 ], [ 659536.324869799544103, 334609.889196106174495 ], [ 659520.071946556447074, 334600.8010660528671 ], [ 659513.071939227171242, 334611.801049421541393 ], [ 659512.071963255875744, 334612.801086445571855 ], [ 659500.071722514927387, 334631.801119391282555 ], [ 659495.071526824496686, 334637.801157619338483 ], [ 659487.071429160074331, 334650.801230614422821 ], [ 659486.071373535320163, 334650.801210994599387 ], [ 659485.071399019216187, 334651.801148075144738 ], [ 659484.071343395975418, 334651.80112846737029 ], [ 659482.071331105311401, 334651.801189994730521 ], [ 659481.071295065572485, 334650.80111477675382 ], [ 659477.071229245513678, 334647.801070112385787 ], [ 659475.071236411342397, 334646.801076093281154 ], [ 659469.071135042817332, 334639.800969348871149 ], [ 659465.071006698999554, 334634.800912221777253 ], [ 659463.071032958570868, 334632.80086250253953 ], [ 659462.070996592170559, 334631.800787285319529 ], [ 659462.071015113848262, 334630.800831302884035 ], [ 659460.07082308921963, 334629.800735792494379 ], [ 659458.070910247042775, 334629.800798625452444 ], [ 659454.070805320283398, 334628.800766074797139 ], [ 659450.070701207616366, 334627.800633829785511 ], [ 659448.070688510895707, 334627.80069594696397 ], [ 659446.070695968577638, 334626.800602427567355 ], [ 659444.070664888597094, 334627.800620624097064 ], [ 659443.070609070360661, 334627.800601376744453 ], [ 659442.070553244790062, 334627.800582132185809 ], [ 659440.070602818042971, 334629.800657106447034 ], [ 659438.070472901454195, 334630.800574664957821 ], [ 659437.070497735985555, 334631.800612160586752 ], [ 659436.070441952906549, 334631.800592964864336 ], [ 659434.070430216263048, 334631.800555493915454 ], [ 659432.070418472634628, 334631.800518065458164 ], [ 659431.070361800957471, 334631.800598739646375 ], [ 659430.070405848091468, 334631.800580485607497 ], [ 659430.07038759381976, 334632.800536457449198 ], [ 659429.070312692783773, 334633.800573115469888 ], [ 659428.07022046064958, 334635.800465886713937 ], [ 659420.070179243106395, 334640.800496542360634 ], [ 659419.070185277261771, 334642.800589815306012 ], [ 659416.070125445374288, 334647.800513441325165 ], [ 659417.07008773193229, 334652.800611013895832 ], [ 659416.070094807655551, 334654.80060427391436 ], [ 659413.069990785093978, 334656.800559507100843 ], [ 659413.070052631082945, 334658.800671548815444 ], [ 659411.070086030988023, 334661.800602366565727 ], [ 659409.06998179492075, 334666.800643265421968 ], [ 659409.069962836569175, 334667.800698762992397 ], [ 659408.069889297126792, 334668.800635464023799 ], [ 659407.069914722931571, 334669.800672883924562 ], [ 659406.069859261857346, 334669.800653944548685 ], [ 659405.069903637748212, 334669.800635906518437 ], [ 659399.069806537241675, 334667.800612980965525 ], [ 659397.069695596932434, 334667.800575250177644 ], [ 659388.069594785454683, 334667.800509272085037 ], [ 659386.069502608035691, 334666.800416238373145 ], [ 659384.069509329739958, 334665.800423950480763 ], [ 659382.069416195037775, 334664.800430795876309 ], [ 659364.069005541387014, 334670.800334407656919 ], [ 659358.069036048138514, 334672.800237757735886 ], [ 659331.068581971921958, 334675.800016691500787 ], [ 659322.068345583276823, 334677.800065735937096 ], [ 659299.067763327970169, 334683.799888613284566 ], [ 659292.067640522262082, 334685.799776217958424 ], [ 659278.067511531990021, 334688.799697843263857 ], [ 659275.067379536572844, 334686.799733416759409 ], [ 659273.067387455725111, 334685.799543555709533 ], [ 659246.066929833730683, 334671.799296369077638 ], [ 659234.066682006348856, 334664.799199801404029 ], [ 659184.065750177600421, 334637.798545824363828 ], [ 659157.065271761151962, 334623.798213927075267 ], [ 659138.06487113062758, 334613.797941038268618 ], [ 659117.064586931839585, 334601.797627087507863 ], [ 659101.064315887982957, 334593.797420175978914 ], [ 659096.064197702566162, 334589.797414674772881 ], [ 659080.063902602065355, 334576.797127529862337 ], [ 659077.063765237107873, 334574.797066526603885 ], [ 659065.063691359828226, 334561.796844259486534 ], [ 659056.063468786305748, 334549.796723326318897 ], [ 659051.063363043125719, 334544.796661774627864 ], [ 659034.063006803975441, 334524.796362024266273 ], [ 659020.062929143779911, 334536.796331190969795 ] ] ] } },
{ "type": "Feature", "properties": { "name": "Rue du Curoir", "source": "rue", "documents": 17, "instruments_de_recherche": 8, "geometrie_officielle": true, "rue_autre_forme": "Curoir, rue du", "url": "https://www.bn-r.fr/resultat.php?type_rech=pl&index%5B%5D=rue&value%5B%5D=%22Curoir%2C+rue+du%22&decouvrir_par_terme=Curoir%2C+rue+du" }, "geometry": { "type": "MultiLineString", "coordinates": [ [ [ 659063.810490785399452, 332535.78968341142172 ], [ 659049.109435663558543, 332357.165340694482438 ] ], [ [ 659065.525001269415952, 332553.276552523428109 ], [ 659077.157889005145989, 332715.289310417603701 ] ] ] } },
{ "type": "Feature", "properties": { "name": "Rue du Curé", "source": "rue", "documents": 25, "instruments_de_recherche": 9, "geometrie_officielle": true, "rue_autre_forme": "Curé, rue du", "url": "https://www.bn-r.fr/resultat.php?type_rech=pl&index%5B%5D=rue&value%5B%5D=%22Cur%C3%A9%2C+rue+du%22&decouvrir_par_terme=Cur%C3%A9%2C+rue+du" }, "geometry": { "type": "MultiLineString", "coordinates": [ [ [ 659203.944034328567795, 332957.575205616885796 ], [ 659197.709581297705881, 333028.935244046268053 ], [ 659193.111705517745577, 333067.491604498587549 ], [ 659202.571213841671124, 333087.512335661333054 ], [ 659240.902329789241776, 333091.387380308238789 ], [ 659259.784356931340881, 333109.287757585174404 ] ], [ [ 659171.14520048443228, 333117.314944047131576 ], [ 659181.382989423233084, 333099.070621510385536 ], [ 659194.757618183968589, 333091.097139811550733 ], [ 659202.571213841671124, 333087.512335661333054 ] ] ] } },
{ "type": "Feature", "properties": { "name": "Rue Cuvelle", "source": "rue", "documents": 3, "instruments_de_recherche": 2, "geometrie_officielle": true, "rue_autre_forme": "Cuvelle, rue", "url": "https://www.bn-r.fr/resultat.php?type_rech=pl&index%5B%5D=rue&value%5B%5D=%22Cuvelle%2C+rue%22&decouvrir_par_terme=Cuvelle%2C+rue" }, "geometry": { "type": "LineString", "coordinates": [ [ 659199.285638258093968, 333586.814171996724326 ], [ 659048.087353135109879, 333674.03402344713686 ] ] } },
{ "type": "Feature", "properties": { "name": "Rue Cuvier", "source": "rue", "documents": 4, "instruments_de_recherche": 3, "geometrie_officielle": true, "rue_autre_forme": "Cuvier, rue", "url": "https://www.bn-r.fr/resultat.php?type_rech=pl&index%5B%5D=rue&value%5B%5D=%22Cuvier%2C+rue%22&decouvrir_par_terme=Cuvier%2C+rue" }, "geometry": { "type": "LineString", "coordinates": [ [ 657861.760162490303628, 333196.284894150099717 ], [ 657861.402028352720663, 333196.726047278789338 ], [ 657878.698560110875405, 333256.88323596608825 ], [ 657884.639264584053308, 333288.99076753744157 ], [ 657887.047017648816109, 333308.042459118762054 ], [ 657900.306542562087998, 333336.446667438256554 ], [ 657905.277920557302423, 333347.181690583878662 ], [ 657920.646790385129862, 333370.045852630399168 ], [ 657938.386448454926722, 333395.828611998236738 ], [ 657936.952844966202974, 333430.192528956395108 ], [ 657935.599782582372427, 333450.649758411804214 ], [ 657935.275330284261145, 333460.993462305981666 ], [ 657936.669624562258832, 333469.241902346548159 ], [ 657939.765725341625512, 333476.952543411985971 ], [ 657971.44695736374706, 333513.790571458055638 ], [ 658041.267564553418197, 333597.773545289062895 ] ] } },
{ "type": "Feature", "properties": { "name": "Rue Daguesseau", "source": "rue", "documents": 4, "instruments_de_recherche": 3, "geometrie_officielle": true, "rue_autre_forme": "Daguesseau, rue", "url": "https://www.bn-r.fr/resultat.php?type_rech=pl&index%5B%5D=rue&value%5B%5D=%22Daguesseau%2C+rue%22&decouvrir_par_terme=Daguesseau%2C+rue" }, "geometry": { "type": "LineString", "coordinates": [ [ 659385.57964179746341, 332037.136495710990857 ], [ 659357.689722697483376, 332015.352639103657566 ], [ 659313.044061681372114, 331981.143848119536415 ], [ 659256.201418198994361, 331937.676514883351047 ], [ 659224.561053650337271, 331922.52728619298432 ], [ 659219.432498930371366, 331919.688805777288508 ] ] } },
{ "type": "Feature", "properties": { "name": "Rue de Dammartin", "source": "rue", "documents": 12, "instruments_de_recherche": 5, "geometrie_officielle": true, "rue_autre_forme": "Dammartin, rue", "url": "https://www.bn-r.fr/resultat.php?type_rech=pl&index%5B%5D=rue&value%5B%5D=%22Dammartin%2C+rue%22&decouvrir_par_terme=Dammartin%2C+rue" }, "geometry": { "type": "LineString", "coordinates": [ [ 659003.276643059332855, 332072.721943406213541 ], [ 659211.876425874535926, 331925.39038434298709 ], [ 659219.432498930371366, 331919.688805777288508 ], [ 659345.736967530217953, 331831.863002831116319 ] ] } },
{ "type": "Feature", "properties": { "name": "Rue Dampierre", "source": "rue", "documents": 9, "instruments_de_recherche": 5, "geometrie_officielle": true, "rue_autre_forme": "Dampierre, rue", "url": "https://www.bn-r.fr/resultat.php?type_rech=pl&index%5B%5D=rue&value%5B%5D=%22Dampierre%2C+rue%22&decouvrir_par_terme=Dampierre%2C+rue" }, "geometry": { "type": "LineString", "coordinates": [ [ 660880.468091356335208, 332658.257847074652091 ], [ 660830.086424669134431, 332756.37088764028158 ], [ 660827.690947790280916, 332761.906587368168402 ], [ 660807.278193327365443, 332822.755844221857842 ], [ 660746.016007669037208, 333007.640368490130641 ] ] } },
{ "type": "Feature", "properties": { "name": "Rue du Danemark", "source": "rue", "documents": 6, "instruments_de_recherche": 3, "geometrie_officielle": true, "rue_autre_forme": "Danemark, rue du", "url": "https://www.bn-r.fr/resultat.php?type_rech=pl&index%5B%5D=rue&value%5B%5D=%22Danemark%2C+rue+du%22&decouvrir_par_terme=Danemark%2C+rue+du" }, "geometry": { "type": "LineString", "coordinates": [ [ 657765.078974342555739, 332629.589094978640787 ], [ 657729.663710611057468, 332662.805913793912623 ], [ 657719.739710150985047, 332672.044276074389927 ], [ 657605.946190194459632, 332777.177767879213206 ] ] } },
{ "type": "Feature", "properties": { "name": "Rue Darbo", "source": "rue", "documents": 2, "instruments_de_recherche": 2, "geometrie_officielle": false, "rue_autre_forme": "Darbo, rue", "url": "https://www.bn-r.fr/resultat.php?type_rech=pl&index%5B%5D=rue&value%5B%5D=%22Darbo%2C+rue%22&decouvrir_par_terme=Darbo%2C+rue" }, "geometry": { "type": "Point", "coordinates": [ 658799.496727732010186, 334544.684732709079981 ] } },
{ "type": "Feature", "properties": { "name": "Rue Daubenton", "source": "rue", "documents": 40, "instruments_de_recherche": 10, "geometrie_officielle": true, "rue_autre_forme": "Daubenton, rue", "url": "https://www.bn-r.fr/resultat.php?type_rech=pl&index%5B%5D=rue&value%5B%5D=%22Daubenton%2C+rue%22&decouvrir_par_terme=Daubenton%2C+rue" }, "geometry": { "type": "LineString", "coordinates": [ [ 659262.385765818064101, 333764.976807041210122 ], [ 659350.61919411981944, 333836.832146952277981 ], [ 659438.148773220484145, 333901.894219485577196 ], [ 659515.244995930115692, 333958.274115947191603 ], [ 659590.849720861529931, 334015.194787096348591 ], [ 659643.057828552089632, 334053.830288066354115 ], [ 659743.414094792446122, 334127.496984718251042 ], [ 659857.562598159303889, 334212.224177948141005 ] ] } },
{ "type": "Feature", "properties": { "name": "Rue David d'Angers", "source": "rue", "documents": 3, "instruments_de_recherche": 2, "geometrie_officielle": true, "rue_autre_forme": "David D\\'angers, rue", "url": "https://www.bn-r.fr/resultat.php?type_rech=pl&index%5B%5D=rue&value%5B%5D=%22David+D%5C%27angers%2C+rue%22&decouvrir_par_terme=David+D%5C%27angers%2C+rue" }, "geometry": { "type": "MultiLineString", "coordinates": [ [ [ 659860.999068461474963, 331005.289364676631521 ], [ 659734.302986094611697, 330835.309998230775818 ], [ 659650.299456195556559, 330722.553670736728236 ] ], [ [ 659867.06411613500677, 331012.92312638531439 ], [ 659893.673819171614014, 331048.268809144501574 ] ] ] } },
{ "type": "Feature", "properties": { "name": "Rue Decrême", "source": "rue", "documents": 2, "instruments_de_recherche": 1, "geometrie_officielle": true, "rue_autre_forme": "Decreme, rue", "url": "https://www.bn-r.fr/resultat.php?type_rech=pl&index%5B%5D=rue&value%5B%5D=%22Decreme%2C+rue%22&decouvrir_par_terme=Decreme%2C+rue" }, "geometry": { "type": "LineString", "coordinates": [ [ 659385.57964179746341, 332037.136495710990857 ], [ 659421.543746566283517, 332044.769213204970583 ], [ 659475.229897608514875, 332060.499361609341577 ], [ 659520.806699566193856, 332074.47059164789971 ], [ 659525.22322274686303, 332077.746456636697985 ], [ 659605.766381134046242, 332131.606396322371438 ], [ 659631.71811465616338, 332149.587049850262702 ], [ 659645.254953078227118, 332158.973113599116914 ], [ 659734.282343562459573, 332218.715528756496496 ], [ 659751.600268936366774, 332231.259534941753373 ], [ 659822.322819700813852, 332315.831871149130166 ], [ 659908.388173675746657, 332418.601830518804491 ] ] } },
{ "type": "Feature", "properties": { "name": "Rue Decrême", "source": "rue", "documents": 6, "instruments_de_recherche": 1, "geometrie_officielle": true, "rue_autre_forme": "Decrème, rue", "url": "https://www.bn-r.fr/resultat.php?type_rech=pl&index%5B%5D=rue&value%5B%5D=%22Decr%C3%A8me%2C+rue%22&decouvrir_par_terme=Decr%C3%A8me%2C+rue" }, "geometry": { "type": "LineString", "coordinates": [ [ 659385.57964179746341, 332037.136495710990857 ], [ 659421.543746566283517, 332044.769213204970583 ], [ 659475.229897608514875, 332060.499361609341577 ], [ 659520.806699566193856, 332074.47059164789971 ], [ 659525.22322274686303, 332077.746456636697985 ], [ 659605.766381134046242, 332131.606396322371438 ], [ 659631.71811465616338, 332149.587049850262702 ], [ 659645.254953078227118, 332158.973113599116914 ], [ 659734.282343562459573, 332218.715528756496496 ], [ 659751.600268936366774, 332231.259534941753373 ], [ 659822.322819700813852, 332315.831871149130166 ], [ 659908.388173675746657, 332418.601830518804491 ] ] } },
{ "type": "Feature", "properties": { "name": "Rue Decrême", "source": "rue", "documents": 20, "instruments_de_recherche": 5, "geometrie_officielle": true, "rue_autre_forme": "Decrême, rue", "url": "https://www.bn-r.fr/resultat.php?type_rech=pl&index%5B%5D=rue&value%5B%5D=%22Decr%C3%AAme%2C+rue%22&decouvrir_par_terme=Decr%C3%AAme%2C+rue" }, "geometry": { "type": "LineString", "coordinates": [ [ 659385.57964179746341, 332037.136495710990857 ], [ 659421.543746566283517, 332044.769213204970583 ], [ 659475.229897608514875, 332060.499361609341577 ], [ 659520.806699566193856, 332074.47059164789971 ], [ 659525.22322274686303, 332077.746456636697985 ], [ 659605.766381134046242, 332131.606396322371438 ], [ 659631.71811465616338, 332149.587049850262702 ], [ 659645.254953078227118, 332158.973113599116914 ], [ 659734.282343562459573, 332218.715528756496496 ], [ 659751.600268936366774, 332231.259534941753373 ], [ 659822.322819700813852, 332315.831871149130166 ], [ 659908.388173675746657, 332418.601830518804491 ] ] } },
{ "type": "Feature", "properties": { "name": "Rue Delespaul", "source": "rue", "documents": 4, "instruments_de_recherche": 2, "geometrie_officielle": true, "rue_autre_forme": "Delespaul, rue", "url": "https://www.bn-r.fr/resultat.php?type_rech=pl&index%5B%5D=rue&value%5B%5D=%22Delespaul%2C+rue%22&decouvrir_par_terme=Delespaul%2C+rue" }, "geometry": { "type": "MultiLineString", "coordinates": [ [ [ 659772.067898453911766, 334552.392032707924955 ], [ 659847.79111295263283, 334453.106729086837731 ], [ 659969.408706400427036, 334294.035179758328013 ] ], [ [ 659969.620644296403043, 334294.037565280275885 ], [ 660030.863543129293248, 334213.840173994656652 ], [ 660083.864556279033422, 334144.120382909313776 ], [ 660153.295470964862034, 334052.445578218088485 ], [ 660221.201085051521659, 333964.648601199965924 ] ] ] } },
{ "type": "Feature", "properties": { "name": "Rue Delezenne", "source": "rue", "documents": 4, "instruments_de_recherche": 3, "geometrie_officielle": true, "rue_autre_forme": "Delezenne, rue", "url": "https://www.bn-r.fr/resultat.php?type_rech=pl&index%5B%5D=rue&value%5B%5D=%22Delezenne%2C+rue%22&decouvrir_par_terme=Delezenne%2C+rue" }, "geometry": { "type": "LineString", "coordinates": [ [ 660617.36407862638589, 332550.339973712223582 ], [ 660553.022235676180571, 332627.15724446659442 ] ] } },
{ "type": "Feature", "properties": { "name": "Rue de Denain", "source": "rue", "documents": 10, "instruments_de_recherche": 4, "geometrie_officielle": true, "rue_autre_forme": "Denain, rue de", "url": "https://www.bn-r.fr/resultat.php?type_rech=pl&index%5B%5D=rue&value%5B%5D=%22Denain%2C+rue+de%22&decouvrir_par_terme=Denain%2C+rue+de" }, "geometry": { "type": "LineString", "coordinates": [ [ 659421.543746566283517, 332044.769213204970583 ], [ 659556.673360224929638, 331957.936825500219129 ], [ 659691.878063766635023, 331871.108695703791454 ] ] } },
{ "type": "Feature", "properties": { "name": "Rue Jules Deregnaucourt", "source": "rue", "documents": 2, "instruments_de_recherche": 2, "geometrie_officielle": true, "rue_autre_forme": "Derègnaucourt, rue", "url": "https://www.bn-r.fr/resultat.php?type_rech=pl&index%5B%5D=rue&value%5B%5D=%22Der%C3%A8gnaucourt%2C+rue%22&decouvrir_par_terme=Der%C3%A8gnaucourt%2C+rue" }, "geometry": { "type": "LineString", "coordinates": [ [ 658429.758340590633452, 333019.347527381032705 ], [ 658657.808973094332032, 332962.10586312256055 ] ] } },
{ "type": "Feature", "properties": { "name": "Rue Desaix", "source": "rue", "documents": 1, "instruments_de_recherche": 1, "geometrie_officielle": true, "rue_autre_forme": "Desaix, rue", "url": "https://www.bn-r.fr/resultat.php?type_rech=pl&index%5B%5D=rue&value%5B%5D=%22Desaix%2C+rue%22&decouvrir_par_terme=Desaix%2C+rue" }, "geometry": { "type": "LineString", "coordinates": [ [ 660484.163998365169391, 332578.978291327017359 ], [ 660553.022235676180571, 332627.15724446659442 ], [ 660627.979204752133228, 332679.634396791923791 ] ] } },
{ "type": "Feature", "properties": { "name": "Rue Desbonnet", "source": "rue", "documents": 1, "instruments_de_recherche": 1, "geometrie_officielle": true, "rue_autre_forme": "Desbonnet, rue", "url": "https://www.bn-r.fr/resultat.php?type_rech=pl&index%5B%5D=rue&value%5B%5D=%22Desbonnet%2C+rue%22&decouvrir_par_terme=Desbonnet%2C+rue" }, "geometry": { "type": "LineString", "coordinates": [ [ 660105.734362515620887, 333025.747840697003994 ], [ 660137.243791734683327, 332920.183049874613062 ], [ 660137.68122142762877, 332912.733515391941182 ] ] } },
{ "type": "Feature", "properties": { "name": "Rue Descartes", "source": "rue", "documents": 9, "instruments_de_recherche": 4, "geometrie_officielle": true, "rue_autre_forme": "Descartes, rue", "url": "https://www.bn-r.fr/resultat.php?type_rech=pl&index%5B%5D=rue&value%5B%5D=%22Descartes%2C+rue%22&decouvrir_par_terme=Descartes%2C+rue" }, "geometry": { "type": "LineString", "coordinates": [ [ 658498.76561564730946, 332565.717425191076472 ], [ 658434.366156581556424, 332508.824589417083189 ], [ 658407.134108183905482, 332484.938946311362088 ], [ 658328.875018764287233, 332415.545699195179623 ], [ 658322.714411221561022, 332410.137799505260773 ], [ 658313.268765865010209, 332401.356163522461429 ], [ 658296.467101668473333, 332386.597300184541382 ], [ 658235.295981772942469, 332331.411178125650622 ] ] } },
{ "type": "Feature", "properties": { "name": "Square Destombes", "source": "rue", "documents": 1, "instruments_de_recherche": 1, "geometrie_officielle": false, "rue_autre_forme": "Destombes, square", "url": "https://www.bn-r.fr/resultat.php?type_rech=pl&index%5B%5D=rue&value%5B%5D=%22Destombes%2C+square%22&decouvrir_par_terme=Destombes%2C+square" }, "geometry": { "type": "Point", "coordinates": [ 660511.835566400084645, 332254.533920452347957 ] } },
{ "type": "Feature", "properties": { "name": "Rue Diderot", "source": "rue", "documents": 1, "instruments_de_recherche": 1, "geometrie_officielle": true, "rue_autre_forme": "Diderot, rue", "url": "https://www.bn-r.fr/resultat.php?type_rech=pl&index%5B%5D=rue&value%5B%5D=%22Diderot%2C+rue%22&decouvrir_par_terme=Diderot%2C+rue" }, "geometry": { "type": "LineString", "coordinates": [ [ 657902.885124299558811, 333560.887195150949992 ], [ 657844.899820141727105, 333610.213451534509659 ] ] } },
{ "type": "Feature", "properties": { "name": "Boulevard de Douai", "source": "rue", "documents": 18, "instruments_de_recherche": 4, "geometrie_officielle": true, "rue_autre_forme": "Douai, boulevard de", "url": "https://www.bn-r.fr/resultat.php?type_rech=pl&index%5B%5D=rue&value%5B%5D=%22Douai%2C+boulevard+de%22&decouvrir_par_terme=Douai%2C+boulevard+de" }, "geometry": { "type": "LineString", "coordinates": [ [ 658765.184906008769758, 331735.421912399004214 ], [ 658805.650225024204701, 331674.897794743999839 ], [ 658830.575624975608662, 331651.808268128428608 ], [ 658886.068123616860248, 331619.710615123156458 ], [ 658916.192612044280395, 331599.571677657018881 ] ] } },
{ "type": "Feature", "properties": { "name": "Rue Duflot", "source": "rue", "documents": 4, "instruments_de_recherche": 3, "geometrie_officielle": true, "rue_autre_forme": "Duflot, rue", "url": "https://www.bn-r.fr/resultat.php?type_rech=pl&index%5B%5D=rue&value%5B%5D=%22Duflot%2C+rue%22&decouvrir_par_terme=Duflot%2C+rue" }, "geometry": { "type": "LineString", "coordinates": [ [ 658996.190655797487125, 334200.057740238320548 ], [ 659144.294455552473664, 334262.89339637872763 ] ] } },
{ "type": "Feature", "properties": { "name": "Rue Henri Dunant", "source": "rue", "documents": 2, "instruments_de_recherche": 2, "geometrie_officielle": true, "rue_autre_forme": "Dunant, rue", "url": "https://www.bn-r.fr/resultat.php?type_rech=pl&index%5B%5D=rue&value%5B%5D=%22Dunant%2C+rue%22&decouvrir_par_terme=Dunant%2C+rue" }, "geometry": { "type": "LineString", "coordinates": [ [ 659884.14380479126703, 332601.130335399648175 ], [ 659745.43240288074594, 332775.142694961628877 ], [ 659709.837330086622387, 332823.364656175195705 ], [ 659704.261742981732823, 332873.146948340116069 ], [ 659695.878587557817809, 332895.97273019712884 ] ] } },
{ "type": "Feature", "properties": { "name": "Quai de Dunkerque", "source": "rue", "documents": 3, "instruments_de_recherche": 3, "geometrie_officielle": true, "rue_autre_forme": "Dunkerque, quai de", "url": "https://www.bn-r.fr/resultat.php?type_rech=pl&index%5B%5D=rue&value%5B%5D=%22Dunkerque%2C+quai+de%22&decouvrir_par_terme=Dunkerque%2C+quai+de" }, "geometry": { "type": "LineString", "coordinates": [ [ 658480.306126163806766, 334241.100155874562915 ], [ 658592.276464366237633, 334287.724851783365011 ], [ 658654.316842839238234, 334312.884930236265063 ], [ 658734.209815235226415, 334346.475844007160049 ], [ 658900.784313821815886, 334425.641320491093211 ] ] } },
{ "type": "Feature", "properties": { "name": "Rue Dupuy de Lôme", "source": "rue", "documents": 1, "instruments_de_recherche": 1, "geometrie_officielle": true, "rue_autre_forme": "Dupuy De Lome, rue", "url": "https://www.bn-r.fr/resultat.php?type_rech=pl&index%5B%5D=rue&value%5B%5D=%22Dupuy+De+Lome%2C+rue%22&decouvrir_par_terme=Dupuy+De+Lome%2C+rue" }, "geometry": { "type": "MultiLineString", "coordinates": [ [ [ 659998.194966266048141, 331711.440467705833726 ], [ 660048.04758941847831, 331684.854367911117151 ], [ 660084.028898529009894, 331666.011826077010483 ], [ 660134.879445731407031, 331638.770223429659382 ], [ 660170.361583048012108, 331620.367671242216602 ], [ 660213.522827869746834, 331598.046728943823837 ], [ 660288.54123275494203, 331559.174812070501503 ] ], [ [ 659691.878063766635023, 331871.108695703791454 ], [ 659785.665226684766822, 331821.981494143023156 ], [ 659793.342210562899709, 331818.17350189446006 ], [ 659826.975565620698035, 331800.526754573453218 ], [ 659883.582279080525041, 331770.343349827453494 ], [ 659998.194966266048141, 331711.440467705833726 ] ] ] } },
{ "type": "Feature", "properties": { "name": "Rue des Ecoles", "source": "rue", "documents": 3, "instruments_de_recherche": 2, "geometrie_officielle": true, "rue_autre_forme": "Ecoles, rue des", "url": "https://www.bn-r.fr/resultat.php?type_rech=pl&index%5B%5D=rue&value%5B%5D=%22Ecoles%2C+rue+des%22&decouvrir_par_terme=Ecoles%2C+rue+des" }, "geometry": { "type": "LineString", "coordinates": [ [ 658970.294662641477771, 333188.075589453801513 ], [ 658952.724570095539093, 333198.450952676474117 ], [ 658864.787273504538462, 333251.885325144976377 ] ] } },
{ "type": "Feature", "properties": { "name": "Rue Edouard Anseele", "source": "rue", "documents": 23, "instruments_de_recherche": 6, "geometrie_officielle": true, "rue_autre_forme": "Edouard Anseele, rue", "url": "https://www.bn-r.fr/resultat.php?type_rech=pl&index%5B%5D=rue&value%5B%5D=%22Edouard+Anseele%2C+rue%22&decouvrir_par_terme=Edouard+Anseele%2C+rue" }, "geometry": { "type": "MultiLineString", "coordinates": [ [ [ 660015.788473617634736, 332842.044001498725265 ], [ 660137.68122142762877, 332912.733515391941182 ] ], [ [ 660242.432003195513971, 332974.108688002161216 ], [ 660182.401660166331567, 332939.162107271899004 ], [ 660137.68122142762877, 332912.733515391941182 ] ] ] } },
{ "type": "Feature", "properties": { "name": "Place Edouard Roussel", "source": "rue", "documents": 16, "instruments_de_recherche": 4, "geometrie_officielle": true, "rue_autre_forme": "Edouard Roussel, place", "url": "https://www.bn-r.fr/resultat.php?type_rech=pl&index%5B%5D=rue&value%5B%5D=%22Edouard+Roussel%2C+place%22&decouvrir_par_terme=Edouard+Roussel%2C+place" }, "geometry": { "type": "LineString", "coordinates": [ [ 658504.410797163029201, 332457.078206522972323 ], [ 658432.545820383471437, 332507.246990046754945 ] ] } },
{ "type": "Feature", "properties": { "name": "Edouard Vaillant", "source": "quartier", "documents": 3, "instruments_de_recherche": 2, "geometrie_officielle": false, "rue_autre_forme": null, "url": "https://www.bn-r.fr/resultat.php?type_rech=pl&index%5B%5D=quartier&value%5B%5D=%22Edouard+Vaillant%22&decouvrir_par_terme=Edouard+Vaillant" }, "geometry": { "type": "Polygon", "coordinates": [ [ [ 659506.229172023595311, 331259.534538784238975 ], [ 659413.298954750527628, 331302.166799518687185 ], [ 659337.696511582005769, 331176.171655630343594 ], [ 659266.675492279464379, 331053.139498724252917 ], [ 659214.683297042152844, 330962.35732580255717 ], [ 659054.186691784881987, 330687.431289027619641 ], [ 659012.274370052968152, 330619.115231090574525 ], [ 659019.072614617762156, 330615.751447345595807 ], [ 659025.072815299383365, 330611.751473623444326 ], [ 659030.0728117962135, 330608.751474363612942 ], [ 659033.072912904433906, 330606.751437726197764 ], [ 659045.073302014614455, 330599.751481837010942 ], [ 659052.073195523465984, 330595.75152083626017 ], [ 659060.073495066841133, 330590.751487856148742 ], [ 659068.073494024458341, 330585.751652201404795 ], [ 659076.073780118604191, 330581.751610626932234 ], [ 659084.073881111340597, 330576.751676732907072 ], [ 659091.073977026622742, 330572.751719028805383 ], [ 659099.074180003488436, 330567.751686817617156 ], [ 659108.074373678769916, 330562.751769859925844 ], [ 659112.074383536935784, 330559.751757721533068 ], [ 659121.074578388594091, 330554.751841415243689 ], [ 659129.074684079503641, 330549.751809572917409 ], [ 659136.074883016990498, 330545.751854505506344 ], [ 659144.074989089160226, 330540.751923127856571 ], [ 659152.075180205632932, 330536.751984109694604 ], [ 659160.075288479798473, 330531.751953602011781 ], [ 659165.075391765567474, 330528.751958896988072 ], [ 659172.075387173215859, 330537.752190154511482 ], [ 659187.075617840862833, 330558.752643219660968 ], [ 659200.075810294831172, 330576.752989613101818 ], [ 659206.075887581217103, 330574.753004547266755 ], [ 659207.075994157232344, 330573.753030560095794 ], [ 659211.076006221584976, 330570.753022084361874 ], [ 659221.076228475780226, 330563.753048291662708 ], [ 659224.076250330428593, 330560.753023927565664 ], [ 659226.076264391071163, 330558.75307424319908 ], [ 659237.076413049711846, 330549.75303442729637 ], [ 659239.076511128107086, 330548.753076706663705 ], [ 659247.076754796202295, 330541.753071359416936 ], [ 659252.076760112657212, 330538.753079735091887 ], [ 659258.076873038429767, 330534.75311435572803 ], [ 659268.07700139854569, 330527.753141481429338 ], [ 659269.077108912286349, 330526.753167611022945 ], [ 659272.077216284465976, 330524.753135658043902 ], [ 659276.077297301962972, 330529.753259498276748 ], [ 659282.077309610322118, 330537.75348971853964 ], [ 659284.077341864001937, 330540.753497188794427 ], [ 659288.077405172050931, 330546.753611835010815 ], [ 659291.07741057605017, 330550.753726712195203 ], [ 659292.077368232537992, 330552.75372542697005 ], [ 659296.077447415795177, 330557.753848773660138 ], [ 659300.0774264363572, 330562.753971158119384 ], [ 659308.077566272229888, 330573.754208314872812 ], [ 659312.07764493895229, 330578.75423149636481 ], [ 659316.077722372487187, 330583.754354432458058 ], [ 659320.077782541280612, 330589.754467992519494 ], [ 659321.077821367653087, 330592.754557694657706 ], [ 659325.07781594991684, 330596.754588993324433 ], [ 659326.077871565823443, 330598.754687944019679 ], [ 659335.077962864539586, 330611.754921626183204 ], [ 659339.078021075809374, 330617.755034420173615 ], [ 659342.078105606255122, 330622.755139516433701 ], [ 659344.078052137163468, 330624.755154579062946 ], [ 659352.078166323713958, 330636.755379299691413 ], [ 659354.078194168978371, 330639.755485292465892 ], [ 659358.078250437625684, 330645.755597318930086 ], [ 659364.078269283752888, 330652.755733934871387 ], [ 659370.078370772418566, 330660.755761600215919 ], [ 659374.078524425625801, 330666.755973832856398 ], [ 659377.078524649958126, 330670.755987033247948 ], [ 659379.078550373087637, 330673.75619242223911 ], [ 659382.078631727024913, 330678.756296176754404 ], [ 659384.078658960061148, 330681.756301790534053 ], [ 659383.078580812434666, 330686.756333600264043 ], [ 659380.078434123541228, 330696.756478991475888 ], [ 659395.078678849851713, 330713.756772655702662 ], [ 659402.078781333984807, 330720.756925677647814 ], [ 659404.078806433011778, 330723.757030389620923 ], [ 659408.078864407376386, 330723.757101970375516 ], [ 659411.078932849341072, 330723.7571559670032 ], [ 659412.079022216261365, 330723.757174577913247 ], [ 659417.079034202964976, 330725.757243293104693 ], [ 659419.079113959800452, 330725.757179898675531 ], [ 659428.079156598658301, 330734.75744814844802 ], [ 659429.079228002461605, 330735.757456362363882 ], [ 659431.079252141411416, 330738.757561164209619 ], [ 659433.079277073033154, 330741.757566091953777 ], [ 659434.079211823525839, 330744.757652006810531 ], [ 659436.079354338231497, 330746.7576683665975 ], [ 659437.07928895985242, 330749.757754176680464 ], [ 659438.079378113267012, 330749.757773013436235 ], [ 659441.079374875174835, 330753.757685225224122 ], [ 659448.079434334300458, 330762.758016792242415 ], [ 659451.079529359471053, 330766.758029545890167 ], [ 659457.079636182053946, 330773.758164700411726 ], [ 659463.079641560092568, 330780.758398691774346 ], [ 659465.079701315029524, 330781.75842500111321 ], [ 659468.079650235478766, 330782.758468653191812 ], [ 659470.079773277742788, 330785.75847399153281 ], [ 659473.079814214142971, 330781.758472702582367 ], [ 659481.079956437810324, 330774.758496581809595 ], [ 659489.080099632381462, 330767.758520577917807 ], [ 659494.08023923356086, 330762.758467832114547 ], [ 659499.080260075978003, 330758.758503285469487 ], [ 659504.080399612197652, 330753.758550402475521 ], [ 659506.080497437971644, 330752.758499205578119 ], [ 659509.08050334174186, 330750.758476367103867 ], [ 659511.08061895694118, 330748.758535715343896 ], [ 659514.08062504301779, 330746.758512935659382 ], [ 659516.080640987725928, 330744.758571407292038 ], [ 659519.080728452187032, 330743.758538974158 ], [ 659521.080744527280331, 330741.758597474079579 ], [ 659523.080761559773237, 330739.758556149434298 ], [ 659526.080867918790318, 330737.758534408523701 ], [ 659542.081108364043757, 330726.75865263666492 ], [ 659549.08133097703103, 330721.75863903563004 ], [ 659552.081338424934074, 330719.758616753737442 ], [ 659575.08177039201837, 330705.758703431929462 ], [ 659579.081787588074803, 330702.758710945898201 ], [ 659584.081913771573454, 330698.758748820051551 ], [ 659592.08202986989636, 330693.758754877082538 ], [ 659612.082423390937038, 330683.758847438031808 ], [ 659617.082532949163578, 330680.758776172529906 ], [ 659644.083019951125607, 330667.759040394681506 ], [ 659670.083443881827407, 330653.759198524057865 ], [ 659680.083567243302241, 330647.759258273348678 ], [ 659685.083779058651999, 330644.759289685869589 ], [ 659692.083893736242317, 330640.759170615638141 ], [ 659701.08406854129862, 330632.759330483502708 ], [ 659705.084132864139974, 330627.75925975345308 ], [ 659705.084073500474915, 330625.759278028155677 ], [ 659707.084317915607244, 330617.759196064551361 ], [ 659708.084190648864023, 330613.759152664802969 ], [ 659708.084272566717118, 330609.759090655599721 ], [ 659709.084203809732571, 330607.759128885809332 ], [ 659706.084154789801687, 330601.759022886864841 ], [ 659716.084425845416263, 330593.759002655278891 ], [ 659724.084595660795458, 330586.759031628898811 ], [ 659741.084850642713718, 330571.759018845041282 ], [ 659747.085021020960994, 330565.758997937839013 ], [ 659750.08507714048028, 330561.758996062562801 ], [ 659768.085434943670407, 330541.758949058130383 ], [ 659779.085490574478172, 330529.758983152685687 ], [ 659783.085739653091878, 330525.759003505692817 ], [ 659788.085802475572564, 330520.758951851690654 ], [ 659795.085947385407053, 330515.759042883524671 ], [ 659804.086076596868224, 330510.759076408285182 ], [ 659812.086194003233686, 330506.759080725547392 ], [ 659823.08645080588758, 330499.75907565234229 ], [ 659830.0865772026591, 330495.759159408975393 ], [ 659835.086621116264723, 330491.75919987243833 ], [ 659841.086757698678412, 330487.759162846428808 ], [ 659853.087017344078049, 330475.759221403161064 ], [ 659855.086979251122102, 330476.759256121178623 ], [ 659865.087102275923826, 330462.759186481533106 ], [ 659867.08729557460174, 330457.759071598062292 ], [ 659903.087998064002022, 330403.758981066814158 ], [ 659907.088079267879948, 330407.759039889147971 ], [ 659914.088192809722386, 330413.759150146215688 ], [ 659915.088140135281719, 330415.759256501565687 ], [ 659920.088113771285862, 330419.759236673242413 ], [ 659953.088767798966728, 330454.760106110712513 ], [ 659955.088706866605207, 330456.760134640382603 ], [ 659960.088654075516388, 330461.760206848091912 ], [ 659975.089009184506722, 330462.760440390382428 ], [ 659995.089423906407319, 330463.760690350783989 ], [ 660006.089558230014518, 330462.760750922374427 ], [ 660017.089791705482639, 330461.760913241538219 ], [ 660024.089935171999969, 330461.76097567944089 ], [ 660044.090221240185201, 330459.761057017953135 ], [ 660049.09018056455534, 330459.761172763537616 ], [ 660062.090498314588331, 330458.761386555910576 ], [ 660072.090717450599186, 330458.761522652697749 ], [ 660079.090761300991289, 330458.761587502202019 ], [ 660089.090933425817639, 330460.761708831996657 ], [ 660099.091128808679059, 330461.761839123442769 ], [ 660118.09132760099601, 330463.762076714250725 ], [ 660125.297092027380131, 330465.134673217718955 ], [ 660215.652806812664494, 330557.854212614474818 ], [ 660305.094081657123752, 330648.766298445814755 ], [ 660240.28282417380251, 330702.276105370314326 ], [ 660189.581941601354629, 330742.80605299945455 ], [ 660180.721851615235209, 330749.445988404972013 ], [ 660120.360613344586454, 330796.70589530095458 ], [ 660060.599544189870358, 330847.575752417382319 ], [ 659971.392663489794359, 330917.399827163666487 ], [ 659861.50588469824288, 331005.645417365536559 ], [ 659812.384879749501124, 331045.025268868659623 ], [ 659724.363202190259472, 331113.155116027395707 ], [ 659654.42195949179586, 331167.875009656767361 ], [ 659605.261006272397935, 331207.114960482926108 ], [ 659525.812879115226679, 331271.763253862794954 ], [ 659506.229172023595311, 331259.534538784238975 ] ] ] } },
{ "type": "Feature", "properties": { "name": "Rue Edouard Vaillant", "source": "rue", "documents": 4, "instruments_de_recherche": 3, "geometrie_officielle": true, "rue_autre_forme": "Edouard Vaillant, rue", "url": "https://www.bn-r.fr/resultat.php?type_rech=pl&index%5B%5D=rue&value%5B%5D=%22Edouard+Vaillant%2C+rue%22&decouvrir_par_terme=Edouard+Vaillant%2C+rue" }, "geometry": { "type": "MultiLineString", "coordinates": [ [ [ 659213.7419661503518, 330961.901671091734897 ], [ 659103.905079366173595, 330774.323342161718756 ], [ 659052.909510960103944, 330686.753461807733402 ], [ 659020.780455867759883, 330631.991904548369348 ], [ 659013.510210625943728, 330618.115279537683818 ] ], [ [ 659434.897686906391755, 331309.823770255199634 ], [ 659412.190228282124735, 331298.444679419510067 ], [ 659383.601806974038482, 331250.173214552749414 ], [ 659377.469381295144558, 331242.205469658831134 ], [ 659338.555980060482398, 331175.127656803815626 ], [ 659284.181189734721556, 331080.619605200074147 ], [ 659267.80044110561721, 331053.29013888008194 ], [ 659257.932010965771042, 331037.937881163670681 ], [ 659213.7419661503518, 330961.901671091734897 ] ] ] } },
{ "type": "Feature", "properties": { "name": "Rue Emile Moreau", "source": "rue", "documents": 11, "instruments_de_recherche": 3, "geometrie_officielle": true, "rue_autre_forme": "Emile Moreau, rue", "url": "https://www.bn-r.fr/resultat.php?type_rech=pl&index%5B%5D=rue&value%5B%5D=%22Emile+Moreau%2C+rue%22&decouvrir_par_terme=Emile+Moreau%2C+rue" }, "geometry": { "type": "MultiLineString", "coordinates": [ [ [ 658786.324548434000462, 333445.947915857948828 ], [ 658682.650958742713556, 333562.074050726543646 ] ], [ [ 659112.86758470768109, 333255.187719816807657 ], [ 659083.559652344556525, 333272.553149328450672 ], [ 659078.442567249760032, 333275.166674657084513 ], [ 659071.498206762131304, 333276.869863656815141 ], [ 658941.753993807942607, 333353.315727500827052 ] ], [ [ 659126.034644274390303, 333297.724128367844969 ], [ 659118.767855280078948, 333296.642160083632916 ], [ 659085.632566446089186, 333276.804039529175498 ], [ 659083.559652344556525, 333272.553149328450672 ] ] ] } },
{ "type": "Feature", "properties": { "name": "Rue Emile Zola", "source": "rue", "documents": 1, "instruments_de_recherche": 1, "geometrie_officielle": true, "rue_autre_forme": "Emile Zola, rue", "url": "https://www.bn-r.fr/resultat.php?type_rech=pl&index%5B%5D=rue&value%5B%5D=%22Emile+Zola%2C+rue%22&decouvrir_par_terme=Emile+Zola%2C+rue" }, "geometry": { "type": "MultiLineString", "coordinates": [ [ [ 661129.939387051854283, 331174.451424093800597 ], [ 661032.183792198891751, 331074.087438023649156 ] ], [ [ 660890.548282003845088, 330927.941206215182319 ], [ 660992.638541961903684, 331033.024971007369459 ], [ 661032.183792198891751, 331074.087438023649156 ] ] ] } },
{ "type": "Feature", "properties": { "name": "Entrepont", "source": "quartier", "documents": 3, "instruments_de_recherche": 3, "geometrie_officielle": false, "rue_autre_forme": null, "url": "https://www.bn-r.fr/resultat.php?type_rech=pl&index%5B%5D=quartier&value%5B%5D=%22Entrepont%22&decouvrir_par_terme=Entrepont" }, "geometry": { "type": "Polygon", "coordinates": [ [ [ 660855.700422705616802, 333701.844490928691812 ], [ 660855.097347220405936, 333703.844533536350355 ], [ 660204.786728066508658, 333455.902895232429728 ], [ 660316.842587836435996, 333194.475252943811938 ], [ 660176.331672433414496, 333155.14129353791941 ], [ 660231.51501234585885, 333007.835384356498253 ], [ 660272.538088929257356, 332999.831778558262158 ], [ 660323.609065908472985, 332992.022058545437176 ], [ 660371.869963868521154, 332985.922489273711108 ], [ 660417.150655876263045, 333024.213291072403081 ], [ 660462.761519712978043, 333015.273633808945306 ], [ 660529.852708874153905, 333009.904146382119507 ], [ 660590.03381779731717, 333013.354726689169183 ], [ 660630.854496353073046, 333020.835204384115059 ], [ 660674.565235969028436, 333031.375714036286809 ], [ 660733.826337546110153, 333046.886495345970616 ], [ 660881.75888762192335, 333085.618230308406055 ], [ 661098.732922664377838, 333140.25032491562888 ], [ 661103.413052276009694, 333139.090323302312754 ], [ 661107.913530554855242, 333139.860768900834955 ], [ 661122.783486957196146, 333142.30042243382195 ], [ 661122.703393812873401, 333145.840533621609211 ], [ 661122.533761637867428, 333148.740888212807477 ], [ 661117.2636791478144, 333159.820940041390713 ], [ 661114.923565274453722, 333165.041022041114047 ], [ 661114.103552765329368, 333166.681022055097856 ], [ 661120.733749285223894, 333169.691139589762315 ], [ 661119.403694416163489, 333172.761150851030834 ], [ 661119.383678548270836, 333188.46126280084718 ], [ 661119.603651572018862, 333194.02135794586502 ], [ 661119.60368404048495, 333195.551362382306252 ], [ 661119.4135906486772, 333197.141370522556826 ], [ 661118.983628500369377, 333198.581380604533479 ], [ 661117.723554348573089, 333200.521359700942412 ], [ 661115.163565821014345, 333203.741438439581543 ], [ 661110.706182714900933, 333208.841101579135284 ], [ 661105.793324173311703, 333214.211554181412794 ], [ 661099.723230602568947, 333220.211542301462032 ], [ 661091.705756853101775, 333227.841275952523574 ], [ 661080.705378292361274, 333237.84129692526767 ], [ 661076.705439595971256, 333239.841303656459786 ], [ 661074.705305969691835, 333242.841242323513143 ], [ 661081.705522860633209, 333253.841423149919137 ], [ 661081.705457348376513, 333255.841458915034309 ], [ 661080.705423907958902, 333257.841462336829863 ], [ 661080.70545823557768, 333259.841498919762671 ], [ 661079.705424846033566, 333261.841502279217821 ], [ 661078.705458145122975, 333264.841574220918119 ], [ 661076.705291729886085, 333268.841579885571264 ], [ 661074.705192131455988, 333273.841653976007365 ], [ 661070.705223939265124, 333279.841731898952276 ], [ 661066.705157217220403, 333285.841708926018327 ], [ 661063.70505764929112, 333291.84181775781326 ], [ 661060.705024437746033, 333295.841791495564394 ], [ 661057.704890710767359, 333299.84186410123948 ], [ 661054.704889993881807, 333302.841870165430009 ], [ 661052.704856944386847, 333305.841908288886771 ], [ 661026.704261279664934, 333334.842124129936565 ], [ 661019.70406386256218, 333341.842169480805751 ], [ 661018.25754505849909, 333344.011906752712093 ], [ 661015.704001002712175, 333347.842244834988378 ], [ 661013.703970609698445, 333350.842182619846426 ], [ 661010.703839916386642, 333354.842254516843241 ], [ 661007.703841827227734, 333357.842260346631519 ], [ 661005.703810920473188, 333360.842297832889017 ], [ 661003.703681183513254, 333363.842234560637735 ], [ 661001.703717788564973, 333367.842339665512554 ], [ 660998.703588833333924, 333371.842311451851856 ], [ 660991.703471278771758, 333385.842426415299997 ], [ 660995.703507500817068, 333386.842421468812972 ], [ 661001.7036443738034, 333388.842548332642764 ], [ 661005.703680410282686, 333389.842543706181459 ], [ 661005.703716008923948, 333391.842578009236604 ], [ 661004.703685024753213, 333393.842579715419561 ], [ 661003.703557323548011, 333398.842681262933183 ], [ 661003.703625499620102, 333399.84264886926394 ], [ 661001.703627942013554, 333401.842618814203888 ], [ 661000.703498170594685, 333403.842519664904103 ], [ 661000.703564591589384, 333404.842686886433512 ], [ 660996.70356981200166, 333408.842626704019494 ], [ 660995.703438412747346, 333410.842727130278945 ], [ 660992.70341058075428, 333414.84269846836105 ], [ 660990.703413469251245, 333416.842668337514624 ], [ 660988.703315705643035, 333418.842737145489082 ], [ 660986.70331872429233, 333420.842707014642656 ], [ 660985.703288319637068, 333422.842708379612304 ], [ 660983.703291458426975, 333424.842678226763383 ], [ 660981.703193952562287, 333426.842747017042711 ], [ 660978.703167012310587, 333430.842718156287447 ], [ 660977.703136829892173, 333432.842719414969906 ], [ 660972.702880922355689, 333439.842824488412589 ], [ 660966.702896123635583, 333448.842833265196532 ], [ 660962.702808318659663, 333455.842871087486856 ], [ 660961.702747316099703, 333458.842838256794494 ], [ 660956.702698301291093, 333468.842943316500168 ], [ 660953.702577810385264, 333475.843011496006511 ], [ 660951.70258770044893, 333480.842979762586765 ], [ 660949.702528245747089, 333484.843080809630919 ], [ 660946.702440643450245, 333490.843082446139306 ], [ 660944.702382419724017, 333494.843083405168727 ], [ 660942.702392125618644, 333499.843150832923129 ], [ 660941.7023320060689, 333502.843117032200098 ], [ 660940.702338856644928, 333506.843249501369428 ], [ 660939.702246841741726, 333510.843281116452999 ], [ 660943.702415644773282, 333513.843306436494458 ], [ 660946.70245007541962, 333515.843333147175144 ], [ 660949.702515605487861, 333516.843394202878699 ], [ 660951.702515588141978, 333517.843423215497751 ], [ 660955.702547580120154, 333518.843415810028091 ], [ 660945.702221115469001, 333536.843482030846644 ], [ 660940.702177650178783, 333546.843481192365289 ], [ 660922.701896803686395, 333581.843805671203882 ], [ 660911.701621201820672, 333602.843929441412911 ], [ 660899.701322327367961, 333625.844048994302284 ], [ 660893.701227048411965, 333638.844205129018519 ], [ 660890.7011462317314, 333644.844200188526884 ], [ 660875.700844822917134, 333674.844372505438514 ], [ 660873.700822709943168, 333677.844403988216072 ], [ 660871.700770145049319, 333681.84439970710082 ], [ 660869.70071682613343, 333685.844495153520256 ], [ 660865.700604942627251, 333690.844492799602449 ], [ 660864.700578890740871, 333692.844490510993637 ], [ 660858.700408061500639, 333698.844490196148399 ], [ 660855.700422705616802, 333701.844490928691812 ] ] ] } },
{ "type": "Feature", "properties": { "name": "Epeule", "source": "quartier", "documents": 50, "instruments_de_recherche": 9, "geometrie_officielle": false, "rue_autre_forme": null, "url": "https://www.bn-r.fr/resultat.php?type_rech=pl&index%5B%5D=quartier&value%5B%5D=%22Epeule%22&decouvrir_par_terme=Epeule" }, "geometry": { "type": "Polygon", "coordinates": [ [ [ 658142.680373453651555, 332864.949347290559672 ], [ 658120.339970873203129, 332843.123408341081813 ], [ 658101.736824151827022, 332826.052113759389613 ], [ 658076.454742286005057, 332802.581852618139237 ], [ 658055.625305795576423, 332783.377504018251784 ], [ 658037.675466221524402, 332767.104530227603391 ], [ 658020.125368316541426, 332750.438856519642286 ], [ 658000.080040212254971, 332732.166076633380726 ], [ 657983.575859365751967, 332716.698468546033837 ], [ 657963.142615949269384, 332697.497645645751618 ], [ 657943.363767573027872, 332678.963066812371835 ], [ 657923.666525274282321, 332660.165143759222701 ], [ 657907.033773042727262, 332644.300039147376083 ], [ 657888.041483575594611, 332626.432880224601831 ], [ 657869.439441503840499, 332609.229616878728848 ], [ 657849.584216109593399, 332590.377377101860475 ], [ 657830.589461775729433, 332572.774268209643196 ], [ 657811.158681068802252, 332553.714546251867432 ], [ 657791.385653750156052, 332534.519696846837178 ], [ 657773.835485535906628, 332517.854027729830705 ], [ 657753.535421521868557, 332498.522308852989227 ], [ 657727.475307269138284, 332473.407306540932041 ], [ 657705.60206786391791, 332452.740951381274499 ], [ 657683.468292716424912, 332431.676024998363573 ], [ 657663.169272807426751, 332412.212232092861086 ], [ 657636.691330594941974, 332387.599096796824597 ], [ 657645.183363823336549, 332381.799623958999291 ], [ 657647.946395267383195, 332379.92147478624247 ], [ 657669.043695992557332, 332397.76001852855552 ], [ 657692.044049011543393, 332388.760120471008122 ], [ 657713.044547701603733, 332381.76027068530675 ], [ 657726.044730385998264, 332379.760368183488026 ], [ 657741.045063531608321, 332377.760475892224349 ], [ 657766.045443979324773, 332376.760700125363655 ], [ 657773.045569744310342, 332376.760729152942076 ], [ 657781.045769638381898, 332376.760863180155866 ], [ 657811.046322074253112, 332376.761094368994236 ], [ 657819.046322332927957, 332376.761229229625314 ], [ 657826.046658071340062, 332374.761113137938082 ], [ 657834.046567292651162, 332372.761297677643597 ], [ 657838.046777275623754, 332370.761267362395301 ], [ 657844.046841592411511, 332367.761369605141226 ], [ 657855.047087567392737, 332363.76142198353773 ], [ 657867.047315131290816, 332358.761404669494368 ], [ 657874.047357091447338, 332355.761412907158956 ], [ 657883.047654440975748, 332351.761458190274425 ], [ 657887.047660671523772, 332350.761502675828524 ], [ 657891.047662172932178, 332350.761522726155818 ], [ 657892.047837242600508, 332350.761529313051142 ], [ 657894.047782358131371, 332351.761614224757068 ], [ 657898.047783820307814, 332351.761634518625215 ], [ 657906.048064717440866, 332355.761779476306401 ], [ 657907.048035144922324, 332356.761759808927309 ], [ 657912.048094896948896, 332359.761912198970094 ], [ 657921.048250243533403, 332363.762062033521943 ], [ 657921.048256204347126, 332362.761986875790171 ], [ 657925.048378424486145, 332358.762007747776806 ], [ 657925.048384411726147, 332357.761932543944567 ], [ 657931.048369089141488, 332351.761912106885575 ], [ 657959.049037567572668, 332323.761856426717713 ], [ 657969.049151030019857, 332313.761856755416375 ], [ 657974.049364109407179, 332307.76183252321789 ], [ 657979.049378047580831, 332301.761806417489424 ], [ 657982.049511719727889, 332300.761749210767448 ], [ 657985.049650166300125, 332298.7618160181446 ], [ 657990.049652866320685, 332294.761841602798086 ], [ 657994.049774102168158, 332291.761838417616673 ], [ 657998.049889831570908, 332289.761811260832474 ], [ 658001.049935641349293, 332286.761801577871665 ], [ 658005.050057445070706, 332283.761798557010479 ], [ 658008.050097784376703, 332281.761764936498366 ], [ 658012.050113382283598, 332279.761837025173008 ], [ 658017.050211773603223, 332276.761840077815577 ], [ 658022.050310424063355, 332273.761843264917843 ], [ 658026.050439179409295, 332269.761864481028169 ], [ 658030.050556215574034, 332267.761838027334306 ], [ 658032.050521419383585, 332265.761797866725828 ], [ 658035.050661635003053, 332263.761865341104567 ], [ 658038.050703010172583, 332261.761832144053187 ], [ 658043.050808956497349, 332257.761859583086334 ], [ 658049.050792572670616, 332253.761792539036833 ], [ 658052.05094046110753, 332250.761784099391662 ], [ 658056.051064825849608, 332247.761781882843934 ], [ 658055.05100109288469, 332245.761822092579678 ], [ 658062.051168038276955, 332240.761786889226642 ], [ 658068.051259337225929, 332235.761744673422072 ], [ 658074.051350265042856, 332230.76180237357039 ], [ 658081.051618765923195, 332225.761768539494369 ], [ 658087.051710770581849, 332220.761826472589746 ], [ 658096.051847796072252, 332213.761752108286601 ], [ 658100.051974565256387, 332210.761750414210837 ], [ 658112.052156473044306, 332201.761743918701541 ], [ 658115.052207497414201, 332198.761734843952581 ], [ 658119.052342034061439, 332194.761756618740037 ], [ 658123.05237701383885, 332190.761777501320466 ], [ 658125.052438164013438, 332189.761715312721208 ], [ 658128.052489840425551, 332186.761706264223903 ], [ 658140.052797910175286, 332174.761670929030515 ], [ 658147.052879958529957, 332168.761659796989989 ], [ 658155.053053738432936, 332160.761702539981343 ], [ 658158.053099845419638, 332158.761670615989715 ], [ 658168.053444281336851, 332148.761675305489916 ], [ 658174.053452281747013, 332142.761656370130368 ], [ 658179.053568041650578, 332138.761685466044582 ], [ 658183.05360789783299, 332134.761606611078605 ], [ 658203.054099773871712, 332115.761591767892241 ], [ 658204.054084717994556, 332114.761621750018094 ], [ 658208.054226090433076, 332110.761543802800588 ], [ 658218.054371691890992, 332101.761524406785611 ], [ 658224.054484526859596, 332095.761506467650179 ], [ 658230.054589396924712, 332090.761566045461223 ], [ 658232.054660908412188, 332088.761527097725775 ], [ 658233.054694435442798, 332081.761490920966025 ], [ 658251.055073486058973, 332059.761324764695019 ], [ 658252.055075974436477, 332056.761298864148557 ], [ 658256.055120266857557, 332052.761319479090162 ], [ 658258.055209629121237, 332048.761224369634874 ], [ 658262.055386994383298, 332040.761233497643843 ], [ 658264.055285092210397, 332035.761158132809214 ], [ 658266.055482848314568, 332030.761085246049333 ], [ 658281.055764255695976, 332017.761093747918494 ], [ 658290.055836171028204, 332009.761142429895699 ], [ 658301.056075075175613, 332000.761131292500068 ], [ 658303.056249181972817, 331998.761092870845459 ], [ 658343.057108395500109, 331962.761015230789781 ], [ 658350.057014018646441, 331956.761003351770341 ], [ 658354.625809636898339, 331950.721896268019918 ], [ 658424.278315227944404, 331991.18225382239325 ], [ 658476.999102787231095, 332022.813095396384597 ], [ 658631.673397300415672, 332114.614846376003698 ], [ 658668.222187008475885, 332134.556397008360364 ], [ 658872.176076115109026, 332253.857118254294619 ], [ 658777.283513825736009, 332333.959954940131865 ], [ 658680.561048260889947, 332416.206919327029027 ], [ 658585.919583195354789, 332493.870099000632763 ], [ 658499.067837390699424, 332566.330171874491498 ], [ 658451.646882947301492, 332606.990212970122229 ], [ 658388.75562882295344, 332659.200333971064538 ], [ 658319.204144422081299, 332716.150414895440917 ], [ 658285.173354959697463, 332747.410462697909679 ], [ 658214.771915379795246, 332806.060520753788296 ], [ 658162.270802255836315, 332850.170619268203154 ], [ 658157.1709177052835, 332854.480672036181204 ], [ 658142.680373453651555, 332864.949347290559672 ] ] ] } },
{ "type": "Feature", "properties": { "name": "Rue de l'Epeule", "source": "rue", "documents": 189, "instruments_de_recherche": 9, "geometrie_officielle": true, "rue_autre_forme": "Epeule, rue de l\\'", "url": "https://www.bn-r.fr/resultat.php?type_rech=pl&index%5B%5D=rue&value%5B%5D=%22Epeule%2C+rue+de+l%5C%27%22&decouvrir_par_terme=Epeule%2C+rue+de+l%5C%27" }, "geometry": { "type": "MultiLineString", "coordinates": [ [ [ 658415.45724826620426, 332931.406297435518354 ], [ 658413.208362813224085, 332910.909740181639791 ], [ 658410.54644414933864, 332889.407316089898814 ], [ 658404.750954294926487, 332857.189562419604044 ], [ 658401.932969210785814, 332843.473661088268273 ], [ 658397.427532121422701, 332828.960449741920456 ], [ 658353.786554634571075, 332754.716867874609306 ], [ 658340.191707245772704, 332737.656475362135097 ], [ 658326.579727298114449, 332722.153575767879374 ], [ 658319.698202056461014, 332718.072901011968497 ], [ 658283.681893185828812, 332683.188243248267099 ], [ 658251.448342708405107, 332651.349207793129608 ], [ 658223.686126193380915, 332624.232147897651885 ], [ 658219.365462818415835, 332618.621941039455123 ], [ 658202.080287683173083, 332596.40364391420735 ], [ 658161.114774343674071, 332542.106549343210645 ], [ 658098.261216941406019, 332459.756142967904452 ], [ 658090.110400268575177, 332448.875077265780419 ], [ 658087.261408033082262, 332444.393625551136211 ] ], [ [ 658096.948616666486487, 332223.536889031063765 ], [ 658103.480216334224679, 332207.92043740733061 ], [ 658104.660043493146077, 332190.465493068448268 ] ], [ [ 658087.261408033082262, 332444.393625551136211 ], [ 658088.811125090927817, 332418.93196810153313 ], [ 658093.500186886405572, 332358.346369699691422 ], [ 658099.036046586581506, 332271.957713094772771 ], [ 658097.93006077746395, 332256.703045583795756 ] ] ] } },
{ "type": "Feature", "properties": { "name": "Rue d'Epinal", "source": "rue", "documents": 4, "instruments_de_recherche": 2, "geometrie_officielle": true, "rue_autre_forme": "Epinal, rue d\\'", "url": "https://www.bn-r.fr/resultat.php?type_rech=pl&index%5B%5D=rue&value%5B%5D=%22Epinal%2C+rue+d%5C%27%22&decouvrir_par_terme=Epinal%2C+rue+d%5C%27" }, "geometry": { "type": "LineString", "coordinates": [ [ 658173.82448759698309, 333540.250864899833687 ], [ 658246.792958351084962, 333497.545036432042252 ], [ 658362.281156630953774, 333431.050895383581519 ] ] } },
{ "type": "Feature", "properties": { "name": "Rue de l'Ermitage", "source": "rue", "documents": 12, "instruments_de_recherche": 7, "geometrie_officielle": true, "rue_autre_forme": "Ermitage, rue de l\\'", "url": "https://www.bn-r.fr/resultat.php?type_rech=pl&index%5B%5D=rue&value%5B%5D=%22Ermitage%2C+rue+de+l%5C%27%22&decouvrir_par_terme=Ermitage%2C+rue+de+l%5C%27" }, "geometry": { "type": "LineString", "coordinates": [ [ 658824.951985465129837, 333128.279960665968247 ], [ 658853.387042549322359, 333234.736531612579711 ], [ 658864.787273504538462, 333251.885325144976377 ], [ 658894.791655623819679, 333292.938243819749914 ] ] } },
{ "type": "Feature", "properties": { "name": "Rue de l'Espérance", "source": "rue", "documents": 35, "instruments_de_recherche": 7, "geometrie_officielle": true, "rue_autre_forme": "Esperance, rue de l\\'", "url": "https://www.bn-r.fr/resultat.php?type_rech=pl&index%5B%5D=rue&value%5B%5D=%22Esperance%2C+rue+de+l%5C%27%22&decouvrir_par_terme=Esperance%2C+rue+de+l%5C%27" }, "geometry": { "type": "LineString", "coordinates": [ [ 658942.147249454399571, 332953.560697498498484 ], [ 658888.60553394490853, 332983.009131670754869 ], [ 658832.91193233593367, 333008.985269867233001 ], [ 658814.940879272646271, 333017.242706020479091 ], [ 658790.422786478186026, 333023.202763874200173 ], [ 658748.685872301575728, 333033.312249191163573 ], [ 658678.111062471522018, 333050.225132364430465 ], [ 658464.893274875241332, 333102.065595125954133 ], [ 658460.160155622172169, 333101.902411382761784 ], [ 658382.974193769274279, 333135.435744386864826 ] ] } },
{ "type": "Feature", "properties": { "name": "Rue de l'Espierre", "source": "rue", "documents": 1, "instruments_de_recherche": 1, "geometrie_officielle": true, "rue_autre_forme": "Espierre, rue de l\\'", "url": "https://www.bn-r.fr/resultat.php?type_rech=pl&index%5B%5D=rue&value%5B%5D=%22Espierre%2C+rue+de+l%5C%27%22&decouvrir_par_terme=Espierre%2C+rue+de+l%5C%27" }, "geometry": { "type": "LineString", "coordinates": [ [ 659666.149307339917868, 334540.857440995401703 ], [ 659688.797343936632387, 334537.328238846792374 ], [ 659763.427046180935577, 334554.297804267844185 ], [ 659772.067898453911766, 334552.392032707924955 ], [ 659779.421703226980753, 334558.148881494184025 ], [ 659818.305171518353745, 334568.487600038701203 ], [ 659861.063811916159466, 334579.760237509501167 ], [ 659899.78192052221857, 334592.211668379837647 ], [ 659954.425378247047774, 334614.633600841625594 ], [ 659983.925800697645172, 334629.985991164925508 ], [ 660009.147008405881934, 334642.620065435767174 ], [ 660067.876185494475067, 334678.551866850524675 ] ] } },
{ "type": "Feature", "properties": { "name": "Espérance", "source": "quartier", "documents": 1, "instruments_de_recherche": 1, "geometrie_officielle": false, "rue_autre_forme": null, "url": "https://www.bn-r.fr/resultat.php?type_rech=pl&index%5B%5D=quartier&value%5B%5D=%22Esp%C3%A9rance%22&decouvrir_par_terme=Esp%C3%A9rance" }, "geometry": { "type": "Polygon", "coordinates": [ [ [ 658481.325197176309302, 333320.789540854748338 ], [ 658455.671213283902034, 333323.783071604499128 ], [ 658420.19617920438759, 333357.606658684147988 ], [ 658407.927243571961299, 333329.285994244914036 ], [ 658393.947508082026616, 333297.304858113871887 ], [ 658380.894672799855471, 333268.026361462543719 ], [ 658363.03184277494438, 333227.135058460757136 ], [ 658350.612807210185565, 333197.86218532640487 ], [ 658338.813685618923046, 333170.179634439817164 ], [ 658326.851800364092924, 333142.971154859988019 ], [ 658315.497142973123118, 333118.779459290497471 ], [ 658305.366517300601117, 333099.511833700991701 ], [ 658292.565757658332586, 333077.526051315187942 ], [ 658280.383304351824336, 333057.289222655352205 ], [ 658264.850720997201279, 333031.943477096385323 ], [ 658275.172424255404621, 333027.303891178395133 ], [ 658331.71346996538341, 332995.43405167007586 ], [ 658415.671898922882974, 332933.929399966960773 ], [ 658637.279377036262304, 332882.155507771880366 ], [ 658699.640520593849942, 332868.215865606442094 ], [ 658809.372533548623323, 332843.156573462649249 ], [ 658848.132560862810351, 332841.579816847399343 ], [ 658895.424070790992118, 332847.017396640498191 ], [ 659120.809797152294777, 332879.902787627535872 ], [ 658765.970985890831798, 333103.789370242971927 ], [ 658700.475718820351176, 333144.630833747854922 ], [ 658659.058864513877779, 333169.77920212643221 ], [ 658621.057988103944808, 333193.779194580914918 ], [ 658567.056940173613839, 333226.779128129186574 ], [ 658527.056134107289836, 333253.779120804334525 ], [ 658491.975480619701557, 333275.149051603744738 ], [ 658481.325197176309302, 333320.789540854748338 ] ] ] } },
{ "type": "Feature", "properties": { "name": "Rue Eugène Motte", "source": "rue", "documents": 1, "instruments_de_recherche": 1, "geometrie_officielle": true, "rue_autre_forme": "Eugène Motte, rue", "url": "https://www.bn-r.fr/resultat.php?type_rech=pl&index%5B%5D=rue&value%5B%5D=%22Eug%C3%A8ne+Motte%2C+rue%22&decouvrir_par_terme=Eug%C3%A8ne+Motte%2C+rue" }, "geometry": { "type": "LineString", "coordinates": [ [ 659711.781860028393567, 331583.501964845345356 ], [ 659674.787101289839484, 331522.451038570026867 ] ] } },
{ "type": "Feature", "properties": { "name": "Rond Point de l'Europe", "source": "rue", "documents": 13, "instruments_de_recherche": 4, "geometrie_officielle": true, "rue_autre_forme": "Europe, rond point de l\\'", "url": "https://www.bn-r.fr/resultat.php?type_rech=pl&index%5B%5D=rue&value%5B%5D=%22Europe%2C+rond+point+de+l%5C%27%22&decouvrir_par_terme=Europe%2C+rond+point+de+l%5C%27" }, "geometry": { "type": "LineString", "coordinates": [ [ 659426.9172148341313, 332659.542211319087073 ], [ 659449.814776312909089, 332659.68631717225071 ] ] } },
{ "type": "Feature", "properties": { "name": "Rue des Fabricants", "source": "rue", "documents": 11, "instruments_de_recherche": 3, "geometrie_officielle": true, "rue_autre_forme": "Fabricants, rue des", "url": "https://www.bn-r.fr/resultat.php?type_rech=pl&index%5B%5D=rue&value%5B%5D=%22Fabricants%2C+rue+des%22&decouvrir_par_terme=Fabricants%2C+rue+des" }, "geometry": { "type": "MultiLineString", "coordinates": [ [ [ 659155.600347118685022, 332709.595045098219998 ], [ 659081.685504714725539, 332714.894458589958958 ] ], [ [ 659081.685504714725539, 332714.894458589958958 ], [ 659077.157889005145989, 332715.289310417603701 ], [ 659044.411990600056015, 332717.374157010344788 ], [ 659007.702617213712074, 332719.971622393932194 ], [ 658961.797980343806557, 332723.246426322381012 ], [ 658904.314473097911105, 332731.84539684781339 ], [ 658849.957685462781228, 332738.921866098768078 ] ] ] } },
{ "type": "Feature", "properties": { "name": "Rue de Favreuil", "source": "rue", "documents": 3, "instruments_de_recherche": 2, "geometrie_officielle": true, "rue_autre_forme": "Favreuil, rue du", "url": "https://www.bn-r.fr/resultat.php?type_rech=pl&index%5B%5D=rue&value%5B%5D=%22Favreuil%2C+rue+du%22&decouvrir_par_terme=Favreuil%2C+rue+du" }, "geometry": { "type": "LineString", "coordinates": [ [ 657665.568290286464617, 332884.187243331514765 ], [ 657670.687445996096358, 332881.349870688514784 ], [ 657761.460809105425142, 332793.881064028304536 ], [ 657794.168385289609432, 332762.637762414175086 ], [ 657801.884282538900152, 332761.497577426955104 ] ] } },
{ "type": "Feature", "properties": { "name": "Rue de Flandre", "source": "rue", "documents": 13, "instruments_de_recherche": 8, "geometrie_officielle": true, "rue_autre_forme": "Flandre, rue de", "url": "https://www.bn-r.fr/resultat.php?type_rech=pl&index%5B%5D=rue&value%5B%5D=%22Flandre%2C+rue+de%22&decouvrir_par_terme=Flandre%2C+rue+de" }, "geometry": { "type": "LineString", "coordinates": [ [ 659517.341962053207681, 333745.232490766909905 ], [ 659495.654095229692757, 333789.049672777415253 ], [ 659487.132025882019661, 333805.532426587189548 ], [ 659478.657066243002191, 333824.129681507707573 ], [ 659438.148773220484145, 333901.894219485577196 ], [ 659411.289738701656461, 333953.33110120089259 ], [ 659388.915658709476702, 333995.472174955997616 ], [ 659324.152679184800945, 334087.876325336052105 ], [ 659285.607780428836122, 334141.965296608395875 ], [ 659230.179578596609645, 334221.234405280381907 ] ] } },
{ "type": "Feature", "properties": { "name": "Rue de Florence", "source": "rue", "documents": 1, "instruments_de_recherche": 1, "geometrie_officielle": true, "rue_autre_forme": "Florence, rue de", "url": "https://www.bn-r.fr/resultat.php?type_rech=pl&index%5B%5D=rue&value%5B%5D=%22Florence%2C+rue+de%22&decouvrir_par_terme=Florence%2C+rue+de" }, "geometry": { "type": "LineString", "coordinates": [ [ 657980.920604396378621, 333214.60286429640837 ], [ 657884.639264584053308, 333288.99076753744157 ] ] } },
{ "type": "Feature", "properties": { "name": "Rue des Fondeurs", "source": "rue", "documents": 3, "instruments_de_recherche": 1, "geometrie_officielle": true, "rue_autre_forme": "Fondeur, rue des", "url": "https://www.bn-r.fr/resultat.php?type_rech=pl&index%5B%5D=rue&value%5B%5D=%22Fondeur%2C+rue+des%22&decouvrir_par_terme=Fondeur%2C+rue+des" }, "geometry": { "type": "LineString", "coordinates": [ [ 659057.395652828156017, 333809.653026923537254 ], [ 658996.71663601626642, 333954.732779602694791 ] ] } },
{ "type": "Feature", "properties": { "name": "Rue du Fontenoy", "source": "rue", "documents": 14, "instruments_de_recherche": 7, "geometrie_officielle": true, "rue_autre_forme": "Fontenoy, rue du", "url": "https://www.bn-r.fr/resultat.php?type_rech=pl&index%5B%5D=rue&value%5B%5D=%22Fontenoy%2C+rue+du%22&decouvrir_par_terme=Fontenoy%2C+rue+du" }, "geometry": { "type": "MultiLineString", "coordinates": [ [ [ 658887.700630052830093, 333531.736689835437573 ], [ 658993.382182212662883, 333445.343365828855895 ], [ 659110.114862210350111, 333363.191358752141241 ], [ 659141.329220666084439, 333352.300354000937659 ] ], [ [ 658754.276946303900331, 333635.071580351679586 ], [ 658747.132980675902218, 333642.113508307025768 ], [ 658658.17959209124092, 333711.672928505809978 ], [ 658583.050130332470872, 333770.9272774271667 ] ], [ [ 658754.276946303900331, 333635.071580351679586 ], [ 658778.014801225392148, 333616.307766983693 ], [ 658783.354421657510102, 333612.69506116094999 ], [ 658887.629973970470019, 333531.735909020528197 ], [ 658887.700630052830093, 333531.736689835437573 ] ] ] } },
{ "type": "Feature", "properties": { "name": "Rue du Fort", "source": "rue", "documents": 8, "instruments_de_recherche": 2, "geometrie_officielle": true, "rue_autre_forme": "Fort, rue du", "url": "https://www.bn-r.fr/resultat.php?type_rech=pl&index%5B%5D=rue&value%5B%5D=%22Fort%2C+rue+du%22&decouvrir_par_terme=Fort%2C+rue+du" }, "geometry": { "type": "LineString", "coordinates": [ [ 659448.231655334238894, 333498.462972185458057 ], [ 659416.370665934518911, 333478.63696340599563 ], [ 659334.179062610841356, 333428.54384858784033 ] ] } },
{ "type": "Feature", "properties": { "name": "Fosse aux Chênes", "source": "quartier", "documents": 15, "instruments_de_recherche": 6, "geometrie_officielle": false, "rue_autre_forme": null, "url": "https://www.bn-r.fr/resultat.php?type_rech=pl&index%5B%5D=quartier&value%5B%5D=%22Fosse+aux+Ch%C3%AAnes%22&decouvrir_par_terme=Fosse+aux+Ch%C3%AAnes" }, "geometry": { "type": "Polygon", "coordinates": [ [ [ 659386.070800677291118, 333649.791486814850941 ], [ 659383.070698487921618, 333655.79151842626743 ], [ 659228.61592273239512, 333733.67816317465622 ], [ 659214.494503282941878, 333720.211879704555031 ], [ 659171.564152779523283, 333790.026844885200262 ], [ 659147.30344239808619, 333847.486870457534678 ], [ 659057.064262157538906, 333809.790535867563449 ], [ 658979.06283917312976, 333776.789470450486988 ], [ 658951.062658441951498, 333694.788141320634168 ], [ 658951.352727388148196, 333684.788186108577065 ], [ 658925.142486523138359, 333610.716987996012904 ], [ 658853.011020113830455, 333656.626936712535098 ], [ 658819.580197769682854, 333703.6472366633825 ], [ 658818.060109951300547, 333705.787286494625732 ], [ 658783.059559265500866, 333668.786553380079567 ], [ 658758.059202652657405, 333641.7859927858226 ], [ 658754.05923534638714, 333634.785791095986497 ], [ 658716.0586985910777, 333593.784959234762937 ], [ 658683.058051393600181, 333561.784271502983756 ], [ 658606.73179442610126, 333490.352232369012199 ], [ 658609.226729528279975, 333488.196289055864327 ], [ 658716.770542761078104, 333395.025828668614849 ], [ 658893.726888344273902, 333292.557179851108231 ], [ 658980.484494687407278, 333241.423018732690252 ], [ 659006.531228831154294, 333224.962280283565633 ], [ 659078.066379878553562, 333179.783141088206321 ], [ 659146.067768769571558, 333133.783259003597777 ], [ 659171.418057736475021, 333116.843513080617413 ], [ 659192.778921699849889, 333106.984950703801587 ], [ 659226.299136229092255, 333101.727208508120384 ], [ 659255.218486440833658, 333106.985500658396631 ], [ 659283.809270185651258, 333119.802242769976147 ], [ 659349.863658301183023, 333154.965923672541976 ], [ 659380.426126803737134, 333166.46811215748312 ], [ 659441.551100224023685, 333183.557360996375792 ], [ 659469.403577345656231, 333194.038866601651534 ], [ 659542.931076303240843, 333233.428990989574231 ], [ 659552.706010904046707, 333238.128109499928541 ], [ 659517.074039292288944, 333328.78890922840219 ], [ 659491.073291093343869, 333391.789427843992598 ], [ 659448.072322974912822, 333498.790301630622707 ], [ 659410.07129629550036, 333592.791038067487534 ], [ 659386.070800677291118, 333649.791486814850941 ] ] ] } },
{ "type": "Feature", "properties": { "name": "Place de la Fosse aux Chênes", "source": "rue", "documents": 38, "instruments_de_recherche": 8, "geometrie_officielle": true, "rue_autre_forme": "Fosse aux chênes, place de la", "url": "https://www.bn-r.fr/resultat.php?type_rech=pl&index%5B%5D=rue&value%5B%5D=%22Fosse+aux+ch%C3%AAnes%2C+place+de+la%22&decouvrir_par_terme=Fosse+aux+ch%C3%AAnes%2C+place+de+la" }, "geometry": { "type": "LineString", "coordinates": [ [ 659225.973884615348652, 333735.087800406850874 ], [ 659187.719145693583414, 333762.923031580401585 ] ] } },
{ "type": "Feature", "properties": { "name": "Rue des Fossés", "source": "rue", "documents": 4, "instruments_de_recherche": 2, "geometrie_officielle": true, "rue_autre_forme": "Fosses, rue des", "url": "https://www.bn-r.fr/resultat.php?type_rech=pl&index%5B%5D=rue&value%5B%5D=%22Fosses%2C+rue+des%22&decouvrir_par_terme=Fosses%2C+rue+des" }, "geometry": { "type": "LineString", "coordinates": [ [ 659908.388173675746657, 332418.601830518804491 ], [ 659926.94020584714599, 332440.728701007494237 ], [ 659930.396177414106205, 332447.665708599495701 ], [ 659947.309489176841453, 332464.656247283448465 ], [ 659958.888064861530438, 332478.360270293545909 ], [ 659962.480303096119314, 332485.743875615647994 ], [ 659986.887989860959351, 332515.057522516173776 ], [ 660011.71190486184787, 332545.043538261030335 ] ] } },
{ "type": "Feature", "properties": { "name": "Rue Fourcroy", "source": "rue", "documents": 3, "instruments_de_recherche": 2, "geometrie_officielle": true, "rue_autre_forme": "Fourcroy, rue", "url": "https://www.bn-r.fr/resultat.php?type_rech=pl&index%5B%5D=rue&value%5B%5D=%22Fourcroy%2C+rue%22&decouvrir_par_terme=Fourcroy%2C+rue" }, "geometry": { "type": "LineString", "coordinates": [ [ 659983.811922192922793, 333271.818235561484471 ], [ 660107.870957103557885, 333331.294344912806991 ] ] } },
{ "type": "Feature", "properties": { "name": "Boulevard de Fourmies", "source": "rue", "documents": 38, "instruments_de_recherche": 8, "geometrie_officielle": true, "rue_autre_forme": "Fourmies, boulevard de", "url": "https://www.bn-r.fr/resultat.php?type_rech=pl&index%5B%5D=rue&value%5B%5D=%22Fourmies%2C+boulevard+de%22&decouvrir_par_terme=Fourmies%2C+boulevard+de" }, "geometry": { "type": "MultiLineString", "coordinates": [ [ [ 659515.229204152012244, 331282.460024769767188 ], [ 659563.320228070137091, 331242.83237179776188 ], [ 659607.254902646644041, 331208.276624858495779 ], [ 659654.485334930242971, 331169.864028781768866 ], [ 659784.02136821730528, 331067.176030019763857 ], [ 659811.414232908049598, 331045.342611406056676 ], [ 659860.999068461474963, 331005.289364676631521 ], [ 659900.367213329183869, 330974.801366825820878 ], [ 659957.365241591120139, 330929.491850718157366 ] ], [ [ 659990.973472712910734, 330902.055016566358972 ], [ 660060.396199553157203, 330845.982982314482797 ], [ 660120.340507879387587, 330796.703054059646092 ], [ 660180.687477366998792, 330749.431017778930254 ], [ 660189.599458095966838, 330742.856047061039135 ], [ 660240.256628869683482, 330702.262135054101236 ], [ 660306.535010094637983, 330649.606824964401312 ] ] ] } },
{ "type": "Feature", "properties": { "name": "Rue de France", "source": "rue", "documents": 37, "instruments_de_recherche": 6, "geometrie_officielle": true, "rue_autre_forme": "France, rue de", "url": "https://www.bn-r.fr/resultat.php?type_rech=pl&index%5B%5D=rue&value%5B%5D=%22France%2C+rue+de%22&decouvrir_par_terme=France%2C+rue+de" }, "geometry": { "type": "MultiLineString", "coordinates": [ [ [ 658822.354030938236974, 334016.557614096789621 ], [ 658727.797096773283556, 334094.954968712059781 ], [ 658690.854324358981103, 334126.034795347251929 ], [ 658640.437113795545883, 334168.092673811246641 ], [ 658603.64032117521856, 334198.840929191093892 ] ], [ [ 658927.001361170783639, 333856.60793727642158 ], [ 658890.050684401183389, 333913.721363834105432 ], [ 658879.26371935068164, 333930.736351713654585 ], [ 658827.141599689843133, 334011.714983077370562 ], [ 658822.354030938236974, 334016.557614096789621 ] ] ] } },
{ "type": "Feature", "properties": { "name": "Rue Franklin", "source": "rue", "documents": 3, "instruments_de_recherche": 3, "geometrie_officielle": true, "rue_autre_forme": "Franklin, rue", "url": "https://www.bn-r.fr/resultat.php?type_rech=pl&index%5B%5D=rue&value%5B%5D=%22Franklin%2C+rue%22&decouvrir_par_terme=Franklin%2C+rue" }, "geometry": { "type": "MultiLineString", "coordinates": [ [ [ 660587.146123423008248, 332827.258121465914883 ], [ 660584.911700150696561, 332812.435032325913198 ], [ 660469.690349092590623, 332739.58575339440722 ] ], [ [ 660316.133001231355593, 332637.822298392769881 ], [ 660312.80640491261147, 332631.999097707914189 ], [ 660210.388923138845712, 332563.750911548966542 ] ], [ [ 660469.690349092590623, 332739.58575339440722 ], [ 660320.934801573399454, 332644.441022505459841 ], [ 660316.133001231355593, 332637.822298392769881 ] ] ] } },
{ "type": "Feature", "properties": { "name": "Avenue Frasez", "source": "rue", "documents": 1, "instruments_de_recherche": 1, "geometrie_officielle": true, "rue_autre_forme": "Frasez, avenue", "url": "https://www.bn-r.fr/resultat.php?type_rech=pl&index%5B%5D=rue&value%5B%5D=%22Frasez%2C+avenue%22&decouvrir_par_terme=Frasez%2C+avenue" }, "geometry": { "type": "LineString", "coordinates": [ [ 658751.391417083796114, 333935.221707048418466 ], [ 658807.553089738241397, 333846.721204659319483 ], [ 658855.375851292395964, 333771.257989391917363 ], [ 658859.037524890387431, 333759.61603796883719 ] ] } },
{ "type": "Feature", "properties": { "name": "Avenue Frasez", "source": "rue", "documents": 1, "instruments_de_recherche": 1, "geometrie_officielle": true, "rue_autre_forme": "Frasez, rue", "url": "https://www.bn-r.fr/resultat.php?type_rech=pl&index%5B%5D=rue&value%5B%5D=%22Frasez%2C+rue%22&decouvrir_par_terme=Frasez%2C+rue" }, "geometry": { "type": "LineString", "coordinates": [ [ 658751.391417083796114, 333935.221707048418466 ], [ 658807.553089738241397, 333846.721204659319483 ], [ 658855.375851292395964, 333771.257989391917363 ], [ 658859.037524890387431, 333759.61603796883719 ] ] } },
{ "type": "Feature", "properties": { "name": "Fraternité", "source": "quartier", "documents": 8, "instruments_de_recherche": 5, "geometrie_officielle": false, "rue_autre_forme": null, "url": "https://www.bn-r.fr/resultat.php?type_rech=pl&index%5B%5D=quartier&value%5B%5D=%22Fraternit%C3%A9%22&decouvrir_par_terme=Fraternit%C3%A9" }, "geometry": { "type": "Polygon", "coordinates": [ [ [ 660898.820827439543791, 332443.241946325986646 ], [ 660832.579716459731571, 332391.770791827584617 ], [ 660800.329106728429906, 332365.970194913214073 ], [ 660722.727945629041642, 332302.71875295881182 ], [ 660642.616612547193654, 332230.72720355167985 ], [ 660510.704528651549481, 332114.624661641195416 ], [ 660414.903080614516512, 332027.352661020762753 ], [ 660410.062872370588593, 332015.652423610677943 ], [ 660378.482632915023714, 331897.310923275421374 ], [ 660372.112506246892735, 331864.85045048390748 ], [ 660356.20245466416236, 331812.949699157383293 ], [ 660326.082191453315318, 331695.588154743425548 ], [ 660376.503161527682096, 331656.0782571255113 ], [ 660447.384549202164635, 331602.948347475146875 ], [ 660663.438544063130394, 331438.848881961079314 ], [ 660877.211350602097809, 331225.747419503517449 ], [ 660974.194243060192093, 331325.310995993495453 ], [ 661119.416488700779155, 331472.063498235540465 ], [ 661189.427830390282907, 331542.954395052161999 ], [ 661208.108215107349679, 331561.514759298413992 ], [ 661369.111174616846256, 331724.266969235730357 ], [ 661259.52865756675601, 331890.228374232421629 ], [ 661132.357552505796775, 331767.079245974775404 ], [ 661125.806163215544075, 331772.586607264354825 ], [ 661083.855263120494783, 331811.816855047771242 ], [ 661073.295055432477966, 331804.876765760127455 ], [ 661067.984987710835412, 331802.566775214625522 ], [ 660958.402546712313779, 332025.488211043353658 ], [ 660941.282147321500815, 332061.928419528994709 ], [ 660945.472030597389676, 332122.359033263288438 ], [ 660947.762080281740054, 332151.429328589816578 ], [ 661016.663130696746521, 332194.630531590024475 ], [ 661012.253218081081286, 332207.580628109164536 ], [ 661007.5330387953436, 332231.230786387692206 ], [ 661011.573114991537295, 332239.22090352664236 ], [ 661025.964813314261846, 332247.57768530305475 ], [ 660898.820827439543791, 332443.241946325986646 ] ] ] } },
{ "type": "Feature", "properties": { "name": "Place de la Fraternité", "source": "rue", "documents": 11, "instruments_de_recherche": 4, "geometrie_officielle": true, "rue_autre_forme": "Fraternité, place de la", "url": "https://www.bn-r.fr/resultat.php?type_rech=pl&index%5B%5D=rue&value%5B%5D=%22Fraternit%C3%A9%2C+place+de+la%22&decouvrir_par_terme=Fraternit%C3%A9%2C+place+de+la" }, "geometry": { "type": "LineString", "coordinates": [ [ 660614.326191652449779, 331791.954111534345429 ], [ 660534.861388220684603, 331786.711917066306341 ] ] } },
{ "type": "Feature", "properties": { "name": "Fresnoy Mackellerie", "source": "quartier", "documents": 23, "instruments_de_recherche": 6, "geometrie_officielle": false, "rue_autre_forme": null, "url": "https://www.bn-r.fr/resultat.php?type_rech=pl&index%5B%5D=quartier&value%5B%5D=%22Fresnoy+Mackellerie%22&decouvrir_par_terme=Fresnoy+Mackellerie" }, "geometry": { "type": "Polygon", "coordinates": [ [ [ 657663.169272807426751, 332412.212232092861086 ], [ 657683.468292716424912, 332431.676024998363573 ], [ 657705.60206786391791, 332452.740951381274499 ], [ 657727.475307269138284, 332473.407306540932041 ], [ 657753.535421521868557, 332498.522308852989227 ], [ 657773.835485535906628, 332517.854027729830705 ], [ 657791.385653750156052, 332534.519696846837178 ], [ 657811.158681068802252, 332553.714546251867432 ], [ 657830.589461775729433, 332572.774268209643196 ], [ 657849.584216109593399, 332590.377377101860475 ], [ 657869.439441503840499, 332609.229616878728848 ], [ 657888.041483575594611, 332626.432880224601831 ], [ 657907.033773042727262, 332644.300039147376083 ], [ 657923.666525274282321, 332660.165143759222701 ], [ 657943.363767573027872, 332678.963066812371835 ], [ 657963.142615949269384, 332697.497645645751618 ], [ 657983.575859365751967, 332716.698468546033837 ], [ 658000.080040212254971, 332732.166076633380726 ], [ 658020.125368316541426, 332750.438856519642286 ], [ 658037.675466221524402, 332767.104530227603391 ], [ 658055.625305795576423, 332783.377504018251784 ], [ 658076.454742286005057, 332802.581852618139237 ], [ 658101.736824151827022, 332826.052113759389613 ], [ 658120.339970873203129, 332843.123408341081813 ], [ 658142.680373453651555, 332864.949347290559672 ], [ 658167.836504417005926, 332892.935931042360608 ], [ 658183.410623649251647, 332911.987818193098065 ], [ 658197.338897507521324, 332930.750315144250635 ], [ 658209.966037507983856, 332948.508057873812504 ], [ 658222.788438744144514, 332968.063808316364884 ], [ 658234.462816464132629, 332986.024430275312625 ], [ 658246.658810463617556, 333004.729284175438806 ], [ 658264.850720997201279, 333031.943477096385323 ], [ 658280.383304351824336, 333057.289222655352205 ], [ 658292.565757658332586, 333077.526051315187942 ], [ 658305.366517300601117, 333099.511833700991701 ], [ 658315.497142973123118, 333118.779459290497471 ], [ 658326.851800364092924, 333142.971154859988019 ], [ 658338.813685618923046, 333170.179634439817164 ], [ 658350.612807210185565, 333197.86218532640487 ], [ 658363.03184277494438, 333227.135058460757136 ], [ 658380.894672799855471, 333268.026361462543719 ], [ 658393.947508082026616, 333297.304858113871887 ], [ 658407.927243571961299, 333329.285994244914036 ], [ 658420.19617920438759, 333357.606658684147988 ], [ 658432.926398303126916, 333387.516232314519584 ], [ 658443.768964807852171, 333415.824197271314915 ], [ 658452.249906042008661, 333442.367697130306624 ], [ 658461.328103443258442, 333473.037270802306011 ], [ 658469.446866994374432, 333504.649248162459116 ], [ 658477.442758022341877, 333541.173392892116681 ], [ 658484.827938762377016, 333579.17936230939813 ], [ 658464.11436300969217, 333590.126798879238777 ], [ 658443.232295545749366, 333606.761237076483667 ], [ 658251.589467247133143, 333803.16361237608362 ], [ 658262.483025869820267, 333813.222390228416771 ], [ 658238.696314839529805, 334020.787700427114032 ], [ 658229.761274168267846, 334104.708238676888868 ], [ 658226.50855995900929, 334137.986195346689783 ], [ 658221.158408472780138, 334185.776554350217339 ], [ 658217.1081522279419, 334221.406824105011765 ], [ 658213.766577738337219, 334242.977765381918289 ], [ 658200.047992669045925, 334229.786802170914598 ], [ 658195.047837515943684, 334224.786664381623268 ], [ 658185.047740576323122, 334212.786471680738032 ], [ 658183.047637903480791, 334210.78643614507746 ], [ 658181.047634992050007, 334208.786401503602974 ], [ 658178.047588469227776, 334204.786339645215776 ], [ 658180.047630592132919, 334201.786376995325554 ], [ 658182.04767282505054, 334198.786414298694581 ], [ 658173.047508865711279, 334189.786206308170222 ], [ 658163.047382907243446, 334180.786090839479584 ], [ 658154.04710813309066, 334172.785941701964475 ], [ 658148.047080477816053, 334168.785856849921402 ], [ 658141.046816217480227, 334161.785683084512129 ], [ 658136.046847287449054, 334157.785606500285212 ], [ 658135.04679462115746, 334156.785638605069835 ], [ 658138.046889114310034, 334154.785641916794702 ], [ 658151.047050989000127, 334143.785681066685356 ], [ 658168.047478981898166, 334129.785673367208801 ], [ 658169.047547210124321, 334128.785621610935777 ], [ 658175.047546680434607, 334123.785667039919645 ], [ 658174.047627898515202, 334105.785474874195643 ], [ 658174.047668401151896, 334087.785387159325182 ], [ 658175.04772314906586, 334075.785268585430458 ], [ 658176.047778090112843, 334063.785148768860381 ], [ 658176.047717112815008, 334058.785144421213772 ], [ 658177.047809175681323, 334054.785109872696921 ], [ 658177.047841533669271, 334050.78496705123689 ], [ 658176.047643192345276, 334042.784970403765328 ], [ 658176.047629352426156, 334031.78489973442629 ], [ 658175.047771664103493, 334005.784704219549894 ], [ 658173.047780707478523, 334001.78464386932319 ], [ 658166.047508473158814, 333981.784360748017207 ], [ 658164.047623928054236, 333976.784339143312536 ], [ 658149.047377166571096, 333940.783904678188264 ], [ 658144.047267863759771, 333927.783662531350274 ], [ 658139.047263454878703, 333913.783557856455445 ], [ 658134.047150958445854, 333900.783412977471016 ], [ 658126.0470102916006, 333879.783146582311019 ], [ 658126.047025113948621, 333877.783122100576293 ], [ 658122.046990957576782, 333875.783068009943236 ], [ 657981.044643538654782, 333757.780695511726663 ], [ 657957.044244929682463, 333737.780281501240097 ], [ 657952.044151548296213, 333733.780197624233551 ], [ 657948.044115791097283, 333730.780083719757386 ], [ 657942.043964636512101, 333725.779930280637927 ], [ 657934.043907775310799, 333716.779811760992743 ], [ 657897.043399904621765, 333671.778931690962054 ], [ 657896.043341878568754, 333670.778861910104752 ], [ 657883.043190140277147, 333655.778530829935335 ], [ 657874.042970398557372, 333644.778376053087413 ], [ 657868.042921802727506, 333637.778195144957863 ], [ 657860.042953865486197, 333628.777976095501799 ], [ 657857.042786032427102, 333623.777937484323047 ], [ 657849.042616617050953, 333614.777716345444787 ], [ 657841.042545792763121, 333605.77749596274225 ], [ 657836.042452540481463, 333599.777383429347537 ], [ 657835.042497633607127, 333597.77734974375926 ], [ 657826.04236431629397, 333587.777158984157722 ], [ 657822.042328958283179, 333582.777116070967168 ], [ 657812.042138887336478, 333570.776790391479153 ], [ 657808.042098135338165, 333566.776712221908383 ], [ 657807.04204262944404, 333564.776677332003601 ], [ 657828.04248590033967, 333547.776672164676711 ], [ 657831.042590623139404, 333545.776656972477213 ], [ 657845.042855601175688, 333534.776609224500135 ], [ 657891.04373804340139, 333499.776559935766272 ], [ 657922.044400347862393, 333475.7765563041321 ], [ 657930.044559820205905, 333469.776507286238484 ], [ 657935.044610548880883, 333465.776572213915642 ], [ 657935.044707547174767, 333448.776352772896644 ], [ 657937.04496302746702, 333409.775786838959903 ], [ 657938.045015200274065, 333394.775597296247724 ], [ 657929.044896569103003, 333380.775415083742701 ], [ 657922.044782233308069, 333371.775176371331327 ], [ 657913.044760599499568, 333357.774893728899769 ], [ 657907.044504725490697, 333349.774725054332521 ], [ 657903.044580248766579, 333341.77466951624956 ], [ 657896.04449385649059, 333326.774327774415724 ], [ 657890.044350581010804, 333315.774157542502508 ], [ 657888.044484979356639, 333302.773975244257599 ], [ 657884.04440584895201, 333285.773709994391538 ], [ 657881.044403385138139, 333266.773413159651682 ], [ 657879.044404655462131, 333259.773330042604357 ], [ 657879.044419911922887, 333256.77332731266506 ], [ 657878.044468394946307, 333253.773219885420986 ], [ 657875.044312270008959, 333244.773094196862075 ], [ 657869.044413808500394, 333223.772741114837117 ], [ 657864.044370321091264, 333204.772524206666276 ], [ 657865.044373702257872, 333197.772452516655903 ], [ 657864.044446353102103, 333189.772303032164928 ], [ 657864.044451892608777, 333188.772234979551286 ], [ 657864.044361372711137, 333186.772297614486888 ], [ 657863.044423672370613, 333180.772183829220012 ], [ 657859.04433101194445, 333164.771969971770886 ], [ 657856.044356087688357, 333158.771845032053534 ], [ 657849.044251508777961, 333143.771582541288808 ], [ 657848.044288311270066, 333142.771509572747163 ], [ 657846.044265646138228, 333139.771493938751519 ], [ 657840.04419345385395, 333131.771315676625818 ], [ 657839.044034845195711, 333129.771272178273648 ], [ 657830.044074492063373, 333117.771005555114243 ], [ 657822.043971031089313, 333107.77087932638824 ], [ 657802.043608273263089, 333082.770361916860566 ], [ 657798.043550224625506, 333078.77026749640936 ], [ 657793.043422886636108, 333074.770168155082501 ], [ 657788.043304068734869, 333068.770030568353832 ], [ 657781.043350808788091, 333061.769816775224172 ], [ 657773.043230653740466, 333053.76972779922653 ], [ 657772.043166197137907, 333052.769653840106912 ], [ 657756.043023932608776, 333036.769277154468 ], [ 657745.042809081729501, 333024.768997620092705 ], [ 657723.042424936778843, 332986.768360363028478 ], [ 657707.04231483861804, 332957.767770635255147 ], [ 657682.042124894447625, 332910.766976205108222 ], [ 657667.041958066634834, 332883.766417835606262 ], [ 657666.041890344698913, 332882.766443180735223 ], [ 657608.041281456593424, 332778.764459637983236 ], [ 657598.041108663310297, 332762.764183888444677 ], [ 657596.04108076961711, 332756.764147339854389 ], [ 657599.041366221033968, 332693.763312547816895 ], [ 657602.041659256676212, 332628.762497663206887 ], [ 657607.041890040738508, 332604.762158930534497 ], [ 657610.041953484760597, 332588.76199532917235 ], [ 657610.04200074262917, 332571.761748093238566 ], [ 657610.042025127564557, 332562.761686662212014 ], [ 657607.042070741066709, 332538.761311710462905 ], [ 657603.042030076961964, 332518.761024247505702 ], [ 657586.042040980537422, 332453.75995906686876 ], [ 657586.042043175897561, 332452.759984538657591 ], [ 657573.041735494625755, 332428.759461192879826 ], [ 657579.352031871676445, 332427.259575319709256 ], [ 657606.161616952274926, 332408.561834474268835 ], [ 657621.16288049519062, 332398.099587359756697 ], [ 657636.691330594941974, 332387.599096796824597 ], [ 657663.169272807426751, 332412.212232092861086 ] ] ] } },
{ "type": "Feature", "properties": { "name": "Rue du Fresnoy", "source": "rue", "documents": 11, "instruments_de_recherche": 4, "geometrie_officielle": true, "rue_autre_forme": "Fresnoy, rue du", "url": "https://www.bn-r.fr/resultat.php?type_rech=pl&index%5B%5D=rue&value%5B%5D=%22Fresnoy%2C+rue+du%22&decouvrir_par_terme=Fresnoy%2C+rue+du" }, "geometry": { "type": "MultiLineString", "coordinates": [ [ [ 658154.619928439613432, 333454.593087412358727 ], [ 658125.474180789547972, 333489.878489844617434 ], [ 658102.928648454952054, 333516.112644151435234 ], [ 658041.267564553418197, 333597.773545289062895 ] ], [ [ 658322.039899455034174, 333330.69830741774058 ], [ 658243.825532850343734, 333387.587116251466796 ], [ 658187.252981252851896, 333430.026940465730149 ], [ 658154.619928439613432, 333454.593087412358727 ] ] ] } },
{ "type": "Feature", "properties": { "name": "Rue Galvani", "source": "rue", "documents": 1, "instruments_de_recherche": 1, "geometrie_officielle": true, "rue_autre_forme": "Galvani, rue", "url": "https://www.bn-r.fr/resultat.php?type_rech=pl&index%5B%5D=rue&value%5B%5D=%22Galvani%2C+rue%22&decouvrir_par_terme=Galvani%2C+rue" }, "geometry": { "type": "LineString", "coordinates": [ [ 659951.31711789558176, 333434.004810991347767 ], [ 660033.76547734241467, 333385.533152949530631 ], [ 660102.035069428500719, 333347.472623568843119 ] ] } },
{ "type": "Feature", "properties": { "name": "Boulevard Gambetta", "source": "rue", "documents": 163, "instruments_de_recherche": 10, "geometrie_officielle": true, "rue_autre_forme": "Gambetta, boulevard", "url": "https://www.bn-r.fr/resultat.php?type_rech=pl&index%5B%5D=rue&value%5B%5D=%22Gambetta%2C+boulevard%22&decouvrir_par_terme=Gambetta%2C+boulevard" }, "geometry": { "type": "MultiLineString", "coordinates": [ [ [ 659577.542377889854833, 332835.346612979192287 ], [ 659585.697266101371497, 332839.220643161213957 ], [ 659641.697525168652646, 332868.441030571702868 ], [ 659663.96253926155623, 332880.817656977684237 ], [ 659690.676825295435265, 332893.466731536551379 ], [ 659721.189408918609843, 332907.716154525987804 ], [ 659738.003371349303052, 332914.58024123753421 ], [ 659938.246226793853566, 332975.129222432384267 ] ], [ [ 659935.065119526814669, 332975.204705891897902 ], [ 659935.065119526814669, 332975.204705891897902 ], [ 660044.180634828982875, 333006.807183536002412 ], [ 660105.593036920647137, 333025.746246734459419 ], [ 660163.934460139833391, 333034.971661556744948 ], [ 660222.534923757892102, 333027.511519579682499 ], [ 660222.606843687593937, 333027.401071482570842 ] ], [ [ 660222.606843687593937, 333027.401071482570842 ], [ 660246.352370175649412, 333002.413254278362729 ], [ 660284.274356285226531, 332998.725447434640955 ], [ 660323.149019252741709, 332992.044651137141045 ], [ 660323.290345742367208, 332992.04625087371096 ], [ 660381.677012340049259, 332984.807955747237429 ] ] ] } },
{ "type": "Feature", "properties": { "name": "Quai de Gand", "source": "rue", "documents": 3, "instruments_de_recherche": 1, "geometrie_officielle": true, "rue_autre_forme": "Gand, quai de", "url": "https://www.bn-r.fr/resultat.php?type_rech=pl&index%5B%5D=rue&value%5B%5D=%22Gand%2C+quai+de%22&decouvrir_par_terme=Gand%2C+quai+de" }, "geometry": { "type": "LineString", "coordinates": [ [ 658900.788003438385203, 334425.307577395578846 ], [ 658999.240247961948626, 334467.007288155029528 ], [ 659051.488049650331959, 334489.282093326619361 ], [ 659153.808483377564698, 334532.362713753420394 ], [ 659203.4731991981389, 334545.375653298862744 ], [ 659256.143017053604126, 334554.973377574235201 ], [ 659303.01001041312702, 334559.055218846944626 ], [ 659347.943562329863198, 334559.110522640752606 ], [ 659398.728092619217932, 334554.00214603357017 ], [ 659449.064157810527831, 334544.772573787486181 ], [ 659495.407307848799974, 334532.494824638473801 ], [ 659552.282931448193267, 334513.436984830826987 ] ] } },
{ "type": "Feature", "properties": { "name": "Place de la Gare", "source": "rue", "documents": 64, "instruments_de_recherche": 9, "geometrie_officielle": true, "rue_autre_forme": "Gare, place de la", "url": "https://www.bn-r.fr/resultat.php?type_rech=pl&index%5B%5D=rue&value%5B%5D=%22Gare%2C+place+de+la%22&decouvrir_par_terme=Gare%2C+place+de+la" }, "geometry": { "type": "LineString", "coordinates": [ [ 658491.909529635682702, 333286.943274736579042 ], [ 658455.192302159965038, 333284.203917339560576 ] ] } },
{ "type": "Feature", "properties": { "name": "Rue du Grand Chemin", "source": "rue", "documents": 11, "instruments_de_recherche": 3, "geometrie_officielle": true, "rue_autre_forme": "Grand Chemin, rue du", "url": "https://www.bn-r.fr/resultat.php?type_rech=pl&index%5B%5D=rue&value%5B%5D=%22Grand+Chemin%2C+rue+du%22&decouvrir_par_terme=Grand+Chemin%2C+rue+du" }, "geometry": { "type": "LineString", "coordinates": [ [ 658897.733399959397502, 332847.706006353488192 ], [ 658836.832877473789267, 332839.467609288985841 ], [ 658821.988259166828357, 332839.748787685064599 ], [ 658699.841520244022831, 332867.440997597586829 ], [ 658637.280394474277273, 332881.661191549152136 ], [ 658524.125871840165928, 332908.009977564564906 ], [ 658415.45724826620426, 332931.406297435518354 ], [ 658362.439738093176857, 332971.324211707920767 ], [ 658320.241710289847106, 333004.240377641282976 ], [ 658289.598537762998603, 333021.039229175075889 ], [ 658262.973477852763608, 333032.319163415348157 ] ] } },
{ "type": "Feature", "properties": { "name": "Rue du Grand Chemin", "source": "rue", "documents": 130, "instruments_de_recherche": 8, "geometrie_officielle": true, "rue_autre_forme": "Grand chemin, rue du", "url": "https://www.bn-r.fr/resultat.php?type_rech=pl&index%5B%5D=rue&value%5B%5D=%22Grand+chemin%2C+rue+du%22&decouvrir_par_terme=Grand+chemin%2C+rue+du" }, "geometry": { "type": "LineString", "coordinates": [ [ 658897.733399959397502, 332847.706006353488192 ], [ 658836.832877473789267, 332839.467609288985841 ], [ 658821.988259166828357, 332839.748787685064599 ], [ 658699.841520244022831, 332867.440997597586829 ], [ 658637.280394474277273, 332881.661191549152136 ], [ 658524.125871840165928, 332908.009977564564906 ], [ 658415.45724826620426, 332931.406297435518354 ], [ 658362.439738093176857, 332971.324211707920767 ], [ 658320.241710289847106, 333004.240377641282976 ], [ 658289.598537762998603, 333021.039229175075889 ], [ 658262.973477852763608, 333032.319163415348157 ] ] } },
{ "type": "Feature", "properties": { "name": "Grand Place", "source": "rue", "documents": 507, "instruments_de_recherche": 13, "geometrie_officielle": true, "rue_autre_forme": "Grand place", "url": "https://www.bn-r.fr/resultat.php?type_rech=pl&index%5B%5D=rue&value%5B%5D=%22Grand+place%22&decouvrir_par_terme=Grand+place" }, "geometry": { "type": "LineString", "coordinates": [ [ 659135.646889370284043, 332851.786988805688452 ], [ 659262.88024346367456, 332862.657448198646307 ] ] } },
{ "type": "Feature", "properties": { "name": "Grande Rue", "source": "rue", "documents": 267, "instruments_de_recherche": 14, "geometrie_officielle": true, "rue_autre_forme": "Grande rue", "url": "https://www.bn-r.fr/resultat.php?type_rech=pl&index%5B%5D=rue&value%5B%5D=%22Grande+rue%22&decouvrir_par_terme=Grande+rue" }, "geometry": { "type": "MultiLineString", "coordinates": [ [ [ 660174.378453806159087, 333155.251310058578383 ], [ 660301.549065954983234, 333189.622053971979767 ], [ 660316.978412030497566, 333193.802065611118451 ], [ 660334.102327066939324, 333198.112568766227923 ], [ 660389.256789623294026, 333213.980061916285194 ], [ 660471.53931786143221, 333236.831566288135946 ], [ 660498.175543644232675, 333243.587034766678698 ], [ 660531.919280138681643, 333252.982371899764985 ], [ 660584.123873967211694, 333267.149477370781824 ], [ 660751.23377540986985, 333312.443806431838311 ], [ 660968.991525627789088, 333371.674011480412446 ], [ 660987.0252780681476, 333376.664607535058167 ], [ 661007.596319745760411, 333382.240619553427678 ] ], [ [ 659267.096423520706594, 332909.322500376496464 ], [ 659310.784505913499743, 332920.934587546274997 ], [ 659473.265573976910673, 332964.913116074400023 ], [ 659493.8372503221035, 332970.705762372002937 ], [ 659502.221368232509121, 332973.024578921846114 ], [ 659526.814584705978632, 332979.418559665209614 ], [ 659621.233472665888257, 333004.617607722000685 ], [ 659692.462005658075213, 333024.32928233302664 ], [ 659728.60480110917706, 333034.302664163173176 ], [ 659878.112253435654566, 333075.032951466855593 ], [ 659981.32676178321708, 333103.341310455580242 ], [ 660053.119232848985121, 333122.95293441292597 ], [ 660116.179308697930537, 333139.796756839961745 ], [ 660134.300342812784947, 333143.450295837828889 ], [ 660174.378453806159087, 333155.251310058578383 ] ] ] } },
{ "type": "Feature", "properties": { "name": "Rue des Grapperies", "source": "rue", "documents": 1, "instruments_de_recherche": 1, "geometrie_officielle": true, "rue_autre_forme": "Grapperies, rue des", "url": "https://www.bn-r.fr/resultat.php?type_rech=pl&index%5B%5D=rue&value%5B%5D=%22Grapperies%2C+rue+des%22&decouvrir_par_terme=Grapperies%2C+rue+des" }, "geometry": { "type": "LineString", "coordinates": [ [ 657989.318300588405691, 332851.985547305142973 ], [ 657909.96097928925883, 332903.192455344018526 ] ] } },
{ "type": "Feature", "properties": { "name": "Rue de la Guinguette", "source": "rue", "documents": 1, "instruments_de_recherche": 1, "geometrie_officielle": true, "rue_autre_forme": "Guinguette, rue de la", "url": "https://www.bn-r.fr/resultat.php?type_rech=pl&index%5B%5D=rue&value%5B%5D=%22Guinguette%2C+rue+de+la%22&decouvrir_par_terme=Guinguette%2C+rue+de+la" }, "geometry": { "type": "LineString", "coordinates": [ [ 658953.761566230212338, 334299.055626708315685 ], [ 658838.914014183683321, 334250.94511877867626 ], [ 658759.708304832456633, 334219.029154318268411 ], [ 658640.437113795545883, 334168.092673811246641 ] ] } },
{ "type": "Feature", "properties": { "name": "Avenue Gustave Delory", "source": "rue", "documents": 6, "instruments_de_recherche": 4, "geometrie_officielle": true, "rue_autre_forme": "Gustave Delory, avenue", "url": "https://www.bn-r.fr/resultat.php?type_rech=pl&index%5B%5D=rue&value%5B%5D=%22Gustave+Delory%2C+avenue%22&decouvrir_par_terme=Gustave+Delory%2C+avenue" }, "geometry": { "type": "LineString", "coordinates": [ [ 658550.087168631027453, 331322.840656416490674 ], [ 658704.69066705997102, 331239.761131190287415 ], [ 658705.046549623133615, 331239.54253107047407 ], [ 658831.791902433265932, 331170.067421983811073 ], [ 658880.087227117735893, 331143.564542992331553 ], [ 659020.061618982348591, 331067.341930772818159 ], [ 659053.347293770755641, 331049.352711428655311 ], [ 659120.70307335187681, 331012.827295471448451 ], [ 659213.7419661503518, 330961.901671091734897 ], [ 659337.857799479155801, 330894.857057226705365 ], [ 659416.120092923752964, 330850.668597686104476 ], [ 659453.108019160339609, 330830.609197067911737 ], [ 659594.102276707417332, 330753.189124461205211 ], [ 659606.773928887327202, 330745.431358638743404 ], [ 659650.299456195556559, 330722.553670736728236 ], [ 659702.946401383727789, 330693.325423171976581 ], [ 659707.996803897665814, 330690.600494062178768 ], [ 659788.237147213774733, 330647.107187858666293 ], [ 659828.780107578029856, 330625.532619543024339 ], [ 659857.087682913523167, 330610.607805705803912 ], [ 659868.468812611419708, 330604.505063164047897 ], [ 660007.774678009445779, 330527.410711846547201 ], [ 660076.919837736990303, 330490.138658277399372 ], [ 660087.305458679446019, 330484.581461189023685 ], [ 660114.924308502580971, 330474.434405258856714 ] ] } },
{ "type": "Feature", "properties": { "name": "Rue du Général Chanzy", "source": "rue", "documents": 16, "instruments_de_recherche": 5, "geometrie_officielle": true, "rue_autre_forme": "Général Chanzy, rue du", "url": "https://www.bn-r.fr/resultat.php?type_rech=pl&index%5B%5D=rue&value%5B%5D=%22G%C3%A9n%C3%A9ral+Chanzy%2C+rue+du%22&decouvrir_par_terme=G%C3%A9n%C3%A9ral+Chanzy%2C+rue+du" }, "geometry": { "type": "MultiLineString", "coordinates": [ [ [ 659171.879009883152321, 332312.79894744080957 ], [ 659144.630680955597199, 332341.535427016904578 ], [ 659101.710679343319498, 332387.677361030946486 ] ], [ [ 659171.879009883152321, 332312.79894744080957 ], [ 659286.034290101495571, 332191.570015715784393 ], [ 659328.679702146910131, 332144.981479652633425 ], [ 659390.197282956214622, 332079.466790420003235 ] ] ] } },
{ "type": "Feature", "properties": { "name": "Boulevard du Général de Gaulle", "source": "rue", "documents": 85, "instruments_de_recherche": 9, "geometrie_officielle": true, "rue_autre_forme": "Général De Gaulle, boulevard du", "url": "https://www.bn-r.fr/resultat.php?type_rech=pl&index%5B%5D=rue&value%5B%5D=%22G%C3%A9n%C3%A9ral+De+Gaulle%2C+boulevard+du%22&decouvrir_par_terme=G%C3%A9n%C3%A9ral+De+Gaulle%2C+boulevard+du" }, "geometry": { "type": "LineString", "coordinates": [ [ 659255.426817268249579, 332433.331912977038883 ], [ 659171.879009883152321, 332312.79894744080957 ], [ 659019.147981280111708, 332094.81588685704628 ], [ 659003.276643059332855, 332072.721943406213541 ], [ 658909.251017520437017, 331939.838864013785496 ], [ 658871.882200351334177, 331886.466281824919861 ], [ 658803.324758286122233, 331789.581008592620492 ], [ 658765.393266552709974, 331735.757988836034201 ], [ 658765.184906008769758, 331735.421912399004214 ], [ 658720.737760794698261, 331682.640005456865765 ], [ 658690.979487923672423, 331669.628666193922982 ] ] } },
{ "type": "Feature", "properties": { "name": "Place du Général Faidherbe", "source": "rue", "documents": 121, "instruments_de_recherche": 6, "geometrie_officielle": true, "rue_autre_forme": "Général Faidherbe, place du", "url": "https://www.bn-r.fr/resultat.php?type_rech=pl&index%5B%5D=rue&value%5B%5D=%22G%C3%A9n%C3%A9ral+Faidherbe%2C+place+du%22&decouvrir_par_terme=G%C3%A9n%C3%A9ral+Faidherbe%2C+place+du" }, "geometry": { "type": "LineString", "coordinates": [ [ 660187.119303535437211, 332828.065896877204068 ], [ 660201.019320640247315, 332836.344928162870929 ], [ 660245.495466207503341, 332834.39978731633164 ] ] } },
{ "type": "Feature", "properties": { "name": "Boulevard du Général Leclerc", "source": "rue", "documents": 97, "instruments_de_recherche": 11, "geometrie_officielle": true, "rue_autre_forme": "Général Leclerc, boulevard du", "url": "https://www.bn-r.fr/resultat.php?type_rech=pl&index%5B%5D=rue&value%5B%5D=%22G%C3%A9n%C3%A9ral+Leclerc%2C+boulevard+du%22&decouvrir_par_terme=G%C3%A9n%C3%A9ral+Leclerc%2C+boulevard+du" }, "geometry": { "type": "MultiLineString", "coordinates": [ [ [ 659255.426817268249579, 332433.331912977038883 ], [ 659264.973863390972838, 332445.565435517695732 ], [ 659301.129274735692888, 332480.235768367303535 ], [ 659391.213808567961678, 332540.095581007888541 ], [ 659416.674465205986053, 332570.308407810109202 ], [ 659434.439323431928642, 332612.451663293933962 ], [ 659437.295584595995024, 332641.522490835865028 ] ], [ [ 659440.105850330437534, 332681.051295174169354 ], [ 659442.948444735840894, 332705.004001501307357 ], [ 659460.772118644556031, 332748.149380161543377 ], [ 659488.548328329226933, 332786.065408287104219 ], [ 659566.365030898828991, 332829.992425229167566 ], [ 659577.542377889854833, 332835.346612979192287 ] ] ] } },
{ "type": "Feature", "properties": { "name": "Rue du Général Sarrail", "source": "rue", "documents": 39, "instruments_de_recherche": 10, "geometrie_officielle": true, "rue_autre_forme": "Général Sarrail, rue du", "url": "https://www.bn-r.fr/resultat.php?type_rech=pl&index%5B%5D=rue&value%5B%5D=%22G%C3%A9n%C3%A9ral+Sarrail%2C+rue+du%22&decouvrir_par_terme=G%C3%A9n%C3%A9ral+Sarrail%2C+rue+du" }, "geometry": { "type": "MultiLineString", "coordinates": [ [ [ 659058.53394674975425, 332871.626343370298855 ], [ 658923.276058348244987, 332851.437423826893792 ], [ 658897.733399959397502, 332847.706006353488192 ] ], [ [ 659058.53394674975425, 332871.626343370298855 ], [ 659084.0640525566414, 332876.471000796824228 ], [ 659101.617636284558102, 332880.44849393441109 ], [ 659124.031612626160495, 332873.131392784416676 ] ] ] } },
{ "type": "Feature", "properties": { "name": "Rue de la Halle", "source": "rue", "documents": 10, "instruments_de_recherche": 5, "geometrie_officielle": true, "rue_autre_forme": "Halle, rue de la", "url": "https://www.bn-r.fr/resultat.php?type_rech=pl&index%5B%5D=rue&value%5B%5D=%22Halle%2C+rue+de+la%22&decouvrir_par_terme=Halle%2C+rue+de+la" }, "geometry": { "type": "LineString", "coordinates": [ [ 659421.713728062110022, 332682.51510792830959 ], [ 659400.023790206061676, 332700.853818401170429 ], [ 659399.951883205096237, 332700.964277435385156 ], [ 659362.084817540599033, 332801.121849412331358 ] ] } },
{ "type": "Feature", "properties": { "name": "Cour d'Halluin", "source": "rue", "documents": 10, "instruments_de_recherche": 4, "geometrie_officielle": true, "rue_autre_forme": "Halluin, boulevard d\\'", "url": "https://www.bn-r.fr/resultat.php?type_rech=pl&index%5B%5D=rue&value%5B%5D=%22Halluin%2C+boulevard+d%5C%27%22&decouvrir_par_terme=Halluin%2C+boulevard+d%5C%27" }, "geometry": { "type": "MultiLineString", "coordinates": [ [ [ 659545.298574838321656, 331938.450486891670153 ], [ 659538.492738724919036, 331927.582233945140615 ] ], [ [ 660025.373615018441342, 332204.295408733305521 ], [ 660040.062225483823568, 332186.65919477911666 ] ], [ [ 660378.499730323674157, 332535.389883863681462 ], [ 660386.140922298654914, 332540.928225053416099 ] ] ] } },
{ "type": "Feature", "properties": { "name": "Hauts Champs", "source": "quartier", "documents": 3, "instruments_de_recherche": 2, "geometrie_officielle": false, "rue_autre_forme": null, "url": "https://www.bn-r.fr/resultat.php?type_rech=pl&index%5B%5D=quartier&value%5B%5D=%22Hauts+Champs%22&decouvrir_par_terme=Hauts+Champs" }, "geometry": { "type": "Polygon", "coordinates": [ [ [ 660733.810492065153085, 331079.673689978779294 ], [ 660561.983595772297122, 330907.120555731118657 ], [ 660460.22364272386767, 330804.930465655517764 ], [ 660522.627574339741841, 330751.179824367631227 ], [ 660496.51400862459559, 330717.005328891216777 ], [ 660496.239201524760574, 330703.815211755223572 ], [ 660534.097876051440835, 330648.768896923225839 ], [ 660571.098655366804451, 330593.768634420237504 ], [ 660580.09883666515816, 330580.768602664233185 ], [ 660585.098987335455604, 330573.768605352554005 ], [ 660618.099621526431292, 330526.76844142167829 ], [ 660620.099517772090621, 330522.768430438882206 ], [ 660617.099642581539229, 330522.768446954665706 ], [ 660615.099616074003279, 330520.768407158670016 ], [ 660609.099508152925409, 330515.768279238720424 ], [ 660588.099058408406563, 330491.767784642172046 ], [ 660590.099198057316244, 330489.76775798748713 ], [ 660593.099285313975997, 330485.76777487952495 ], [ 660597.099265565862879, 330481.767718864604831 ], [ 660601.099445751402527, 330477.767664631130174 ], [ 660605.099525488913059, 330473.76770933077205 ], [ 660608.099513838300481, 330469.767725156561937 ], [ 660612.099594098050147, 330465.767769819416571 ], [ 660616.099675515433773, 330461.76771464641206 ], [ 660620.099657381768338, 330457.767658577649854 ], [ 660621.099777232273482, 330456.767695586313494 ], [ 660623.099845426157117, 330453.767775845190044 ], [ 660627.099928530515172, 330449.767620794416871 ], [ 660630.09984568785876, 330444.767743227188475 ], [ 660634.100028277141973, 330440.767688830848783 ], [ 660637.100218135514297, 330436.767706032376736 ], [ 660640.100136951077729, 330431.767728324048221 ], [ 660646.10039050038904, 330424.767653869814239 ], [ 660649.100310898502357, 330419.767576040234417 ], [ 660655.100435627740808, 330413.767692429246381 ], [ 660662.100555115146562, 330407.76763757498702 ], [ 660668.100653541623615, 330402.767646605789196 ], [ 660673.100759132648818, 330397.767727026192006 ], [ 660675.100773480371572, 330396.76769178424729 ], [ 660677.100816421327181, 330394.767664066748694 ], [ 660713.101495957234874, 330358.767763163661584 ], [ 660723.101716994657181, 330348.767724334844388 ], [ 660768.10233582102228, 330401.768869634193834 ], [ 660784.102612057817169, 330418.769218650995754 ], [ 660788.102533458732069, 330423.769298958708532 ], [ 660789.102695844252594, 330424.769322520820424 ], [ 660795.10267146374099, 330430.769454976369161 ], [ 660795.102592945098877, 330436.769508765777573 ], [ 660808.102982572512701, 330443.769745255820453 ], [ 660829.103128445101902, 330456.770073713560123 ], [ 660846.103531028726138, 330468.770394148537889 ], [ 660862.103799006785266, 330478.770700351393316 ], [ 660869.103837720467709, 330488.770932607119903 ], [ 660881.104042694321834, 330501.771193620399572 ], [ 660883.104034674935974, 330504.771229941979982 ], [ 660886.104087550425902, 330508.771289022697601 ], [ 660889.104139329167083, 330512.771447867853567 ], [ 660892.104191783582792, 330516.771506833843887 ], [ 660895.104213595739566, 330521.77155717019923 ], [ 660902.10428569407668, 330533.77177134383237 ], [ 660914.104466822813265, 330553.772070761362556 ], [ 660920.104605303145945, 330563.772270028071944 ], [ 660935.104766865260899, 330589.772705439245328 ], [ 660936.104764224844985, 330592.772809473623056 ], [ 660941.104839073843323, 330601.772984076465946 ], [ 660946.104944924241863, 330609.773067701084074 ], [ 660949.104830351425335, 330615.773205065517686 ], [ 660950.104958769050427, 330617.773219009512104 ], [ 660952.104977900511585, 330619.773262977250852 ], [ 660956.104954003123567, 330625.773332019976806 ], [ 660957.105082220747136, 330627.773345855646767 ], [ 660963.105206428444944, 330634.773568810080178 ], [ 660967.105243590311147, 330638.77365662244847 ], [ 660976.105383385438472, 330650.77372674155049 ], [ 660980.10531882639043, 330654.773913397802971 ], [ 660987.105531202047132, 330661.77406824514037 ], [ 660999.105731553281657, 330670.774261161452159 ], [ 661002.105739055550657, 330672.77433645084966 ], [ 661006.105836402624846, 330674.774444087059237 ], [ 661020.106045557651669, 330682.774710977508221 ], [ 661034.106221147580072, 330691.774969011661597 ], [ 661039.106308137997985, 330693.775009296252392 ], [ 661046.106442895368673, 330696.775104099186137 ], [ 661049.1064807116054, 330697.775190241460223 ], [ 661062.106763167306781, 330706.77531980938511 ], [ 661065.106769560836256, 330708.775296301522758 ], [ 661066.106859214720316, 330708.775329114985652 ], [ 661069.106865496258251, 330710.775305673712865 ], [ 661076.106869508745149, 330717.775460828270297 ], [ 661080.107099613407627, 330721.775551524478942 ], [ 661082.107050583697855, 330725.775575398583896 ], [ 661085.107158635742962, 330730.775622697430663 ], [ 661010.605621966533363, 330805.945925765146967 ], [ 660883.411600578576326, 330930.888228725350928 ], [ 660733.810492065153085, 331079.673689978779294 ] ] ] } },
{ "type": "Feature", "properties": { "name": "Rue Heilmann", "source": "rue", "documents": 4, "instruments_de_recherche": 2, "geometrie_officielle": true, "rue_autre_forme": "Heilmann, rue", "url": "https://www.bn-r.fr/resultat.php?type_rech=pl&index%5B%5D=rue&value%5B%5D=%22Heilmann%2C+rue%22&decouvrir_par_terme=Heilmann%2C+rue" }, "geometry": { "type": "LineString", "coordinates": [ [ 658118.97629716922529, 332666.592009258340113 ], [ 658202.080287683173083, 332596.40364391420735 ] ] } },
{ "type": "Feature", "properties": { "name": "Rue Henri Bossut", "source": "rue", "documents": 3, "instruments_de_recherche": 3, "geometrie_officielle": true, "rue_autre_forme": "Henri Bossut, rue", "url": "https://www.bn-r.fr/resultat.php?type_rech=pl&index%5B%5D=rue&value%5B%5D=%22Henri+Bossut%2C+rue%22&decouvrir_par_terme=Henri+Bossut%2C+rue" }, "geometry": { "type": "LineString", "coordinates": [ [ 659292.047956563765183, 331701.758958731952589 ], [ 659114.627070423564874, 331796.584554067230783 ], [ 659109.568144368822686, 331800.200030462350696 ] ] } },
{ "type": "Feature", "properties": { "name": "Rue Henri Carrette", "source": "rue", "documents": 5, "instruments_de_recherche": 4, "geometrie_officielle": true, "rue_autre_forme": "Henri Carette, rue", "url": "https://www.bn-r.fr/resultat.php?type_rech=pl&index%5B%5D=rue&value%5B%5D=%22Henri+Carette%2C+rue%22&decouvrir_par_terme=Henri+Carette%2C+rue" }, "geometry": { "type": "MultiLineString", "coordinates": [ [ [ 659187.719145693583414, 333762.923031580401585 ], [ 659185.800173414871097, 333757.56118855276145 ], [ 659154.576395893818699, 333724.948780795792118 ], [ 659091.964606513502076, 333693.546044066955801 ], [ 659081.112270136014558, 333690.866704967222176 ], [ 659048.087353135109879, 333674.03402344713686 ] ], [ [ 659048.087353135109879, 333674.03402344713686 ], [ 659023.182573197293095, 333676.87340823514387 ], [ 658953.297989808255807, 333689.562345796381123 ] ], [ [ 658953.297989808255807, 333689.562345796381123 ], [ 658943.453704201616347, 333691.567398877697997 ], [ 658859.037524890387431, 333759.61603796883719 ] ] ] } },
{ "type": "Feature", "properties": { "name": "Rue Henri Dunant", "source": "rue", "documents": 2, "instruments_de_recherche": 1, "geometrie_officielle": true, "rue_autre_forme": "Henri Dunant, rue", "url": "https://www.bn-r.fr/resultat.php?type_rech=pl&index%5B%5D=rue&value%5B%5D=%22Henri+Dunant%2C+rue%22&decouvrir_par_terme=Henri+Dunant%2C+rue" }, "geometry": { "type": "LineString", "coordinates": [ [ 659884.14380479126703, 332601.130335399648175 ], [ 659745.43240288074594, 332775.142694961628877 ], [ 659709.837330086622387, 332823.364656175195705 ], [ 659704.261742981732823, 332873.146948340116069 ], [ 659695.878587557817809, 332895.97273019712884 ] ] } },
{ "type": "Feature", "properties": { "name": "Rue Henri Lefebvre", "source": "rue", "documents": 8, "instruments_de_recherche": 3, "geometrie_officielle": true, "rue_autre_forme": "Henri Lefebvre, rue", "url": "https://www.bn-r.fr/resultat.php?type_rech=pl&index%5B%5D=rue&value%5B%5D=%22Henri+Lefebvre%2C+rue%22&decouvrir_par_terme=Henri+Lefebvre%2C+rue" }, "geometry": { "type": "LineString", "coordinates": [ [ 659870.126338874339126, 332590.625623088912107 ], [ 659940.715126521652564, 332510.532657281961292 ], [ 659962.480303096119314, 332485.743875615647994 ] ] } },
{ "type": "Feature", "properties": { "name": "Rue Henri Martin", "source": "rue", "documents": 1, "instruments_de_recherche": 1, "geometrie_officielle": true, "rue_autre_forme": "Henri Martin, rue", "url": "https://www.bn-r.fr/resultat.php?type_rech=pl&index%5B%5D=rue&value%5B%5D=%22Henri+Martin%2C+rue%22&decouvrir_par_terme=Henri+Martin%2C+rue" }, "geometry": { "type": "MultiLineString", "coordinates": [ [ [ 660111.452608633320779, 333508.684816145629156 ], [ 660135.425456825876608, 333444.535148961818777 ] ], [ [ 660111.452608633320779, 333508.684816145629156 ], [ 660087.984946119249798, 333571.950212916592136 ] ] ] } },
{ "type": "Feature", "properties": { "name": "Rue Henri Régnault", "source": "rue", "documents": 2, "instruments_de_recherche": 2, "geometrie_officielle": true, "rue_autre_forme": "Henri Regnault, rue", "url": "https://www.bn-r.fr/resultat.php?type_rech=pl&index%5B%5D=rue&value%5B%5D=%22Henri+Regnault%2C+rue%22&decouvrir_par_terme=Henri+Regnault%2C+rue" }, "geometry": { "type": "MultiLineString", "coordinates": [ [ [ 659857.087682913523167, 330610.607805705803912 ], [ 659835.911366052692756, 330645.305572416691575 ], [ 659769.321861755219288, 330770.281870211474597 ], [ 659734.302986094611697, 330835.309998230775818 ], [ 659701.718342297826894, 330897.695396594237536 ] ], [ [ 659701.718342297826894, 330897.695396594237536 ], [ 659673.691281401785091, 330950.897470428841189 ], [ 659597.647575823473744, 331093.794260896625929 ], [ 659560.535675906925462, 331163.028056158567779 ], [ 659501.090864412137307, 331276.071656938351225 ] ] ] } },
{ "type": "Feature", "properties": { "name": "Rue Hilarion Frémaux", "source": "rue", "documents": 1, "instruments_de_recherche": 1, "geometrie_officielle": true, "rue_autre_forme": "Hilarion Fremaux, rue", "url": "https://www.bn-r.fr/resultat.php?type_rech=pl&index%5B%5D=rue&value%5B%5D=%22Hilarion+Fremaux%2C+rue%22&decouvrir_par_terme=Hilarion+Fremaux%2C+rue" }, "geometry": { "type": "LineString", "coordinates": [ [ 659377.469381295144558, 331242.205469658831134 ], [ 659540.78900841542054, 331165.032669360982254 ] ] } },
{ "type": "Feature", "properties": { "name": "Rue Hoche", "source": "rue", "documents": 2, "instruments_de_recherche": 2, "geometrie_officielle": true, "rue_autre_forme": "Hoche, rue", "url": "https://www.bn-r.fr/resultat.php?type_rech=pl&index%5B%5D=rue&value%5B%5D=%22Hoche%2C+rue%22&decouvrir_par_terme=Hoche%2C+rue" }, "geometry": { "type": "LineString", "coordinates": [ [ 660842.86916697374545, 332639.581706105615012 ], [ 660945.910213160212152, 332479.43096237257123 ] ] } },
{ "type": "Feature", "properties": { "name": "Hommelet", "source": "quartier", "documents": 33, "instruments_de_recherche": 4, "geometrie_officielle": false, "rue_autre_forme": null, "url": "https://www.bn-r.fr/resultat.php?type_rech=pl&index%5B%5D=quartier&value%5B%5D=%22Hommelet%22&decouvrir_par_terme=Hommelet" }, "geometry": { "type": "Polygon", "coordinates": [ [ [ 659937.350784886977635, 332975.454627436120063 ], [ 660032.629156012553722, 333004.004084928659722 ], [ 660103.218819914967753, 333024.56470708292909 ], [ 660152.896249266690575, 333018.211104517569765 ], [ 660219.747453689575195, 333010.09167869418161 ], [ 660231.515365499770269, 333007.795752097677905 ], [ 660176.332025568466634, 333155.1016613378888 ], [ 660316.842941019451246, 333194.435620752279647 ], [ 660204.787081211572513, 333455.863263127219398 ], [ 660143.647402258473448, 333595.99947559449356 ], [ 659987.436246200581081, 333956.812391427112743 ], [ 659871.138984740246087, 334220.975575571414083 ], [ 659743.776685599354096, 334128.009028322703671 ], [ 659642.764884509961121, 334053.507642901851796 ], [ 659592.453944799490273, 334015.356880087463651 ], [ 659517.155504410387948, 333960.198615176661406 ], [ 659438.247759818099439, 333903.004618106177077 ], [ 659351.069692856632173, 333836.793356746144127 ], [ 659262.70600048545748, 333765.744968824321404 ], [ 659228.61592273239512, 333733.67816317465622 ], [ 659383.070698487921618, 333655.79151842626743 ], [ 659386.070800677291118, 333649.791486814850941 ], [ 659410.07129629550036, 333592.791038067487534 ], [ 659448.072322974912822, 333498.790301630622707 ], [ 659491.073291093343869, 333391.789427843992598 ], [ 659517.074039292288944, 333328.78890922840219 ], [ 659552.706010904046707, 333238.128109499928541 ], [ 659570.373521280940622, 333246.621435295091942 ], [ 659594.075508600915782, 333258.788793371873908 ], [ 659615.765707463142462, 333266.1767107185442 ], [ 659641.475111420149915, 333271.292492543696426 ], [ 659720.077730332268402, 333278.790137008356396 ], [ 659732.934417173848487, 333279.107114010374062 ], [ 659745.630359655246139, 333277.239024937734939 ], [ 659756.088303452124819, 333274.558497517777141 ], [ 659764.703092621057294, 333271.201331969175953 ], [ 659775.908793873852119, 333265.104652750422247 ], [ 659792.419376991922036, 333250.428903140127659 ], [ 659806.178414570516907, 333233.459847840014845 ], [ 659816.268252594745718, 333211.445887451642193 ], [ 659829.56855159252882, 333177.966272016928997 ], [ 659851.124221497680992, 333134.855611168430187 ], [ 659884.60439891635906, 333076.610309208161198 ], [ 659937.350784886977635, 332975.454627436120063 ] ] ] } },
{ "type": "Feature", "properties": { "name": "Rue de l'Hommelet", "source": "rue", "documents": 24, "instruments_de_recherche": 6, "geometrie_officielle": true, "rue_autre_forme": "Hommelet, rue de l\\'", "url": "https://www.bn-r.fr/resultat.php?type_rech=pl&index%5B%5D=rue&value%5B%5D=%22Hommelet%2C+rue+de+l%5C%27%22&decouvrir_par_terme=Hommelet%2C+rue+de+l%5C%27" }, "geometry": { "type": "LineString", "coordinates": [ [ 659762.974633956095204, 333271.673486877873074 ], [ 659773.274551095557399, 333292.149747667601332 ], [ 659756.235402323654853, 333349.59179019019939 ], [ 659756.073677163454704, 333357.712022739229724 ], [ 659756.458506004069932, 333367.507298203185201 ], [ 659755.016553091350943, 333388.96448589337524 ], [ 659756.321874070563354, 333423.803795673069544 ], [ 659755.718288870411925, 333439.818603633786552 ], [ 659754.799193462822586, 333465.064534770557657 ], [ 659751.647782649029978, 333487.726434864220209 ], [ 659746.936525317607448, 333517.157769747369457 ], [ 659743.367474292288534, 333539.258692074974533 ], [ 659737.485903604072519, 333572.23727320227772 ], [ 659732.726187697728164, 333587.092892864427995 ], [ 659729.208785516559146, 333598.290828621771652 ], [ 659720.564756484585814, 333625.564158630440943 ], [ 659719.014925565803424, 333631.443624441220891 ], [ 659704.609746900969185, 333655.759631919208914 ], [ 659692.808065448421985, 333674.764313620980829 ], [ 659684.92271181428805, 333684.800741019658744 ], [ 659655.600496555794962, 333722.412408939853776 ], [ 659615.804029324674048, 333774.148463074816391 ], [ 659605.356519449036568, 333792.167144315200858 ] ] } },
{ "type": "Feature", "properties": { "name": "Rue Horace Vernet", "source": "rue", "documents": 3, "instruments_de_recherche": 2, "geometrie_officielle": true, "rue_autre_forme": "Horace Vernet, rue", "url": "https://www.bn-r.fr/resultat.php?type_rech=pl&index%5B%5D=rue&value%5B%5D=%22Horace+Vernet%2C+rue%22&decouvrir_par_terme=Horace+Vernet%2C+rue" }, "geometry": { "type": "MultiLineString", "coordinates": [ [ [ 660290.906333410879597, 331137.526372002554126 ], [ 660217.22341449582018, 331045.12676309136441 ], [ 660198.901006672298536, 331021.110248260200024 ], [ 660179.805868046125397, 330996.640039273363072 ], [ 660163.630572694004513, 330976.541982589522377 ] ], [ [ 659857.087682913523167, 330610.607805705803912 ], [ 659889.013913546921685, 330632.328149979875889 ], [ 659978.957123081781901, 330744.710012421768624 ] ], [ [ 660163.630572694004513, 330976.541982589522377 ], [ 660131.35532184690237, 330935.901837452431209 ], [ 660098.174384244019166, 330894.027835363114718 ], [ 660060.396199553157203, 330845.982982314482797 ] ], [ [ 659978.957123081781901, 330744.710012421768624 ], [ 660060.396199553157203, 330845.982982314482797 ] ] ] } },
{ "type": "Feature", "properties": { "name": "Rue de l'Hospice", "source": "rue", "documents": 146, "instruments_de_recherche": 8, "geometrie_officielle": true, "rue_autre_forme": "Hospice, rue de l\\'", "url": "https://www.bn-r.fr/resultat.php?type_rech=pl&index%5B%5D=rue&value%5B%5D=%22Hospice%2C+rue+de+l%5C%27%22&decouvrir_par_terme=Hospice%2C+rue+de+l%5C%27" }, "geometry": { "type": "MultiLineString", "coordinates": [ [ [ 658897.733399959397502, 332847.706006353488192 ], [ 658898.977680974989198, 332856.620592698920518 ], [ 658921.244096329901367, 332907.378969261189923 ], [ 658942.147249454399571, 332953.560697498498484 ], [ 658950.496981485979632, 332971.788515104097314 ], [ 658957.171145724947564, 332981.764532350818627 ] ], [ [ 658957.171145724947564, 332981.764532350818627 ], [ 658987.318386953906156, 333048.298157949466258 ] ] ] } },
{ "type": "Feature", "properties": { "name": "Rue de l'Hotel de Ville", "source": "rue", "documents": 5, "instruments_de_recherche": 4, "geometrie_officielle": true, "rue_autre_forme": "Hotel de ville, rue de l\\'", "url": "https://www.bn-r.fr/resultat.php?type_rech=pl&index%5B%5D=rue&value%5B%5D=%22Hotel+de+ville%2C+rue+de+l%5C%27%22&decouvrir_par_terme=Hotel+de+ville%2C+rue+de+l%5C%27" }, "geometry": { "type": "LineString", "coordinates": [ [ 659148.943056666408665, 332742.676763627445325 ], [ 659250.038780485861935, 332759.042405101121403 ] ] } },
{ "type": "Feature", "properties": { "name": "Rue du Hutin", "source": "rue", "documents": 4, "instruments_de_recherche": 3, "geometrie_officielle": true, "rue_autre_forme": "Hutin, rue du", "url": "https://www.bn-r.fr/resultat.php?type_rech=pl&index%5B%5D=rue&value%5B%5D=%22Hutin%2C+rue+du%22&decouvrir_par_terme=Hutin%2C+rue+du" }, "geometry": { "type": "MultiLineString", "coordinates": [ [ [ 659922.306200878345408, 334505.45839628612157 ], [ 659932.785727567155845, 334509.692951612232719 ], [ 660019.626395329949446, 334546.496795032697264 ], [ 660104.593854662030935, 334605.199488663696684 ] ], [ [ 659778.982293306384236, 334395.813390149211045 ], [ 659786.078187620500103, 334405.684022527304478 ], [ 659848.003044515266083, 334453.109109764394816 ] ], [ [ 659848.003044515266083, 334453.109109764394816 ], [ 659884.845346654416062, 334481.672266651876271 ], [ 659906.976043179281987, 334499.055347264453303 ], [ 659922.306200878345408, 334505.45839628612157 ] ] ] } },
{ "type": "Feature", "properties": { "name": "Rue d'Iéna", "source": "rue", "documents": 3, "instruments_de_recherche": 3, "geometrie_officielle": true, "rue_autre_forme": "Iena, rue d\\'", "url": "https://www.bn-r.fr/resultat.php?type_rech=pl&index%5B%5D=rue&value%5B%5D=%22Iena%2C+rue+d%5C%27%22&decouvrir_par_terme=Iena%2C+rue+d%5C%27" }, "geometry": { "type": "LineString", "coordinates": [ [ 659218.946571247768588, 334405.469526421627961 ], [ 659276.931032322929241, 334337.577346916194074 ], [ 659323.467390199075453, 334282.687160620233044 ] ] } },
{ "type": "Feature", "properties": { "name": "Rue de l'Industrie", "source": "rue", "documents": 13, "instruments_de_recherche": 8, "geometrie_officielle": true, "rue_autre_forme": "Industrie, rue de l\\'", "url": "https://www.bn-r.fr/resultat.php?type_rech=pl&index%5B%5D=rue&value%5B%5D=%22Industrie%2C+rue+de+l%5C%27%22&decouvrir_par_terme=Industrie%2C+rue+de+l%5C%27" }, "geometry": { "type": "LineString", "coordinates": [ [ 658793.964255587430671, 332208.816525797126815 ], [ 658728.140863531152718, 332255.376388884615153 ], [ 658631.607945965370163, 332324.407478974200785 ], [ 658491.274130980717018, 332424.001027937396429 ], [ 658484.061919369734824, 332430.708751651458442 ], [ 658407.134108183905482, 332484.938946311362088 ], [ 658323.575971550424583, 332544.549437332374509 ], [ 658219.365462818415835, 332618.621941039455123 ] ] } },
{ "type": "Feature", "properties": { "name": "Rue Ingres", "source": "rue", "documents": 4, "instruments_de_recherche": 4, "geometrie_officielle": true, "rue_autre_forme": "Ingrès, rue", "url": "https://www.bn-r.fr/resultat.php?type_rech=pl&index%5B%5D=rue&value%5B%5D=%22Ingr%C3%A8s%2C+rue%22&decouvrir_par_terme=Ingr%C3%A8s%2C+rue" }, "geometry": { "type": "MultiLineString", "coordinates": [ [ [ 660055.773556859465316, 331061.774684405361768 ], [ 660121.761685247183777, 331009.225043492566328 ], [ 660163.630572694004513, 330976.541982589522377 ], [ 660225.117034866707399, 330928.393208599532954 ], [ 660280.82829925941769, 330884.630227653484326 ], [ 660344.755657451576553, 330833.395160993968602 ], [ 660425.366258069057949, 330770.000097830605228 ] ], [ [ 659715.972857183194719, 331341.89246551139513 ], [ 659716.964390170993283, 331329.108694969909266 ], [ 659742.215138349216431, 331309.031071732053533 ], [ 659844.358509827055968, 331228.067017312161624 ], [ 659909.407313377247192, 331176.95058155269362 ], [ 660055.773556859465316, 331061.774684405361768 ] ], [ [ 659543.196844904217869, 331468.464918345853221 ], [ 659581.960929279914126, 331434.630014299822506 ], [ 659620.331024433136918, 331404.462560173124075 ], [ 659673.678589184070006, 331362.558219445054419 ], [ 659677.101652105106041, 331353.584493840346113 ], [ 659676.596248396206647, 331341.896556677413173 ] ], [ [ 659508.10152303497307, 331490.324995365168434 ], [ 659524.786601387895644, 331483.83568975905655 ], [ 659543.196844904217869, 331468.464918345853221 ] ], [ [ 659269.422816038946621, 331613.167002784495708 ], [ 659472.629555168561637, 331507.953226613230072 ], [ 659508.10152303497307, 331490.324995365168434 ] ] ] } },
{ "type": "Feature", "properties": { "name": "Rue Inkermann", "source": "rue", "documents": 24, "instruments_de_recherche": 9, "geometrie_officielle": true, "rue_autre_forme": "Inkermann, rue d\\'", "url": "https://www.bn-r.fr/resultat.php?type_rech=pl&index%5B%5D=rue&value%5B%5D=%22Inkermann%2C+rue+d%5C%27%22&decouvrir_par_terme=Inkermann%2C+rue+d%5C%27" }, "geometry": { "type": "MultiLineString", "coordinates": [ [ [ 658505.937229880015366, 332053.999878478818573 ], [ 658504.049167564837262, 332077.900039125815965 ], [ 658509.992922736913897, 332090.203873501392081 ], [ 658512.627289920812473, 332094.905709249549545 ], [ 658560.042431169422343, 332186.21456436230801 ], [ 658597.002031019539572, 332257.604653655609582 ], [ 658631.187584561179392, 332324.069074587430805 ] ], [ [ 658631.607945965370163, 332324.407478974200785 ], [ 658678.60715092450846, 332414.600358015391976 ], [ 658702.140255354112014, 332459.808603456476703 ], [ 658811.413426570128649, 332670.850105119869113 ] ] ] } },
{ "type": "Feature", "properties": { "name": "Rue Isabeau de Roubaix", "source": "rue", "documents": 4, "instruments_de_recherche": 3, "geometrie_officielle": true, "rue_autre_forme": "Isabeau de roubaix, rue", "url": "https://www.bn-r.fr/resultat.php?type_rech=pl&index%5B%5D=rue&value%5B%5D=%22Isabeau+de+roubaix%2C+rue%22&decouvrir_par_terme=Isabeau+de+roubaix%2C+rue" }, "geometry": { "type": "LineString", "coordinates": [ [ 658646.398437054944225, 333318.236528913257644 ], [ 658545.897455670055933, 333409.366514310822822 ], [ 658521.144663619110361, 333430.456672667758539 ] ] } },
{ "type": "Feature", "properties": { "name": "Rue d'Isly", "source": "rue", "documents": 6, "instruments_de_recherche": 4, "geometrie_officielle": true, "rue_autre_forme": "Isly, rue d\\'", "url": "https://www.bn-r.fr/resultat.php?type_rech=pl&index%5B%5D=rue&value%5B%5D=%22Isly%2C+rue+d%5C%27%22&decouvrir_par_terme=Isly%2C+rue+d%5C%27" }, "geometry": { "type": "MultiLineString", "coordinates": [ [ [ 658433.668053302215412, 332269.496493723825552 ], [ 658456.050990517949685, 332329.59982859401498 ], [ 658491.274130980717018, 332424.001027937396429 ] ], [ [ 658433.668053302215412, 332269.496493723825552 ], [ 658430.974009644472972, 332263.792698514589574 ], [ 658374.121200672234409, 332188.625561616732739 ], [ 658340.41181995999068, 332142.862435902585275 ], [ 658306.275369091425091, 332097.317388025345281 ], [ 658264.127356817014515, 332041.004049832932651 ] ], [ [ 658491.274130980717018, 332424.001027937396429 ], [ 658505.373316757497378, 332459.536494968575425 ], [ 658506.609968343749642, 332462.776613795373123 ], [ 658534.499391826801002, 332536.180763161682989 ] ] ] } },
{ "type": "Feature", "properties": { "name": "Rue d'Italie", "source": "rue", "documents": 6, "instruments_de_recherche": 2, "geometrie_officielle": true, "rue_autre_forme": "Italie, rue d\\'", "url": "https://www.bn-r.fr/resultat.php?type_rech=pl&index%5B%5D=rue&value%5B%5D=%22Italie%2C+rue+d%5C%27%22&decouvrir_par_terme=Italie%2C+rue+d%5C%27" }, "geometry": { "type": "LineString", "coordinates": [ [ 658034.375413096742705, 333140.528975993860513 ], [ 658079.172538922633976, 333193.086878852918744 ], [ 658124.874004412442446, 333246.878910340950824 ], [ 658243.825532850343734, 333387.587116251466796 ] ] } },
{ "type": "Feature", "properties": { "name": "Rue Jacquard", "source": "rue", "documents": 9, "instruments_de_recherche": 5, "geometrie_officielle": true, "rue_autre_forme": "Jacquard, rue", "url": "https://www.bn-r.fr/resultat.php?type_rech=pl&index%5B%5D=rue&value%5B%5D=%22Jacquard%2C+rue%22&decouvrir_par_terme=Jacquard%2C+rue" }, "geometry": { "type": "MultiLineString", "coordinates": [ [ [ 659016.355507388245314, 334152.883793126617093 ], [ 659152.144106860156171, 334211.355319001129828 ] ], [ [ 658909.250826473813504, 334107.194081779220141 ], [ 658898.632778121274896, 334096.173107656999491 ], [ 658865.035493653151207, 334060.977099942043424 ], [ 658822.354030938236974, 334016.557614096789621 ], [ 658790.503574378555641, 333983.050301269278862 ], [ 658756.906078954110853, 333947.743747428292409 ], [ 658751.391417083796114, 333935.221707048418466 ], [ 658719.769729595282115, 333874.458427610632498 ] ], [ [ 659016.355507388245314, 334152.883793126617093 ], [ 658909.250826473813504, 334107.194081779220141 ] ] ] } },
{ "type": "Feature", "properties": { "name": "Rue Jacques Prévert", "source": "rue", "documents": 1, "instruments_de_recherche": 1, "geometrie_officielle": true, "rue_autre_forme": "Jacques Prevert, rue", "url": "https://www.bn-r.fr/resultat.php?type_rech=pl&index%5B%5D=rue&value%5B%5D=%22Jacques+Prevert%2C+rue%22&decouvrir_par_terme=Jacques+Prevert%2C+rue" }, "geometry": { "type": "MultiLineString", "coordinates": [ [ [ 660011.71190486184787, 332545.043538261030335 ], [ 660021.162782050087117, 332546.818871343682986 ], [ 660099.990659782197326, 332588.762342126923613 ], [ 660169.201088962028734, 332624.812863142869901 ] ], [ [ 660169.201088962028734, 332624.812863142869901 ], [ 660174.53920851892326, 332627.765907547203824 ], [ 660276.245445828768425, 332696.339171779691242 ] ] ] } },
{ "type": "Feature", "properties": { "name": "Place Jean Baptiste Clément", "source": "rue", "documents": 4, "instruments_de_recherche": 3, "geometrie_officielle": true, "rue_autre_forme": "Jean Baptiste Clément, place", "url": "https://www.bn-r.fr/resultat.php?type_rech=pl&index%5B%5D=rue&value%5B%5D=%22Jean+Baptiste+Cl%C3%A9ment%2C+place%22&decouvrir_par_terme=Jean+Baptiste+Cl%C3%A9ment%2C+place" }, "geometry": { "type": "LineString", "coordinates": [ [ 659920.077199760708027, 333195.666326019098051 ], [ 659972.108395406859927, 333194.026409641024657 ] ] } },
{ "type": "Feature", "properties": { "name": "Rue Jean Baptiste Notte", "source": "rue", "documents": 3, "instruments_de_recherche": 3, "geometrie_officielle": true, "rue_autre_forme": "Jean Baptiste Notte, rue", "url": "https://www.bn-r.fr/resultat.php?type_rech=pl&index%5B%5D=rue&value%5B%5D=%22Jean+Baptiste+Notte%2C+rue%22&decouvrir_par_terme=Jean+Baptiste+Notte%2C+rue" }, "geometry": { "type": "MultiLineString", "coordinates": [ [ [ 659855.864383531035855, 331487.765422090771608 ], [ 659900.871865082299337, 331464.683874595095403 ], [ 659931.783641139278188, 331444.114451877074316 ], [ 659948.450002791592851, 331433.064600756450091 ], [ 659974.294160179561004, 331410.547018858138472 ], [ 659996.210820958716795, 331391.545675198198296 ], [ 660015.130072811734863, 331375.06965319433948 ], [ 660040.828409616602585, 331352.995792144793086 ] ], [ [ 659665.24018246261403, 331598.557215507957153 ], [ 659692.698656737105921, 331589.518792243383359 ], [ 659711.781860028393567, 331583.501964845345356 ], [ 659781.358779097441584, 331531.544583273120224 ], [ 659805.955211923806928, 331513.017551469150931 ], [ 659855.864383531035855, 331487.765422090771608 ] ] ] } },
{ "type": "Feature", "properties": { "name": "Rue J-B. Vercoutère", "source": "rue", "documents": 1, "instruments_de_recherche": 1, "geometrie_officielle": true, "rue_autre_forme": "Jean Baptiste Vercoutère, rue", "url": "https://www.bn-r.fr/resultat.php?type_rech=pl&index%5B%5D=rue&value%5B%5D=%22Jean+Baptiste+Vercout%C3%A8re%2C+rue%22&decouvrir_par_terme=Jean+Baptiste+Vercout%C3%A8re%2C+rue" }, "geometry": { "type": "LineString", "coordinates": [ [ 659614.869202829664573, 331690.561932265060022 ], [ 659617.535632291808724, 331679.688276180007961 ], [ 659624.767951280693524, 331665.082852847175673 ], [ 659647.716518144239672, 331616.830252626212314 ], [ 659665.24018246261403, 331598.557215507957153 ] ] } },
{ "type": "Feature", "properties": { "name": "Rue Jean Bart", "source": "rue", "documents": 1, "instruments_de_recherche": 1, "geometrie_officielle": true, "rue_autre_forme": "Jean Bart, rue", "url": "https://www.bn-r.fr/resultat.php?type_rech=pl&index%5B%5D=rue&value%5B%5D=%22Jean+Bart%2C+rue%22&decouvrir_par_terme=Jean+Bart%2C+rue" }, "geometry": { "type": "LineString", "coordinates": [ [ 658759.708304832456633, 334219.029154318268411 ], [ 658701.273943465552293, 334283.36155628162669 ], [ 658686.395748599781655, 334299.886832878924906 ] ] } },
{ "type": "Feature", "properties": { "name": "Rue Jean Goujon", "source": "rue", "documents": 13, "instruments_de_recherche": 4, "geometrie_officielle": true, "rue_autre_forme": "Jean Goujon, rue", "url": "https://www.bn-r.fr/resultat.php?type_rech=pl&index%5B%5D=rue&value%5B%5D=%22Jean+Goujon%2C+rue%22&decouvrir_par_terme=Jean+Goujon%2C+rue" }, "geometry": { "type": "LineString", "coordinates": [ [ 659564.879010454984382, 331571.511267367983237 ], [ 659593.995255031390116, 331641.819185065920465 ], [ 659614.941127487807535, 331690.451476673246361 ] ] } },
{ "type": "Feature", "properties": { "name": "Rue Jean Honoré Fragonard", "source": "rue", "documents": 3, "instruments_de_recherche": 2, "geometrie_officielle": true, "rue_autre_forme": "Jean Honoré Fragonard, rue", "url": "https://www.bn-r.fr/resultat.php?type_rech=pl&index%5B%5D=rue&value%5B%5D=%22Jean+Honor%C3%A9+Fragonard%2C+rue%22&decouvrir_par_terme=Jean+Honor%C3%A9+Fragonard%2C+rue" }, "geometry": { "type": "LineString", "coordinates": [ [ 660089.553250033524819, 330968.919679134734906 ], [ 660131.35532184690237, 330935.901837452431209 ], [ 660192.071881865500472, 330887.076447850209661 ], [ 660250.955336387618445, 330837.897253746632487 ], [ 660309.96112487022765, 330790.500248446536716 ], [ 660384.816805438604206, 330729.598456414416432 ] ] } },
{ "type": "Feature", "properties": { "name": "Rue Jean Jacques Rousseau", "source": "rue", "documents": 2, "instruments_de_recherche": 2, "geometrie_officielle": true, "rue_autre_forme": "Jean Jacques Rousseau, rue", "url": "https://www.bn-r.fr/resultat.php?type_rech=pl&index%5B%5D=rue&value%5B%5D=%22Jean+Jacques+Rousseau%2C+rue%22&decouvrir_par_terme=Jean+Jacques+Rousseau%2C+rue" }, "geometry": { "type": "LineString", "coordinates": [ [ 660877.302388350828551, 331227.301677704264876 ], [ 660950.025084303575568, 331155.146078828605823 ], [ 661032.183792198891751, 331074.087438023649156 ], [ 661117.855973219033331, 330988.953728888882324 ], [ 661194.305756955523975, 330912.950107435928658 ] ] } },
{ "type": "Feature", "properties": { "name": "Avenue Jean Jaurès", "source": "rue", "documents": 20, "instruments_de_recherche": 4, "geometrie_officielle": true, "rue_autre_forme": "Jean Jaures, avenue", "url": "https://www.bn-r.fr/resultat.php?type_rech=pl&index%5B%5D=rue&value%5B%5D=%22Jean+Jaures%2C+avenue%22&decouvrir_par_terme=Jean+Jaures%2C+avenue" }, "geometry": { "type": "LineString", "coordinates": [ [ 658690.979487923672423, 331669.628666193922982 ], [ 658628.930879098712467, 331655.260915802791715 ], [ 658574.638536027516238, 331642.648010606353637 ], [ 658548.732950608129613, 331632.795082016673405 ], [ 658526.098316222196445, 331614.744974936242215 ], [ 658457.711430174880661, 331514.30594720231602 ], [ 658337.904397278791294, 331338.538522540125996 ], [ 658185.655954742920585, 331103.00735993811395 ], [ 658113.851183042861521, 330990.631090815295465 ], [ 657954.346643970813602, 330744.347186065511778 ], [ 657936.959876496111974, 330717.789818732591812 ], [ 657907.614171630004421, 330672.633610961260274 ], [ 657891.360391931724735, 330632.848888259846717 ], [ 657883.361340438947082, 330588.147180024709087 ], [ 657886.52603482210543, 330544.122980577929411 ], [ 657886.247832153341733, 330504.623029195005074 ], [ 657880.105408903444186, 330464.725646682898514 ], [ 657877.859910049475729, 330450.126352386374492 ] ] } },
{ "type": "Feature", "properties": { "name": "Avenue Jean Lebas", "source": "rue", "documents": 100, "instruments_de_recherche": 12, "geometrie_officielle": true, "rue_autre_forme": "Jean Lebas, avenue", "url": "https://www.bn-r.fr/resultat.php?type_rech=pl&index%5B%5D=rue&value%5B%5D=%22Jean+Lebas%2C+avenue%22&decouvrir_par_terme=Jean+Lebas%2C+avenue" }, "geometry": { "type": "LineString", "coordinates": [ [ 659124.031612626160495, 332873.131392784416676 ], [ 659119.225493426201865, 332879.531185137922876 ], [ 658957.171145724947564, 332981.764532350818627 ], [ 658851.490303745958954, 333048.131583022361156 ], [ 658767.440445037558675, 333101.387950017757248 ], [ 658700.690354275284335, 333143.265071213478222 ], [ 658658.632003481034189, 333169.838277580565773 ], [ 658621.341369818081148, 333193.4602237183135 ], [ 658567.474745547631755, 333227.136203793634195 ], [ 658527.396197714377195, 333253.732202238752507 ], [ 658488.479125913698226, 333277.559734635869972 ] ] } },
{ "type": "Feature", "properties": { "name": "Rue Jean Macé", "source": "rue", "documents": 2, "instruments_de_recherche": 1, "geometrie_officielle": true, "rue_autre_forme": "Jean Mace, rue", "url": "https://www.bn-r.fr/resultat.php?type_rech=pl&index%5B%5D=rue&value%5B%5D=%22Jean+Mace%2C+rue%22&decouvrir_par_terme=Jean+Mace%2C+rue" }, "geometry": { "type": "MultiLineString", "coordinates": [ [ [ 660110.567777152871713, 331136.713756130309775 ], [ 660217.22341449582018, 331045.12676309136441 ], [ 660280.057726822560653, 330996.548796230461448 ], [ 660338.701046877540648, 330949.815549560007639 ], [ 660398.914458489394747, 330901.876878291601315 ] ], [ [ 660398.914458489394747, 330901.876878291601315 ], [ 660485.760708329151385, 330830.987699691671878 ] ] ] } },
{ "type": "Feature", "properties": { "name": "Rue Jean Monnet", "source": "rue", "documents": 18, "instruments_de_recherche": 5, "geometrie_officielle": true, "rue_autre_forme": "Jean Monnet, rue", "url": "https://www.bn-r.fr/resultat.php?type_rech=pl&index%5B%5D=rue&value%5B%5D=%22Jean+Monnet%2C+rue%22&decouvrir_par_terme=Jean+Monnet%2C+rue" }, "geometry": { "type": "LineString", "coordinates": [ [ 659493.8372503221035, 332970.705762372002937 ], [ 659441.235317860846408, 333067.694385844748467 ], [ 659422.498528542346321, 333087.512351959710941 ], [ 659378.331169862300158, 333169.79800701350905 ] ] } },
{ "type": "Feature", "properties": { "name": "Rue Jean Moulin", "source": "rue", "documents": 30, "instruments_de_recherche": 8, "geometrie_officielle": true, "rue_autre_forme": "Jean Moulin, rue", "url": "https://www.bn-r.fr/resultat.php?type_rech=pl&index%5B%5D=rue&value%5B%5D=%22Jean+Moulin%2C+rue%22&decouvrir_par_terme=Jean+Moulin%2C+rue" }, "geometry": { "type": "MultiLineString", "coordinates": [ [ [ 659255.426817268249579, 332433.331912977038883 ], [ 659261.99020016961731, 332421.500035748002119 ], [ 659278.351985431043431, 332405.660505089734215 ] ], [ [ 659385.57964179746341, 332037.136495710990857 ], [ 659380.868829790502787, 331977.782384276681114 ], [ 659367.678917653975077, 331899.085864436172415 ], [ 659360.412487762048841, 331872.413793076062575 ], [ 659345.736967530217953, 331831.863002831116319 ] ], [ [ 659278.351985431043431, 332405.660505089734215 ], [ 659280.721105839824304, 332396.007210450829007 ], [ 659292.791871948633343, 332378.339835754304659 ], [ 659325.717944702715613, 332252.314589278888889 ], [ 659338.029760709032416, 332238.432854289887473 ], [ 659365.149463109089993, 332208.694587185687851 ], [ 659383.828296377556399, 332187.985745514917653 ], [ 659398.409410443622619, 332167.120043035014533 ], [ 659399.245077133178711, 332149.216467296588235 ], [ 659390.197282956214622, 332079.466790420003235 ], [ 659385.57964179746341, 332037.136495710990857 ] ] ] } },
{ "type": "Feature", "properties": { "name": "Rue Jouffroy", "source": "rue", "documents": 7, "instruments_de_recherche": 4, "geometrie_officielle": true, "rue_autre_forme": "Jouffroy, rue", "url": "https://www.bn-r.fr/resultat.php?type_rech=pl&index%5B%5D=rue&value%5B%5D=%22Jouffroy%2C+rue%22&decouvrir_par_terme=Jouffroy%2C+rue" }, "geometry": { "type": "MultiLineString", "coordinates": [ [ [ 660325.37441321357619, 331696.330184779595584 ], [ 660375.508806901634671, 331657.51170645665843 ], [ 660447.319061010144651, 331602.361697471584193 ], [ 660502.727375429822132, 331559.932638422586024 ], [ 660581.442021585768089, 331500.857440422638319 ], [ 660663.799999983748421, 331438.598321101046167 ] ], [ [ 660325.37441321357619, 331696.330184779595584 ], [ 660262.685375143541023, 331745.243117807549424 ], [ 660116.999667276279069, 331863.981553806806915 ], [ 660081.118740788195282, 331892.838425840833224 ], [ 659983.242367929778993, 331972.288473914144561 ], [ 659930.593835218227468, 332015.1989992398303 ], [ 659844.704037102754228, 332085.106738265138119 ] ] ] } },
{ "type": "Feature", "properties": { "name": "Rue Jules Deregnaucourt", "source": "rue", "documents": 1, "instruments_de_recherche": 1, "geometrie_officielle": true, "rue_autre_forme": "Jules Derègnaucourt, rue", "url": "https://www.bn-r.fr/resultat.php?type_rech=pl&index%5B%5D=rue&value%5B%5D=%22Jules+Der%C3%A8gnaucourt%2C+rue%22&decouvrir_par_terme=Jules+Der%C3%A8gnaucourt%2C+rue" }, "geometry": { "type": "LineString", "coordinates": [ [ 658429.758340590633452, 333019.347527381032705 ], [ 658657.808973094332032, 332962.10586312256055 ] ] } },
{ "type": "Feature", "properties": { "name": "Rue Jules Guesde", "source": "rue", "documents": 41, "instruments_de_recherche": 8, "geometrie_officielle": true, "rue_autre_forme": "Jules Guesde, rue", "url": "https://www.bn-r.fr/resultat.php?type_rech=pl&index%5B%5D=rue&value%5B%5D=%22Jules+Guesde%2C+rue%22&decouvrir_par_terme=Jules+Guesde%2C+rue" }, "geometry": { "type": "MultiLineString", "coordinates": [ [ [ 659844.704037102754228, 332085.106738265138119 ], [ 659867.248513402417302, 332110.615984584961552 ], [ 659895.44107122218702, 332130.403263615095057 ], [ 659931.907955406466499, 332156.069262934150174 ], [ 659952.684860126348212, 332181.55901284434367 ], [ 659975.402872857172042, 332210.408501082914881 ], [ 660015.264896607841365, 332235.779515213798732 ], [ 660064.643101530149579, 332257.141433281823993 ], [ 660100.734443044755608, 332278.353974577155896 ] ], [ [ 659732.56500007759314, 331955.677135481266305 ], [ 659750.541527840308845, 331978.909468513447791 ], [ 659792.636686830432154, 332025.999527617066633 ], [ 659815.324266472598538, 332051.398886467330158 ], [ 659844.704037102754228, 332085.106738265138119 ] ], [ [ 660603.351923808921129, 332713.511341828387231 ], [ 660457.990058765397407, 332612.170770458586048 ] ], [ [ 660276.089996920549311, 332466.361741382279433 ], [ 660318.761943930643611, 332505.451925331261009 ], [ 660345.700222906190902, 332529.566635000112001 ], [ 660361.155624878476374, 332544.094271562120412 ], [ 660373.495107091963291, 332552.912365672003943 ], [ 660457.990058765397407, 332612.170770458586048 ] ], [ [ 659691.671012547332793, 331870.661336689372547 ], [ 659691.878063766635023, 331871.108695703791454 ], [ 659710.746636685798876, 331915.712810907687526 ], [ 659719.562779228086583, 331936.394700961769558 ], [ 659732.56500007759314, 331955.677135481266305 ] ], [ [ 659614.869202829664573, 331690.561932265060022 ], [ 659635.809705554624088, 331739.639301535324194 ], [ 659656.338188105728477, 331787.59955743100727 ], [ 659691.671012547332793, 331870.661336689372547 ] ], [ [ 660100.734443044755608, 332278.353974577155896 ], [ 660101.983140403055586, 332286.712585539498832 ], [ 660120.622634166036732, 332319.85588874318637 ], [ 660155.453250498627312, 332352.514420069404878 ], [ 660181.050292031257413, 332376.613124451192562 ], [ 660218.052109888521954, 332410.965506404580083 ], [ 660276.089996920549311, 332466.361741382279433 ] ] ] } },
{ "type": "Feature", "properties": { "name": "Rue Jules Verne", "source": "rue", "documents": 1, "instruments_de_recherche": 1, "geometrie_officielle": true, "rue_autre_forme": "Jules Verne, rue", "url": "https://www.bn-r.fr/resultat.php?type_rech=pl&index%5B%5D=rue&value%5B%5D=%22Jules+Verne%2C+rue%22&decouvrir_par_terme=Jules+Verne%2C+rue" }, "geometry": { "type": "LineString", "coordinates": [ [ 659854.303535463870503, 332696.812980161863379 ], [ 659872.889108941424638, 332709.594187955080997 ], [ 660009.132599257049151, 332818.048005300166551 ] ] } },
{ "type": "Feature", "properties": { "name": "Rue Jules Watteuw", "source": "rue", "documents": 2, "instruments_de_recherche": 1, "geometrie_officielle": true, "rue_autre_forme": "Jules Watteuw, rue", "url": "https://www.bn-r.fr/resultat.php?type_rech=pl&index%5B%5D=rue&value%5B%5D=%22Jules+Watteuw%2C+rue%22&decouvrir_par_terme=Jules+Watteuw%2C+rue" }, "geometry": { "type": "LineString", "coordinates": [ [ 659960.782275497331284, 332900.504266364034265 ], [ 659946.314757111365907, 332911.245058609812986 ], [ 659793.599344323505647, 332809.617372641921975 ] ] } },
{ "type": "Feature", "properties": { "name": "Avenue Julien Lagache", "source": "rue", "documents": 35, "instruments_de_recherche": 7, "geometrie_officielle": true, "rue_autre_forme": "Julien Lagache, avenue", "url": "https://www.bn-r.fr/resultat.php?type_rech=pl&index%5B%5D=rue&value%5B%5D=%22Julien+Lagache%2C+avenue%22&decouvrir_par_terme=Julien+Lagache%2C+avenue" }, "geometry": { "type": "LineString", "coordinates": [ [ 660615.650890555931255, 331812.218543542083353 ], [ 660686.050402768305503, 331856.188576534856111 ], [ 660838.720548813114874, 331950.386306379106827 ], [ 660844.967631500563584, 331954.240467929339502 ], [ 660916.909363039885648, 331999.010052655998152 ], [ 660959.444099564221688, 332025.308770019095391 ], [ 661061.921283640083857, 332088.453874147497118 ], [ 661111.202392801293172, 332118.057679426739924 ] ] } },
{ "type": "Feature", "properties": { "name": "Avenue Jussieu", "source": "rue", "documents": 12, "instruments_de_recherche": 2, "geometrie_officielle": false, "rue_autre_forme": "Jussieu, avenue", "url": "https://www.bn-r.fr/resultat.php?type_rech=pl&index%5B%5D=rue&value%5B%5D=%22Jussieu%2C+avenue%22&decouvrir_par_terme=Jussieu%2C+avenue" }, "geometry": { "type": "Point", "coordinates": [ 657875.453095502103679, 330633.421627712144982 ] } },
{ "type": "Feature", "properties": { "name": "Justice", "source": "quartier", "documents": 5, "instruments_de_recherche": 4, "geometrie_officielle": false, "rue_autre_forme": null, "url": "https://www.bn-r.fr/resultat.php?type_rech=pl&index%5B%5D=quartier&value%5B%5D=%22Justice%22&decouvrir_par_terme=Justice" }, "geometry": { "type": "Polygon", "coordinates": [ [ [ 661369.111174616846256, 331724.266969235730357 ], [ 661208.108215107349679, 331561.514759298413992 ], [ 661189.427830390282907, 331542.954395052161999 ], [ 661119.416488700779155, 331472.063498235540465 ], [ 660974.194243060192093, 331325.310995993495453 ], [ 660877.211350602097809, 331225.747419503517449 ], [ 660733.810492065153085, 331079.673689978779294 ], [ 660883.411600578576326, 330930.888228725350928 ], [ 661010.605621966533363, 330805.945925765146967 ], [ 661085.107158635742962, 330730.775622697430663 ], [ 661085.483154963003471, 330731.402372072916478 ], [ 661088.107166588073596, 330735.775668975256849 ], [ 661090.107281158096157, 330737.775714225252159 ], [ 661101.107432289049029, 330772.776110680017155 ], [ 661091.107054354506545, 330790.776294342940673 ], [ 661082.106998216244392, 330804.77635423920583 ], [ 661080.106922253384255, 330807.776456783059984 ], [ 661078.106847275746986, 330810.776459447224624 ], [ 661076.106840207707137, 330814.776451892044861 ], [ 661072.106757756788284, 330821.776546545268502 ], [ 661071.10670404008124, 330823.776592116744723 ], [ 661070.106651254929602, 330825.776537826750427 ], [ 661070.106686238432303, 330827.776616204646416 ], [ 661069.106665464467369, 330828.776573045237456 ], [ 661069.106632606592029, 330829.77666168124415 ], [ 661069.106671535060741, 330834.776707204291597 ], [ 661069.10661062062718, 330839.776751615048852 ], [ 661069.106646516243927, 330841.776729919831268 ], [ 661079.106873984565027, 330846.776798234728631 ], [ 661162.108428069390357, 330889.777630279888399 ], [ 661178.108745642239228, 330898.777757722244132 ], [ 661185.108865435933694, 330904.777821216732264 ], [ 661193.6917804335244, 330912.406998765305616 ], [ 661266.110280618187971, 330976.778890788147692 ], [ 661258.110122384503484, 331019.779287381679751 ], [ 661235.109431206597947, 331063.779646074399352 ], [ 661222.109328104648739, 331083.779848843580112 ], [ 661223.109281403827481, 331084.779868782672565 ], [ 661238.109578047529794, 331099.780077033268753 ], [ 661269.110144641017541, 331132.780486961477436 ], [ 661301.110713562811725, 331164.780944038240705 ], [ 661348.111563053098507, 331213.781681430526078 ], [ 661389.112307263188995, 331255.782209507364314 ], [ 661400.112524374970235, 331267.782420983363409 ], [ 661412.112760014249943, 331278.78258244128665 ], [ 661528.114928963361308, 331397.784222709597088 ], [ 661541.115223033120856, 331397.784296142635867 ], [ 661547.115328176412731, 331397.78431488876231 ], [ 661553.115470402059145, 331396.784250146243721 ], [ 661556.115459387772717, 331395.784274915757123 ], [ 661560.115595818031579, 331395.78432176541537 ], [ 661572.115816441131756, 331392.784308797912672 ], [ 661585.116058179410174, 331388.784349390887655 ], [ 661587.11615295894444, 331390.784392188303173 ], [ 661596.116253286367282, 331397.784513454593252 ], [ 661618.805360949598253, 331417.448110094177537 ], [ 661590.185949840117246, 331444.824802204442676 ], [ 661581.684733306290582, 331453.077991065802053 ], [ 661569.735735752154142, 331440.814826935820747 ], [ 661484.173641629866324, 331561.785763951716945 ], [ 661369.111174616846256, 331724.266969235730357 ] ] ] } },
{ "type": "Feature", "properties": { "name": "Rue Kellermann", "source": "rue", "documents": 2, "instruments_de_recherche": 2, "geometrie_officielle": true, "rue_autre_forme": "Kellermann, rue", "url": "https://www.bn-r.fr/resultat.php?type_rech=pl&index%5B%5D=rue&value%5B%5D=%22Kellermann%2C+rue%22&decouvrir_par_terme=Kellermann%2C+rue" }, "geometry": { "type": "LineString", "coordinates": [ [ 661057.376755031757057, 332818.272120226407424 ], [ 661022.478108841693029, 332946.60131183633348 ], [ 660988.539151397068053, 333071.492684613447636 ] ] } },
{ "type": "Feature", "properties": { "name": "Rue Kléber", "source": "rue", "documents": 1, "instruments_de_recherche": 1, "geometrie_officielle": true, "rue_autre_forme": "Kleber, rue", "url": "https://www.bn-r.fr/resultat.php?type_rech=pl&index%5B%5D=rue&value%5B%5D=%22Kleber%2C+rue%22&decouvrir_par_terme=Kleber%2C+rue" }, "geometry": { "type": "LineString", "coordinates": [ [ 660752.097291155252606, 332505.1446105329087 ], [ 660796.856734776869416, 332441.457603843591642 ], [ 660833.978773749200627, 332390.590034811408259 ] ] } },
{ "type": "Feature", "properties": { "name": "Rue La Bruyère", "source": "rue", "documents": 2, "instruments_de_recherche": 2, "geometrie_officielle": true, "rue_autre_forme": "La Bruyère, rue", "url": "https://www.bn-r.fr/resultat.php?type_rech=pl&index%5B%5D=rue&value%5B%5D=%22La+Bruy%C3%A8re%2C+rue%22&decouvrir_par_terme=La+Bruy%C3%A8re%2C+rue" }, "geometry": { "type": "MultiLineString", "coordinates": [ [ [ 659460.253787450259551, 334048.560557054006495 ], [ 659379.658876713481732, 334128.659929915214889 ], [ 659374.202852317364886, 334130.045523614622653 ] ], [ [ 659374.202852317364886, 334130.045523614622653 ], [ 659317.909080857527442, 334179.041020749136806 ], [ 659286.648580395267345, 334207.175967390066944 ], [ 659258.89599999517668, 334237.575337757589296 ] ] ] } },
{ "type": "Feature", "properties": { "name": "Rue La Fontaine", "source": "rue", "documents": 1, "instruments_de_recherche": 1, "geometrie_officielle": true, "rue_autre_forme": "La Fontaine, rue", "url": "https://www.bn-r.fr/resultat.php?type_rech=pl&index%5B%5D=rue&value%5B%5D=%22La+Fontaine%2C+rue%22&decouvrir_par_terme=La+Fontaine%2C+rue" }, "geometry": { "type": "MultiLineString", "coordinates": [ [ [ 660020.895814159302972, 332112.343959131685551 ], [ 660043.513275480247103, 332131.290428967797197 ], [ 660109.18634580867365, 332186.993254527566023 ], [ 660156.017707625054754, 332227.352817549661268 ] ], [ [ 660020.681283966521733, 332112.564063941361383 ], [ 659972.356276941718534, 332060.284082046360709 ], [ 659930.593835218227468, 332015.1989992398303 ] ] ] } },
{ "type": "Feature", "properties": { "name": "Rue Larochefoucauld", "source": "rue", "documents": 1, "instruments_de_recherche": 1, "geometrie_officielle": true, "rue_autre_forme": "La Rochefoucault, rue", "url": "https://www.bn-r.fr/resultat.php?type_rech=pl&index%5B%5D=rue&value%5B%5D=%22La+Rochefoucault%2C+rue%22&decouvrir_par_terme=La+Rochefoucault%2C+rue" }, "geometry": { "type": "MultiLineString", "coordinates": [ [ [ 659665.24018246261403, 331598.557215507957153 ], [ 659626.922434488777071, 331523.028028364526108 ], [ 659581.960929279914126, 331434.630014299822506 ] ], [ [ 659581.960929279914126, 331434.630014299822506 ], [ 659541.377754568587989, 331352.84566082758829 ], [ 659534.170629442553036, 331339.859034796711057 ] ] ] } },
{ "type": "Feature", "properties": { "name": "Boulevard Lacordaire", "source": "rue", "documents": 11, "instruments_de_recherche": 6, "geometrie_officielle": true, "rue_autre_forme": "Lacordaire, boulevard", "url": "https://www.bn-r.fr/resultat.php?type_rech=pl&index%5B%5D=rue&value%5B%5D=%22Lacordaire%2C+boulevard%22&decouvrir_par_terme=Lacordaire%2C+boulevard" }, "geometry": { "type": "LineString", "coordinates": [ [ 658882.291624301462434, 331552.022969537647441 ], [ 659103.493112502153963, 331417.287647747842129 ], [ 659140.36420287808869, 331394.554547721287236 ], [ 659227.765376905445009, 331341.452669193968177 ] ] } },
{ "type": "Feature", "properties": { "name": "Rue Lacroix", "source": "rue", "documents": 8, "instruments_de_recherche": 3, "geometrie_officielle": true, "rue_autre_forme": "Lacroix, rue", "url": "https://www.bn-r.fr/resultat.php?type_rech=pl&index%5B%5D=rue&value%5B%5D=%22Lacroix%2C+rue%22&decouvrir_par_terme=Lacroix%2C+rue" }, "geometry": { "type": "MultiLineString", "coordinates": [ [ [ 659983.811922192922793, 333271.818235561484471 ], [ 659950.393083741771989, 333346.543293148570228 ], [ 659917.569192162365653, 333418.716264599526767 ] ], [ [ 659826.898856044979766, 333614.295729668578133 ], [ 659805.670036377501674, 333661.009596589836292 ], [ 659784.450317953946069, 333706.944829137355555 ] ], [ [ 659722.004368817666546, 333843.87458066130057 ], [ 659754.534257526276633, 333772.253319909214042 ], [ 659769.10110906790942, 333739.81718629936222 ], [ 659784.450317953946069, 333706.944829137355555 ] ], [ [ 659917.569192162365653, 333418.716264599526767 ], [ 659908.374307035002857, 333438.306077425833791 ], [ 659898.234686134266667, 333460.221768674557097 ], [ 659853.402109060669318, 333557.293919179821387 ], [ 659826.898856044979766, 333614.295729668578133 ] ], [ [ 660053.119232848985121, 333122.95293441292597 ], [ 659997.305295027559623, 333240.817083781003021 ], [ 659983.811922192922793, 333271.818235561484471 ] ] ] } },
{ "type": "Feature", "properties": { "name": "Rue Lalande", "source": "rue", "documents": 2, "instruments_de_recherche": 2, "geometrie_officielle": true, "rue_autre_forme": "Lalande, rue", "url": "https://www.bn-r.fr/resultat.php?type_rech=pl&index%5B%5D=rue&value%5B%5D=%22Lalande%2C+rue%22&decouvrir_par_terme=Lalande%2C+rue" }, "geometry": { "type": "MultiLineString", "coordinates": [ [ [ 660415.278195950086229, 332258.767928039305843 ], [ 660510.660780511796474, 332336.842230916605331 ], [ 660593.596469501499087, 332402.871896750701126 ] ], [ [ 660261.620282838586718, 332133.306848863023333 ], [ 660336.769087044522166, 332194.682669760601129 ], [ 660362.190608751727268, 332215.5536875911057 ], [ 660415.278195950086229, 332258.767928039305843 ] ] ] } },
{ "type": "Feature", "properties": { "name": "Rue Lannes", "source": "rue", "documents": 2, "instruments_de_recherche": 2, "geometrie_officielle": true, "rue_autre_forme": "Lannes, rue", "url": "https://www.bn-r.fr/resultat.php?type_rech=pl&index%5B%5D=rue&value%5B%5D=%22Lannes%2C+rue%22&decouvrir_par_terme=Lannes%2C+rue" }, "geometry": { "type": "LineString", "coordinates": [ [ 660623.12748155137524, 332826.554694583523087 ], [ 660625.000623451429419, 332810.999488597270101 ], [ 660705.336301698349416, 332701.209476076066494 ], [ 660730.60667773487512, 332617.161729644809384 ] ] } },
{ "type": "Feature", "properties": { "name": "Mail de Lannoy", "source": "rue", "documents": 5, "instruments_de_recherche": 1, "geometrie_officielle": true, "rue_autre_forme": "Lannoy, mail de", "url": "https://www.bn-r.fr/resultat.php?type_rech=pl&index%5B%5D=rue&value%5B%5D=%22Lannoy%2C+mail+de%22&decouvrir_par_terme=Lannoy%2C+mail+de" }, "geometry": { "type": "LineString", "coordinates": [ [ 659588.484236530144699, 332804.872285037650727 ], [ 659804.253369210637175, 332540.375129324267618 ] ] } },
{ "type": "Feature", "properties": { "name": "Rue de Lannoy", "source": "rue", "documents": 162, "instruments_de_recherche": 12, "geometrie_officielle": true, "rue_autre_forme": "Lannoy, rue de", "url": "https://www.bn-r.fr/resultat.php?type_rech=pl&index%5B%5D=rue&value%5B%5D=%22Lannoy%2C+rue+de%22&decouvrir_par_terme=Lannoy%2C+rue+de" }, "geometry": { "type": "MultiLineString", "coordinates": [ [ [ 659804.253369210637175, 332540.375129324267618 ], [ 659783.685665028169751, 332546.708746339136269 ], [ 659756.900379494065419, 332552.861465882218909 ], [ 659741.583485635346733, 332557.362692280090414 ], [ 659731.61002923711203, 332564.371576387784444 ], [ 659716.794590201927349, 332580.894625008571893 ], [ 659693.436370901879855, 332609.226898201508448 ], [ 659678.082323292270303, 332617.06570460239891 ], [ 659669.721973665757105, 332625.205372428754345 ], [ 659643.492667687358335, 332657.511100098723546 ], [ 659627.42538021504879, 332678.582070455304347 ], [ 659617.118609114200808, 332690.149120869056787 ], [ 659610.051883910549805, 332690.070075834228192 ], [ 659589.975385644705966, 332677.829426357639022 ], [ 659585.080904156900942, 332673.101762143429369 ], [ 659578.840655561536551, 332649.667296145053115 ] ], [ [ 659804.253369210637175, 332540.375129324267618 ], [ 659877.290838291868567, 332456.192186231259257 ], [ 659908.388173675746657, 332418.601830518804491 ], [ 660000.323762957472354, 332351.210840985702816 ], [ 660100.734443044755608, 332278.353974577155896 ], [ 660109.87213777564466, 332270.33501103927847 ], [ 660155.803176311193965, 332227.572917038458399 ], [ 660200.479462561546825, 332189.581243903201539 ], [ 660261.620282838586718, 332133.306848863023333 ], [ 660285.507672975189053, 332114.88523376127705 ], [ 660314.230090344557539, 332093.959447769331746 ], [ 660339.378661495517008, 332076.553688403568231 ], [ 660348.571360642788932, 332069.982141668151598 ], [ 660375.28636391076725, 332051.592944005737081 ], [ 660396.876325696241111, 332036.372354252962396 ], [ 660414.945277654915117, 332026.229916857613716 ], [ 660466.533732616109774, 331996.107047510333359 ], [ 660506.940632205922157, 331973.423436105251312 ], [ 660534.600884903804399, 331940.359402407309972 ], [ 660553.388858835794963, 331910.532523427857086 ], [ 660590.700418894411996, 331849.318320898804814 ], [ 660615.650890555931255, 331812.218543542083353 ], [ 660634.574788304977119, 331782.949806413264014 ], [ 660664.366497370414436, 331736.670734781655483 ], [ 660764.364432697067969, 331577.817536472750362 ], [ 660832.736160141648725, 331471.342564254242461 ], [ 660847.495465164654888, 331447.923867885023355 ], [ 660974.165802112082019, 331325.316227662842721 ], [ 660975.309492581174709, 331324.216708551160991 ], [ 661047.652053895755671, 331254.394522086658981 ], [ 661129.939387051854283, 331174.451424093800597 ], [ 661140.443982575670816, 331164.669747053878382 ], [ 661219.374669323908165, 331087.916079032584094 ] ] ] } },
{ "type": "Feature", "properties": { "name": "Rue Latine", "source": "rue", "documents": 4, "instruments_de_recherche": 2, "geometrie_officielle": true, "rue_autre_forme": "Latine, rue", "url": "https://www.bn-r.fr/resultat.php?type_rech=pl&index%5B%5D=rue&value%5B%5D=%22Latine%2C+rue%22&decouvrir_par_terme=Latine%2C+rue" }, "geometry": { "type": "LineString", "coordinates": [ [ 659413.765281899948604, 333249.633119165955577 ], [ 659466.976278178626671, 333300.516523744445294 ], [ 659470.42357161315158, 333308.231990273226984 ], [ 659517.044385763350874, 333329.001951040350832 ] ] } },
{ "type": "Feature", "properties": { "name": "Rue Lavoisier", "source": "rue", "documents": 3, "instruments_de_recherche": 1, "geometrie_officielle": true, "rue_autre_forme": "Lavoisier, rue", "url": "https://www.bn-r.fr/resultat.php?type_rech=pl&index%5B%5D=rue&value%5B%5D=%22Lavoisier%2C+rue%22&decouvrir_par_terme=Lavoisier%2C+rue" }, "geometry": { "type": "LineString", "coordinates": [ [ 659830.786345988861285, 333173.634777905070223 ], [ 659910.006505737779662, 333205.121532837220002 ], [ 659962.485093008261174, 333226.517554691061378 ], [ 659997.305295027559623, 333240.817083781003021 ] ] } },
{ "type": "Feature", "properties": { "name": "Avenue Le Nôtre", "source": "rue", "documents": 3, "instruments_de_recherche": 3, "geometrie_officielle": true, "rue_autre_forme": "Le notre, avenue", "url": "https://www.bn-r.fr/resultat.php?type_rech=pl&index%5B%5D=rue&value%5B%5D=%22Le+notre%2C+avenue%22&decouvrir_par_terme=Le+notre%2C+avenue" }, "geometry": { "type": "LineString", "coordinates": [ [ 658690.979487923672423, 331669.628666193922982 ], [ 658697.471831343020312, 331657.795358307776041 ], [ 658710.59597494348418, 331647.147693237522617 ], [ 658722.375173305044882, 331630.25469890772365 ], [ 658727.624360083835199, 331602.942631826503202 ], [ 658726.62333920551464, 331571.89014251192566 ], [ 658722.835048090084456, 331543.588445570669137 ], [ 658713.479922491707839, 331513.667803847522009 ], [ 658694.662929938873276, 331482.752918906742707 ], [ 658664.770735230413266, 331443.260483977966942 ], [ 658647.255516453646123, 331422.484732893528417 ], [ 658631.555929405032657, 331403.731684509431943 ], [ 658604.14607453183271, 331376.282950837048702 ], [ 658550.087168631027453, 331322.840656416490674 ], [ 658548.897734749480151, 331321.714997670322191 ], [ 658531.347458394127898, 331304.054530591878574 ], [ 658505.124925306765363, 331271.390170365804806 ], [ 658491.463303821627051, 331253.661259872256778 ], [ 658429.80456890759524, 331158.08080011466518 ], [ 658367.847486296319403, 331070.174751048907638 ], [ 658338.86938250483945, 331024.24124081118498 ], [ 658259.958003639243543, 330889.533413738186937 ], [ 658230.438160729361698, 330847.711224594968371 ], [ 658046.79831614473369, 330636.31902953638928 ], [ 658026.418243402033113, 330611.953976306715049 ], [ 658005.404146785498597, 330587.359590118285269 ], [ 657972.390562707325444, 330541.384340381191578 ], [ 657922.493866904522292, 330487.437749156553764 ], [ 657909.646968980436213, 330452.919191696215421 ] ] } },
{ "type": "Feature", "properties": { "name": "Rue de Leers", "source": "rue", "documents": 7, "instruments_de_recherche": 5, "geometrie_officielle": true, "rue_autre_forme": "Leers, rue de", "url": "https://www.bn-r.fr/resultat.php?type_rech=pl&index%5B%5D=rue&value%5B%5D=%22Leers%2C+rue+de%22&decouvrir_par_terme=Leers%2C+rue+de" }, "geometry": { "type": "MultiLineString", "coordinates": [ [ [ 661435.444234195863828, 332846.53816246468341 ], [ 661436.637329538934864, 332822.742059943382628 ], [ 661459.803857060265727, 332811.771816593129188 ], [ 661601.165380958002061, 332737.412671398837119 ], [ 661672.783682249486446, 332698.743325360585004 ], [ 661684.790809262078255, 332693.319238827680238 ], [ 661699.746667753672227, 332689.598231728654355 ], [ 661737.030838940409012, 332686.358399715798441 ] ], [ [ 661809.708963954355568, 332660.053134461981244 ], [ 661824.719520408310927, 332645.540793860331178 ], [ 661834.728216471965425, 332629.635327106225304 ], [ 661843.266806005616672, 332618.60830380266998 ], [ 661855.135880913585424, 332606.84112109610578 ], [ 661865.761027821339667, 332598.731137404509354 ], [ 661877.789245477528311, 332591.527552960440516 ], [ 661953.524566340376623, 332551.685896311071701 ], [ 662004.657909027300775, 332524.576564766583033 ], [ 662130.311522276606411, 332459.060812417359557 ], [ 662164.396166895632632, 332439.431293478584848 ], [ 662180.175888270372525, 332431.827103954157792 ] ] ] } },
{ "type": "Feature", "properties": { "name": "Rue de Leuze", "source": "rue", "documents": 5, "instruments_de_recherche": 3, "geometrie_officielle": true, "rue_autre_forme": "Leuze, rue de", "url": "https://www.bn-r.fr/resultat.php?type_rech=pl&index%5B%5D=rue&value%5B%5D=%22Leuze%2C+rue+de%22&decouvrir_par_terme=Leuze%2C+rue+de" }, "geometry": { "type": "LineString", "coordinates": [ [ 660347.210947743966244, 332358.687538909725845 ], [ 660385.442144977045245, 332384.265429685008712 ], [ 660394.421261408831924, 332390.263977140421048 ], [ 660413.079839453333989, 332402.825359774637036 ], [ 660436.569208282744512, 332419.446966033428907 ], [ 660460.980934571358375, 332435.745360407454427 ], [ 660495.923623192124069, 332458.282725624158047 ], [ 660543.74292834661901, 332492.092647270765156 ] ] } },
{ "type": "Feature", "properties": { "name": "Rue Leverrier", "source": "rue", "documents": 6, "instruments_de_recherche": 2, "geometrie_officielle": true, "rue_autre_forme": "Leverrier, rue", "url": "https://www.bn-r.fr/resultat.php?type_rech=pl&index%5B%5D=rue&value%5B%5D=%22Leverrier%2C+rue%22&decouvrir_par_terme=Leverrier%2C+rue" }, "geometry": { "type": "LineString", "coordinates": [ [ 660235.417460002237931, 332756.848414123000111 ], [ 660129.359375870553777, 332685.667807065881789 ] ] } },
{ "type": "Feature", "properties": { "name": "Place de la liberté", "source": "rue", "documents": 91, "instruments_de_recherche": 10, "geometrie_officielle": true, "rue_autre_forme": "Liberté, place de la", "url": "https://www.bn-r.fr/resultat.php?type_rech=pl&index%5B%5D=rue&value%5B%5D=%22Libert%C3%A9%2C+place+de+la%22&decouvrir_par_terme=Libert%C3%A9%2C+place+de+la" }, "geometry": { "type": "LineString", "coordinates": [ [ 659493.8372503221035, 332970.705762372002937 ], [ 659511.494875657605007, 332952.656170281697996 ], [ 659570.307761137606576, 332856.627774494525511 ], [ 659578.105213195085526, 332835.575426147261169 ] ] } },
{ "type": "Feature", "properties": { "name": "Rue du Lieutenant Castelain", "source": "rue", "documents": 1, "instruments_de_recherche": 1, "geometrie_officielle": true, "rue_autre_forme": "Lieutenant Castelain, rue du", "url": "https://www.bn-r.fr/resultat.php?type_rech=pl&index%5B%5D=rue&value%5B%5D=%22Lieutenant+Castelain%2C+rue+du%22&decouvrir_par_terme=Lieutenant+Castelain%2C+rue+du" }, "geometry": { "type": "LineString", "coordinates": [ [ 658362.439738093176857, 332971.324211707920767 ], [ 658334.706188865820877, 332877.228093461890239 ] ] } },
{ "type": "Feature", "properties": { "name": "Rue des Lignes", "source": "rue", "documents": 8, "instruments_de_recherche": 3, "geometrie_officielle": true, "rue_autre_forme": "Lignes, rue des", "url": "https://www.bn-r.fr/resultat.php?type_rech=pl&index%5B%5D=rue&value%5B%5D=%22Lignes%2C+rue+des%22&decouvrir_par_terme=Lignes%2C+rue+des" }, "geometry": { "type": "LineString", "coordinates": [ [ 658916.878488882211968, 333097.697462851996534 ], [ 658970.294662641477771, 333188.075589453801513 ] ] } },
{ "type": "Feature", "properties": { "name": "Rue de Lille", "source": "rue", "documents": 103, "instruments_de_recherche": 14, "geometrie_officielle": true, "rue_autre_forme": "Lille, rue de", "url": "https://www.bn-r.fr/resultat.php?type_rech=pl&index%5B%5D=rue&value%5B%5D=%22Lille%2C+rue+de%22&decouvrir_par_terme=Lille%2C+rue+de" }, "geometry": { "type": "MultiLineString", "coordinates": [ [ [ 658477.015556767233647, 332022.863513474701904 ], [ 658477.015556767233647, 332022.863513474701904 ] ], [ [ 658477.015556767233647, 332022.863513474701904 ], [ 658477.015556767233647, 332022.863513474701904 ], [ 658425.469739827211015, 331992.146842747053597 ], [ 658425.118795972317457, 331991.920476341620088 ], [ 658352.980955197825097, 331950.297908454725984 ] ], [ [ 658477.015556767233647, 332022.863513474701904 ], [ 658507.011091388296336, 332039.881656138808466 ], [ 658505.937229880015366, 332053.999878478818573 ] ], [ [ 658505.937229880015366, 332053.999878478818573 ], [ 658494.987380473525263, 332053.434662395971827 ], [ 658477.015556767233647, 332022.863513474701904 ] ], [ [ 659232.866363724460825, 332460.00613122805953 ], [ 659203.107516775373369, 332447.548116264748387 ], [ 659101.710679343319498, 332387.677361030946486 ], [ 659049.109435663558543, 332357.165340694482438 ], [ 658918.975051609566435, 332281.514671796816401 ], [ 658911.178338287514634, 332277.089345710468479 ], [ 658871.567121992819011, 332254.177136643789709 ], [ 658802.95525264670141, 332213.922412694082595 ], [ 658793.964255587430671, 332208.816525797126815 ], [ 658625.697145628044382, 332109.944374715327285 ], [ 658620.782932790229097, 332106.886307227949146 ], [ 658583.133445184212178, 332085.332983853993937 ], [ 658533.488533492200077, 332055.41495748446323 ], [ 658505.937229880015366, 332053.999878478818573 ] ] ] } },
{ "type": "Feature", "properties": { "name": "Linne", "source": "quartier", "documents": 1, "instruments_de_recherche": 1, "geometrie_officielle": false, "rue_autre_forme": null, "url": "https://www.bn-r.fr/resultat.php?type_rech=pl&index%5B%5D=quartier&value%5B%5D=%22Linne%22&decouvrir_par_terme=Linne" }, "geometry": { "type": "Polygon", "coordinates": [ [ [ 660447.384549202164635, 331602.948347475146875 ], [ 660376.503161527682096, 331656.0782571255113 ], [ 660326.082191453315318, 331695.588154743425548 ], [ 660310.441968058585189, 331641.647244509542361 ], [ 660302.942021384485997, 331613.736959054891486 ], [ 660288.521888174582273, 331559.226225927821361 ], [ 660265.051559556857683, 331471.384979593043681 ], [ 660238.341215622727759, 331460.474621573346667 ], [ 660119.409197509172373, 331415.0328530871775 ], [ 660073.958419656381011, 331397.622193643241189 ], [ 660015.137478550313972, 331375.051282989908941 ], [ 659929.316103963297792, 331341.679935208754614 ], [ 659914.395952119491994, 331341.719848084088881 ], [ 659762.68422360601835, 331342.272340878029354 ], [ 659667.189824701752514, 331341.843969613721129 ], [ 659609.880712328013033, 331341.496539329120424 ], [ 659556.52983240399044, 331341.516048666089773 ], [ 659525.812879115226679, 331271.763253862794954 ], [ 659605.261006272397935, 331207.114960482926108 ], [ 659654.42195949179586, 331167.875009656767361 ], [ 659724.363202190259472, 331113.155116027395707 ], [ 659812.384879749501124, 331045.025268868659623 ], [ 659861.50588469824288, 331005.645417365536559 ], [ 659971.392663489794359, 330917.399827163666487 ], [ 659997.838142082910053, 330974.566535709542222 ], [ 660055.818952839588746, 331062.638272908632644 ], [ 660112.089689593180083, 331138.769682802492753 ], [ 660180.090701795415953, 331232.001450225827284 ], [ 660308.101735416450538, 331409.532996244670358 ], [ 660321.920824066386558, 331429.159123326186091 ], [ 660447.384549202164635, 331602.948347475146875 ] ] ] } },
{ "type": "Feature", "properties": { "name": "Avenue Linné", "source": "rue", "documents": 30, "instruments_de_recherche": 9, "geometrie_officielle": true, "rue_autre_forme": "Linne, avenue", "url": "https://www.bn-r.fr/resultat.php?type_rech=pl&index%5B%5D=rue&value%5B%5D=%22Linne%2C+avenue%22&decouvrir_par_terme=Linne%2C+avenue" }, "geometry": { "type": "MultiLineString", "coordinates": [ [ [ 660179.689606336411089, 331232.398228909994941 ], [ 660132.62447935086675, 331168.115248588146642 ], [ 660110.567777152871713, 331136.713756130309775 ], [ 660055.773556859465316, 331061.774684405361768 ], [ 660004.200140249216929, 330983.20090083766263 ], [ 659998.79024234553799, 330973.905460331006907 ], [ 659979.961809178697877, 330938.201761521981098 ] ], [ [ 660538.127331451396458, 331716.988851111207623 ], [ 660523.116718744859099, 331706.693717871094123 ], [ 660472.865481483284384, 331637.364611102908384 ], [ 660447.319061010144651, 331602.361697471584193 ], [ 660369.444521866622381, 331493.890698620351031 ], [ 660323.016427143127657, 331429.946898519177921 ], [ 660305.752344171050936, 331406.275707801862154 ], [ 660212.821249378146604, 331278.388896361459047 ], [ 660180.178133346023969, 331232.960043080034666 ] ] ] } },
{ "type": "Feature", "properties": { "name": "Rue des Longues haies", "source": "rue", "documents": 19, "instruments_de_recherche": 9, "geometrie_officielle": false, "rue_autre_forme": "Longues haies, rue des", "url": "https://www.bn-r.fr/resultat.php?type_rech=pl&index%5B%5D=rue&value%5B%5D=%22Longues+haies%2C+rue+des%22&decouvrir_par_terme=Longues+haies%2C+rue+des" }, "geometry": { "type": "Point", "coordinates": [ 662736.851879087742418, 329466.054085988726001 ] } },
{ "type": "Feature", "properties": { "name": "Rue de Lorraine", "source": "rue", "documents": 14, "instruments_de_recherche": 4, "geometrie_officielle": true, "rue_autre_forme": "Lorraine, rue de", "url": "https://www.bn-r.fr/resultat.php?type_rech=pl&index%5B%5D=rue&value%5B%5D=%22Lorraine%2C+rue+de%22&decouvrir_par_terme=Lorraine%2C+rue+de" }, "geometry": { "type": "LineString", "coordinates": [ [ 658428.924658407922834, 333591.662809447385371 ], [ 658292.167276527732611, 333664.820981514756568 ], [ 658168.989823232404888, 333730.676408020430245 ] ] } },
{ "type": "Feature", "properties": { "name": "Rue Louis Catrice", "source": "rue", "documents": 1, "instruments_de_recherche": 1, "geometrie_officielle": true, "rue_autre_forme": "Louis Catrice, rue", "url": "https://www.bn-r.fr/resultat.php?type_rech=pl&index%5B%5D=rue&value%5B%5D=%22Louis+Catrice%2C+rue%22&decouvrir_par_terme=Louis+Catrice%2C+rue" }, "geometry": { "type": "LineString", "coordinates": [ [ 659692.462005658075213, 333024.32928233302664 ], [ 659697.735916838631965, 333020.382972604304086 ], [ 659734.894143329700455, 332914.545389674720354 ] ] } },
{ "type": "Feature", "properties": { "name": "Rue Louis Dupire", "source": "rue", "documents": 1, "instruments_de_recherche": 1, "geometrie_officielle": true, "rue_autre_forme": "Louis Dupire, rue", "url": "https://www.bn-r.fr/resultat.php?type_rech=pl&index%5B%5D=rue&value%5B%5D=%22Louis+Dupire%2C+rue%22&decouvrir_par_terme=Louis+Dupire%2C+rue" }, "geometry": { "type": "LineString", "coordinates": [ [ 660245.495466207503341, 332834.39978731633164 ], [ 660229.793707878794521, 332860.479844276211224 ], [ 660182.261588564375415, 332939.04926468397025 ] ] } },
{ "type": "Feature", "properties": { "name": "Avenue Louis Pluquet", "source": "rue", "documents": 2, "instruments_de_recherche": 2, "geometrie_officielle": true, "rue_autre_forme": "Louis Pluquet, avenue", "url": "https://www.bn-r.fr/resultat.php?type_rech=pl&index%5B%5D=rue&value%5B%5D=%22Louis+Pluquet%2C+avenue%22&decouvrir_par_terme=Louis+Pluquet%2C+avenue" }, "geometry": { "type": "LineString", "coordinates": [ [ 657907.614171630004421, 330672.633610961260274 ], [ 657803.788539592991583, 330773.642776668828446 ] ] } },
{ "type": "Feature", "properties": { "name": "Rue des Loups", "source": "rue", "documents": 1, "instruments_de_recherche": 1, "geometrie_officielle": true, "rue_autre_forme": "Loups, rue des", "url": "https://www.bn-r.fr/resultat.php?type_rech=pl&index%5B%5D=rue&value%5B%5D=%22Loups%2C+rue+des%22&decouvrir_par_terme=Loups%2C+rue+des" }, "geometry": { "type": "LineString", "coordinates": [ [ 659144.630680955597199, 332341.535427016904578 ], [ 659195.486973897786811, 332433.667198121547699 ], [ 659197.280171117978171, 332444.034320819773711 ] ] } },
{ "type": "Feature", "properties": { "name": "Rue du Luxembourg", "source": "rue", "documents": 18, "instruments_de_recherche": 4, "geometrie_officielle": true, "rue_autre_forme": "Luxembourg, rue du", "url": "https://www.bn-r.fr/resultat.php?type_rech=pl&index%5B%5D=rue&value%5B%5D=%22Luxembourg%2C+rue+du%22&decouvrir_par_terme=Luxembourg%2C+rue+du" }, "geometry": { "type": "MultiLineString", "coordinates": [ [ [ 657765.078974342555739, 332629.589094978640787 ], [ 657712.821574929403141, 332573.392953197937459 ], [ 657700.992146656964906, 332556.242090917541645 ], [ 657698.061765676364303, 332546.196966419811361 ], [ 657698.448012884939089, 332536.632787409704179 ] ], [ [ 658052.103019347414374, 332914.41851453873096 ], [ 658047.287768467795104, 332908.803051415248774 ], [ 657989.318300588405691, 332851.985547305142973 ], [ 657932.668473910889588, 332797.185730957484338 ] ], [ [ 657932.668473910889588, 332797.185730957484338 ], [ 657892.173481708858162, 332758.027161260601133 ], [ 657824.533128776703961, 332693.318280562758446 ], [ 657765.078974342555739, 332629.589094978640787 ] ], [ [ 658145.86196954397019, 333085.001406426599715 ], [ 658131.433010290609673, 333073.161655057454482 ], [ 658052.103019347414374, 332914.41851453873096 ] ], [ [ 657690.009304391918704, 332500.048163910512812 ], [ 657688.240523129934445, 332493.687200396612752 ], [ 657686.063370320363902, 332485.875438213523012 ], [ 657673.702851326903328, 332472.056697591789998 ], [ 657657.851409426424652, 332467.323538258904591 ], [ 657643.362813238636591, 332467.278083500219509 ], [ 657614.422340867691673, 332476.867304645827971 ], [ 657595.405821232241578, 332483.782413520035334 ] ] ] } },
{ "type": "Feature", "properties": { "name": "Boulevard de Lyon", "source": "rue", "documents": 2, "instruments_de_recherche": 1, "geometrie_officielle": true, "rue_autre_forme": "Lyon, boulevard de", "url": "https://www.bn-r.fr/resultat.php?type_rech=pl&index%5B%5D=rue&value%5B%5D=%22Lyon%2C+boulevard+de%22&decouvrir_par_terme=Lyon%2C+boulevard+de" }, "geometry": { "type": "MultiLineString", "coordinates": [ [ [ 659534.170629442553036, 331339.859034796711057 ], [ 659544.121085080783814, 331341.416545610642061 ], [ 659609.865735010011122, 331341.483737616916187 ], [ 659666.487027424271218, 331341.894658129720483 ], [ 659676.596248396206647, 331341.896556677413173 ], [ 659715.972857183194719, 331341.89246551139513 ], [ 659763.620878350106068, 331341.870128882932477 ], [ 659914.41352463955991, 331341.67136240482796 ], [ 659929.329341242671944, 331341.727764951647259 ], [ 660015.130072811734863, 331375.06965319433948 ] ], [ [ 659214.553431978914887, 331340.749599031754769 ], [ 659227.765376905445009, 331341.452669193968177 ], [ 659417.639293872867711, 331342.341744538396597 ], [ 659433.414492206997238, 331335.063193977810442 ] ] ] } },
{ "type": "Feature", "properties": { "name": "Rue de la Lys", "source": "rue", "documents": 7, "instruments_de_recherche": 2, "geometrie_officielle": true, "rue_autre_forme": "Lys, rue de la", "url": "https://www.bn-r.fr/resultat.php?type_rech=pl&index%5B%5D=rue&value%5B%5D=%22Lys%2C+rue+de+la%22&decouvrir_par_terme=Lys%2C+rue+de+la" }, "geometry": { "type": "LineString", "coordinates": [ [ 658654.791888440493494, 333711.30185448739212 ], [ 658606.941341182566248, 333654.588634965708479 ], [ 658550.530429802485742, 333540.816301987040788 ] ] } },
{ "type": "Feature", "properties": { "name": "Rue Léon Blum", "source": "rue", "documents": 1, "instruments_de_recherche": 1, "geometrie_officielle": true, "rue_autre_forme": "Léon Blum, rue", "url": "https://www.bn-r.fr/resultat.php?type_rech=pl&index%5B%5D=rue&value%5B%5D=%22L%C3%A9on+Blum%2C+rue%22&decouvrir_par_terme=L%C3%A9on+Blum%2C+rue" }, "geometry": { "type": "LineString", "coordinates": [ [ 661103.655931570101529, 331740.464469234459102 ], [ 661208.13911602681037, 331561.532760462723672 ] ] } },
{ "type": "Feature", "properties": { "name": "Square Léon Jouhaux", "source": "rue", "documents": 1, "instruments_de_recherche": 1, "geometrie_officielle": true, "rue_autre_forme": "Léon Jouhaux, square", "url": "https://www.bn-r.fr/resultat.php?type_rech=pl&index%5B%5D=rue&value%5B%5D=%22L%C3%A9on+Jouhaux%2C+square%22&decouvrir_par_terme=L%C3%A9on+Jouhaux%2C+square" }, "geometry": { "type": "MultiLineString", "coordinates": [ [ [ 660172.990654095308855, 333384.544468145119026 ], [ 660147.110295455204323, 333373.459970778785646 ], [ 660142.841580158448778, 333369.740177652973216 ], [ 660141.14292324334383, 333363.71291224291781 ], [ 660141.162663346272893, 333355.70234327018261 ], [ 660142.852402705815621, 333337.474611616518814 ], [ 660141.997524635866284, 333325.560038251860533 ] ], [ [ 660165.767105258535594, 333285.774407113902271 ], [ 660194.608002948458306, 333297.559993228467647 ], [ 660203.091153698274866, 333303.552656957646832 ], [ 660205.196119606029242, 333311.14218514674576 ], [ 660146.205878489417955, 333447.327083380310796 ] ] ] } },
{ "type": "Feature", "properties": { "name": "Rue Léon Marlot", "source": "rue", "documents": 18, "instruments_de_recherche": 3, "geometrie_officielle": true, "rue_autre_forme": "Léon Marlot, rue", "url": "https://www.bn-r.fr/resultat.php?type_rech=pl&index%5B%5D=rue&value%5B%5D=%22L%C3%A9on+Marlot%2C+rue%22&decouvrir_par_terme=L%C3%A9on+Marlot%2C+rue" }, "geometry": { "type": "MultiLineString", "coordinates": [ [ [ 660703.231210646918043, 330781.83489811362233 ], [ 660704.241173447459005, 330780.066241965745576 ], [ 660712.534494909923524, 330759.577628149476368 ], [ 660729.679727824404836, 330737.854736362060066 ] ], [ [ 660179.689606336411089, 331232.398228909994941 ], [ 660290.906333410879597, 331137.526372002554126 ], [ 660307.165370716014877, 331125.137916342006065 ], [ 660409.391503575840034, 331037.95502246869728 ], [ 660496.537414337042719, 330965.400494777888525 ], [ 660562.716736318194307, 330908.964357045013458 ] ], [ [ 660562.716736318194307, 330908.964357045013458 ], [ 660696.960636896081269, 330792.333179511944763 ], [ 660703.231210646918043, 330781.83489811362233 ] ] ] } },
{ "type": "Feature", "properties": { "name": "Rue ma Campagne", "source": "rue", "documents": 1, "instruments_de_recherche": 1, "geometrie_officielle": true, "rue_autre_forme": "Ma Campagne, rue", "url": "https://www.bn-r.fr/resultat.php?type_rech=pl&index%5B%5D=rue&value%5B%5D=%22Ma+Campagne%2C+rue%22&decouvrir_par_terme=Ma+Campagne%2C+rue" }, "geometry": { "type": "MultiLineString", "coordinates": [ [ [ 659398.409410443622619, 332167.120043035014533 ], [ 659407.275921220425516, 332170.66792471986264 ], [ 659477.072931582340971, 332117.040086757740937 ], [ 659525.22322274686303, 332077.746456636697985 ] ], [ [ 659525.22322274686303, 332077.746456636697985 ], [ 659590.987446197774261, 332037.315032843674999 ], [ 659648.969261473161168, 332003.917971261660568 ], [ 659706.164392387843691, 331971.402807519072667 ], [ 659732.56500007759314, 331955.677135481266305 ] ] ] } },
{ "type": "Feature", "properties": { "name": "Rue ma Campagne", "source": "rue", "documents": 10, "instruments_de_recherche": 4, "geometrie_officielle": true, "rue_autre_forme": "Ma campagne, rue", "url": "https://www.bn-r.fr/resultat.php?type_rech=pl&index%5B%5D=rue&value%5B%5D=%22Ma+campagne%2C+rue%22&decouvrir_par_terme=Ma+campagne%2C+rue" }, "geometry": { "type": "MultiLineString", "coordinates": [ [ [ 659398.409410443622619, 332167.120043035014533 ], [ 659407.275921220425516, 332170.66792471986264 ], [ 659477.072931582340971, 332117.040086757740937 ], [ 659525.22322274686303, 332077.746456636697985 ] ], [ [ 659525.22322274686303, 332077.746456636697985 ], [ 659590.987446197774261, 332037.315032843674999 ], [ 659648.969261473161168, 332003.917971261660568 ], [ 659706.164392387843691, 331971.402807519072667 ], [ 659732.56500007759314, 331955.677135481266305 ] ] ] } },
{ "type": "Feature", "properties": { "name": "Rue de la Mackellerie", "source": "rue", "documents": 5, "instruments_de_recherche": 4, "geometrie_officielle": true, "rue_autre_forme": "Mackellerie, rue de la", "url": "https://www.bn-r.fr/resultat.php?type_rech=pl&index%5B%5D=rue&value%5B%5D=%22Mackellerie%2C+rue+de+la%22&decouvrir_par_terme=Mackellerie%2C+rue+de+la" }, "geometry": { "type": "LineString", "coordinates": [ [ 657574.328775281785056, 332432.820166058721952 ], [ 657587.017508809803985, 332455.543010334367864 ], [ 657592.353091875324026, 332471.955872041638941 ], [ 657602.253737542894669, 332510.670067187340464 ], [ 657606.008035454316996, 332529.5135780874989 ], [ 657608.025911218486726, 332538.992486325732898 ], [ 657610.105849622283131, 332581.961325885669794 ], [ 657609.794038593303412, 332591.192536247777753 ], [ 657602.441962873446755, 332624.046038207132369 ], [ 657600.98999065568205, 332660.301117995230015 ], [ 657595.611700041452423, 332759.041939089074731 ], [ 657596.235674823750742, 332760.161283218534663 ], [ 657605.946190194459632, 332777.177767879213206 ], [ 657665.568290286464617, 332884.187243331514765 ], [ 657682.005172785255127, 332913.070246958173811 ], [ 657706.116928724106401, 332957.6128355122637 ], [ 657718.936697057331912, 332981.116311756428331 ], [ 657746.426380032440647, 333026.919552467530593 ], [ 657756.34957662736997, 333037.263030987232924 ], [ 657772.294235378853045, 333052.789774489123374 ], [ 657779.983880367595702, 333060.550100102322176 ], [ 657785.781303858617321, 333066.843535604071803 ], [ 657803.536454609478824, 333084.837735359964427 ], [ 657847.954029718413949, 333140.059781540650874 ], [ 657860.172404002281837, 333166.783652853569947 ], [ 657864.918751480523497, 333191.757513488875702 ], [ 657864.982164434390143, 333192.425764395447914 ], [ 657861.760162490303628, 333196.284894150099717 ] ] } },
{ "type": "Feature", "properties": { "name": "Passage Malplaquet", "source": "rue", "documents": 1, "instruments_de_recherche": 1, "geometrie_officielle": true, "rue_autre_forme": "Malplaquet, rue de", "url": "https://www.bn-r.fr/resultat.php?type_rech=pl&index%5B%5D=rue&value%5B%5D=%22Malplaquet%2C+rue+de%22&decouvrir_par_terme=Malplaquet%2C+rue+de" }, "geometry": { "type": "LineString", "coordinates": [ [ 660200.479462561546825, 332189.581243903201539 ], [ 660153.96971308242064, 332145.775856281863526 ] ] } },
{ "type": "Feature", "properties": { "name": "Rue Marceau", "source": "rue", "documents": 2, "instruments_de_recherche": 2, "geometrie_officielle": true, "rue_autre_forme": "Marceau, rue", "url": "https://www.bn-r.fr/resultat.php?type_rech=pl&index%5B%5D=rue&value%5B%5D=%22Marceau%2C+rue%22&decouvrir_par_terme=Marceau%2C+rue" }, "geometry": { "type": "MultiLineString", "coordinates": [ [ [ 660627.979204752133228, 332679.634396791923791 ], [ 660686.148304856498726, 332598.742330332752317 ] ], [ [ 660579.724399750353768, 332746.5096809794195 ], [ 660603.351923808921129, 332713.511341828387231 ] ], [ [ 660603.351923808921129, 332713.511341828387231 ], [ 660627.979204752133228, 332679.634396791923791 ] ] ] } },
{ "type": "Feature", "properties": { "name": "Rue Marie Buisine", "source": "rue", "documents": 3, "instruments_de_recherche": 3, "geometrie_officielle": true, "rue_autre_forme": "Marie Buisine, rue", "url": "https://www.bn-r.fr/resultat.php?type_rech=pl&index%5B%5D=rue&value%5B%5D=%22Marie+Buisine%2C+rue%22&decouvrir_par_terme=Marie+Buisine%2C+rue" }, "geometry": { "type": "LineString", "coordinates": [ [ 660242.378554296679795, 332516.159097218303941 ], [ 660349.416603974299505, 332588.354318092577159 ], [ 660431.890894250827841, 332645.030445840675384 ], [ 660500.058474274934269, 332691.754513044201303 ], [ 660579.724399750353768, 332746.5096809794195 ] ] } },
{ "type": "Feature", "properties": { "name": "Rue du Marquisat", "source": "rue", "documents": 2, "instruments_de_recherche": 2, "geometrie_officielle": true, "rue_autre_forme": "Marquisat, rue du", "url": "https://www.bn-r.fr/resultat.php?type_rech=pl&index%5B%5D=rue&value%5B%5D=%22Marquisat%2C+rue+du%22&decouvrir_par_terme=Marquisat%2C+rue+du" }, "geometry": { "type": "MultiLineString", "coordinates": [ [ [ 658204.42956194083672, 332756.643971148820128 ], [ 658186.791569084278308, 332773.251670703175478 ] ], [ [ 658283.681893185828812, 332683.188243248267099 ], [ 658204.42956194083672, 332756.643971148820128 ] ], [ [ 658186.791569084278308, 332773.251670703175478 ], [ 658186.719688371638767, 332773.362146166153252 ], [ 658137.867067168466747, 332820.225872669019736 ] ] ] } },
{ "type": "Feature", "properties": { "name": "Quai de Marseille", "source": "rue", "documents": 5, "instruments_de_recherche": 4, "geometrie_officielle": true, "rue_autre_forme": "Marseille, quai de", "url": "https://www.bn-r.fr/resultat.php?type_rech=pl&index%5B%5D=rue&value%5B%5D=%22Marseille%2C+quai+de%22&decouvrir_par_terme=Marseille%2C+quai+de" }, "geometry": { "type": "LineString", "coordinates": [ [ 660001.007736027939245, 333960.050490630441345 ], [ 659946.061107196030207, 334077.035226774925832 ], [ 659881.185607592109591, 334228.956312415364664 ], [ 659885.028044066857547, 334239.124287715123501 ], [ 659875.81337357708253, 334260.605440446757711 ], [ 659836.515779743320309, 334324.695587869966403 ], [ 659778.982293306384236, 334395.813390149211045 ], [ 659681.956852185889147, 334485.737522284558509 ], [ 659653.980984027730301, 334504.449923280684743 ], [ 659627.998255652724765, 334521.84963973268168 ] ] } },
{ "type": "Feature", "properties": { "name": "Place des Martyrs de la Résistance", "source": "rue", "documents": 19, "instruments_de_recherche": 5, "geometrie_officielle": true, "rue_autre_forme": "Martyrs de la Résistance, place des", "url": "https://www.bn-r.fr/resultat.php?type_rech=pl&index%5B%5D=rue&value%5B%5D=%22Martyrs+de+la+R%C3%A9sistance%2C+place+des%22&decouvrir_par_terme=Martyrs+de+la+R%C3%A9sistance%2C+place+des" }, "geometry": { "type": "LineString", "coordinates": [ [ 658735.00641935726162, 333139.526533162337728 ], [ 658771.536346899112687, 333133.698679798806552 ] ] } },
{ "type": "Feature", "properties": { "name": "Rue du Maréchal Foch", "source": "rue", "documents": 55, "instruments_de_recherche": 9, "geometrie_officielle": true, "rue_autre_forme": "Maréchal Foch, rue du", "url": "https://www.bn-r.fr/resultat.php?type_rech=pl&index%5B%5D=rue&value%5B%5D=%22Mar%C3%A9chal+Foch%2C+rue+du%22&decouvrir_par_terme=Mar%C3%A9chal+Foch%2C+rue+du" }, "geometry": { "type": "MultiLineString", "coordinates": [ [ [ 659183.912751825992018, 332578.5108538614586 ], [ 659194.812311263056472, 332558.048735080170445 ], [ 659219.097851955913939, 332490.560976903652772 ], [ 659232.866363724460825, 332460.00613122805953 ], [ 659255.426817268249579, 332433.331912977038883 ] ], [ [ 659124.031612626160495, 332873.131392784416676 ], [ 659125.954058288130909, 332865.475746205018368 ], [ 659131.314406499848701, 332834.604801944398787 ], [ 659148.943056666408665, 332742.676763627445325 ], [ 659155.600347118685022, 332709.595045098219998 ], [ 659183.912751825992018, 332578.5108538614586 ] ] ] } },
{ "type": "Feature", "properties": { "name": "Rue de Mascara", "source": "rue", "documents": 3, "instruments_de_recherche": 3, "geometrie_officielle": true, "rue_autre_forme": "Mascara, rue de", "url": "https://www.bn-r.fr/resultat.php?type_rech=pl&index%5B%5D=rue&value%5B%5D=%22Mascara%2C+rue+de%22&decouvrir_par_terme=Mascara%2C+rue+de" }, "geometry": { "type": "LineString", "coordinates": [ [ 660604.49470210657455, 333607.283912762068212 ], [ 660677.649141980102286, 333636.821849234926049 ], [ 660736.245812736800872, 333660.186737966898363 ] ] } },
{ "type": "Feature", "properties": { "name": "Rue de Maubeuge", "source": "rue", "documents": 4, "instruments_de_recherche": 2, "geometrie_officielle": true, "rue_autre_forme": "Maubeuge, rue de", "url": "https://www.bn-r.fr/resultat.php?type_rech=pl&index%5B%5D=rue&value%5B%5D=%22Maubeuge%2C+rue+de%22&decouvrir_par_terme=Maubeuge%2C+rue+de" }, "geometry": { "type": "LineString", "coordinates": [ [ 659815.324266472598538, 332051.398886467330158 ], [ 659881.045803954941221, 331989.831104543060064 ], [ 659944.976897700456902, 331930.469202996813692 ], [ 660035.277816147776321, 331845.815171206486411 ], [ 660071.712477997643873, 331811.735009780619293 ] ] } },
{ "type": "Feature", "properties": { "name": "Rue de Maufait", "source": "rue", "documents": 1, "instruments_de_recherche": 1, "geometrie_officielle": true, "rue_autre_forme": "Maufait, rue de", "url": "https://www.bn-r.fr/resultat.php?type_rech=pl&index%5B%5D=rue&value%5B%5D=%22Maufait%2C+rue+de%22&decouvrir_par_terme=Maufait%2C+rue+de" }, "geometry": { "type": "LineString", "coordinates": [ [ 660686.050402768305503, 331856.188576534856111 ], [ 660702.737891389639117, 331830.899982271890622 ], [ 660715.690390118630603, 331817.028706530458294 ], [ 660732.715721358312294, 331805.54033210570924 ], [ 660814.084842905635014, 331767.74947331356816 ], [ 660861.573184762266465, 331725.67878860514611 ], [ 660905.379255581414327, 331684.234014324261807 ], [ 660973.67962798429653, 331615.032144040102139 ], [ 661037.021878279745579, 331553.006292849080637 ], [ 661113.308468186878599, 331478.112138649565168 ], [ 661128.793457952560857, 331465.49476636829786 ] ] } },
{ "type": "Feature", "properties": { "name": "Avenue Maxence Van der Meersch", "source": "rue", "documents": 7, "instruments_de_recherche": 4, "geometrie_officielle": true, "rue_autre_forme": "Maxence Van Der Meersch, avenue", "url": "https://www.bn-r.fr/resultat.php?type_rech=pl&index%5B%5D=rue&value%5B%5D=%22Maxence+Van+Der+Meersch%2C+avenue%22&decouvrir_par_terme=Maxence+Van+Der+Meersch%2C+avenue" }, "geometry": { "type": "LineString", "coordinates": [ [ 661369.060563603648916, 331724.933015374001116 ], [ 661484.186503412667662, 331561.816876523196697 ], [ 661569.759296815376729, 331442.420922659512144 ] ] } },
{ "type": "Feature", "properties": { "name": "Avenue Maxence Van der Meersch", "source": "rue", "documents": 5, "instruments_de_recherche": 2, "geometrie_officielle": true, "rue_autre_forme": "Maxenxe Van Der Meersch, avenue", "url": "https://www.bn-r.fr/resultat.php?type_rech=pl&index%5B%5D=rue&value%5B%5D=%22Maxenxe+Van+Der+Meersch%2C+avenue%22&decouvrir_par_terme=Maxenxe+Van+Der+Meersch%2C+avenue" }, "geometry": { "type": "LineString", "coordinates": [ [ 661369.060563603648916, 331724.933015374001116 ], [ 661484.186503412667662, 331561.816876523196697 ], [ 661569.759296815376729, 331442.420922659512144 ] ] } },
{ "type": "Feature", "properties": { "name": "Rue Mazagran", "source": "rue", "documents": 1, "instruments_de_recherche": 1, "geometrie_officielle": true, "rue_autre_forme": "Mazagran, rue", "url": "https://www.bn-r.fr/resultat.php?type_rech=pl&index%5B%5D=rue&value%5B%5D=%22Mazagran%2C+rue%22&decouvrir_par_terme=Mazagran%2C+rue" }, "geometry": { "type": "LineString", "coordinates": [ [ 660030.863543129293248, 334213.840173994656652 ], [ 660104.286682404461317, 334269.186066842754371 ], [ 660110.805327837704681, 334273.821328761114273 ], [ 660227.259823544998653, 334360.029025993775576 ] ] } },
{ "type": "Feature", "properties": { "name": "Rue de Menin", "source": "rue", "documents": 6, "instruments_de_recherche": 2, "geometrie_officielle": false, "rue_autre_forme": "Menin, rue de", "url": "https://www.bn-r.fr/resultat.php?type_rech=pl&index%5B%5D=rue&value%5B%5D=%22Menin%2C+rue+de%22&decouvrir_par_terme=Menin%2C+rue+de" }, "geometry": { "type": "Point", "coordinates": [ 657769.549615759053268, 336941.010675083147362 ] } },
{ "type": "Feature", "properties": { "name": "Boulevard de Metz", "source": "rue", "documents": 9, "instruments_de_recherche": 4, "geometrie_officielle": true, "rue_autre_forme": "Metz, boulevard de", "url": "https://www.bn-r.fr/resultat.php?type_rech=pl&index%5B%5D=rue&value%5B%5D=%22Metz%2C+boulevard+de%22&decouvrir_par_terme=Metz%2C+boulevard+de" }, "geometry": { "type": "MultiLineString", "coordinates": [ [ [ 659888.226529570296407, 333916.836167340690736 ], [ 659783.714278223225847, 334068.535477450117469 ], [ 659743.414094792446122, 334127.496984718251042 ], [ 659668.569015612127259, 334236.47321654332336 ], [ 659638.154973053722642, 334283.530037765041925 ], [ 659620.809315704624169, 334337.186422881786712 ], [ 659586.907296506455168, 334443.506868043390568 ], [ 659579.141341738868505, 334474.573228469118476 ], [ 659577.564258386730216, 334489.242107719182968 ] ], [ [ 659530.254853048711084, 334619.55681188357994 ], [ 659569.635681313229725, 334560.138289371912833 ], [ 659576.253233125200495, 334543.300535066984594 ] ] ] } },
{ "type": "Feature", "properties": { "name": "Rue Meyerbeer", "source": "rue", "documents": 4, "instruments_de_recherche": 3, "geometrie_officielle": true, "rue_autre_forme": "Meyerbeer, rue", "url": "https://www.bn-r.fr/resultat.php?type_rech=pl&index%5B%5D=rue&value%5B%5D=%22Meyerbeer%2C+rue%22&decouvrir_par_terme=Meyerbeer%2C+rue" }, "geometry": { "type": "LineString", "coordinates": [ [ 659133.145319517352618, 334306.161540701868944 ], [ 659150.034114358830266, 334325.04090749414172 ], [ 659182.140575454803184, 334360.556021334370598 ], [ 659197.759886572835967, 334379.198924340016674 ], [ 659218.946571247768588, 334405.469526421627961 ], [ 659258.762405756511725, 334452.864529443264473 ], [ 659347.943562329863198, 334559.110522640752606 ] ] } },
{ "type": "Feature", "properties": { "name": "Rue de Milan", "source": "rue", "documents": 2, "instruments_de_recherche": 1, "geometrie_officielle": true, "rue_autre_forme": "Milan, rue de", "url": "https://www.bn-r.fr/resultat.php?type_rech=pl&index%5B%5D=rue&value%5B%5D=%22Milan%2C+rue+de%22&decouvrir_par_terme=Milan%2C+rue+de" }, "geometry": { "type": "LineString", "coordinates": [ [ 658018.407927290652879, 333419.285125951748341 ], [ 657935.275330284261145, 333460.993462305981666 ] ] } },
{ "type": "Feature", "properties": { "name": "Rue Miln", "source": "rue", "documents": 2, "instruments_de_recherche": 1, "geometrie_officielle": true, "rue_autre_forme": "Miln, rue", "url": "https://www.bn-r.fr/resultat.php?type_rech=pl&index%5B%5D=rue&value%5B%5D=%22Miln%2C+rue%22&decouvrir_par_terme=Miln%2C+rue" }, "geometry": { "type": "LineString", "coordinates": [ [ 658642.888864535954781, 332564.63101302809082 ], [ 658596.854866575798951, 332605.290985424013343 ], [ 658516.127671464113519, 332677.390766838332638 ] ] } },
{ "type": "Feature", "properties": { "name": "Rue Mimerel", "source": "rue", "documents": 16, "instruments_de_recherche": 5, "geometrie_officielle": true, "rue_autre_forme": "Mimerel, rue", "url": "https://www.bn-r.fr/resultat.php?type_rech=pl&index%5B%5D=rue&value%5B%5D=%22Mimerel%2C+rue%22&decouvrir_par_terme=Mimerel%2C+rue" }, "geometry": { "type": "LineString", "coordinates": [ [ 658699.841520244022831, 332867.440997597586829 ], [ 658671.519706828752533, 332756.647584540070966 ], [ 658656.084840416442603, 332694.950733600417152 ] ] } },
{ "type": "Feature", "properties": { "name": "Rue Molière", "source": "rue", "documents": 3, "instruments_de_recherche": 2, "geometrie_officielle": true, "rue_autre_forme": "Molière, rue", "url": "https://www.bn-r.fr/resultat.php?type_rech=pl&index%5B%5D=rue&value%5B%5D=%22Moli%C3%A8re%2C+rue%22&decouvrir_par_terme=Moli%C3%A8re%2C+rue" }, "geometry": { "type": "LineString", "coordinates": [ [ 660910.477771964855492, 332821.486611185770016 ], [ 660917.150666223838925, 332806.542663531028666 ], [ 661020.263101420947351, 332726.501856670016423 ], [ 661034.017724414588884, 332716.534623891115189 ], [ 661142.526114882784896, 332634.666544343344867 ] ] } },
{ "type": "Feature", "properties": { "name": "Rue Monge", "source": "rue", "documents": 3, "instruments_de_recherche": 3, "geometrie_officielle": true, "rue_autre_forme": "Monge, rue", "url": "https://www.bn-r.fr/resultat.php?type_rech=pl&index%5B%5D=rue&value%5B%5D=%22Monge%2C+rue%22&decouvrir_par_terme=Monge%2C+rue" }, "geometry": { "type": "MultiLineString", "coordinates": [ [ [ 660235.417460002237931, 332756.848414123000111 ], [ 660276.245445828768425, 332696.339171779691242 ], [ 660316.133001231355593, 332637.822298392769881 ], [ 660349.416603974299505, 332588.354318092577159 ], [ 660373.495107091963291, 332552.912365672003943 ] ], [ [ 660216.362804292701185, 332785.672125278040767 ], [ 660216.43472724466119, 332785.561677229765337 ], [ 660235.417460002237931, 332756.848414123000111 ] ], [ [ 660137.68122142762877, 332912.733515391941182 ], [ 660136.152602203539573, 332904.149188218289055 ], [ 660187.119303535437211, 332828.065896877204068 ] ], [ [ 660187.331299798679538, 332828.06829106702935 ], [ 660201.545482263085432, 332808.535691998666152 ], [ 660216.362804292701185, 332785.672125278040767 ] ] ] } },
{ "type": "Feature", "properties": { "name": "Rue de Mons", "source": "rue", "documents": 5, "instruments_de_recherche": 2, "geometrie_officielle": true, "rue_autre_forme": "Mons, rue de", "url": "https://www.bn-r.fr/resultat.php?type_rech=pl&index%5B%5D=rue&value%5B%5D=%22Mons%2C+rue+de%22&decouvrir_par_terme=Mons%2C+rue+de" }, "geometry": { "type": "MultiLineString", "coordinates": [ [ [ 660763.423016472370364, 332423.052099851309322 ], [ 660697.386671533458866, 332468.361536347540095 ], [ 660687.404172954731621, 332476.036104005703237 ], [ 660653.543196593411267, 332507.582450641726609 ], [ 660617.36407862638589, 332550.339973712223582 ] ], [ [ 660800.913840704830363, 332364.622789853368886 ], [ 660763.423016472370364, 332423.052099851309322 ] ] ] } },
{ "type": "Feature", "properties": { "name": "Rue Montaigne", "source": "rue", "documents": 1, "instruments_de_recherche": 1, "geometrie_officielle": true, "rue_autre_forme": "Montaigne, rue", "url": "https://www.bn-r.fr/resultat.php?type_rech=pl&index%5B%5D=rue&value%5B%5D=%22Montaigne%2C+rue%22&decouvrir_par_terme=Montaigne%2C+rue" }, "geometry": { "type": "LineString", "coordinates": [ [ 660033.76547734241467, 333385.533152949530631 ], [ 659950.393083741771989, 333346.543293148570228 ] ] } },
{ "type": "Feature", "properties": { "name": "Boulevard Montesquieu", "source": "rue", "documents": 15, "instruments_de_recherche": 6, "geometrie_officielle": true, "rue_autre_forme": "Montesquieu, boulevard", "url": "https://www.bn-r.fr/resultat.php?type_rech=pl&index%5B%5D=rue&value%5B%5D=%22Montesquieu%2C+boulevard%22&decouvrir_par_terme=Montesquieu%2C+boulevard" }, "geometry": { "type": "LineString", "coordinates": [ [ 658425.962036676588468, 331992.374758551712148 ], [ 658368.865325585822575, 332042.483725207450334 ], [ 658318.543467931100167, 332087.215689638396725 ], [ 658267.228142718086019, 332132.38230965542607 ], [ 658120.912397456006147, 332236.259254009753931 ], [ 658108.293744626571424, 332239.681989583536051 ] ] } },
{ "type": "Feature", "properties": { "name": "Rue Montgolfier", "source": "rue", "documents": 21, "instruments_de_recherche": 7, "geometrie_officielle": true, "rue_autre_forme": "Montgolfier, rue", "url": "https://www.bn-r.fr/resultat.php?type_rech=pl&index%5B%5D=rue&value%5B%5D=%22Montgolfier%2C+rue%22&decouvrir_par_terme=Montgolfier%2C+rue" }, "geometry": { "type": "MultiLineString", "coordinates": [ [ [ 660314.230090344557539, 332093.959447769331746 ], [ 660220.180364103987813, 331984.862275121209677 ], [ 660181.73368484666571, 331940.480246495688334 ], [ 660158.996761754504405, 331913.298606116208248 ], [ 660116.999667276279069, 331863.981553806806915 ] ], [ [ 659742.215138349216431, 331309.031071732053533 ], [ 659763.620878350106068, 331341.870128882932477 ], [ 659855.864383531035855, 331487.765422090771608 ], [ 659883.787893795291893, 331531.804189865943044 ], [ 659928.870487769017927, 331602.627137714531273 ], [ 659960.823454375611618, 331652.830951529089361 ], [ 659998.194966266048141, 331711.440467705833726 ], [ 660032.017370590940118, 331765.003594945534132 ], [ 660071.712477997643873, 331811.735009780619293 ], [ 660116.999667276279069, 331863.981553806806915 ] ] ] } },
{ "type": "Feature", "properties": { "name": "Moulin", "source": "quartier", "documents": 11, "instruments_de_recherche": 5, "geometrie_officielle": false, "rue_autre_forme": null, "url": "https://www.bn-r.fr/resultat.php?type_rech=pl&index%5B%5D=quartier&value%5B%5D=%22Moulin%22&decouvrir_par_terme=Moulin" }, "geometry": { "type": "Polygon", "coordinates": [ [ [ 659260.411793257226236, 332418.485800565162208 ], [ 659253.248543074936606, 332433.299455442640465 ], [ 659172.070395545335487, 332311.773559461347759 ], [ 659286.312909056432545, 332190.203273177496158 ], [ 659328.673793485970236, 332144.973110405611806 ], [ 659286.86306768853683, 332091.1620749887079 ], [ 659255.092730043688789, 332051.301334263873287 ], [ 659220.052085410105065, 332007.020396423526108 ], [ 659255.143025614204817, 331937.169919691630639 ], [ 659279.160632006707601, 331912.348107769968919 ], [ 659302.303974950802512, 331899.01997522538295 ], [ 659360.285046633565798, 331871.700179338629823 ], [ 659400.315687782480381, 331852.940356191247702 ], [ 659508.807803867151961, 331800.940860551665537 ], [ 659635.910554815898649, 331740.077097068889998 ], [ 659655.520395741681568, 331786.602283559041098 ], [ 659691.16081392695196, 331871.773548317025416 ], [ 659919.204996144748293, 331752.484525790554471 ], [ 659996.236466812551953, 331711.994903719169088 ], [ 660048.077422257745638, 331684.845038557541557 ], [ 660084.017985582817346, 331666.015332695562392 ], [ 660134.889011448947713, 331638.735549471224658 ], [ 660170.32965139998123, 331620.405692138359882 ], [ 660213.520432315650396, 331598.045830783084966 ], [ 660288.521888174582273, 331559.226225927821361 ], [ 660302.942021384485997, 331613.736959054891486 ], [ 660310.441968058585189, 331641.647244509542361 ], [ 660326.082191453315318, 331695.588154743425548 ], [ 660263.881060458836146, 331743.318010227871127 ], [ 660117.898191468906589, 331864.787835975759663 ], [ 660081.127507077064365, 331892.427815728355199 ], [ 659983.845668262802064, 331971.847724286024459 ], [ 659931.634596176212654, 332014.257705301279202 ], [ 659844.713416019221768, 332085.309459945536219 ], [ 659759.181192172574811, 332177.557830069912598 ], [ 659734.950736753758974, 332219.468053019605577 ], [ 659645.269239721703343, 332158.926500922825653 ], [ 659605.76850810169708, 332131.5857176767895 ], [ 659524.439740099827759, 332077.557156789349392 ], [ 659477.216449105879292, 332117.4942971667042 ], [ 659403.005015565315261, 332173.384271778864786 ], [ 659364.724176831310615, 332209.45424951298628 ], [ 659336.279510734719224, 332238.356577214144636 ], [ 659325.362736293813214, 332256.298700148356147 ], [ 659293.422490293742158, 332378.255619397154078 ], [ 659260.411793257226236, 332418.485800565162208 ] ] ] } },
{ "type": "Feature", "properties": { "name": "Rue de Mouvaux", "source": "rue", "documents": 52, "instruments_de_recherche": 10, "geometrie_officielle": true, "rue_autre_forme": "Mouvaux, rue de", "url": "https://www.bn-r.fr/resultat.php?type_rech=pl&index%5B%5D=rue&value%5B%5D=%22Mouvaux%2C+rue+de%22&decouvrir_par_terme=Mouvaux%2C+rue+de" }, "geometry": { "type": "LineString", "coordinates": [ [ 658262.973477852763608, 333032.319163415348157 ], [ 658201.260200117481872, 333059.793714128085412 ], [ 658145.86196954397019, 333085.001406426599715 ], [ 658057.88269794092048, 333123.428396136732772 ], [ 658034.375413096742705, 333140.528975993860513 ], [ 657988.90372885868419, 333175.859839144977741 ], [ 657962.131507906131446, 333187.807232307619415 ], [ 657950.941721117938869, 333190.022008177824318 ], [ 657861.402028352720663, 333196.726047278789338 ] ] } },
{ "type": "Feature", "properties": { "name": "Boulevard de Mulhouse", "source": "rue", "documents": 2, "instruments_de_recherche": 1, "geometrie_officielle": true, "rue_autre_forme": "Mulbhouse, boulevard de", "url": "https://www.bn-r.fr/resultat.php?type_rech=pl&index%5B%5D=rue&value%5B%5D=%22Mulbhouse%2C+boulevard+de%22&decouvrir_par_terme=Mulbhouse%2C+boulevard+de" }, "geometry": { "type": "LineString", "coordinates": [ [ 660414.945277654915117, 332026.229916857613716 ], [ 660512.772844759165309, 332113.455190550826956 ], [ 660515.222468537976965, 332115.596949869417585 ], [ 660579.935436970088631, 332174.521280699234921 ], [ 660642.775494582136162, 332230.198565980535932 ], [ 660722.057534554391168, 332300.527789663290605 ], [ 660800.913840704830363, 332364.622789853368886 ], [ 660816.32702980923932, 332376.592268335865811 ], [ 660833.978773749200627, 332390.590034811408259 ], [ 660866.8313711656956, 332416.555066972621717 ], [ 660897.023589247837663, 332440.264696916565299 ], [ 660945.910213160212152, 332479.43096237257123 ], [ 660989.551916219643317, 332513.642196482862346 ], [ 661121.301261096843518, 332618.067742095212452 ], [ 661142.526114882784896, 332634.666544343344867 ] ] } },
{ "type": "Feature", "properties": { "name": "Boulevard de Mulhouse", "source": "rue", "documents": 21, "instruments_de_recherche": 5, "geometrie_officielle": true, "rue_autre_forme": "Mulhouse, boulevard de", "url": "https://www.bn-r.fr/resultat.php?type_rech=pl&index%5B%5D=rue&value%5B%5D=%22Mulhouse%2C+boulevard+de%22&decouvrir_par_terme=Mulhouse%2C+boulevard+de" }, "geometry": { "type": "LineString", "coordinates": [ [ 660414.945277654915117, 332026.229916857613716 ], [ 660512.772844759165309, 332113.455190550826956 ], [ 660515.222468537976965, 332115.596949869417585 ], [ 660579.935436970088631, 332174.521280699234921 ], [ 660642.775494582136162, 332230.198565980535932 ], [ 660722.057534554391168, 332300.527789663290605 ], [ 660800.913840704830363, 332364.622789853368886 ], [ 660816.32702980923932, 332376.592268335865811 ], [ 660833.978773749200627, 332390.590034811408259 ], [ 660866.8313711656956, 332416.555066972621717 ], [ 660897.023589247837663, 332440.264696916565299 ], [ 660945.910213160212152, 332479.43096237257123 ], [ 660989.551916219643317, 332513.642196482862346 ], [ 661121.301261096843518, 332618.067742095212452 ], [ 661142.526114882784896, 332634.666544343344867 ] ] } },
{ "type": "Feature", "properties": { "name": "Rue Nabuchodonosor", "source": "rue", "documents": 4, "instruments_de_recherche": 3, "geometrie_officielle": true, "rue_autre_forme": "Nabuchodonosor, rue", "url": "https://www.bn-r.fr/resultat.php?type_rech=pl&index%5B%5D=rue&value%5B%5D=%22Nabuchodonosor%2C+rue%22&decouvrir_par_terme=Nabuchodonosor%2C+rue" }, "geometry": { "type": "MultiLineString", "coordinates": [ [ [ 660227.871267479495145, 332317.617655717127491 ], [ 660336.769087044522166, 332194.682669760601129 ] ], [ [ 660155.453250498627312, 332352.514420069404878 ], [ 660165.224786370643415, 332350.95580936683109 ], [ 660190.676333763520233, 332319.088906675460748 ], [ 660227.871267479495145, 332317.617655717127491 ] ] ] } },
{ "type": "Feature", "properties": { "name": "Place Nadaud", "source": "rue", "documents": 9, "instruments_de_recherche": 3, "geometrie_officielle": true, "rue_autre_forme": "Nadaud, place", "url": "https://www.bn-r.fr/resultat.php?type_rech=pl&index%5B%5D=rue&value%5B%5D=%22Nadaud%2C+place%22&decouvrir_par_terme=Nadaud%2C+place" }, "geometry": { "type": "LineString", "coordinates": [ [ 660142.75026287115179, 333158.677133990568109 ], [ 660163.50199906155467, 333160.914072484709322 ] ] } },
{ "type": "Feature", "properties": { "name": "Rue Nadaud", "source": "rue", "documents": 2, "instruments_de_recherche": 2, "geometrie_officielle": true, "rue_autre_forme": "Nadaud, rue", "url": "https://www.bn-r.fr/resultat.php?type_rech=pl&index%5B%5D=rue&value%5B%5D=%22Nadaud%2C+rue%22&decouvrir_par_terme=Nadaud%2C+rue" }, "geometry": { "type": "LineString", "coordinates": [ [ 660174.378453806159087, 333155.251310058578383 ], [ 660222.676249306183308, 333027.513116646325216 ] ] } },
{ "type": "Feature", "properties": { "name": "Rue Nain", "source": "rue", "documents": 26, "instruments_de_recherche": 5, "geometrie_officielle": true, "rue_autre_forme": "Nain, rue", "url": "https://www.bn-r.fr/resultat.php?type_rech=pl&index%5B%5D=rue&value%5B%5D=%22Nain%2C+rue%22&decouvrir_par_terme=Nain%2C+rue" }, "geometry": { "type": "MultiLineString", "coordinates": [ [ [ 659108.63629774725996, 332961.301474098232575 ], [ 659056.041486112400889, 333000.883447713218629 ], [ 658987.318386953906156, 333048.298157949466258 ] ], [ [ 658987.318386953906156, 333048.298157949466258 ], [ 658916.878488882211968, 333097.697462851996534 ], [ 658899.671352937584743, 333107.186926724854857 ], [ 658881.877490879502147, 333112.219540117774159 ] ], [ [ 658824.951985465129837, 333128.279960665968247 ], [ 658881.877490879502147, 333112.219540117774159 ] ] ] } },
{ "type": "Feature", "properties": { "name": "Rue de Nancy", "source": "rue", "documents": 3, "instruments_de_recherche": 2, "geometrie_officielle": true, "rue_autre_forme": "Nancy, rue de", "url": "https://www.bn-r.fr/resultat.php?type_rech=pl&index%5B%5D=rue&value%5B%5D=%22Nancy%2C+rue+de%22&decouvrir_par_terme=Nancy%2C+rue+de" }, "geometry": { "type": "MultiLineString", "coordinates": [ [ [ 660722.057534554391168, 332300.527789663290605 ], [ 660725.979354108683765, 332285.107254904462025 ], [ 660748.172004192252643, 332210.815596415195614 ], [ 660781.209843181888573, 332096.705204481026158 ] ], [ [ 660838.720548813114874, 331950.386306379106827 ], [ 660781.209843181888573, 332096.705204481026158 ] ] ] } },
{ "type": "Feature", "properties": { "name": "Rue de Naples", "source": "rue", "documents": 10, "instruments_de_recherche": 5, "geometrie_officielle": true, "rue_autre_forme": "Naples, rue de", "url": "https://www.bn-r.fr/resultat.php?type_rech=pl&index%5B%5D=rue&value%5B%5D=%22Naples%2C+rue+de%22&decouvrir_par_terme=Naples%2C+rue+de" }, "geometry": { "type": "MultiLineString", "coordinates": [ [ [ 658215.122941921581514, 333175.210933457128704 ], [ 658124.874004412442446, 333246.878910340950824 ] ], [ [ 658124.874004412442446, 333246.878910340950824 ], [ 658049.221631529158913, 333308.693951736553572 ], [ 657976.377514392836019, 333365.867677955538966 ], [ 657938.386448454926722, 333395.828611998236738 ] ] ] } },
{ "type": "Feature", "properties": { "name": "Place de la Nation", "source": "rue", "documents": 3, "instruments_de_recherche": 2, "geometrie_officielle": true, "rue_autre_forme": "Nation, place de la", "url": "https://www.bn-r.fr/resultat.php?type_rech=pl&index%5B%5D=rue&value%5B%5D=%22Nation%2C+place+de+la%22&decouvrir_par_terme=Nation%2C+place+de+la" }, "geometry": { "type": "LineString", "coordinates": [ [ 659776.160966306691989, 333746.683309412095696 ], [ 659846.679814114584588, 333753.149195113102905 ] ] } },
{ "type": "Feature", "properties": { "name": "Rue Nationale", "source": "rue", "documents": 1, "instruments_de_recherche": 1, "geometrie_officielle": true, "rue_autre_forme": "Nationale, rue", "url": "https://www.bn-r.fr/resultat.php?type_rech=pl&index%5B%5D=rue&value%5B%5D=%22Nationale%2C+rue%22&decouvrir_par_terme=Nationale%2C+rue" }, "geometry": { "type": "MultiLineString", "coordinates": [ [ [ 658832.91193233593367, 333008.985269867233001 ], [ 658851.490303745958954, 333048.131583022361156 ] ], [ [ 658881.877490879502147, 333112.219540117774159 ], [ 658851.490303745958954, 333048.131583022361156 ] ] ] } },
{ "type": "Feature", "properties": { "name": "Nations Unies", "source": "quartier", "documents": 7, "instruments_de_recherche": 2, "geometrie_officielle": false, "rue_autre_forme": null, "url": "https://www.bn-r.fr/resultat.php?type_rech=pl&index%5B%5D=quartier&value%5B%5D=%22Nations+Unies%22&decouvrir_par_terme=Nations+Unies" }, "geometry": { "type": "Polygon", "coordinates": [ [ [ 659143.813804132980295, 332884.503692409605719 ], [ 659113.908313824096695, 332941.684602857101709 ], [ 659109.636100956238806, 332963.373969769396354 ], [ 659125.410216759773903, 333001.494977761758491 ], [ 659142.82749477121979, 333018.255148041353095 ], [ 659160.573435535770841, 333025.156321067479439 ], [ 659196.722740944242105, 333029.100207463372499 ], [ 659193.568900339887477, 333063.192804595862981 ], [ 659192.778921699849889, 333106.984950703801587 ], [ 659171.418057736475021, 333116.843513080617413 ], [ 659146.067768769571558, 333133.783259003597777 ], [ 659078.066379878553562, 333179.783141088206321 ], [ 659006.531228831154294, 333224.962280283565633 ], [ 658980.484494687407278, 333241.423018732690252 ], [ 658893.726888344273902, 333292.557179851108231 ], [ 658716.770542761078104, 333395.025828668614849 ], [ 658609.226729528279975, 333488.196289055864327 ], [ 658606.73179442610126, 333490.352232369012199 ], [ 658544.103007158613764, 333544.470483934273943 ], [ 658512.602988251834176, 333564.998137006536126 ], [ 658484.827938762377016, 333579.17936230939813 ], [ 658477.442758022341877, 333541.173392892116681 ], [ 658469.446866994374432, 333504.649248162459116 ], [ 658461.328103443258442, 333473.037270802306011 ], [ 658452.249906042008661, 333442.367697130306624 ], [ 658443.768964807852171, 333415.824197271314915 ], [ 658432.926398303126916, 333387.516232314519584 ], [ 658420.19617920438759, 333357.606658684147988 ], [ 658455.671213283902034, 333323.783071604499128 ], [ 658481.325197176309302, 333320.789540854748338 ], [ 658491.975480619701557, 333275.149051603744738 ], [ 658527.056134107289836, 333253.779120804334525 ], [ 658567.056940173613839, 333226.779128129186574 ], [ 658621.057988103944808, 333193.779194580914918 ], [ 658659.058864513877779, 333169.77920212643221 ], [ 658700.475718820351176, 333144.630833747854922 ], [ 658765.970985890831798, 333103.789370242971927 ], [ 659120.809797152294777, 332879.902787627535872 ], [ 659143.813804132980295, 332884.503692409605719 ] ] ] } },
{ "type": "Feature", "properties": { "name": "Avenue des Nations Unies", "source": "rue", "documents": 53, "instruments_de_recherche": 10, "geometrie_officielle": true, "rue_autre_forme": "Nations Unies, avenue des", "url": "https://www.bn-r.fr/resultat.php?type_rech=pl&index%5B%5D=rue&value%5B%5D=%22Nations+Unies%2C+avenue+des%22&decouvrir_par_terme=Nations+Unies%2C+avenue+des" }, "geometry": { "type": "MultiLineString", "coordinates": [ [ [ 659145.660681635490619, 333133.94365990330698 ], [ 659178.619022667175159, 333112.502465199446306 ], [ 659211.581751481047831, 333103.411453926819377 ], [ 659238.438168601598591, 333103.2648777452996 ], [ 659259.784356931340881, 333109.287757585174404 ], [ 659336.238166815484874, 333148.412146201648284 ], [ 659368.279954724828713, 333164.901811586634722 ], [ 659387.96088121063076, 333174.46700295311166 ], [ 659423.423882505274378, 333181.983013634569943 ], [ 659440.917961054714397, 333184.848373872286174 ], [ 659474.428289879579097, 333196.348333305912092 ], [ 659550.652394809992984, 333236.808413665683474 ], [ 659569.556717587867752, 333246.2543468241347 ], [ 659594.357825605547987, 333259.215374654624611 ], [ 659640.860003222245723, 333271.640525628929026 ], [ 659719.719374019186944, 333278.531779651995748 ], [ 659762.974633956095204, 333271.673486877873074 ], [ 659785.439567353227176, 333253.456170952063985 ], [ 659791.690080937347375, 333250.633516737259924 ], [ 659806.19059086847119, 333230.5467587771127 ], [ 659830.786345988861285, 333173.634777905070223 ], [ 659846.064330314402469, 333140.984389200340956 ], [ 659875.212689878186211, 333087.795362953678705 ], [ 659882.058082977193408, 333076.078635380777996 ], [ 659909.701342172571458, 333031.106191327795386 ], [ 659935.065119526814669, 332975.204705891897902 ] ], [ [ 659078.443303498555906, 333179.482495450298302 ], [ 659145.590020273812115, 333133.942875662876759 ] ], [ [ 658457.782396117341705, 333595.650914299301803 ], [ 658466.69241897854954, 333588.627979997661896 ], [ 658499.385609959950671, 333571.518852667592 ], [ 658511.968600241234526, 333564.647578066273127 ], [ 658533.788192729465663, 333553.204833715339191 ], [ 658550.530429802485742, 333540.816301987040788 ], [ 658607.18796043517068, 333490.815501759760082 ], [ 658623.886831896146759, 333475.978987831389531 ], [ 658717.965754270320758, 333396.907092284527607 ], [ 658805.241164375212975, 333345.465687176096253 ], [ 658894.791655623819679, 333292.938243819749914 ], [ 659007.987794974818826, 333223.984974727034569 ], [ 659078.443303498555906, 333179.482495450298302 ] ] ] } },
{ "type": "Feature", "properties": { "name": "Rue Neuve Racine", "source": "rue", "documents": 1, "instruments_de_recherche": 1, "geometrie_officielle": true, "rue_autre_forme": "Neuve racine, rue", "url": "https://www.bn-r.fr/resultat.php?type_rech=pl&index%5B%5D=rue&value%5B%5D=%22Neuve+racine%2C+rue%22&decouvrir_par_terme=Neuve+racine%2C+rue" }, "geometry": { "type": "LineString", "coordinates": [ [ 659895.44107122218702, 332130.403263615095057 ], [ 659895.578088703914545, 332137.080419927369803 ], [ 659870.193705897079781, 332163.052654045633972 ], [ 659849.094972625491209, 332185.067759647266939 ] ] } },
{ "type": "Feature", "properties": { "name": "Rue Newcommen", "source": "rue", "documents": 7, "instruments_de_recherche": 3, "geometrie_officielle": true, "rue_autre_forme": "Newcommen, rue", "url": "https://www.bn-r.fr/resultat.php?type_rech=pl&index%5B%5D=rue&value%5B%5D=%22Newcommen%2C+rue%22&decouvrir_par_terme=Newcommen%2C+rue" }, "geometry": { "type": "LineString", "coordinates": [ [ 658323.575971550424583, 332544.549437332374509 ], [ 658264.052925895084627, 332481.036447791033424 ], [ 658230.462939413497224, 332443.842273712158203 ], [ 658168.778396976762451, 332377.414029181469232 ] ] } },
{ "type": "Feature", "properties": { "name": "Rue Newton", "source": "rue", "documents": 1, "instruments_de_recherche": 1, "geometrie_officielle": true, "rue_autre_forme": "Newton, rue", "url": "https://www.bn-r.fr/resultat.php?type_rech=pl&index%5B%5D=rue&value%5B%5D=%22Newton%2C+rue%22&decouvrir_par_terme=Newton%2C+rue" }, "geometry": { "type": "LineString", "coordinates": [ [ 660320.501602495205589, 332832.577965014264919 ], [ 660323.290345742367208, 332992.04625087371096 ] ] } },
{ "type": "Feature", "properties": { "name": "Rue Nicolas Poussin", "source": "rue", "documents": 2, "instruments_de_recherche": 1, "geometrie_officielle": true, "rue_autre_forme": "Nicolas Poussin, rue", "url": "https://www.bn-r.fr/resultat.php?type_rech=pl&index%5B%5D=rue&value%5B%5D=%22Nicolas+Poussin%2C+rue%22&decouvrir_par_terme=Nicolas+Poussin%2C+rue" }, "geometry": { "type": "LineString", "coordinates": [ [ 659541.655664286809042, 331568.470322277396917 ], [ 659508.10152303497307, 331490.324995365168434 ] ] } },
{ "type": "Feature", "properties": { "name": "Rue du Nord", "source": "rue", "documents": 2, "instruments_de_recherche": 2, "geometrie_officielle": true, "rue_autre_forme": "Nord, rue du", "url": "https://www.bn-r.fr/resultat.php?type_rech=pl&index%5B%5D=rue&value%5B%5D=%22Nord%2C+rue+du%22&decouvrir_par_terme=Nord%2C+rue+du" }, "geometry": { "type": "LineString", "coordinates": [ [ 659006.274038428324275, 332714.949088075896725 ], [ 658964.182800897047855, 332609.898510431696195 ] ] } },
{ "type": "Feature", "properties": { "name": "Rue Notre Dame des Victoires", "source": "rue", "documents": 17, "instruments_de_recherche": 4, "geometrie_officielle": true, "rue_autre_forme": "Notre-Dame des victoires, rue", "url": "https://www.bn-r.fr/resultat.php?type_rech=pl&index%5B%5D=rue&value%5B%5D=%22Notre-Dame+des+victoires%2C+rue%22&decouvrir_par_terme=Notre-Dame+des+victoires%2C+rue" }, "geometry": { "type": "LineString", "coordinates": [ [ 659728.60480110917706, 333034.302664163173176 ], [ 659693.20477977884002, 333128.366394552402198 ], [ 659640.860003222245723, 333271.640525628929026 ] ] } },
{ "type": "Feature", "properties": { "name": "Place Notre-Dame", "source": "rue", "documents": 23, "instruments_de_recherche": 5, "geometrie_officielle": false, "rue_autre_forme": "Notre-Dame, place", "url": "https://www.bn-r.fr/resultat.php?type_rech=pl&index%5B%5D=rue&value%5B%5D=%22Notre-Dame%2C+place%22&decouvrir_par_terme=Notre-Dame%2C+place" }, "geometry": { "type": "Point", "coordinates": [ 659727.042404568404891, 333032.460477398941293 ] } },
{ "type": "Feature", "properties": { "name": "Rue Notre-Dame", "source": "rue", "documents": 11, "instruments_de_recherche": 4, "geometrie_officielle": false, "rue_autre_forme": "Notre-Dame, rue", "url": "https://www.bn-r.fr/resultat.php?type_rech=pl&index%5B%5D=rue&value%5B%5D=%22Notre-Dame%2C+rue%22&decouvrir_par_terme=Notre-Dame%2C+rue" }, "geometry": { "type": "Point", "coordinates": [ 659727.042404568404891, 333032.460477398941293 ] } },
{ "type": "Feature", "properties": { "name": "Nouveau Roubaix", "source": "quartier", "documents": 15, "instruments_de_recherche": 7, "geometrie_officielle": false, "rue_autre_forme": null, "url": "https://www.bn-r.fr/resultat.php?type_rech=pl&index%5B%5D=quartier&value%5B%5D=%22Nouveau+Roubaix%22&decouvrir_par_terme=Nouveau+Roubaix" }, "geometry": { "type": "Polygon", "coordinates": [ [ [ 660180.090701795415953, 331232.001450225827284 ], [ 660112.089681293815374, 331138.849054646445438 ], [ 660055.818952839588746, 331062.638272908632644 ], [ 659997.838142082910053, 330974.566535709542222 ], [ 659971.392663489794359, 330917.399827163666487 ], [ 660060.599544189870358, 330847.575752417382319 ], [ 660120.360613344586454, 330796.70589530095458 ], [ 660180.72184327209834, 330749.525360513012856 ], [ 660189.582033085171133, 330742.885425997548737 ], [ 660240.282814900856465, 330702.355577338370495 ], [ 660305.13411133561749, 330649.226315329608042 ], [ 660424.586039658868685, 330769.722047956369352 ], [ 660460.22364272386767, 330804.930465655517764 ], [ 660485.74666941142641, 330830.970261126931291 ], [ 660561.983595772297122, 330907.120555731118657 ], [ 660497.666668968973681, 330962.981921860948205 ], [ 660291.202807137276977, 331137.821545598329976 ], [ 660180.090701795415953, 331232.001450225827284 ] ] ] } },
{ "type": "Feature", "properties": { "name": "Rue du Nouveau Monde", "source": "rue", "documents": 8, "instruments_de_recherche": 3, "geometrie_officielle": true, "rue_autre_forme": "Nouveau monde, rue du", "url": "https://www.bn-r.fr/resultat.php?type_rech=pl&index%5B%5D=rue&value%5B%5D=%22Nouveau+monde%2C+rue+du%22&decouvrir_par_terme=Nouveau+monde%2C+rue+du" }, "geometry": { "type": "MultiLineString", "coordinates": [ [ [ 659410.149644812452607, 333592.943833210738376 ], [ 659502.864576892578043, 333630.583203871559817 ], [ 659655.600496555794962, 333722.412408939853776 ] ], [ [ 659283.382063883473165, 333541.798356061219238 ], [ 659410.149644812452607, 333592.943833210738376 ] ] ] } },
{ "type": "Feature", "properties": { "name": "Rue des Ogiers", "source": "rue", "documents": 3, "instruments_de_recherche": 3, "geometrie_officielle": true, "rue_autre_forme": "Ogiers, rue des", "url": "https://www.bn-r.fr/resultat.php?type_rech=pl&index%5B%5D=rue&value%5B%5D=%22Ogiers%2C+rue+des%22&decouvrir_par_terme=Ogiers%2C+rue+des" }, "geometry": { "type": "MultiLineString", "coordinates": [ [ [ 657962.690564959659241, 332356.58845437457785 ], [ 658046.528923733858392, 332472.321172678493895 ] ], [ [ 658087.261408033082262, 332444.393625551136211 ], [ 658080.031554362853058, 332452.770599710405804 ], [ 658054.960481961490586, 332470.410324799129739 ], [ 658046.379102514008991, 332473.098361314507201 ], [ 658008.189062381978147, 332488.258985449792817 ] ] ] } },
{ "type": "Feature", "properties": { "name": "Avenue du Onze Novembre", "source": "rue", "documents": 2, "instruments_de_recherche": 1, "geometrie_officielle": true, "rue_autre_forme": "Onze novembre, avenue du", "url": "https://www.bn-r.fr/resultat.php?type_rech=pl&index%5B%5D=rue&value%5B%5D=%22Onze+novembre%2C+avenue+du%22&decouvrir_par_terme=Onze+novembre%2C+avenue+du" }, "geometry": { "type": "LineString", "coordinates": [ [ 658622.617494802107103, 331843.665552278165706 ], [ 658570.14013013872318, 331801.14373403810896 ] ] } },
{ "type": "Feature", "properties": { "name": "Rue d'Oran", "source": "rue", "documents": 18, "instruments_de_recherche": 6, "geometrie_officielle": true, "rue_autre_forme": "Oran, rue d\\'", "url": "https://www.bn-r.fr/resultat.php?type_rech=pl&index%5B%5D=rue&value%5B%5D=%22Oran%2C+rue+d%5C%27%22&decouvrir_par_terme=Oran%2C+rue+d%5C%27" }, "geometry": { "type": "MultiLineString", "coordinates": [ [ [ 660312.335835032747127, 334190.761284214619081 ], [ 660446.324197559501044, 334306.990370623650961 ], [ 660485.635611005360261, 334341.927614365529735 ], [ 660505.374402490211651, 334358.284676787559874 ], [ 660515.033713004784659, 334366.293957757181488 ], [ 660523.562675979337655, 334374.290416002739221 ], [ 660545.878420538036153, 334393.90349666820839 ], [ 660574.000565964728594, 334418.589462936855853 ] ], [ [ 660046.502828950528055, 333960.89678780536633 ], [ 660089.827666057855822, 333997.545143769937567 ], [ 660153.295470964862034, 334052.445578218088485 ], [ 660208.648456278722733, 334100.023100345046259 ], [ 660226.90538609365467, 334116.362346347770654 ], [ 660260.21062632498797, 334145.333115216693841 ], [ 660312.335835032747127, 334190.761284214619081 ] ] ] } },
{ "type": "Feature", "properties": { "name": "Rue de l'Ouest", "source": "rue", "documents": 15, "instruments_de_recherche": 5, "geometrie_officielle": true, "rue_autre_forme": "Ouest, rue de l\\'", "url": "https://www.bn-r.fr/resultat.php?type_rech=pl&index%5B%5D=rue&value%5B%5D=%22Ouest%2C+rue+de+l%5C%27%22&decouvrir_par_terme=Ouest%2C+rue+de+l%5C%27" }, "geometry": { "type": "MultiLineString", "coordinates": [ [ [ 658322.039899455034174, 333330.69830741774058 ], [ 658327.910734398639761, 333343.112486486672424 ], [ 658362.281156630953774, 333431.050895383581519 ] ], [ [ 658145.86196954397019, 333085.001406426599715 ], [ 658159.757135616964661, 333093.942602217954118 ], [ 658215.122941921581514, 333175.210933457128704 ], [ 658243.16154446778819, 333215.571070050587878 ], [ 658322.039899455034174, 333330.69830741774058 ] ], [ [ 658362.281156630953774, 333431.050895383581519 ], [ 658421.216083187609911, 333579.33961098594591 ], [ 658428.924658407922834, 333591.662809447385371 ] ] ] } },
{ "type": "Feature", "properties": { "name": "Rue de la Paix", "source": "rue", "documents": 7, "instruments_de_recherche": 4, "geometrie_officielle": true, "rue_autre_forme": "Paix, rue de la", "url": "https://www.bn-r.fr/resultat.php?type_rech=pl&index%5B%5D=rue&value%5B%5D=%22Paix%2C+rue+de+la%22&decouvrir_par_terme=Paix%2C+rue+de+la" }, "geometry": { "type": "MultiLineString", "coordinates": [ [ [ 659623.180182292708196, 333462.255097614019178 ], [ 659659.175634281127714, 333485.132682185270824 ], [ 659743.367474292288534, 333539.258692074974533 ] ], [ [ 659491.535233102622442, 333392.135790988977533 ], [ 659552.394504357478581, 333416.06910161965061 ], [ 659623.180182292708196, 333462.255097614019178 ] ] ] } },
{ "type": "Feature", "properties": { "name": "Rue Papin", "source": "rue", "documents": 2, "instruments_de_recherche": 1, "geometrie_officielle": true, "rue_autre_forme": "Papin, rue", "url": "https://www.bn-r.fr/resultat.php?type_rech=pl&index%5B%5D=rue&value%5B%5D=%22Papin%2C+rue%22&decouvrir_par_terme=Papin%2C+rue" }, "geometry": { "type": "LineString", "coordinates": [ [ 660321.04861321230419, 333233.790820754657034 ], [ 660381.587944077095017, 333242.153450718033127 ] ] } },
{ "type": "Feature", "properties": { "name": "Avenue des Paraboles", "source": "rue", "documents": 1, "instruments_de_recherche": 1, "geometrie_officielle": false, "rue_autre_forme": "Paraboles, avenue des", "url": "https://www.bn-r.fr/resultat.php?type_rech=pl&index%5B%5D=rue&value%5B%5D=%22Paraboles%2C+avenue+des%22&decouvrir_par_terme=Paraboles%2C+avenue+des" }, "geometry": { "type": "Point", "coordinates": [ 659436.19758036499843, 332404.080589816963766 ] } },
{ "type": "Feature", "properties": { "name": "Avenue du Parc des Sports", "source": "rue", "documents": 6, "instruments_de_recherche": 3, "geometrie_officielle": true, "rue_autre_forme": "Parc des sports, avenue du", "url": "https://www.bn-r.fr/resultat.php?type_rech=pl&index%5B%5D=rue&value%5B%5D=%22Parc+des+sports%2C+avenue+du%22&decouvrir_par_terme=Parc+des+sports%2C+avenue+du" }, "geometry": { "type": "MultiLineString", "coordinates": [ [ [ 661219.374669323908165, 331087.916079032584094 ], [ 661259.498239177977666, 331121.532486473734025 ], [ 661316.726394382538274, 331180.045656865404453 ], [ 661374.299032554961741, 331239.230999547755346 ], [ 661405.386756297084503, 331271.520669112156611 ], [ 661448.696619381662458, 331316.746324186038692 ], [ 661531.404600935638882, 331402.925700758583844 ], [ 661569.759296815376729, 331442.420922659512144 ], [ 661650.797837950056419, 331525.912718392093666 ], [ 661691.525621306733228, 331567.88403593224939 ], [ 661757.588206541258842, 331668.449616930971388 ], [ 661776.736166254384443, 331705.832496703136712 ], [ 661844.157459956710227, 331883.963623348681722 ], [ 661866.981744126300327, 331945.533094969112426 ], [ 661876.332963257678784, 331968.116293324448634 ], [ 661884.218338290345855, 331983.005506660672836 ], [ 661910.32886587723624, 332023.251307040103711 ] ], [ [ 661910.32886587723624, 332023.251307040103711 ], [ 661951.262318712775595, 332071.346506307832897 ], [ 661972.750968103879131, 332095.628634832799435 ], [ 661987.613131284015253, 332130.514816930284724 ], [ 661982.182538679451682, 332165.94384663447272 ], [ 661975.829970538034104, 332177.329835489334073 ], [ 661919.042309738928452, 332240.644761645817198 ], [ 661882.838255214039236, 332284.506084993947297 ], [ 661882.838255214039236, 332284.506084993947297 ], [ 661842.510958884609863, 332360.919239052687772 ], [ 661827.42379643721506, 332400.241802744567394 ], [ 661814.676426760619506, 332445.043334967456758 ], [ 661809.72962543880567, 332469.352098677074537 ], [ 661781.600297680008225, 332591.190443218220025 ], [ 661773.729039086261764, 332623.921187486499548 ], [ 661772.197836601757444, 332646.26689709641505 ] ] ] } },
{ "type": "Feature", "properties": { "name": "Rue du Parc", "source": "rue", "documents": 4, "instruments_de_recherche": 2, "geometrie_officielle": true, "rue_autre_forme": "Parc, rue du", "url": "https://www.bn-r.fr/resultat.php?type_rech=pl&index%5B%5D=rue&value%5B%5D=%22Parc%2C+rue+du%22&decouvrir_par_terme=Parc%2C+rue+du" }, "geometry": { "type": "MultiLineString", "coordinates": [ [ [ 658229.707670439733192, 332907.566511334385723 ], [ 658272.249821030651219, 332894.902781537151895 ] ], [ [ 658334.706188865820877, 332877.228093461890239 ], [ 658391.850913975969888, 332860.608539038803428 ], [ 658404.750954294926487, 332857.189562419604044 ] ], [ [ 658286.075638355803676, 332890.826079176156782 ], [ 658334.706188865820877, 332877.228093461890239 ] ] ] } },
{ "type": "Feature", "properties": { "name": "Rue Parmentier", "source": "rue", "documents": 5, "instruments_de_recherche": 2, "geometrie_officielle": true, "rue_autre_forme": "Parmentier, rue", "url": "https://www.bn-r.fr/resultat.php?type_rech=pl&index%5B%5D=rue&value%5B%5D=%22Parmentier%2C+rue%22&decouvrir_par_terme=Parmentier%2C+rue" }, "geometry": { "type": "LineString", "coordinates": [ [ 660033.11910963547416, 333530.721509145048913 ], [ 659913.552863973774947, 333467.959724445128813 ], [ 659898.234686134266667, 333460.221768674557097 ] ] } },
{ "type": "Feature", "properties": { "name": "Rue des Parvenus", "source": "rue", "documents": 2, "instruments_de_recherche": 2, "geometrie_officielle": true, "rue_autre_forme": "Parvenus, rue des", "url": "https://www.bn-r.fr/resultat.php?type_rech=pl&index%5B%5D=rue&value%5B%5D=%22Parvenus%2C+rue+des%22&decouvrir_par_terme=Parvenus%2C+rue+des" }, "geometry": { "type": "LineString", "coordinates": [ [ 659710.746636685798876, 331915.712810907687526 ], [ 659475.229897608514875, 332060.499361609341577 ] ] } },
{ "type": "Feature", "properties": { "name": "Place de la Patrie", "source": "rue", "documents": 5, "instruments_de_recherche": 3, "geometrie_officielle": true, "rue_autre_forme": "Patrie, place de la", "url": "https://www.bn-r.fr/resultat.php?type_rech=pl&index%5B%5D=rue&value%5B%5D=%22Patrie%2C+place+de+la%22&decouvrir_par_terme=Patrie%2C+place+de+la" }, "geometry": { "type": "LineString", "coordinates": [ [ 658440.973879135912284, 333588.345858699758537 ], [ 658426.299706774763763, 333573.27600738813635 ] ] } },
{ "type": "Feature", "properties": { "name": "Rue Paul Demulder", "source": "rue", "documents": 2, "instruments_de_recherche": 2, "geometrie_officielle": true, "rue_autre_forme": "Paul Demulder, rue", "url": "https://www.bn-r.fr/resultat.php?type_rech=pl&index%5B%5D=rue&value%5B%5D=%22Paul+Demulder%2C+rue%22&decouvrir_par_terme=Paul+Demulder%2C+rue" }, "geometry": { "type": "LineString", "coordinates": [ [ 659677.101652105106041, 331353.584493840346113 ], [ 659781.358779097441584, 331531.544583273120224 ] ] } },
{ "type": "Feature", "properties": { "name": "Rue Paul Wante", "source": "rue", "documents": 4, "instruments_de_recherche": 4, "geometrie_officielle": true, "rue_autre_forme": "Paul Wante, rue", "url": "https://www.bn-r.fr/resultat.php?type_rech=pl&index%5B%5D=rue&value%5B%5D=%22Paul+Wante%2C+rue%22&decouvrir_par_terme=Paul+Wante%2C+rue" }, "geometry": { "type": "LineString", "coordinates": [ [ 660040.828409616602585, 331352.995792144793086 ], [ 660114.006863211048767, 331289.401023252226878 ], [ 660179.689606336411089, 331232.398228909994941 ] ] } },
{ "type": "Feature", "properties": { "name": "Rue du Pays", "source": "rue", "documents": 11, "instruments_de_recherche": 4, "geometrie_officielle": true, "rue_autre_forme": "Pays, rue de", "url": "https://www.bn-r.fr/resultat.php?type_rech=pl&index%5B%5D=rue&value%5B%5D=%22Pays%2C+rue+de%22&decouvrir_par_terme=Pays%2C+rue+de" }, "geometry": { "type": "LineString", "coordinates": [ [ 659151.39332364173606, 333171.390868542948738 ], [ 659150.815688732895069, 333172.497063676011749 ], [ 659123.975669664680026, 333247.633960934181232 ], [ 659112.86758470768109, 333255.187719816807657 ] ] } },
{ "type": "Feature", "properties": { "name": "Rue Pellart", "source": "rue", "documents": 51, "instruments_de_recherche": 8, "geometrie_officielle": true, "rue_autre_forme": "Pellart, rue", "url": "https://www.bn-r.fr/resultat.php?type_rech=pl&index%5B%5D=rue&value%5B%5D=%22Pellart%2C+rue%22&decouvrir_par_terme=Pellart%2C+rue" }, "geometry": { "type": "MultiLineString", "coordinates": [ [ [ 659594.357825605547987, 333259.215374654624611 ], [ 659618.471566878608428, 333283.072391653433442 ], [ 659756.073677163454704, 333357.712022739229724 ], [ 659756.073677163454704, 333357.712022739229724 ] ], [ [ 659756.073677163454704, 333357.712022739229724 ], [ 659908.374307035002857, 333438.306077425833791 ] ] ] } },
{ "type": "Feature", "properties": { "name": "Rue de la Perche", "source": "rue", "documents": 17, "instruments_de_recherche": 6, "geometrie_officielle": true, "rue_autre_forme": "Perche, rue de la", "url": "https://www.bn-r.fr/resultat.php?type_rech=pl&index%5B%5D=rue&value%5B%5D=%22Perche%2C+rue+de+la%22&decouvrir_par_terme=Perche%2C+rue+de+la" }, "geometry": { "type": "MultiLineString", "coordinates": [ [ [ 658371.580803990014829, 332304.419393965858035 ], [ 658384.374945469433442, 332297.883922546519898 ], [ 658393.829227241803892, 332292.98079077003058 ], [ 658426.536138603813015, 332275.31509189622011 ], [ 658433.668053302215412, 332269.496493723825552 ], [ 658479.328179925563745, 332237.28681817674078 ], [ 658515.587874845135957, 332211.538664310472086 ], [ 658530.406480236793868, 332200.909147766244132 ], [ 658560.249564072000794, 332186.661880073603243 ] ], [ [ 658560.249564072000794, 332186.661880073603243 ], [ 658560.533482041675597, 332186.55373938602861 ], [ 658578.060854479321279, 332180.293256229662802 ], [ 658591.014270020299591, 332165.749309599981643 ], [ 658621.567770873429254, 332131.928434540634044 ], [ 658625.697145628044382, 332109.944374715327285 ] ] ] } },
{ "type": "Feature", "properties": { "name": "Rue Perrot", "source": "rue", "documents": 1, "instruments_de_recherche": 1, "geometrie_officielle": true, "rue_autre_forme": "Perrot, rue", "url": "https://www.bn-r.fr/resultat.php?type_rech=pl&index%5B%5D=rue&value%5B%5D=%22Perrot%2C+rue%22&decouvrir_par_terme=Perrot%2C+rue" }, "geometry": { "type": "LineString", "coordinates": [ [ 660284.219446363043971, 333228.478576511144638 ], [ 660229.683422976755537, 333220.407427527476102 ], [ 660193.834236310562119, 333209.655101452954113 ], [ 660186.558432960882783, 333203.119788275915198 ], [ 660165.072589693940245, 333178.288504608673975 ] ] } },
{ "type": "Feature", "properties": { "name": "Petites Haies", "source": "quartier", "documents": 1, "instruments_de_recherche": 1, "geometrie_officielle": false, "rue_autre_forme": null, "url": "https://www.bn-r.fr/resultat.php?type_rech=pl&index%5B%5D=quartier&value%5B%5D=%22Petites+Haies%22&decouvrir_par_terme=Petites+Haies" }, "geometry": { "type": "Polygon", "coordinates": [ [ [ 660424.586039658868685, 330769.722047956369352 ], [ 660305.13411133561749, 330649.226315329608042 ], [ 660215.652806812664494, 330557.854212614474818 ], [ 660125.297092027380131, 330465.134673217718955 ], [ 660139.091761906864122, 330467.762251755804755 ], [ 660152.091982528800145, 330470.762542760465294 ], [ 660154.091966091422364, 330470.76259089098312 ], [ 660157.092017166665755, 330471.762655837344937 ], [ 660165.092227560817264, 330472.762743538769428 ], [ 660166.092192914918996, 330469.762691605603322 ], [ 660171.092347403755412, 330461.762678189668804 ], [ 660177.092444111127406, 330451.762604064948391 ], [ 660180.092466785572469, 330445.76262425101595 ], [ 660183.092466329457238, 330440.762536437367089 ], [ 660186.092664906289428, 330435.762550091603771 ], [ 660192.092590309563093, 330428.762549945618957 ], [ 660193.092731989920139, 330426.762491061585024 ], [ 660200.092824616003782, 330416.762439483776689 ], [ 660202.092957909102552, 330414.762504767451901 ], [ 660208.093085018335842, 330407.762505943363067 ], [ 660213.093048176378943, 330411.762598914501723 ], [ 660220.093270376557484, 330416.762736165022943 ], [ 660233.093446057173423, 330425.762991686351597 ], [ 660242.093601171742193, 330432.763163475610781 ], [ 660270.093952141236514, 330453.763704741490074 ], [ 660305.094533200608566, 330478.764397057704628 ], [ 660312.094547783723101, 330483.764535272552166 ], [ 660319.094596356968395, 330475.764479233184829 ], [ 660353.095355601864867, 330439.764344550552778 ], [ 660360.095407845452428, 330431.764487556414679 ], [ 660367.095596718601882, 330437.764624975330662 ], [ 660383.0957305515185, 330450.764942454872653 ], [ 660407.096189909614623, 330467.765442328993231 ], [ 660444.096742020337842, 330495.766102257766761 ], [ 660449.096865535597317, 330500.766295658017043 ], [ 660469.097077945363708, 330523.766742193489335 ], [ 660486.097327108029276, 330549.76718108257046 ], [ 660504.097658499609679, 330575.767744546523318 ], [ 660522.097843530937098, 330617.768357638618909 ], [ 660526.097830612678081, 330627.768574328045361 ], [ 660534.097876051440835, 330648.768896923225839 ], [ 660496.239201524760574, 330703.815211755223572 ], [ 660496.51400862459559, 330717.005328891216777 ], [ 660522.627574339741841, 330751.179824367631227 ], [ 660460.22364272386767, 330804.930465655517764 ], [ 660424.586039658868685, 330769.722047956369352 ] ] ] } },
{ "type": "Feature", "properties": { "name": "Rue Philibert Delorme", "source": "rue", "documents": 1, "instruments_de_recherche": 1, "geometrie_officielle": true, "rue_autre_forme": "Philibert Delorme, rue", "url": "https://www.bn-r.fr/resultat.php?type_rech=pl&index%5B%5D=rue&value%5B%5D=%22Philibert+Delorme%2C+rue%22&decouvrir_par_terme=Philibert+Delorme%2C+rue" }, "geometry": { "type": "MultiLineString", "coordinates": [ [ [ 659540.410129979718477, 331015.384229729650542 ], [ 659470.505261469283141, 331071.012585519580171 ], [ 659338.555980060482398, 331175.127656803815626 ] ], [ [ 659701.718342297826894, 330897.695396594237536 ], [ 659686.843332749209367, 330900.19907195691485 ], [ 659540.410129979718477, 331015.384229729650542 ] ] ] } },
{ "type": "Feature", "properties": { "name": "Rue Philippe Lebon", "source": "rue", "documents": 3, "instruments_de_recherche": 2, "geometrie_officielle": true, "rue_autre_forme": "Philippe Lebon, rue", "url": "https://www.bn-r.fr/resultat.php?type_rech=pl&index%5B%5D=rue&value%5B%5D=%22Philippe+Lebon%2C+rue%22&decouvrir_par_terme=Philippe+Lebon%2C+rue" }, "geometry": { "type": "LineString", "coordinates": [ [ 659426.739607572671957, 333752.788364558946341 ], [ 659350.61919411981944, 333836.832146952277981 ], [ 659298.384562232880853, 333895.441480290843174 ], [ 659298.242021670681424, 333895.55115507543087 ] ] } },
{ "type": "Feature", "properties": { "name": "Rue de Philippeville", "source": "rue", "documents": 1, "instruments_de_recherche": 1, "geometrie_officielle": true, "rue_autre_forme": "Philippeville, rue de", "url": "https://www.bn-r.fr/resultat.php?type_rech=pl&index%5B%5D=rue&value%5B%5D=%22Philippeville%2C+rue+de%22&decouvrir_par_terme=Philippeville%2C+rue+de" }, "geometry": { "type": "MultiLineString", "coordinates": [ [ [ 660083.864556279033422, 334144.120382909313776 ], [ 660164.977371669490822, 334200.555164834833704 ] ], [ [ 659946.061107196030207, 334077.035226774925832 ], [ 660083.864556279033422, 334144.120382909313776 ] ], [ [ 660164.977371669490822, 334200.555164834833704 ], [ 660270.628474988043308, 334273.735448615858331 ] ] ] } },
{ "type": "Feature", "properties": { "name": "Rue Pierre de Coubertin", "source": "rue", "documents": 3, "instruments_de_recherche": 2, "geometrie_officielle": true, "rue_autre_forme": "Pierre De Coubertin, rue", "url": "https://www.bn-r.fr/resultat.php?type_rech=pl&index%5B%5D=rue&value%5B%5D=%22Pierre+De+Coubertin%2C+rue%22&decouvrir_par_terme=Pierre+De+Coubertin%2C+rue" }, "geometry": { "type": "LineString", "coordinates": [ [ 661757.588206541258842, 331668.449616930971388 ], [ 661861.726230376632884, 331630.93852922541555 ] ] } },
{ "type": "Feature", "properties": { "name": "Rue Pierre de Roubaix", "source": "rue", "documents": 4, "instruments_de_recherche": 2, "geometrie_officielle": true, "rue_autre_forme": "Pierre De Roubaix, rue", "url": "https://www.bn-r.fr/resultat.php?type_rech=pl&index%5B%5D=rue&value%5B%5D=%22Pierre+De+Roubaix%2C+rue%22&decouvrir_par_terme=Pierre+De+Roubaix%2C+rue" }, "geometry": { "type": "MultiLineString", "coordinates": [ [ [ 660415.278195950086229, 332258.767928039305843 ], [ 660468.987188739818521, 332178.601909496937878 ], [ 660512.772844759165309, 332113.455190550826956 ], [ 660589.423645372618921, 331998.948942395916674 ], [ 660615.582529447972775, 331961.195320036495104 ], [ 660647.296593786333688, 331913.602863339823671 ], [ 660686.050402768305503, 331856.188576534856111 ] ], [ [ 660129.359375870553777, 332685.667807065881789 ], [ 660169.201088962028734, 332624.812863142869901 ], [ 660210.388923138845712, 332563.750911548966542 ], [ 660242.378554296679795, 332516.159097218303941 ], [ 660276.089996920549311, 332466.361741382279433 ], [ 660347.210947743966244, 332358.687538909725845 ], [ 660415.278195950086229, 332258.767928039305843 ] ], [ [ 660129.359375870553777, 332685.667807065881789 ], [ 660129.359375870553777, 332685.667807065881789 ] ], [ [ 659935.065119526814669, 332975.204705891897902 ], [ 659945.320231624762528, 332949.396298374107573 ], [ 659961.045368576073088, 332921.090458175574895 ], [ 660021.115427180659026, 332833.42565950891003 ], [ 660082.420556316734292, 332749.224558021174744 ], [ 660104.890454220003448, 332718.324942591832951 ], [ 660129.359375870553777, 332685.667807065881789 ] ] ] } },
{ "type": "Feature", "properties": { "name": "Rue Pierre Motte", "source": "rue", "documents": 70, "instruments_de_recherche": 11, "geometrie_officielle": true, "rue_autre_forme": "Pierre Motte, rue", "url": "https://www.bn-r.fr/resultat.php?type_rech=pl&index%5B%5D=rue&value%5B%5D=%22Pierre+Motte%2C+rue%22&decouvrir_par_terme=Pierre+Motte%2C+rue" }, "geometry": { "type": "MultiLineString", "coordinates": [ [ [ 659362.154244193457998, 332801.233883241075091 ], [ 659360.696283858618699, 332798.881173074012622 ], [ 659336.089718900970183, 332799.942281747236848 ], [ 659293.741103032487445, 332801.251123921072576 ], [ 659283.339621419669129, 332802.359275911818258 ] ], [ [ 659362.739396612509154, 332799.46023276343476 ], [ 659465.589157851180062, 332797.825319654890336 ] ] ] } },
{ "type": "Feature", "properties": { "name": "Rue Pierre de Roubaix", "source": "rue", "documents": 25, "instruments_de_recherche": 7, "geometrie_officielle": true, "rue_autre_forme": "Pierre de Roubaix, rue", "url": "https://www.bn-r.fr/resultat.php?type_rech=pl&index%5B%5D=rue&value%5B%5D=%22Pierre+de+Roubaix%2C+rue%22&decouvrir_par_terme=Pierre+de+Roubaix%2C+rue" }, "geometry": { "type": "MultiLineString", "coordinates": [ [ [ 660415.278195950086229, 332258.767928039305843 ], [ 660468.987188739818521, 332178.601909496937878 ], [ 660512.772844759165309, 332113.455190550826956 ], [ 660589.423645372618921, 331998.948942395916674 ], [ 660615.582529447972775, 331961.195320036495104 ], [ 660647.296593786333688, 331913.602863339823671 ], [ 660686.050402768305503, 331856.188576534856111 ] ], [ [ 660129.359375870553777, 332685.667807065881789 ], [ 660169.201088962028734, 332624.812863142869901 ], [ 660210.388923138845712, 332563.750911548966542 ], [ 660242.378554296679795, 332516.159097218303941 ], [ 660276.089996920549311, 332466.361741382279433 ], [ 660347.210947743966244, 332358.687538909725845 ], [ 660415.278195950086229, 332258.767928039305843 ] ], [ [ 660129.359375870553777, 332685.667807065881789 ], [ 660129.359375870553777, 332685.667807065881789 ] ], [ [ 659935.065119526814669, 332975.204705891897902 ], [ 659945.320231624762528, 332949.396298374107573 ], [ 659961.045368576073088, 332921.090458175574895 ], [ 660021.115427180659026, 332833.42565950891003 ], [ 660082.420556316734292, 332749.224558021174744 ], [ 660104.890454220003448, 332718.324942591832951 ], [ 660129.359375870553777, 332685.667807065881789 ] ] ] } },
{ "type": "Feature", "properties": { "name": "Rue Pigalle", "source": "rue", "documents": 1, "instruments_de_recherche": 1, "geometrie_officielle": true, "rue_autre_forme": "Pigalle, rue", "url": "https://www.bn-r.fr/resultat.php?type_rech=pl&index%5B%5D=rue&value%5B%5D=%22Pigalle%2C+rue%22&decouvrir_par_terme=Pigalle%2C+rue" }, "geometry": { "type": "LineString", "coordinates": [ [ 659577.294941729633138, 331548.507959676848259 ], [ 659626.922434488777071, 331523.028028364526108 ] ] } },
{ "type": "Feature", "properties": { "name": "Pile", "source": "quartier", "documents": 68, "instruments_de_recherche": 10, "geometrie_officielle": false, "rue_autre_forme": null, "url": "https://www.bn-r.fr/resultat.php?type_rech=pl&index%5B%5D=quartier&value%5B%5D=%22Pile%22&decouvrir_par_terme=Pile" }, "geometry": { "type": "Polygon", "coordinates": [ [ [ 661127.604009632603265, 333100.860457910574041 ], [ 661120.223777914536186, 333098.830340405926108 ], [ 661098.733176282956265, 333140.210691817046609 ], [ 660881.759240997373126, 333085.578598082181998 ], [ 660733.82669087103568, 333046.846863102749921 ], [ 660674.565589273814112, 333031.336081788758747 ], [ 660630.854849643073976, 333020.79557213379303 ], [ 660590.034171073348261, 333013.315094437450171 ], [ 660529.853062129579484, 333009.864514128887095 ], [ 660462.761872945586219, 333015.234001556527801 ], [ 660417.151009093271568, 333024.173658819287084 ], [ 660371.870317070162855, 332985.882857011398301 ], [ 660323.609419093700126, 332991.982426283764653 ], [ 660272.538442097022198, 332999.792146302293986 ], [ 660231.515365499770269, 333007.795752097677905 ], [ 660219.747453689575195, 333010.09167869418161 ], [ 660152.896249266690575, 333018.211104517569765 ], [ 660103.218819914967753, 333024.56470708292909 ], [ 660032.629156012553722, 333004.004084928659722 ], [ 659937.350784886977635, 332975.454627436120063 ], [ 659937.352612942224368, 332975.451149413129315 ], [ 659967.69312400824856, 332920.878292530367617 ], [ 660084.795666541787796, 332750.347443837905303 ], [ 660169.667488525854424, 332624.94690534088295 ], [ 660211.163258163374849, 332563.584241475327872 ], [ 660242.39892257982865, 332516.106414064997807 ], [ 660275.567827639286406, 332465.798829216160811 ], [ 660348.555130568216555, 332359.536447708960623 ], [ 660415.412566359271295, 332259.015272489050403 ], [ 660470.223685952601954, 332175.954875134164467 ], [ 660510.704528651549481, 332114.624661641195416 ], [ 660642.616612547193654, 332230.72720355167985 ], [ 660722.727945629041642, 332302.71875295881182 ], [ 660800.329106728429906, 332365.970194913214073 ], [ 660832.579716459731571, 332391.770791827584617 ], [ 660898.820827439543791, 332443.241946325986646 ], [ 660988.762259320355952, 332513.813654038356617 ], [ 661141.110696432413533, 332632.488731803779956 ], [ 661180.075973315513693, 332562.654975476907566 ], [ 661291.888211972778663, 332611.015954736212734 ], [ 661317.575584131060168, 332623.210625714040361 ], [ 661320.488760582637042, 332617.456112259533256 ], [ 661341.689799563144334, 332628.444865752244368 ], [ 661260.340396825689822, 332846.419642299530096 ], [ 661255.227033046074212, 332850.638289927097503 ], [ 661220.106151892221533, 332918.388885087100789 ], [ 661203.795776098733768, 332947.139038775407244 ], [ 661193.985593470511958, 332964.709272971027531 ], [ 661197.915646910783835, 332966.919281695736572 ], [ 661127.604009632603265, 333100.860457910574041 ] ] ] } },
{ "type": "Feature", "properties": { "name": "Rue du Pile", "source": "rue", "documents": 14, "instruments_de_recherche": 6, "geometrie_officielle": true, "rue_autre_forme": "Pile, rue du", "url": "https://www.bn-r.fr/resultat.php?type_rech=pl&index%5B%5D=rue&value%5B%5D=%22Pile%2C+rue+du%22&decouvrir_par_terme=Pile%2C+rue+du" }, "geometry": { "type": "MultiLineString", "coordinates": [ [ [ 660543.376743659726344, 332505.662283489946276 ], [ 660617.36407862638589, 332550.339973712223582 ], [ 660686.148304856498726, 332598.742330332752317 ] ], [ [ 660779.832865537144244, 332626.512495840666816 ], [ 660730.60667773487512, 332617.161729644809384 ], [ 660706.880188906798139, 332609.103165025939234 ], [ 660686.148304856498726, 332598.742330332752317 ] ], [ [ 660779.832865537144244, 332626.512495840666816 ], [ 660815.722949628834613, 332633.931349941529334 ], [ 660842.86916697374545, 332639.581706105615012 ], [ 660880.468091356335208, 332658.257847074652091 ], [ 660897.965190250542946, 332667.136093797860667 ], [ 660983.352718871086836, 332709.50150306726573 ], [ 661020.263101420947351, 332726.501856670016423 ], [ 661079.993250916129909, 332756.558961043017916 ] ] ] } },
{ "type": "Feature", "properties": { "name": "Rue de la Poste", "source": "rue", "documents": 4, "instruments_de_recherche": 1, "geometrie_officielle": true, "rue_autre_forme": "Poste, rue de la", "url": "https://www.bn-r.fr/resultat.php?type_rech=pl&index%5B%5D=rue&value%5B%5D=%22Poste%2C+rue+de+la%22&decouvrir_par_terme=Poste%2C+rue+de+la" }, "geometry": { "type": "LineString", "coordinates": [ [ 659183.840847745072097, 332578.621315750526264 ], [ 659268.557177553419024, 332606.376481593586504 ], [ 659268.767945514759049, 332606.490085844590794 ], [ 659420.750554139842279, 332654.800515167764388 ] ] } },
{ "type": "Feature", "properties": { "name": "Potennerie", "source": "quartier", "documents": 26, "instruments_de_recherche": 8, "geometrie_officielle": false, "rue_autre_forme": null, "url": "https://www.bn-r.fr/resultat.php?type_rech=pl&index%5B%5D=quartier&value%5B%5D=%22Potennerie%22&decouvrir_par_terme=Potennerie" }, "geometry": { "type": "Polygon", "coordinates": [ [ [ 659360.074962659622543, 331871.770192456664518 ], [ 659344.19488386134617, 331832.959555672714487 ], [ 659308.134447469259612, 331767.428427184000611 ], [ 659291.314312253845856, 331701.887453361065127 ], [ 659269.464156290167011, 331611.566289874259382 ], [ 659273.284402007004246, 331561.45562076207716 ], [ 659284.206338305608369, 331524.558985617477447 ], [ 659293.634866132866591, 331504.465153374243528 ], [ 659319.945371760404669, 331472.465007102699019 ], [ 659390.186756412498653, 331408.845023663830943 ], [ 659417.667350443545729, 331342.304516209871508 ], [ 659438.657805652357638, 331341.814702343079261 ], [ 659413.298954750527628, 331302.166799518687185 ], [ 659506.229172023595311, 331259.534538784238975 ], [ 659525.812879115226679, 331271.763253862794954 ], [ 659556.52983240399044, 331341.516048666089773 ], [ 659609.880712328013033, 331341.496539329120424 ], [ 659667.189824701752514, 331341.843969613721129 ], [ 659762.68422360601835, 331342.272340878029354 ], [ 659914.395952119491994, 331341.719848084088881 ], [ 659929.316103963297792, 331341.679935208754614 ], [ 660015.137478550313972, 331375.051282989908941 ], [ 660073.958419656381011, 331397.622193643241189 ], [ 660119.409197509172373, 331415.0328530871775 ], [ 660238.341215622727759, 331460.474621573346667 ], [ 660265.051559556857683, 331471.384979593043681 ], [ 660288.521888174582273, 331559.226225927821361 ], [ 660213.520432315650396, 331598.045830783084966 ], [ 660170.32965139998123, 331620.405692138359882 ], [ 660134.889011448947713, 331638.735549471224658 ], [ 660084.017985582817346, 331666.015332695562392 ], [ 660048.077422257745638, 331684.845038557541557 ], [ 659996.236466812551953, 331711.994903719169088 ], [ 659919.204996144748293, 331752.484525790554471 ], [ 659691.16081392695196, 331871.773548317025416 ], [ 659655.520395741681568, 331786.602283559041098 ], [ 659635.910554815898649, 331740.077097068889998 ], [ 659508.807803867151961, 331800.940860551665537 ], [ 659400.315687782480381, 331852.940356191247702 ], [ 659360.074962659622543, 331871.770192456664518 ] ] ] } },
{ "type": "Feature", "properties": { "name": "Parc de la Potennerie", "source": "rue", "documents": 6, "instruments_de_recherche": 2, "geometrie_officielle": false, "rue_autre_forme": "Potennerie, parc de la", "url": "https://www.bn-r.fr/resultat.php?type_rech=pl&index%5B%5D=rue&value%5B%5D=%22Potennerie%2C+parc+de+la%22&decouvrir_par_terme=Potennerie%2C+parc+de+la" }, "geometry": { "type": "Point", "coordinates": [ 659796.159500075620599, 331647.053789229830727 ] } },
{ "type": "Feature", "properties": { "name": "Rue de la Potennerie", "source": "rue", "documents": 12, "instruments_de_recherche": 5, "geometrie_officielle": true, "rue_autre_forme": "Potennerie, rue de la", "url": "https://www.bn-r.fr/resultat.php?type_rech=pl&index%5B%5D=rue&value%5B%5D=%22Potennerie%2C+rue+de+la%22&decouvrir_par_terme=Potennerie%2C+rue+de+la" }, "geometry": { "type": "MultiLineString", "coordinates": [ [ [ 660032.017370590940118, 331765.003594945534132 ], [ 660078.051703443517908, 331738.486032248241827 ], [ 660113.543020366341807, 331719.193124764948152 ], [ 660164.047351393615827, 331691.280332517228089 ], [ 660199.120237586437725, 331671.538229698780924 ], [ 660231.488650314509869, 331653.434698743047193 ], [ 660302.910470003378578, 331613.743522696720902 ] ], [ [ 660032.017370590940118, 331765.003594945534132 ], [ 659984.152098277001642, 331790.944649043027312 ], [ 659873.26472333597485, 331851.892361082602292 ], [ 659844.603981631691568, 331867.369442298309878 ], [ 659817.572745645768009, 331882.531182990234811 ], [ 659771.056199564598501, 331908.155499356100336 ], [ 659719.562779228086583, 331936.394700961769558 ] ] ] } },
{ "type": "Feature", "properties": { "name": "Place du Progrès", "source": "rue", "documents": 3, "instruments_de_recherche": 2, "geometrie_officielle": true, "rue_autre_forme": "Progrès, place du", "url": "https://www.bn-r.fr/resultat.php?type_rech=pl&index%5B%5D=rue&value%5B%5D=%22Progr%C3%A8s%2C+place+du%22&decouvrir_par_terme=Progr%C3%A8s%2C+place+du" }, "geometry": { "type": "LineString", "coordinates": [ [ 659435.350001334794797, 334266.799833341967314 ], [ 659482.670618034899235, 334268.440535312751308 ] ] } },
{ "type": "Feature", "properties": { "name": "Rue de la Providence", "source": "rue", "documents": 5, "instruments_de_recherche": 3, "geometrie_officielle": true, "rue_autre_forme": "Providence, rue de la", "url": "https://www.bn-r.fr/resultat.php?type_rech=pl&index%5B%5D=rue&value%5B%5D=%22Providence%2C+rue+de+la%22&decouvrir_par_terme=Providence%2C+rue+de+la" }, "geometry": { "type": "LineString", "coordinates": [ [ 658488.321332048857585, 332673.747735193930566 ], [ 658450.470133167691529, 332606.465089977486059 ] ] } },
{ "type": "Feature", "properties": { "name": "Rue de la Prudence", "source": "rue", "documents": 2, "instruments_de_recherche": 1, "geometrie_officielle": true, "rue_autre_forme": "Prudence, rue de la", "url": "https://www.bn-r.fr/resultat.php?type_rech=pl&index%5B%5D=rue&value%5B%5D=%22Prudence%2C+rue+de+la%22&decouvrir_par_terme=Prudence%2C+rue+de+la" }, "geometry": { "type": "LineString", "coordinates": [ [ 660647.296593786333688, 331913.602863339823671 ], [ 660687.865513166994788, 331945.106248507276177 ] ] } },
{ "type": "Feature", "properties": { "name": "Square des Près", "source": "rue", "documents": 1, "instruments_de_recherche": 1, "geometrie_officielle": false, "rue_autre_forme": "Près, square des", "url": "https://www.bn-r.fr/resultat.php?type_rech=pl&index%5B%5D=rue&value%5B%5D=%22Pr%C3%A8s%2C+square+des%22&decouvrir_par_terme=Pr%C3%A8s%2C+square+des" }, "geometry": { "type": "Point", "coordinates": [ 660369.994280351675116, 332106.940659445011988 ] } },
{ "type": "Feature", "properties": { "name": "Rue du Président Vincent Auriol", "source": "rue", "documents": 1, "instruments_de_recherche": 1, "geometrie_officielle": true, "rue_autre_forme": "Président  Auriol, rue du", "url": "https://www.bn-r.fr/resultat.php?type_rech=pl&index%5B%5D=rue&value%5B%5D=%22Pr%C3%A9sident++Auriol%2C+rue+du%22&decouvrir_par_terme=Pr%C3%A9sident++Auriol%2C+rue+du" }, "geometry": { "type": "MultiLineString", "coordinates": [ [ [ 659532.108056437922642, 332556.131347563001327 ], [ 659607.15929788199719, 332601.140593890682794 ] ], [ [ 659421.123183534480631, 332500.931524533079937 ], [ 659426.31928799871821, 332497.651647337595932 ], [ 659430.00528214534279, 332496.691403970937245 ], [ 659435.564626660081558, 332498.867344148340635 ], [ 659532.108056437922642, 332556.131347563001327 ] ] ] } },
{ "type": "Feature", "properties": { "name": "Avenue du Président Coty", "source": "rue", "documents": 1, "instruments_de_recherche": 1, "geometrie_officielle": true, "rue_autre_forme": "Président Coty, avenue du", "url": "https://www.bn-r.fr/resultat.php?type_rech=pl&index%5B%5D=rue&value%5B%5D=%22Pr%C3%A9sident+Coty%2C+avenue+du%22&decouvrir_par_terme=Pr%C3%A9sident+Coty%2C+avenue+du" }, "geometry": { "type": "LineString", "coordinates": [ [ 660890.548282003845088, 330927.941206215182319 ], [ 660864.245901257032529, 330897.155659802723676 ], [ 660854.868528235005215, 330870.123732966545504 ], [ 660854.942570641404018, 330820.280185615469236 ], [ 660877.345401481725276, 330753.001267614949029 ], [ 660913.645751594332978, 330694.6707447898807 ], [ 660959.50262624095194, 330629.217855004710145 ] ] } },
{ "type": "Feature", "properties": { "name": "Rue Racine", "source": "rue", "documents": 1, "instruments_de_recherche": 1, "geometrie_officielle": true, "rue_autre_forme": "Racine, rue", "url": "https://www.bn-r.fr/resultat.php?type_rech=pl&index%5B%5D=rue&value%5B%5D=%22Racine%2C+rue%22&decouvrir_par_terme=Racine%2C+rue" }, "geometry": { "type": "LineString", "coordinates": [ [ 658255.406832987791859, 334131.603337424865458 ], [ 658491.672901131096296, 334029.495159500045702 ] ] } },
{ "type": "Feature", "properties": { "name": "Rue Réaumur", "source": "rue", "documents": 1, "instruments_de_recherche": 1, "geometrie_officielle": true, "rue_autre_forme": "Reaumur, rue", "url": "https://www.bn-r.fr/resultat.php?type_rech=pl&index%5B%5D=rue&value%5B%5D=%22Reaumur%2C+rue%22&decouvrir_par_terme=Reaumur%2C+rue" }, "geometry": { "type": "LineString", "coordinates": [ [ 660318.761943930643611, 332505.451925331261009 ], [ 660394.421261408831924, 332390.263977140421048 ] ] } },
{ "type": "Feature", "properties": { "name": "Boulevard de Reims", "source": "rue", "documents": 6, "instruments_de_recherche": 5, "geometrie_officielle": true, "rue_autre_forme": "Reims, boulevard de", "url": "https://www.bn-r.fr/resultat.php?type_rech=pl&index%5B%5D=rue&value%5B%5D=%22Reims%2C+boulevard+de%22&decouvrir_par_terme=Reims%2C+boulevard+de" }, "geometry": { "type": "LineString", "coordinates": [ [ 660414.945277654915117, 332026.229916857613716 ], [ 660410.047055636532605, 332015.604667936684564 ], [ 660378.447689310065471, 331897.310715553234331 ], [ 660365.98598074412439, 331849.216405078710523 ], [ 660356.552175945718773, 331814.618907072697766 ], [ 660349.633877642569132, 331788.839467671117745 ], [ 660325.37441321357619, 331696.330184779595584 ], [ 660310.441456870641559, 331641.643748609232716 ], [ 660302.910470003378578, 331613.743522696720902 ], [ 660288.54123275494203, 331559.174812070501503 ], [ 660265.074953130679205, 331471.347820678842254 ], [ 660238.334675122401677, 331460.475881595397368 ], [ 660119.376250137574971, 331415.074009266973007 ], [ 660073.975511771976016, 331397.650672907358967 ], [ 660015.130072811734863, 331375.06965319433948 ] ] } },
{ "type": "Feature", "properties": { "name": "Rue Rémy Cogghe", "source": "rue", "documents": 18, "instruments_de_recherche": 5, "geometrie_officielle": true, "rue_autre_forme": "Remy Cogghe, rue", "url": "https://www.bn-r.fr/resultat.php?type_rech=pl&index%5B%5D=rue&value%5B%5D=%22Remy+Cogghe%2C+rue%22&decouvrir_par_terme=Remy+Cogghe%2C+rue" }, "geometry": { "type": "LineString", "coordinates": [ [ 658385.140754711464979, 332660.266529738728423 ], [ 658488.321332048857585, 332673.747735193930566 ], [ 658516.127671464113519, 332677.390766838332638 ], [ 658588.119161654147319, 332686.30367664527148 ], [ 658656.084840416442603, 332694.950733600417152 ], [ 658675.211152935517021, 332697.386472756741568 ], [ 658722.991527355276048, 332703.475732002640143 ], [ 658737.53177976666484, 332705.193605186825152 ], [ 658752.068805836723186, 332700.792164693353698 ] ] } },
{ "type": "Feature", "properties": { "name": "Rue du Renouveau", "source": "rue", "documents": 1, "instruments_de_recherche": 1, "geometrie_officielle": true, "rue_autre_forme": "Renouveau, rue du", "url": "https://www.bn-r.fr/resultat.php?type_rech=pl&index%5B%5D=rue&value%5B%5D=%22Renouveau%2C+rue+du%22&decouvrir_par_terme=Renouveau%2C+rue+du" }, "geometry": { "type": "LineString", "coordinates": [ [ 658702.197148420615122, 333744.200795590295456 ], [ 658757.821178255369887, 333691.74243210075656 ] ] } },
{ "type": "Feature", "properties": { "name": "Rue Richard Lenoir", "source": "rue", "documents": 4, "instruments_de_recherche": 4, "geometrie_officielle": true, "rue_autre_forme": "Richard Lenoir, rue", "url": "https://www.bn-r.fr/resultat.php?type_rech=pl&index%5B%5D=rue&value%5B%5D=%22Richard+Lenoir%2C+rue%22&decouvrir_par_terme=Richard+Lenoir%2C+rue" }, "geometry": { "type": "LineString", "coordinates": [ [ 659023.182573197293095, 333676.87340823514387 ], [ 659010.40566207235679, 333554.456192076613661 ], [ 659000.236382592003793, 333451.761115252622403 ], [ 658993.382182212662883, 333445.343365828855895 ] ] } },
{ "type": "Feature", "properties": { "name": "Rue Richelieu", "source": "rue", "documents": 1, "instruments_de_recherche": 1, "geometrie_officielle": true, "rue_autre_forme": "Richelieu, rue", "url": "https://www.bn-r.fr/resultat.php?type_rech=pl&index%5B%5D=rue&value%5B%5D=%22Richelieu%2C+rue%22&decouvrir_par_terme=Richelieu%2C+rue" }, "geometry": { "type": "LineString", "coordinates": [ [ 658597.423622927628458, 332257.831808633287437 ], [ 658456.050990517949685, 332329.59982859401498 ] ] } },
{ "type": "Feature", "properties": { "name": "Rue de Rocroi", "source": "rue", "documents": 1, "instruments_de_recherche": 1, "geometrie_officielle": true, "rue_autre_forme": "Rocroi, rue de", "url": "https://www.bn-r.fr/resultat.php?type_rech=pl&index%5B%5D=rue&value%5B%5D=%22Rocroi%2C+rue+de%22&decouvrir_par_terme=Rocroi%2C+rue+de" }, "geometry": { "type": "MultiLineString", "coordinates": [ [ [ 660093.474690995877609, 332088.461962378700264 ], [ 660067.58436541154515, 332065.13924894889351 ], [ 660040.002101879916154, 332035.121992339845747 ], [ 660023.943317913450301, 332017.473267867346294 ], [ 659983.242367929778993, 331972.288473914144561 ] ], [ [ 659983.242367929778993, 331972.288473914144561 ], [ 659944.976897700456902, 331930.469202996813692 ], [ 659913.486550188623369, 331895.847020827466622 ], [ 659893.866091897361912, 331874.26457233633846 ], [ 659873.26472333597485, 331851.892361082602292 ], [ 659826.975565620698035, 331800.526754573453218 ] ], [ [ 660093.474690995877609, 332088.461962378700264 ], [ 660137.273062110412866, 332128.342094664927572 ], [ 660143.552191990311258, 332135.644865443580784 ], [ 660153.96971308242064, 332145.775856281863526 ] ] ] } },
{ "type": "Feature", "properties": { "name": "Avenue Roger Salengro", "source": "rue", "documents": 10, "instruments_de_recherche": 5, "geometrie_officielle": true, "rue_autre_forme": "Roger Salengro, avenue", "url": "https://www.bn-r.fr/resultat.php?type_rech=pl&index%5B%5D=rue&value%5B%5D=%22Roger+Salengro%2C+avenue%22&decouvrir_par_terme=Roger+Salengro%2C+avenue" }, "geometry": { "type": "MultiLineString", "coordinates": [ [ [ 661189.406981086474843, 331542.959757324657403 ], [ 661176.986015997594222, 331541.148287743912078 ], [ 661113.239060231251642, 331478.000082712969743 ], [ 660974.626371893100441, 331340.675388759700581 ], [ 660974.165802112082019, 331325.316227662842721 ], [ 660986.696202045190148, 331323.790665209700819 ], [ 661128.793457952560857, 331465.49476636829786 ], [ 661187.22468714765273, 331523.686683684936725 ], [ 661189.406981086474843, 331542.959757324657403 ] ], [ [ 661189.406981086474843, 331542.959757324657403 ], [ 661208.13911602681037, 331561.532760462723672 ], [ 661369.060563603648916, 331724.933015374001116 ], [ 661440.449266423238441, 331799.18728760338854 ], [ 661482.49880629312247, 331836.833144041302148 ], [ 661563.614796940353699, 331919.323373237391934 ], [ 661630.102246881695464, 331989.073284619254991 ] ] ] } },
{ "type": "Feature", "properties": { "name": "Rue de Rohan", "source": "rue", "documents": 2, "instruments_de_recherche": 1, "geometrie_officielle": true, "rue_autre_forme": "Rohan, rue de", "url": "https://www.bn-r.fr/resultat.php?type_rech=pl&index%5B%5D=rue&value%5B%5D=%22Rohan%2C+rue+de%22&decouvrir_par_terme=Rohan%2C+rue+de" }, "geometry": { "type": "LineString", "coordinates": [ [ 658811.345335420803167, 332401.599552203435451 ], [ 658702.140255354112014, 332459.808603456476703 ] ] } },
{ "type": "Feature", "properties": { "name": "Rue Rollin", "source": "rue", "documents": 3, "instruments_de_recherche": 2, "geometrie_officielle": true, "rue_autre_forme": "Rollin, rue", "url": "https://www.bn-r.fr/resultat.php?type_rech=pl&index%5B%5D=rue&value%5B%5D=%22Rollin%2C+rue%22&decouvrir_par_terme=Rollin%2C+rue" }, "geometry": { "type": "MultiLineString", "coordinates": [ [ [ 659158.868717050878331, 334165.701617034268565 ], [ 659200.129147252184339, 334197.758089139126241 ], [ 659230.179578596609645, 334221.234405280381907 ], [ 659239.925287260906771, 334228.018430192489177 ], [ 659247.505663224612363, 334232.553169129998423 ], [ 659258.89599999517668, 334237.575337757589296 ], [ 659323.467390199075453, 334282.687160620233044 ] ], [ [ 659323.467390199075453, 334282.687160620233044 ], [ 659369.517431711428799, 334315.910929635923821 ], [ 659420.613652152009308, 334352.751748949056491 ], [ 659586.907296506455168, 334443.506868043390568 ] ] ] } },
{ "type": "Feature", "properties": { "name": "Rue de Rome", "source": "rue", "documents": 7, "instruments_de_recherche": 4, "geometrie_officielle": true, "rue_autre_forme": "Rome, rue de", "url": "https://www.bn-r.fr/resultat.php?type_rech=pl&index%5B%5D=rue&value%5B%5D=%22Rome%2C+rue+de%22&decouvrir_par_terme=Rome%2C+rue+de" }, "geometry": { "type": "LineString", "coordinates": [ [ 657962.131507906131446, 333187.807232307619415 ], [ 657980.920604396378621, 333214.60286429640837 ], [ 658007.108643474173732, 333249.823634074768052 ], [ 658049.221631529158913, 333308.693951736553572 ], [ 658154.619928439613432, 333454.593087412358727 ] ] } },
{ "type": "Feature", "properties": { "name": "Rue de la Rondelle", "source": "rue", "documents": 9, "instruments_de_recherche": 4, "geometrie_officielle": true, "rue_autre_forme": "Rondelle, rue de la", "url": "https://www.bn-r.fr/resultat.php?type_rech=pl&index%5B%5D=rue&value%5B%5D=%22Rondelle%2C+rue+de+la%22&decouvrir_par_terme=Rondelle%2C+rue+de+la" }, "geometry": { "type": "LineString", "coordinates": [ [ 659170.609712539357133, 333789.213129664480221 ], [ 658980.483001393964514, 333697.762704126304016 ], [ 658977.088212047587149, 333685.263907057582401 ] ] } },
{ "type": "Feature", "properties": { "name": "Rue Rouget de Lisle", "source": "rue", "documents": 1, "instruments_de_recherche": 1, "geometrie_officielle": true, "rue_autre_forme": "Rouget De L\\'isle, rue", "url": "https://www.bn-r.fr/resultat.php?type_rech=pl&index%5B%5D=rue&value%5B%5D=%22Rouget+De+L%5C%27isle%2C+rue%22&decouvrir_par_terme=Rouget+De+L%5C%27isle%2C+rue" }, "geometry": { "type": "LineString", "coordinates": [ [ 660181.73368484666571, 331940.480246495688334 ], [ 660187.561875432962552, 331937.653287466964684 ], [ 660356.552175945718773, 331814.618907072697766 ] ] } },
{ "type": "Feature", "properties": { "name": "Rue Rubens", "source": "rue", "documents": 1, "instruments_de_recherche": 1, "geometrie_officielle": true, "rue_autre_forme": "Rubens, rue", "url": "https://www.bn-r.fr/resultat.php?type_rech=pl&index%5B%5D=rue&value%5B%5D=%22Rubens%2C+rue%22&decouvrir_par_terme=Rubens%2C+rue" }, "geometry": { "type": "MultiLineString", "coordinates": [ [ [ 659998.79024234553799, 330973.905460331006907 ], [ 660056.365932495566085, 330927.602158555353526 ], [ 660098.174384244019166, 330894.027835363114718 ] ], [ [ 660098.174384244019166, 330894.027835363114718 ], [ 660159.023700729594566, 330845.982391068362631 ], [ 660218.748060908634216, 330797.479895660711918 ], [ 660278.460928224027157, 330750.090535461495165 ], [ 660348.822795743006282, 330692.697748769889586 ] ], [ [ 659847.630549520254135, 331094.03576010139659 ], [ 659897.850167058757506, 331054.101234777306672 ], [ 659937.798695160774514, 331022.28491262497846 ], [ 659998.79024234553799, 330973.905460331006907 ] ] ] } },
{ "type": "Feature", "properties": { "name": "Boulevard de la République", "source": "rue", "documents": 18, "instruments_de_recherche": 5, "geometrie_officielle": true, "rue_autre_forme": "République, boulevard de la", "url": "https://www.bn-r.fr/resultat.php?type_rech=pl&index%5B%5D=rue&value%5B%5D=%22R%C3%A9publique%2C+boulevard+de+la%22&decouvrir_par_terme=R%C3%A9publique%2C+boulevard+de+la" }, "geometry": { "type": "LineString", "coordinates": [ [ 658263.741045632283203, 333815.268448211718351 ], [ 658239.239824573742226, 334026.952561575686559 ], [ 658229.150994684896432, 334116.07358198001748 ], [ 658221.18267513893079, 334185.74714940530248 ] ] } },
{ "type": "Feature", "properties": { "name": "Rue de la Sagesse", "source": "rue", "documents": 10, "instruments_de_recherche": 6, "geometrie_officielle": true, "rue_autre_forme": "Sagesse, rue de la", "url": "https://www.bn-r.fr/resultat.php?type_rech=pl&index%5B%5D=rue&value%5B%5D=%22Sagesse%2C+rue+de+la%22&decouvrir_par_terme=Sagesse%2C+rue+de+la" }, "geometry": { "type": "LineString", "coordinates": [ [ 659262.255358919268474, 332658.265013401745819 ], [ 659356.212567144772038, 332687.459490307606757 ], [ 659399.951883205096237, 332700.964277435385156 ] ] } },
{ "type": "Feature", "properties": { "name": "Rue de Saint Amand", "source": "rue", "documents": 3, "instruments_de_recherche": 2, "geometrie_officielle": true, "rue_autre_forme": "Saint Amand, rue de", "url": "https://www.bn-r.fr/resultat.php?type_rech=pl&index%5B%5D=rue&value%5B%5D=%22Saint+Amand%2C+rue+de%22&decouvrir_par_terme=Saint+Amand%2C+rue+de" }, "geometry": { "type": "LineString", "coordinates": [ [ 660099.990659782197326, 332588.762342126923613 ], [ 660218.052109888521954, 332410.965506404580083 ] ] } },
{ "type": "Feature", "properties": { "name": "Rue de Saint Hubert", "source": "rue", "documents": 4, "instruments_de_recherche": 3, "geometrie_officielle": true, "rue_autre_forme": "Saint Hubert, rue", "url": "https://www.bn-r.fr/resultat.php?type_rech=pl&index%5B%5D=rue&value%5B%5D=%22Saint+Hubert%2C+rue%22&decouvrir_par_terme=Saint+Hubert%2C+rue" }, "geometry": { "type": "LineString", "coordinates": [ [ 660764.364432697067969, 331577.817536472750362 ], [ 660767.335277390666306, 331583.859452446689829 ], [ 660804.00118478492368, 331610.646230750309769 ], [ 660905.379255581414327, 331684.234014324261807 ], [ 661068.170259594800882, 331802.141080082801636 ] ] } },
{ "type": "Feature", "properties": { "name": "Rue Saint Jean", "source": "rue", "documents": 3, "instruments_de_recherche": 3, "geometrie_officielle": true, "rue_autre_forme": "Saint Jean, rue", "url": "https://www.bn-r.fr/resultat.php?type_rech=pl&index%5B%5D=rue&value%5B%5D=%22Saint+Jean%2C+rue%22&decouvrir_par_terme=Saint+Jean%2C+rue" }, "geometry": { "type": "MultiLineString", "coordinates": [ [ [ 659489.01037112926133, 332301.420238776598126 ], [ 659598.037444087793119, 332386.639784318744205 ], [ 659599.614131789770909, 332397.338408499141224 ] ], [ [ 659627.509482191875577, 332424.68668419518508 ], [ 659687.917573258280754, 332458.295924575766549 ], [ 659804.253369210637175, 332540.375129324267618 ] ], [ [ 659489.01037112926133, 332301.420238776598126 ], [ 659365.149463109089993, 332208.694587185687851 ] ] ] } },
{ "type": "Feature", "properties": { "name": "Rue de Saint Quentin", "source": "rue", "documents": 3, "instruments_de_recherche": 1, "geometrie_officielle": true, "rue_autre_forme": "Saint Quentin, rue de", "url": "https://www.bn-r.fr/resultat.php?type_rech=pl&index%5B%5D=rue&value%5B%5D=%22Saint+Quentin%2C+rue+de%22&decouvrir_par_terme=Saint+Quentin%2C+rue+de" }, "geometry": { "type": "LineString", "coordinates": [ [ 660034.712074568262324, 332385.532509206444956 ], [ 659962.480303096119314, 332485.743875615647994 ] ] } },
{ "type": "Feature", "properties": { "name": "Rue Saint Antoine", "source": "rue", "documents": 18, "instruments_de_recherche": 6, "geometrie_officielle": true, "rue_autre_forme": "Saint-Antoine, rue", "url": "https://www.bn-r.fr/resultat.php?type_rech=pl&index%5B%5D=rue&value%5B%5D=%22Saint-Antoine%2C+rue%22&decouvrir_par_terme=Saint-Antoine%2C+rue" }, "geometry": { "type": "LineString", "coordinates": [ [ 659440.917961054714397, 333184.848373872286174 ], [ 659413.765281899948604, 333249.633119165955577 ], [ 659334.179062610841356, 333428.54384858784033 ], [ 659283.382063883473165, 333541.798356061219238 ], [ 659199.285638258093968, 333586.814171996724326 ] ] } },
{ "type": "Feature", "properties": { "name": "Rue Saint Jean", "source": "rue", "documents": 8, "instruments_de_recherche": 2, "geometrie_officielle": true, "rue_autre_forme": "Saint-Jean, rue", "url": "https://www.bn-r.fr/resultat.php?type_rech=pl&index%5B%5D=rue&value%5B%5D=%22Saint-Jean%2C+rue%22&decouvrir_par_terme=Saint-Jean%2C+rue" }, "geometry": { "type": "MultiLineString", "coordinates": [ [ [ 659489.01037112926133, 332301.420238776598126 ], [ 659598.037444087793119, 332386.639784318744205 ], [ 659599.614131789770909, 332397.338408499141224 ] ], [ [ 659627.509482191875577, 332424.68668419518508 ], [ 659687.917573258280754, 332458.295924575766549 ], [ 659804.253369210637175, 332540.375129324267618 ] ], [ [ 659489.01037112926133, 332301.420238776598126 ], [ 659365.149463109089993, 332208.694587185687851 ] ] ] } },
{ "type": "Feature", "properties": { "name": "Rue Saint Joseph", "source": "rue", "documents": 8, "instruments_de_recherche": 6, "geometrie_officielle": true, "rue_autre_forme": "Saint-Joseph, rue", "url": "https://www.bn-r.fr/resultat.php?type_rech=pl&index%5B%5D=rue&value%5B%5D=%22Saint-Joseph%2C+rue%22&decouvrir_par_terme=Saint-Joseph%2C+rue" }, "geometry": { "type": "MultiLineString", "coordinates": [ [ [ 659298.384562232880853, 333895.441480290843174 ], [ 659411.289738701656461, 333953.33110120089259 ] ], [ [ 659193.869059375021607, 333781.794456919829827 ], [ 659241.869774396531284, 333843.410222122212872 ], [ 659284.964438607450575, 333888.616481249686331 ], [ 659298.384562232880853, 333895.441480290843174 ] ], [ [ 659187.719145693583414, 333762.923031580401585 ], [ 659187.738116082502529, 333773.938081465079449 ], [ 659193.869059375021607, 333781.794456919829827 ] ] ] } },
{ "type": "Feature", "properties": { "name": "Rue Saint Laurent", "source": "rue", "documents": 1, "instruments_de_recherche": 1, "geometrie_officielle": true, "rue_autre_forme": "Saint-Laurent, rue", "url": "https://www.bn-r.fr/resultat.php?type_rech=pl&index%5B%5D=rue&value%5B%5D=%22Saint-Laurent%2C+rue%22&decouvrir_par_terme=Saint-Laurent%2C+rue" }, "geometry": { "type": "LineString", "coordinates": [ [ 659144.405187916941941, 333851.895940203103237 ], [ 659145.859504652442411, 333860.924227322509978 ], [ 659195.088913136860356, 333900.968585494265426 ], [ 659191.056245373561978, 333920.505736340535805 ] ] } },
{ "type": "Feature", "properties": { "name": "Rue Saint Louis", "source": "rue", "documents": 1, "instruments_de_recherche": 1, "geometrie_officielle": true, "rue_autre_forme": "Saint-Louis, rue", "url": "https://www.bn-r.fr/resultat.php?type_rech=pl&index%5B%5D=rue&value%5B%5D=%22Saint-Louis%2C+rue%22&decouvrir_par_terme=Saint-Louis%2C+rue" }, "geometry": { "type": "MultiLineString", "coordinates": [ [ [ 659732.726187697728164, 333587.092892864427995 ], [ 659826.898856044979766, 333614.295729668578133 ] ], [ [ 659826.898856044979766, 333614.295729668578133 ], [ 659900.634510668925941, 333636.486238494166173 ], [ 659983.669641846325248, 333661.11893797700759 ] ] ] } },
{ "type": "Feature", "properties": { "name": "Contour Saint Martin", "source": "rue", "documents": 10, "instruments_de_recherche": 5, "geometrie_officielle": true, "rue_autre_forme": "Saint-Martin, contour", "url": "https://www.bn-r.fr/resultat.php?type_rech=pl&index%5B%5D=rue&value%5B%5D=%22Saint-Martin%2C+contour%22&decouvrir_par_terme=Saint-Martin%2C+contour" }, "geometry": { "type": "LineString", "coordinates": [ [ 659179.140791693469509, 332887.316840559418779 ], [ 659176.826406515087001, 332892.07534377858974 ], [ 659174.860406986321323, 332897.282758485584054 ], [ 659173.315927386283875, 332902.717375301755965 ], [ 659172.262395773432218, 332908.491225290112197 ], [ 659171.630381623981521, 332914.492276782984845 ], [ 659170.879273199825548, 332918.489316557184793 ], [ 659170.40958736022003, 332922.600741606147494 ], [ 659170.293222734471783, 332926.716089599824045 ], [ 659170.530178503599018, 332930.835360519704409 ], [ 659171.191117849899456, 332934.959338990040123 ], [ 659173.186024630209431, 332939.876952794729732 ], [ 659175.46728890016675, 332944.463965491275303 ], [ 659177.963011235115118, 332948.830839593952987 ], [ 659180.674426803016104, 332952.866328552656341 ], [ 659188.069411543663591, 332955.173664488713257 ], [ 659195.541232082876377, 332956.925561435171403 ], [ 659203.087419018032961, 332958.344513373682275 ], [ 659204.080418289871886, 332958.021762990043499 ], [ 659209.333015230484307, 332955.966166861122474 ], [ 659214.450469145551324, 332953.352771469973959 ], [ 659219.432781420880929, 332950.181576449307613 ], [ 659224.278717073961161, 332946.563828273210675 ], [ 659228.989513398846611, 332942.388279771548696 ], [ 659232.511021260754205, 332924.403207887604367 ], [ 659235.171345082577318, 332920.316136121633463 ] ] } },
{ "type": "Feature", "properties": { "name": "Rue Saint Maurice", "source": "rue", "documents": 6, "instruments_de_recherche": 4, "geometrie_officielle": true, "rue_autre_forme": "Saint-Maurice, rue", "url": "https://www.bn-r.fr/resultat.php?type_rech=pl&index%5B%5D=rue&value%5B%5D=%22Saint-Maurice%2C+rue%22&decouvrir_par_terme=Saint-Maurice%2C+rue" }, "geometry": { "type": "LineString", "coordinates": [ [ 658953.297989808255807, 333689.562345796381123 ], [ 658951.475025233696215, 333694.660179280675948 ], [ 658978.974087924114428, 333776.630007354659028 ], [ 659057.395652828156017, 333809.653026923537254 ], [ 659142.424197858199477, 333845.754594977712259 ], [ 659144.405187916941941, 333851.895940203103237 ] ] } },
{ "type": "Feature", "properties": { "name": "Rue St Roch", "source": "rue", "documents": 4, "instruments_de_recherche": 3, "geometrie_officielle": true, "rue_autre_forme": "Saint-Roch, rue", "url": "https://www.bn-r.fr/resultat.php?type_rech=pl&index%5B%5D=rue&value%5B%5D=%22Saint-Roch%2C+rue%22&decouvrir_par_terme=Saint-Roch%2C+rue" }, "geometry": { "type": "MultiLineString", "coordinates": [ [ [ 658374.121200672234409, 332188.625561616732739 ], [ 658310.778506374452263, 332234.88393067731522 ] ], [ [ 658374.121200672234409, 332188.625561616732739 ], [ 658510.483985732658766, 332090.543043761339504 ] ] ] } },
{ "type": "Feature", "properties": { "name": "Sainte Elisabeth", "source": "quartier", "documents": 15, "instruments_de_recherche": 4, "geometrie_officielle": false, "rue_autre_forme": null, "url": "https://www.bn-r.fr/resultat.php?type_rech=pl&index%5B%5D=quartier&value%5B%5D=%22Sainte+Elisabeth%22&decouvrir_par_terme=Sainte+Elisabeth" }, "geometry": { "type": "Polygon", "coordinates": [ [ [ 660084.795666541787796, 332750.347443837905303 ], [ 659933.213175340439193, 332635.114625012327451 ], [ 659884.908802598831244, 332599.344312588626053 ], [ 659805.970428033266217, 332540.403777011553757 ], [ 659690.13045436295215, 332451.375279197120108 ], [ 659626.158274455345236, 332404.149169829441234 ], [ 659364.724176831310615, 332209.45424951298628 ], [ 659403.005015565315261, 332173.384271778864786 ], [ 659477.216449105879292, 332117.4942971667042 ], [ 659524.439740099827759, 332077.557156789349392 ], [ 659605.76850810169708, 332131.5857176767895 ], [ 659645.269239721703343, 332158.926500922825653 ], [ 659734.950736753758974, 332219.468053019605577 ], [ 659759.181192172574811, 332177.557830069912598 ], [ 659844.713416019221768, 332085.309459945536219 ], [ 659931.634596176212654, 332014.257705301279202 ], [ 659983.845668262802064, 331971.847724286024459 ], [ 660081.127507077064365, 331892.427815728355199 ], [ 660117.898191468906589, 331864.787835975759663 ], [ 660263.881060458836146, 331743.318010227871127 ], [ 660326.082191453315318, 331695.588154743425548 ], [ 660356.20245466416236, 331812.949699157383293 ], [ 660372.112506246892735, 331864.85045048390748 ], [ 660378.482632915023714, 331897.310923275421374 ], [ 660410.062872370588593, 332015.652423610677943 ], [ 660414.903080614516512, 332027.352661020762753 ], [ 660510.704528651549481, 332114.624661641195416 ], [ 660470.223685952601954, 332175.954875134164467 ], [ 660415.412566359271295, 332259.015272489050403 ], [ 660348.555130568216555, 332359.536447708960623 ], [ 660275.567827639286406, 332465.798829216160811 ], [ 660242.39892257982865, 332516.106414064997807 ], [ 660211.163258163374849, 332563.584241475327872 ], [ 660169.667488525854424, 332624.94690534088295 ], [ 660084.795666541787796, 332750.347443837905303 ] ] ] } },
{ "type": "Feature", "properties": { "name": "Place Ste Elisabeth", "source": "rue", "documents": 24, "instruments_de_recherche": 5, "geometrie_officielle": true, "rue_autre_forme": "Sainte Elisabeth, place", "url": "https://www.bn-r.fr/resultat.php?type_rech=pl&index%5B%5D=rue&value%5B%5D=%22Sainte+Elisabeth%2C+place%22&decouvrir_par_terme=Sainte+Elisabeth%2C+place" }, "geometry": { "type": "LineString", "coordinates": [ [ 659889.264214055030607, 332466.228895515901968 ], [ 659901.084839178016409, 332452.120396872225683 ], [ 659918.918147270218469, 332431.292630834737793 ] ] } },
{ "type": "Feature", "properties": { "name": "Rue Sainte Thérèse", "source": "rue", "documents": 2, "instruments_de_recherche": 1, "geometrie_officielle": true, "rue_autre_forme": "Sainte-Thérèse, rue", "url": "https://www.bn-r.fr/resultat.php?type_rech=pl&index%5B%5D=rue&value%5B%5D=%22Sainte-Th%C3%A9r%C3%A8se%2C+rue%22&decouvrir_par_terme=Sainte-Th%C3%A9r%C3%A8se%2C+rue" }, "geometry": { "type": "LineString", "coordinates": [ [ 659680.395873134490103, 332309.456589449255262 ], [ 659877.290838291868567, 332456.192186231259257 ] ] } },
{ "type": "Feature", "properties": { "name": "Rue Salomon de Caus", "source": "rue", "documents": 1, "instruments_de_recherche": 1, "geometrie_officielle": true, "rue_autre_forme": "Salomon De Caux, rue", "url": "https://www.bn-r.fr/resultat.php?type_rech=pl&index%5B%5D=rue&value%5B%5D=%22Salomon+De+Caux%2C+rue%22&decouvrir_par_terme=Salomon+De+Caux%2C+rue" }, "geometry": { "type": "LineString", "coordinates": [ [ 658230.462939413497224, 332443.842273712158203 ], [ 658236.776926339603961, 332441.686058038379997 ], [ 658296.467101668473333, 332386.597300184541382 ] ] } },
{ "type": "Feature", "properties": { "name": "Sartel Carihem", "source": "quartier", "documents": 6, "instruments_de_recherche": 4, "geometrie_officielle": false, "rue_autre_forme": null, "url": "https://www.bn-r.fr/resultat.php?type_rech=pl&index%5B%5D=quartier&value%5B%5D=%22Sartel+Carihem%22&decouvrir_par_terme=Sartel+Carihem" }, "geometry": { "type": "Polygon", "coordinates": [ [ [ 661279.106815579580143, 333257.802544074424077 ], [ 661276.106811031349935, 333257.802541024168022 ], [ 661272.106607844936661, 333255.802465663990006 ], [ 661268.106669204076752, 333254.802460893290117 ], [ 661265.106533591984771, 333252.802420529420488 ], [ 661263.106499583460391, 333249.802446945279371 ], [ 661261.10646635433659, 333246.802373485581484 ], [ 661258.106432791450061, 333241.802329091122374 ], [ 661256.10639929457102, 333238.802255516697187 ], [ 661246.106196998152882, 333221.802049442077987 ], [ 661244.106225904659368, 333222.80205010966165 ], [ 661243.106157836504281, 333222.802015514811501 ], [ 661234.106111739529297, 333217.801966582483146 ], [ 661216.105584456468932, 333208.801835002319422 ], [ 661207.615109628532082, 333204.170638252107892 ], [ 661194.105180674232543, 333196.801666096551344 ], [ 661131.103885357151739, 333168.801127848273609 ], [ 661123.103766417014413, 333164.801086759543978 ], [ 661120.733749285223894, 333169.691139589762315 ], [ 661114.103552765329368, 333166.681022055097856 ], [ 661114.923565274453722, 333165.041022041114047 ], [ 661117.2636791478144, 333159.820940041390713 ], [ 661122.533761637867428, 333148.740888212807477 ], [ 661122.703747270395979, 333145.800901410926599 ], [ 661122.783840414718725, 333142.260790219588671 ], [ 661107.913530554855242, 333139.860768900834955 ], [ 661103.413405727013014, 333139.050691088777967 ], [ 661098.73327611386776, 333140.210692709195428 ], [ 661120.223777914536186, 333098.830340405926108 ], [ 661127.604009632603265, 333100.860457910574041 ], [ 661197.915646910783835, 332966.919281695736572 ], [ 661193.985593470511958, 332964.709272971027531 ], [ 661203.795776098733768, 332947.139038775407244 ], [ 661220.106151892221533, 332918.388885087100789 ], [ 661255.227033046074212, 332850.638289927097503 ], [ 661260.340396825689822, 332846.419642299530096 ], [ 661341.689799563144334, 332628.444865752244368 ], [ 661320.488760582637042, 332617.456112259533256 ], [ 661317.575584131060168, 332623.210625714040361 ], [ 661291.888211972778663, 332611.015954736212734 ], [ 661180.075973315513693, 332562.654975476907566 ], [ 661341.999791963840835, 332276.202674035099335 ], [ 661425.816201606532559, 332129.441726839460898 ], [ 661456.96479527419433, 332075.095695676165633 ], [ 661379.890969455474988, 332003.389969803858548 ], [ 661259.52865756675601, 331890.228374232421629 ], [ 661369.111174616846256, 331724.266969235730357 ], [ 661484.173641629866324, 331561.785763951716945 ], [ 661569.735735752154142, 331440.814826935820747 ], [ 661581.684733306290582, 331453.077991065802053 ], [ 661590.185949840117246, 331444.824802204442676 ], [ 661618.805360949598253, 331417.448110094177537 ], [ 661626.116715265787207, 331423.784811970312148 ], [ 661636.117082120734267, 331433.785025656921789 ], [ 661643.117183089605533, 331438.785106130351778 ], [ 661645.117177073261701, 331440.785048364661634 ], [ 661647.117107265628874, 331441.785105941060465 ], [ 661653.117360623669811, 331445.78516702062916 ], [ 661661.117543490370736, 331450.785286019206978 ], [ 661664.117520447238348, 331452.78526550217066 ], [ 661666.117575615295209, 331455.785292069718707 ], [ 661712.118356158258393, 331478.785651463083923 ], [ 661731.118899491149932, 331487.785927058081143 ], [ 661771.119670395390131, 331507.786226507509127 ], [ 661798.120171537273563, 331516.786417278461158 ], [ 661805.120277663809247, 331518.786354682524689 ], [ 661816.120575379463844, 331521.78653166629374 ], [ 661835.120905033312738, 331530.786719469935633 ], [ 661845.121102835168131, 331536.786708912521135 ], [ 661850.121161272749305, 331540.786836370185483 ], [ 661860.121378718642518, 331548.786892754375003 ], [ 661888.121951988432556, 331567.787270055094268 ], [ 661891.122021014452912, 331569.787354174419306 ], [ 661895.121934355353005, 331572.787359253678005 ], [ 661897.122059824643657, 331573.787421821733005 ], [ 661898.122063795570284, 331575.787426839466207 ], [ 661899.122106910566799, 331576.7874493728159 ], [ 661900.122150008217432, 331577.78747189976275 ], [ 661901.122153900330886, 331579.787476876401342 ], [ 661901.122114711557515, 331580.787459309096448 ], [ 661901.122175347642042, 331581.787442633241881 ], [ 661901.122135267825797, 331582.787524879910052 ], [ 661900.122134266654029, 331585.787533621187322 ], [ 661899.122133316239342, 331588.787542294419836 ], [ 661896.121928074629977, 331592.787552962836344 ], [ 661890.121877542464063, 331601.787659761554096 ], [ 661881.121641904348508, 331611.787729286123067 ], [ 661874.121550567215309, 331619.787813419825397 ], [ 661863.121214121812955, 331630.787885788478889 ], [ 661867.121386646409519, 331634.787872991000768 ], [ 661868.121429504361004, 331635.787894753273576 ], [ 661870.121476255706511, 331638.78792020783294 ], [ 661884.121757143409923, 331655.78816834645113 ], [ 661884.121718085836619, 331656.788150132691953 ], [ 661886.121745791519061, 331662.788221268332563 ], [ 661884.121673056622967, 331680.788417145027779 ], [ 661885.121658066404052, 331685.788465564663056 ], [ 661886.121706262230873, 331696.78860487008933 ], [ 661887.121669369051233, 331699.788688928470947 ], [ 661887.121696859248914, 331711.788769159116782 ], [ 661888.121624030405656, 331720.788841977599077 ], [ 661887.121626964537427, 331728.788954601448495 ], [ 661884.121570636285469, 331741.789094442036003 ], [ 661869.121173916733824, 331771.789339095994364 ], [ 661865.121140002971515, 331784.789435656159185 ], [ 661863.121003652689978, 331791.789522775041405 ], [ 661861.12098946981132, 331800.789572373265401 ], [ 661862.120999942533672, 331812.789681027526967 ], [ 661861.120984187815338, 331818.789726047776639 ], [ 661858.120941165601835, 331841.789961787406355 ], [ 661858.120888358913362, 331850.790085269021802 ], [ 661857.120890693855472, 331853.79008743254235 ], [ 661857.120847089914605, 331872.79021282994654 ], [ 661856.12096984568052, 331877.790375644981395 ], [ 661856.12095688492991, 331885.790416708565317 ], [ 661857.120784078142606, 331894.790574734797701 ], [ 661858.12083289551083, 331905.790694039489608 ], [ 661859.120877939974889, 331911.790713056223467 ], [ 661865.121007403009571, 331925.790866512339562 ], [ 661868.121010694885626, 331931.790962427388877 ], [ 661881.121179658104666, 331953.791225661698263 ], [ 661883.121280380990356, 331957.791323119658045 ], [ 661903.121485804207623, 331997.791785884124693 ], [ 661904.121625041007064, 331998.791805765824392 ], [ 661911.121783719514497, 332013.791970110149123 ], [ 661910.12170519598294, 332013.79192990611773 ], [ 661913.121764357900247, 332020.792002046422567 ], [ 661918.121841724030674, 332033.792226326535456 ], [ 661926.121956326416694, 332051.792362586129457 ], [ 661929.122072981903329, 332059.792511921201367 ], [ 661930.122032649582252, 332062.792487215250731 ], [ 661931.122030875179917, 332064.792583993694279 ], [ 661933.122068515978754, 332067.792599573149346 ], [ 661936.122244376223534, 332071.792634654149879 ], [ 661937.122183025814593, 332072.792652409640141 ], [ 661939.122240130789578, 332072.792632579512428 ], [ 661940.122218318399973, 332072.792672151932493 ], [ 661945.122371818404645, 332073.792551509453915 ], [ 661947.122427118360065, 332073.792731480672956 ], [ 661949.122444558539428, 332074.792690022033639 ], [ 661951.122461066348478, 332075.792748421139549 ], [ 661953.122537687653676, 332077.79278590681497 ], [ 661955.122555000823922, 332078.79274451744277 ], [ 661957.122631501988508, 332080.792782026459463 ], [ 661958.122569895000197, 332081.792799886723515 ], [ 661959.122527731233276, 332084.792874702368863 ], [ 661980.123003754066303, 332118.79328182520112 ], [ 661982.12303919729311, 332121.793296880729031 ], [ 661984.123074537143111, 332124.793311893823557 ], [ 661986.123068902059458, 332128.793404433003161 ], [ 661987.123125433456153, 332131.793479180661961 ], [ 661988.123182810842991, 332134.793454032856971 ], [ 661989.123138164752163, 332142.793517526471987 ], [ 661990.123033567215316, 332149.79360205255216 ], [ 661990.123171227518469, 332153.793714525992982 ], [ 661990.123131217900664, 332154.793692040606402 ], [ 661985.123020279919729, 332162.793712096638046 ], [ 661985.123039285186678, 332164.793767679831944 ], [ 661990.123004633351229, 332172.793890132685192 ], [ 661996.123206870164722, 332181.793932445929386 ], [ 661999.123236794373952, 332186.794041463988833 ], [ 662004.123381215031259, 332192.794109744834714 ], [ 662009.123465472017415, 332197.794199902797118 ], [ 662020.123626409913413, 332214.79436219856143 ], [ 662033.123866682639346, 332245.794784309458919 ], [ 662035.123898550169542, 332248.794797045411542 ], [ 662036.123934652190655, 332249.794815047294833 ], [ 662040.124038431909867, 332254.794863725430332 ], [ 662041.124074439401738, 332255.794881719513796 ], [ 662046.124213717412204, 332261.79494829964824 ], [ 662047.124208204215392, 332263.795042702578939 ], [ 662061.124464117456228, 332283.795252880780026 ], [ 662073.124685315648094, 332300.795449328841642 ], [ 662083.124873611377552, 332314.7956327322172 ], [ 662088.124949211254716, 332319.795721146336291 ], [ 662100.12516971421428, 332331.795833881711587 ], [ 662102.125239353976212, 332333.795869610738009 ], [ 662125.125561631866731, 332353.796148131135851 ], [ 662138.125874427729286, 332362.796375388978049 ], [ 662145.125989616732113, 332372.796427900670096 ], [ 662148.126124150701798, 332379.796585497213528 ], [ 662155.126220525242388, 332387.796685244713444 ], [ 662157.126289148349315, 332389.796621149114799 ], [ 662163.12631789513398, 332392.796699445461854 ], [ 662167.126411282573827, 332397.796746458276175 ], [ 662169.126436173683032, 332400.796857478795573 ], [ 662181.126718773390166, 332422.797126861114521 ], [ 662186.12670207535848, 332429.797165290859994 ], [ 662180.126581114483997, 332433.797214130521752 ], [ 662185.12670553359203, 332439.797277679492254 ], [ 662194.126919833477587, 332450.797386841499247 ], [ 662215.127379486220889, 332467.797655425500125 ], [ 662225.127490926068276, 332475.797780484019313 ], [ 662226.127523441100493, 332476.797798210463952 ], [ 662229.127478956012055, 332480.797825240297243 ], [ 662261.128125428338535, 332528.798484426690266 ], [ 662255.128050660598092, 332538.798573869862594 ], [ 662251.12788212148007, 332542.798600102425553 ], [ 662243.127830867888406, 332548.798606238560751 ], [ 662237.127813833765686, 332552.798648891272023 ], [ 662231.127440907293931, 332555.798614232451655 ], [ 662214.127222555223852, 332561.798638669250067 ], [ 662177.126385934418067, 332575.798613095073961 ], [ 662168.126250474830158, 332579.798631442245096 ], [ 662141.125690409913659, 332590.798614410043228 ], [ 662133.125472545390949, 332593.798701637599152 ], [ 662118.125113367801532, 332599.79871988540981 ], [ 662098.124745020526461, 332606.79870712175034 ], [ 662128.125154718174599, 332659.799360200879164 ], [ 662130.12537657271605, 332662.799365783517715 ], [ 662113.124938386143185, 332669.799370539549273 ], [ 662100.124736618483439, 332675.799371269764379 ], [ 662078.124153398908675, 332684.799419032002334 ], [ 662070.813697971636429, 332687.90280717011774 ], [ 662068.124056902946904, 332688.799400413758121 ], [ 662060.123807022231631, 332692.799462935538031 ], [ 662054.123686209321022, 332694.799462572147604 ], [ 662013.12289802543819, 332711.799427908612415 ], [ 661972.121981324395165, 332729.799476586980745 ], [ 661964.12181550997775, 332741.799627255706582 ], [ 661954.121605810127221, 332768.799685857258737 ], [ 661952.121479394612834, 332770.799849387723953 ], [ 661948.121429780032486, 332769.799816309474409 ], [ 661943.121287568239495, 332766.799797432671767 ], [ 661940.121330684167333, 332762.799687807040755 ], [ 661931.121157521964051, 332750.799555576406419 ], [ 661927.121066395775415, 332745.799531817785464 ], [ 661926.121033679111861, 332744.799518975429237 ], [ 661883.12015657662414, 332758.799423987744376 ], [ 661876.12000929703936, 332759.799419257906266 ], [ 661867.119737952249125, 332762.799480229208712 ], [ 661862.119697129586712, 332764.799428561178502 ], [ 661848.119368572020903, 332772.799456630076747 ], [ 661826.118884811759926, 332782.799517095205374 ], [ 661821.118844678159803, 332784.799566657224204 ], [ 661748.11721596471034, 332814.799599951016717 ], [ 661734.116830932092853, 332816.799605197447818 ], [ 661727.11676504672505, 332815.799565461580642 ], [ 661726.116793257184327, 332815.79952764720656 ], [ 661719.116613112157211, 332817.799503612564877 ], [ 661716.116597090498544, 332817.799489351222292 ], [ 661709.116317413048819, 332819.799464983807411 ], [ 661705.116377061465755, 332823.799501788860653 ], [ 661697.116074057063088, 332829.799527746567037 ], [ 661677.115768944029696, 332844.799647589796223 ], [ 661668.115532980184071, 332857.799739473965019 ], [ 661665.115442534559406, 332859.799769198754802 ], [ 661648.115112271625549, 332862.799743339419365 ], [ 661639.114892904530279, 332864.799747934448533 ], [ 661622.11455226468388, 332870.79974044644041 ], [ 661614.114431229769252, 332874.799728114856407 ], [ 661610.114307907875627, 332875.799749937956221 ], [ 661608.114164837519638, 332875.799774370389059 ], [ 661595.114043593290262, 332864.799604150466621 ], [ 661591.113968659657985, 332861.799540656385943 ], [ 661584.113830276299268, 332862.799552516022231 ], [ 661562.113208468654193, 332866.799523708992638 ], [ 661556.113242526305839, 332867.799475559324492 ], [ 661552.113056868663989, 332867.799427382764407 ], [ 661543.112849404686131, 332866.799424567725509 ], [ 661534.112742508179508, 332865.799323506245855 ], [ 661500.112019190448336, 332873.799354467540979 ], [ 661483.111723873764277, 332878.799295663600788 ], [ 661471.111458783503622, 332881.799275947210845 ], [ 661462.111271925619803, 332885.79933693818748 ], [ 661454.111093186074868, 332888.79936298186658 ], [ 661451.111043622833677, 332889.799326674838085 ], [ 661449.110965222469531, 332890.799325863365084 ], [ 661431.110574366990477, 332907.799492515623569 ], [ 661430.110561243956909, 332911.799441823852248 ], [ 661403.10986656951718, 332930.79962899570819 ], [ 661390.109608052880503, 332948.799744974821806 ], [ 661387.109589727944694, 332951.7997517180047 ], [ 661385.109542104764841, 332954.799793340614997 ], [ 661379.109435594407842, 332962.799847621936351 ], [ 661331.108218160574324, 333023.800258699804544 ], [ 661320.108028705348261, 333035.800417120801285 ], [ 661306.107728879549541, 333050.800480824836995 ], [ 661301.107671627076343, 333056.800527448125649 ], [ 661300.107632722356357, 333058.800532463705167 ], [ 661300.10755276796408, 333069.800600340589881 ], [ 661300.107529519009404, 333087.800855340028647 ], [ 661303.107665166025981, 333092.800908303936012 ], [ 661304.107634526328184, 333092.800942505826242 ], [ 661305.10766950272955, 333093.800946985487826 ], [ 661306.107704461785033, 333094.800951463752426 ], [ 661307.107739403611049, 333095.800955946324393 ], [ 661309.107743654865772, 333096.800994672521483 ], [ 661313.107791156857274, 333094.80099426349625 ], [ 661316.10789974196814, 333094.800999110681005 ], [ 661318.10793915996328, 333094.800968812895007 ], [ 661320.107943336013705, 333095.801007736707106 ], [ 661322.107877864153124, 333098.801085198996589 ], [ 661323.108042658190243, 333101.801130025531165 ], [ 661323.108138309675269, 333104.801139513030648 ], [ 661323.108034298289567, 333107.801147140446119 ], [ 661323.108129948144779, 333110.801156478584744 ], [ 661321.107986850198358, 333113.801194168045186 ], [ 661320.1079480786575, 333115.801198028842919 ], [ 661316.107831656350754, 333119.801235976628959 ], [ 661313.107776578050107, 333129.801325077773072 ], [ 661309.107616056571715, 333166.801743473857641 ], [ 661307.107416409882717, 333188.801888216112275 ], [ 661307.107511557871476, 333191.80199528724188 ], [ 661308.107576079550199, 333194.802036702458281 ], [ 661309.107606289326213, 333198.802046521217562 ], [ 661310.107570866588503, 333201.802086882176809 ], [ 661309.107598594739102, 333204.802058629633393 ], [ 661309.107559595024213, 333208.802132786717266 ], [ 661308.107521828496829, 333210.802135113161057 ], [ 661307.10754879261367, 333213.802206476335414 ], [ 661305.107507674139924, 333216.802242642850615 ], [ 661303.107366834883578, 333219.802277883165516 ], [ 661299.107320193201303, 333224.802281933487393 ], [ 661297.107279468327761, 333227.802317954832688 ], [ 661294.107194573036395, 333238.802366342861205 ], [ 661292.107166918809526, 333258.802562682307325 ], [ 661281.106852188473567, 333257.802513169823214 ], [ 661279.106815579580143, 333257.802544074424077 ] ] ] } },
{ "type": "Feature", "properties": { "name": "Quai du Sartel", "source": "rue", "documents": 7, "instruments_de_recherche": 4, "geometrie_officielle": true, "rue_autre_forme": "Sartel, quai du", "url": "https://www.bn-r.fr/resultat.php?type_rech=pl&index%5B%5D=rue&value%5B%5D=%22Sartel%2C+quai+du%22&decouvrir_par_terme=Sartel%2C+quai+du" }, "geometry": { "type": "LineString", "coordinates": [ [ 660363.023838539025746, 333028.099635136895813 ], [ 660381.677012340049259, 332984.807955747237429 ], [ 660413.313969772891141, 332980.716075036558323 ], [ 660422.781603301526047, 332980.934672586154193 ], [ 660507.156351113924757, 332969.208252320648171 ], [ 660543.275533408625051, 332968.728382735338528 ], [ 660582.490010387846269, 332969.507814488606527 ], [ 660615.561616918770596, 332976.003227367298678 ], [ 660746.016007669037208, 333007.640368490130641 ], [ 660795.838975883903913, 333020.11345041973982 ], [ 660988.539151397068053, 333071.492684613447636 ], [ 661079.076118698227219, 333095.56065110838972 ], [ 661113.580220651463605, 333118.764758311968762 ], [ 661135.233756386791356, 333122.462222430040129 ], [ 661145.08123571285978, 333120.34998207364697 ], [ 661172.848241840023547, 333114.771816629858222 ], [ 661196.634859671699814, 333105.031423428910784 ], [ 661228.007587019354105, 333087.033709186594933 ], [ 661249.555920783895999, 333069.145774615230039 ], [ 661276.114421136211604, 333039.633120034704916 ], [ 661350.003647334757261, 332950.473035586532205 ], [ 661365.110982245532796, 332933.512773292604834 ], [ 661405.796771853347309, 332886.361697667045519 ], [ 661435.358570640091784, 332866.230376180086751 ], [ 661453.741601659334265, 332859.432883284986019 ], [ 661469.070683208177797, 332853.935359729453921 ], [ 661512.339495571097359, 332846.423818303679582 ] ] } },
{ "type": "Feature", "properties": { "name": "Rue de Sébastopol", "source": "rue", "documents": 16, "instruments_de_recherche": 7, "geometrie_officielle": true, "rue_autre_forme": "Sebastopol, rue de", "url": "https://www.bn-r.fr/resultat.php?type_rech=pl&index%5B%5D=rue&value%5B%5D=%22Sebastopol%2C+rue+de%22&decouvrir_par_terme=Sebastopol%2C+rue+de" }, "geometry": { "type": "MultiLineString", "coordinates": [ [ [ 659063.810490785399452, 332535.78968341142172 ], [ 659081.049244299880229, 332542.767629373585805 ], [ 659122.168271055910736, 332556.908621159032919 ], [ 659183.912751825992018, 332578.5108538614586 ] ], [ [ 658811.413426570128649, 332670.850105119869113 ], [ 658819.978243337594904, 332663.267661177436821 ], [ 658839.383491661748849, 332653.245911629870534 ], [ 658871.282280958374031, 332644.697345603257418 ], [ 658915.425836770096794, 332628.162309458712116 ], [ 658961.834229649277404, 332604.977073651389219 ], [ 659065.525001269415952, 332553.276552523428109 ] ] ] } },
{ "type": "Feature", "properties": { "name": "Rue des 7 Ponts", "source": "rue", "documents": 6, "instruments_de_recherche": 3, "geometrie_officielle": true, "rue_autre_forme": "Sept ponts, rue des", "url": "https://www.bn-r.fr/resultat.php?type_rech=pl&index%5B%5D=rue&value%5B%5D=%22Sept+ponts%2C+rue+des%22&decouvrir_par_terme=Sept+ponts%2C+rue+des" }, "geometry": { "type": "LineString", "coordinates": [ [ 659225.973884615348652, 333735.087800406850874 ], [ 659262.385765818064101, 333764.976807041210122 ], [ 659350.410633853520267, 333747.709721678402275 ], [ 659426.739607572671957, 333752.788364558946341 ], [ 659454.711005978635512, 333741.084200081299059 ], [ 659517.341962053207681, 333745.232490766909905 ], [ 659583.221631620195694, 333749.529106697125826 ], [ 659606.011622403748333, 333777.821789914683904 ], [ 659605.356519449036568, 333792.167144315200858 ] ] } },
{ "type": "Feature", "properties": { "name": "Rue du Sergent Louis Bettremieux", "source": "rue", "documents": 1, "instruments_de_recherche": 1, "geometrie_officielle": true, "rue_autre_forme": "Sergent Betremieux, rue", "url": "https://www.bn-r.fr/resultat.php?type_rech=pl&index%5B%5D=rue&value%5B%5D=%22Sergent+Betremieux%2C+rue%22&decouvrir_par_terme=Sergent+Betremieux%2C+rue" }, "geometry": { "type": "LineString", "coordinates": [ [ 661017.017559125437401, 332195.083535581361502 ], [ 661043.985514977830462, 332117.732467143330723 ], [ 661061.921283640083857, 332088.453874147497118 ] ] } },
{ "type": "Feature", "properties": { "name": "Rue de Soubise", "source": "rue", "documents": 124, "instruments_de_recherche": 9, "geometrie_officielle": true, "rue_autre_forme": "Soubise, rue de", "url": "https://www.bn-r.fr/resultat.php?type_rech=pl&index%5B%5D=rue&value%5B%5D=%22Soubise%2C+rue+de%22&decouvrir_par_terme=Soubise%2C+rue+de" }, "geometry": { "type": "MultiLineString", "coordinates": [ [ [ 658777.401541902450845, 332332.688863546238281 ], [ 658728.140863531152718, 332255.376388884615153 ] ], [ [ 658728.140863531152718, 332255.376388884615153 ], [ 658645.396463610581122, 332124.736138046719134 ], [ 658635.877704969025217, 332116.175657311279792 ] ], [ [ 658777.401541902450845, 332332.688863546238281 ], [ 658811.345335420803167, 332401.599552203435451 ], [ 658834.78583264327608, 332448.698794054391328 ] ], [ [ 658834.78583264327608, 332448.698794054391328 ], [ 658915.425836770096794, 332628.162309458712116 ] ] ] } },
{ "type": "Feature", "properties": { "name": "Rue Stephenson", "source": "rue", "documents": 1, "instruments_de_recherche": 1, "geometrie_officielle": true, "rue_autre_forme": "Stephenson, rue", "url": "https://www.bn-r.fr/resultat.php?type_rech=pl&index%5B%5D=rue&value%5B%5D=%22Stephenson%2C+rue%22&decouvrir_par_terme=Stephenson%2C+rue" }, "geometry": { "type": "LineString", "coordinates": [ [ 658719.769729595282115, 333874.458427610632498 ], [ 658679.941465456970036, 333897.940769196138717 ], [ 658636.2518837825628, 333925.608830867917277 ], [ 658614.622274942230433, 333939.167210418265313 ] ] } },
{ "type": "Feature", "properties": { "name": "Boulevard de Strasbourg", "source": "rue", "documents": 43, "instruments_de_recherche": 7, "geometrie_officielle": true, "rue_autre_forme": "Strasbourg, boulevard de", "url": "https://www.bn-r.fr/resultat.php?type_rech=pl&index%5B%5D=rue&value%5B%5D=%22Strasbourg%2C+boulevard+de%22&decouvrir_par_terme=Strasbourg%2C+boulevard+de" }, "geometry": { "type": "LineString", "coordinates": [ [ 660165.072589693940245, 333178.288504608673975 ], [ 660145.117645405349322, 333230.689660033676773 ], [ 660107.870957103557885, 333331.294344912806991 ], [ 660102.035069428500719, 333347.472623568843119 ], [ 660074.204484520130791, 333421.592410345911048 ], [ 660049.800817851908505, 333486.405050313100219 ], [ 660033.11910963547416, 333530.721509145048913 ], [ 660027.870206341613084, 333545.015054801711813 ], [ 659983.669641846325248, 333661.11893797700759 ], [ 659960.588698062812909, 333721.607743933098391 ], [ 659946.885300084715709, 333758.837308377027512 ], [ 659917.969097971683368, 333835.616068749455735 ], [ 659888.226529570296407, 333916.836167340690736 ] ] } },
{ "type": "Feature", "properties": { "name": "Rue Ternaux", "source": "rue", "documents": 1, "instruments_de_recherche": 1, "geometrie_officielle": true, "rue_autre_forme": "Ternaux, rue", "url": "https://www.bn-r.fr/resultat.php?type_rech=pl&index%5B%5D=rue&value%5B%5D=%22Ternaux%2C+rue%22&decouvrir_par_terme=Ternaux%2C+rue" }, "geometry": { "type": "LineString", "coordinates": [ [ 659755.718288870411925, 333439.818603633786552 ], [ 659623.180182292708196, 333462.255097614019178 ] ] } },
{ "type": "Feature", "properties": { "name": "Allée des Tilleuls", "source": "rue", "documents": 2, "instruments_de_recherche": 1, "geometrie_officielle": true, "rue_autre_forme": "Tilleuls, allée des", "url": "https://www.bn-r.fr/resultat.php?type_rech=pl&index%5B%5D=rue&value%5B%5D=%22Tilleuls%2C+all%C3%A9e+des%22&decouvrir_par_terme=Tilleuls%2C+all%C3%A9e+des" }, "geometry": { "type": "LineString", "coordinates": [ [ 658302.63993224571459, 332390.892701453354675 ], [ 658371.486993675818667, 332312.985388704109937 ], [ 658371.584458937286399, 332304.085653917689342 ] ] } },
{ "type": "Feature", "properties": { "name": "Rue de Toulouse", "source": "rue", "documents": 2, "instruments_de_recherche": 2, "geometrie_officielle": false, "rue_autre_forme": "Toulouse, rue de", "url": "https://www.bn-r.fr/resultat.php?type_rech=pl&index%5B%5D=rue&value%5B%5D=%22Toulouse%2C+rue+de%22&decouvrir_par_terme=Toulouse%2C+rue+de" }, "geometry": { "type": "Point", "coordinates": [ 658855.554143491201103, 333893.936295128951315 ] } },
{ "type": "Feature", "properties": { "name": "Rue de la Tour", "source": "rue", "documents": 1, "instruments_de_recherche": 1, "geometrie_officielle": true, "rue_autre_forme": "Tour, rue de la", "url": "https://www.bn-r.fr/resultat.php?type_rech=pl&index%5B%5D=rue&value%5B%5D=%22Tour%2C+rue+de+la%22&decouvrir_par_terme=Tour%2C+rue+de+la" }, "geometry": { "type": "LineString", "coordinates": [ [ 659063.810490785399452, 332535.78968341142172 ], [ 659007.608523664646782, 332517.810547556728125 ], [ 658990.615334698697552, 332514.173368300660513 ], [ 658986.158225881750695, 332514.569079260341823 ], [ 658943.731109082465991, 332420.529830772662535 ] ] } },
{ "type": "Feature", "properties": { "name": "Rue de Tourcoing", "source": "rue", "documents": 69, "instruments_de_recherche": 9, "geometrie_officielle": true, "rue_autre_forme": "Tourcoing, rue de", "url": "https://www.bn-r.fr/resultat.php?type_rech=pl&index%5B%5D=rue&value%5B%5D=%22Tourcoing%2C+rue+de%22&decouvrir_par_terme=Tourcoing%2C+rue+de" }, "geometry": { "type": "MultiLineString", "coordinates": [ [ [ 659187.719145693583414, 333762.923031580401585 ], [ 659170.609712539357133, 333789.213129664480221 ], [ 659162.843598670209758, 333807.707484622602351 ] ], [ [ 659162.843598670209758, 333807.707484622602351 ], [ 659144.405187916941941, 333851.895940203103237 ], [ 659132.659585999557748, 333878.802012147265486 ] ], [ [ 659061.772271914756857, 334045.908766941633075 ], [ 659047.327186451177113, 334080.573400748195127 ], [ 659016.355507388245314, 334152.883793126617093 ], [ 658996.190655797487125, 334200.057740238320548 ], [ 658953.02433387900237, 334301.829000286583323 ], [ 658900.788003438385203, 334425.307577395578846 ] ], [ [ 658900.788003438385203, 334425.307577395578846 ], [ 658897.576353794429451, 334434.618021676549688 ], [ 658891.767425565049052, 334448.79525567550445 ], [ 658885.604079315322451, 334463.079840765334666 ], [ 658884.239716951735318, 334465.067464970052242 ] ] ] } },
{ "type": "Feature", "properties": { "name": "Rue de Tournai", "source": "rue", "documents": 5, "instruments_de_recherche": 2, "geometrie_officielle": true, "rue_autre_forme": "Tournai, rue de", "url": "https://www.bn-r.fr/resultat.php?type_rech=pl&index%5B%5D=rue&value%5B%5D=%22Tournai%2C+rue+de%22&decouvrir_par_terme=Tournai%2C+rue+de" }, "geometry": { "type": "LineString", "coordinates": [ [ 661176.71171109075658, 332156.303996689792257 ], [ 661149.526326980208978, 332203.166524598142132 ], [ 661097.392983826459385, 332299.142873416130897 ] ] } },
{ "type": "Feature", "properties": { "name": "Place du Travail", "source": "rue", "documents": 9, "instruments_de_recherche": 7, "geometrie_officielle": true, "rue_autre_forme": "Travail, place du", "url": "https://www.bn-r.fr/resultat.php?type_rech=pl&index%5B%5D=rue&value%5B%5D=%22Travail%2C+place+du%22&decouvrir_par_terme=Travail%2C+place+du" }, "geometry": { "type": "LineString", "coordinates": [ [ 659520.517665615305305, 331315.34069216507487 ], [ 659443.604395382804796, 331315.150056540151127 ] ] } },
{ "type": "Feature", "properties": { "name": "Trichon", "source": "quartier", "documents": 20, "instruments_de_recherche": 5, "geometrie_officielle": false, "rue_autre_forme": null, "url": "https://www.bn-r.fr/resultat.php?type_rech=pl&index%5B%5D=quartier&value%5B%5D=%22Trichon%22&decouvrir_par_terme=Trichon" }, "geometry": { "type": "Polygon", "coordinates": [ [ [ 658331.71346996538341, 332995.43405167007586 ], [ 658275.172424255404621, 333027.303891178395133 ], [ 658264.850720997201279, 333031.943477096385323 ], [ 658246.658810463617556, 333004.729284175438806 ], [ 658234.462816464132629, 332986.024430275312625 ], [ 658222.788438744144514, 332968.063808316364884 ], [ 658209.966037507983856, 332948.508057873812504 ], [ 658197.338897507521324, 332930.750315144250635 ], [ 658183.410623649251647, 332911.987818193098065 ], [ 658167.836504417005926, 332892.935931042360608 ], [ 658142.680373453651555, 332864.949347290559672 ], [ 658157.1709177052835, 332854.480672036181204 ], [ 658162.270802255836315, 332850.170619268203154 ], [ 658214.771915379795246, 332806.060520753788296 ], [ 658285.173354959697463, 332747.410462697909679 ], [ 658319.204144422081299, 332716.150414895440917 ], [ 658388.75562882295344, 332659.200333971064538 ], [ 658451.646882947301492, 332606.990212970122229 ], [ 658499.067837390699424, 332566.330171874491498 ], [ 658585.919583195354789, 332493.870099000632763 ], [ 658680.561048260889947, 332416.206919327029027 ], [ 658777.283513825736009, 332333.959954940131865 ], [ 658872.176076115109026, 332253.857118254294619 ], [ 658912.716078101308085, 332277.570674410439096 ], [ 659052.068297249032184, 332359.062967371428385 ], [ 659051.470310298376717, 332391.890505412244238 ], [ 659065.027984142303467, 332555.095496727852151 ], [ 658915.685126162017696, 332626.894896722515114 ], [ 658809.974825285142288, 332667.932686939020641 ], [ 658832.175775255891494, 332711.040216415771283 ], [ 658850.143589965300635, 332740.124929432175122 ], [ 658895.424070790992118, 332847.017396640498191 ], [ 658848.132560862810351, 332841.579816847399343 ], [ 658809.372533548623323, 332843.156573462649249 ], [ 658699.640520593849942, 332868.215865606442094 ], [ 658637.279377036262304, 332882.155507771880366 ], [ 658415.671898922882974, 332933.929399966960773 ], [ 658331.71346996538341, 332995.43405167007586 ] ] ] } },
{ "type": "Feature", "properties": { "name": "Place du Trichon", "source": "rue", "documents": 20, "instruments_de_recherche": 9, "geometrie_officielle": true, "rue_autre_forme": "Trichon, place du", "url": "https://www.bn-r.fr/resultat.php?type_rech=pl&index%5B%5D=rue&value%5B%5D=%22Trichon%2C+place+du%22&decouvrir_par_terme=Trichon%2C+place+du" }, "geometry": { "type": "LineString", "coordinates": [ [ 658819.260260695009492, 332696.304054673179053 ], [ 658777.352173357037827, 332696.064227490336634 ] ] } },
{ "type": "Feature", "properties": { "name": "Trois Ponts", "source": "quartier", "documents": 18, "instruments_de_recherche": 9, "geometrie_officielle": false, "rue_autre_forme": null, "url": "https://www.bn-r.fr/resultat.php?type_rech=pl&index%5B%5D=quartier&value%5B%5D=%22Trois+Ponts%22&decouvrir_par_terme=Trois+Ponts" }, "geometry": { "type": "Polygon", "coordinates": [ [ [ 661141.110696432413533, 332632.488731803779956 ], [ 660988.762259320355952, 332513.813654038356617 ], [ 660898.820827439543791, 332443.241946325986646 ], [ 661025.964813314261846, 332247.57768530305475 ], [ 661011.573114991537295, 332239.22090352664236 ], [ 661007.5330387953436, 332231.230786387692206 ], [ 661012.253218081081286, 332207.580628109164536 ], [ 661016.663130696746521, 332194.630531590024475 ], [ 660947.762080281740054, 332151.429328589816578 ], [ 660945.472030597389676, 332122.359033263288438 ], [ 660941.282147321500815, 332061.928419528994709 ], [ 660958.402546712313779, 332025.488211043353658 ], [ 661067.984987710835412, 331802.566775214625522 ], [ 661073.295055432477966, 331804.876765760127455 ], [ 661083.855263120494783, 331811.816855047771242 ], [ 661125.806163215544075, 331772.586607264354825 ], [ 661132.357552505796775, 331767.079245974775404 ], [ 661259.52865756675601, 331890.228374232421629 ], [ 661379.890969455474988, 332003.389969803858548 ], [ 661456.96479527419433, 332075.095695676165633 ], [ 661425.816201606532559, 332129.441726839460898 ], [ 661341.999791963840835, 332276.202674035099335 ], [ 661180.075973315513693, 332562.654975476907566 ], [ 661141.110696432413533, 332632.488731803779956 ] ] ] } },
{ "type": "Feature", "properties": { "name": "Rue de la Tuilerie", "source": "rue", "documents": 4, "instruments_de_recherche": 3, "geometrie_officielle": true, "rue_autre_forme": "Tuilerie, rue de la", "url": "https://www.bn-r.fr/resultat.php?type_rech=pl&index%5B%5D=rue&value%5B%5D=%22Tuilerie%2C+rue+de+la%22&decouvrir_par_terme=Tuilerie%2C+rue+de+la" }, "geometry": { "type": "MultiLineString", "coordinates": [ [ [ 659479.890942844911478, 332643.555344520427752 ], [ 659481.371141171548516, 332650.247491793707013 ], [ 659537.69748144922778, 332682.1406219053315 ], [ 659547.018114832113497, 332682.912316217843909 ] ], [ [ 659559.130008730455302, 332826.017444520024583 ], [ 659597.541354670538567, 332753.348662104399409 ], [ 659609.52830003015697, 332730.563050059485249 ], [ 659610.963046156452037, 332722.345818287692964 ], [ 659600.326191486092284, 332712.88097052910598 ], [ 659547.018114832113497, 332682.912316217843909 ], [ 659547.018114832113497, 332682.912316217843909 ] ] ] } },
{ "type": "Feature", "properties": { "name": "Rue de Tunis", "source": "rue", "documents": 6, "instruments_de_recherche": 3, "geometrie_officielle": true, "rue_autre_forme": "Tunis, rue de", "url": "https://www.bn-r.fr/resultat.php?type_rech=pl&index%5B%5D=rue&value%5B%5D=%22Tunis%2C+rue+de%22&decouvrir_par_terme=Tunis%2C+rue+de" }, "geometry": { "type": "MultiLineString", "coordinates": [ [ [ 659645.254953078227118, 332158.973113599116914 ], [ 659792.636686830432154, 332025.999527617066633 ] ], [ [ 659601.47879547055345, 332198.98214785970049 ], [ 659645.254953078227118, 332158.973113599116914 ] ] ] } },
{ "type": "Feature", "properties": { "name": "Rue de Turenne", "source": "rue", "documents": 1, "instruments_de_recherche": 1, "geometrie_officielle": true, "rue_autre_forme": "Turenne, rue de", "url": "https://www.bn-r.fr/resultat.php?type_rech=pl&index%5B%5D=rue&value%5B%5D=%22Turenne%2C+rue+de%22&decouvrir_par_terme=Turenne%2C+rue+de" }, "geometry": { "type": "LineString", "coordinates": [ [ 658251.448342708405107, 332651.349207793129608 ], [ 658168.800104128196836, 332718.649028139130678 ] ] } },
{ "type": "Feature", "properties": { "name": "Rue Turgot", "source": "rue", "documents": 13, "instruments_de_recherche": 5, "geometrie_officielle": true, "rue_autre_forme": "Turgot, rue", "url": "https://www.bn-r.fr/resultat.php?type_rech=pl&index%5B%5D=rue&value%5B%5D=%22Turgot%2C+rue%22&decouvrir_par_terme=Turgot%2C+rue" }, "geometry": { "type": "MultiLineString", "coordinates": [ [ [ 659298.242021670681424, 333895.55115507543087 ], [ 659281.636705153388903, 333908.272670469305012 ], [ 659271.880107392906211, 333946.882995500345714 ], [ 659264.835089136264287, 333957.708221231063362 ], [ 659231.481941256788559, 334008.73999082564842 ], [ 659204.430599249782972, 334052.276235222234391 ], [ 659166.205563155352138, 334115.826805949211121 ], [ 659158.868717050878331, 334165.701617034268565 ], [ 659152.144106860156171, 334211.355319001129828 ], [ 659144.294455552473664, 334262.89339637872763 ], [ 659138.691240357817151, 334296.654625731869601 ], [ 659133.145319517352618, 334306.161540701868944 ] ], [ [ 659133.145319517352618, 334306.161540701868944 ], [ 659077.348902606172487, 334355.276361011317931 ], [ 659024.287300292169675, 334399.971611142391339 ], [ 659013.93334516196046, 334416.212328597670421 ], [ 659002.775289304903708, 334454.028859365382232 ], [ 658999.240247961948626, 334467.007288155029528 ] ] ] } },
{ "type": "Feature", "properties": { "name": "Rue de Turin", "source": "rue", "documents": 1, "instruments_de_recherche": 1, "geometrie_officielle": true, "rue_autre_forme": "Turin, rue de", "url": "https://www.bn-r.fr/resultat.php?type_rech=pl&index%5B%5D=rue&value%5B%5D=%22Turin%2C+rue+de%22&decouvrir_par_terme=Turin%2C+rue+de" }, "geometry": { "type": "LineString", "coordinates": [ [ 658045.447416440816596, 333454.070360696874559 ], [ 657971.44695736374706, 333513.790571458055638 ] ] } },
{ "type": "Feature", "properties": { "name": "Rue Vallon", "source": "rue", "documents": 4, "instruments_de_recherche": 3, "geometrie_officielle": true, "rue_autre_forme": "Vallon, rue", "url": "https://www.bn-r.fr/resultat.php?type_rech=pl&index%5B%5D=rue&value%5B%5D=%22Vallon%2C+rue%22&decouvrir_par_terme=Vallon%2C+rue" }, "geometry": { "type": "LineString", "coordinates": [ [ 658865.035493653151207, 334060.977099942043424 ], [ 658765.379253176273778, 334146.883223501732573 ] ] } },
{ "type": "Feature", "properties": { "name": "Rue de Valmy", "source": "rue", "documents": 2, "instruments_de_recherche": 1, "geometrie_officielle": true, "rue_autre_forme": "Valmy, rue de", "url": "https://www.bn-r.fr/resultat.php?type_rech=pl&index%5B%5D=rue&value%5B%5D=%22Valmy%2C+rue+de%22&decouvrir_par_terme=Valmy%2C+rue+de" }, "geometry": { "type": "LineString", "coordinates": [ [ 659705.039341569179669, 332267.453665709123015 ], [ 659601.47879547055345, 332198.98214785970049 ], [ 659477.072931582340971, 332117.040086757740937 ] ] } },
{ "type": "Feature", "properties": { "name": "Vauban", "source": "quartier", "documents": 4, "instruments_de_recherche": 2, "geometrie_officielle": false, "rue_autre_forme": null, "url": "https://www.bn-r.fr/resultat.php?type_rech=pl&index%5B%5D=quartier&value%5B%5D=%22Vauban%22&decouvrir_par_terme=Vauban" }, "geometry": { "type": "Polygon", "coordinates": [ [ [ 659236.528671519830823, 332458.605243586935103 ], [ 659185.680400067940354, 332437.555269350181334 ], [ 659052.068297249032184, 332359.062967371428385 ], [ 658912.716078101308085, 332277.570674410439096 ], [ 658872.176076115109026, 332253.857118254294619 ], [ 658668.222187008475885, 332134.556397008360364 ], [ 658631.673397300415672, 332114.614846376003698 ], [ 658476.999102787231095, 332022.813095396384597 ], [ 658424.278315227944404, 331991.18225382239325 ], [ 658354.625809636898339, 331950.721896268019918 ], [ 658360.057310962933116, 331944.760948185750749 ], [ 658372.05757696647197, 331931.760931335506029 ], [ 658375.057641650433652, 331928.760921857203357 ], [ 658378.057715448667295, 331924.760933244950138 ], [ 658381.057780475006439, 331921.760923742549494 ], [ 658384.057845648378134, 331918.760914233862422 ], [ 658387.057910984032787, 331915.760904727969319 ], [ 658390.057976466836408, 331912.760895219922531 ], [ 658395.058128628414124, 331906.760867091361433 ], [ 658398.058204566477798, 331902.76077839609934 ], [ 658404.058326869620942, 331897.760838468151633 ], [ 658413.058497850899585, 331891.760847982601263 ], [ 658417.058553354116157, 331887.760868330602534 ], [ 658421.058599799405783, 331884.760868172277696 ], [ 658431.058862327015959, 331877.760809221363161 ], [ 658436.058898487011902, 331873.760839138529263 ], [ 658441.059045206871815, 331868.760790571570396 ], [ 658460.05939545831643, 331854.760862778115552 ], [ 658482.059733710135333, 331885.761453423358034 ], [ 658487.059771313215606, 331881.761485793162137 ], [ 658492.059909973293543, 331877.761419296439271 ], [ 658496.059968689572997, 331873.761441849987023 ], [ 658504.060176749480888, 331866.761467482428998 ], [ 658511.060307131498121, 331859.761382426018827 ], [ 658518.060427326825447, 331853.761376956943423 ], [ 658527.060639229603112, 331844.761353597976267 ], [ 658536.060741509892978, 331836.761409082158934 ], [ 658542.0608740785392, 331831.761373504938092 ], [ 658546.060947370249778, 331826.761316330288537 ], [ 658551.06098971539177, 331822.761349373497069 ], [ 658556.061143589555286, 331817.76130347448634 ], [ 658559.061215093941428, 331814.761395549809095 ], [ 658566.061252081650309, 331807.761309718131088 ], [ 658571.061506196041591, 331802.761364521633368 ], [ 658571.757801868487149, 331801.580381938430946 ], [ 658621.772238575736992, 331842.972310941549949 ], [ 658767.17641399661079, 331733.738844667153899 ], [ 658873.383348338422365, 331885.578219130751677 ], [ 659004.35829675453715, 332072.679003179538995 ], [ 659019.483523289323784, 332094.568732316722162 ], [ 659172.110521799651906, 332311.67357959819492 ], [ 659253.248543074936606, 332433.299455442640465 ], [ 659236.528671519830823, 332458.605243586935103 ] ] ] } },
{ "type": "Feature", "properties": { "name": "Rue Vauban", "source": "rue", "documents": 3, "instruments_de_recherche": 1, "geometrie_officielle": true, "rue_autre_forme": "Vauban, rue", "url": "https://www.bn-r.fr/resultat.php?type_rech=pl&index%5B%5D=rue&value%5B%5D=%22Vauban%2C+rue%22&decouvrir_par_terme=Vauban%2C+rue" }, "geometry": { "type": "MultiLineString", "coordinates": [ [ [ 658675.405609901761636, 331915.675192840164527 ], [ 658533.488533492200077, 332055.41495748446323 ] ], [ [ 658675.405609901761636, 331915.675192840164527 ], [ 658803.324758286122233, 331789.581008592620492 ] ] ] } },
{ "type": "Feature", "properties": { "name": "Avenue de Verdun", "source": "rue", "documents": 1, "instruments_de_recherche": 1, "geometrie_officielle": true, "rue_autre_forme": "Verdun, avenue de", "url": "https://www.bn-r.fr/resultat.php?type_rech=pl&index%5B%5D=rue&value%5B%5D=%22Verdun%2C+avenue+de%22&decouvrir_par_terme=Verdun%2C+avenue+de" }, "geometry": { "type": "LineString", "coordinates": [ [ 660897.023589247837663, 332440.264696916565299 ], [ 660964.704187226714566, 332337.899814135220367 ], [ 661003.039519408834167, 332280.037882884731516 ], [ 661025.537098780274391, 332247.362288598204032 ], [ 661080.849810212268494, 332163.771626207337249 ], [ 661111.202392801293172, 332118.057679426739924 ], [ 661174.230742434272543, 332021.427736772282515 ], [ 661259.061438166536391, 331891.55968571593985 ], [ 661369.060563603648916, 331724.933015374001116 ] ] } },
{ "type": "Feature", "properties": { "name": "Rue Victor Hugo", "source": "rue", "documents": 4, "instruments_de_recherche": 2, "geometrie_officielle": true, "rue_autre_forme": "Victor Hugo, rue", "url": "https://www.bn-r.fr/resultat.php?type_rech=pl&index%5B%5D=rue&value%5B%5D=%22Victor+Hugo%2C+rue%22&decouvrir_par_terme=Victor+Hugo%2C+rue" }, "geometry": { "type": "MultiLineString", "coordinates": [ [ [ 660781.209843181888573, 332096.705204481026158 ], [ 660906.41377073712647, 332199.937818522332236 ], [ 661003.039519408834167, 332280.037882884731516 ] ], [ [ 660553.388858835794963, 331910.532523427857086 ], [ 660615.582529447972775, 331961.195320036495104 ], [ 660781.209843181888573, 332096.705204481026158 ] ] ] } },
{ "type": "Feature", "properties": { "name": "Rue du Vieil Abreuvoir", "source": "rue", "documents": 55, "instruments_de_recherche": 12, "geometrie_officielle": true, "rue_autre_forme": "Vieil abreuvoir, rue du", "url": "https://www.bn-r.fr/resultat.php?type_rech=pl&index%5B%5D=rue&value%5B%5D=%22Vieil+abreuvoir%2C+rue+du%22&decouvrir_par_terme=Vieil+abreuvoir%2C+rue+du" }, "geometry": { "type": "LineString", "coordinates": [ [ 659139.304751982796006, 332891.54757798591163 ], [ 659113.627755298512056, 332944.556496119592339 ], [ 659108.63629774725996, 332961.301474098232575 ], [ 659127.664269561180845, 333004.347868460579775 ], [ 659140.528007125714794, 333016.951791075058281 ], [ 659153.521617602324113, 333024.216679383069277 ], [ 659191.004033121862449, 333028.193198573368136 ] ] } },
{ "type": "Feature", "properties": { "name": "Rue de la Vigne", "source": "rue", "documents": 29, "instruments_de_recherche": 8, "geometrie_officielle": true, "rue_autre_forme": "Vigne, rue de la", "url": "https://www.bn-r.fr/resultat.php?type_rech=pl&index%5B%5D=rue&value%5B%5D=%22Vigne%2C+rue+de+la%22&decouvrir_par_terme=Vigne%2C+rue+de+la" }, "geometry": { "type": "LineString", "coordinates": [ [ 659605.356519449036568, 333792.167144315200858 ], [ 659722.004368817666546, 333843.87458066130057 ], [ 659813.274743032758124, 333883.728507592750248 ], [ 659888.226529570296407, 333916.836167340690736 ], [ 659969.240816082223319, 333951.125740459770896 ] ] } },
{ "type": "Feature", "properties": { "name": "Rue du Vivier", "source": "rue", "documents": 5, "instruments_de_recherche": 3, "geometrie_officielle": true, "rue_autre_forme": "Vivier, rue du", "url": "https://www.bn-r.fr/resultat.php?type_rech=pl&index%5B%5D=rue&value%5B%5D=%22Vivier%2C+rue+du%22&decouvrir_par_terme=Vivier%2C+rue+du" }, "geometry": { "type": "LineString", "coordinates": [ [ 658286.075638355803676, 332890.826079176156782 ], [ 658214.773867907817475, 332806.045241390005685 ], [ 658186.719688371638767, 332773.362146166153252 ] ] } },
{ "type": "Feature", "properties": { "name": "Rue Voltaire", "source": "rue", "documents": 6, "instruments_de_recherche": 3, "geometrie_officielle": true, "rue_autre_forme": "Voltaire, rue", "url": "https://www.bn-r.fr/resultat.php?type_rech=pl&index%5B%5D=rue&value%5B%5D=%22Voltaire%2C+rue%22&decouvrir_par_terme=Voltaire%2C+rue" }, "geometry": { "type": "MultiLineString", "coordinates": [ [ [ 659132.659585999557748, 333878.802012147265486 ], [ 659170.975623966776766, 333896.250311862851959 ], [ 659191.056245373561978, 333920.505736340535805 ], [ 659202.547169287921861, 333948.337411168264225 ], [ 659221.962601675419137, 334000.623375506140292 ], [ 659231.481941256788559, 334008.73999082564842 ] ], [ [ 659374.202852317364886, 334130.045523614622653 ], [ 659466.041445863549598, 334207.394966828695033 ], [ 659468.351692086085677, 334209.312194159370847 ], [ 659493.061548942816444, 334230.060131205478683 ] ], [ [ 659231.481941256788559, 334008.73999082564842 ], [ 659324.152679184800945, 334087.876325336052105 ], [ 659374.202852317364886, 334130.045523614622653 ] ], [ [ 659493.061548942816444, 334230.060131205478683 ], [ 659513.361487499903888, 334247.087302509578876 ], [ 659620.809315704624169, 334337.186422881786712 ] ] ] } },
{ "type": "Feature", "properties": { "name": "Rue de Wasquehal", "source": "rue", "documents": 18, "instruments_de_recherche": 10, "geometrie_officielle": true, "rue_autre_forme": "Wasquehal, rue de", "url": "https://www.bn-r.fr/resultat.php?type_rech=pl&index%5B%5D=rue&value%5B%5D=%22Wasquehal%2C+rue+de%22&decouvrir_par_terme=Wasquehal%2C+rue+de" }, "geometry": { "type": "MultiLineString", "coordinates": [ [ [ 657668.07349380501546, 332397.896666765213013 ], [ 657685.752477609785274, 332390.522300219046883 ], [ 657711.163594179786742, 332380.561468993662857 ], [ 657720.450455865240656, 332377.991793536697514 ], [ 657766.204988156212494, 332375.705983848543838 ], [ 657808.629559538094327, 332374.163268956472166 ], [ 657825.184781234944239, 332372.673951927805319 ], [ 657837.079316215938888, 332370.800330175668932 ], [ 657846.378331537591293, 332367.11840606899932 ], [ 657878.548373232246377, 332353.115111036226153 ], [ 657890.312502765678801, 332350.238852136302739 ], [ 657923.833122968673706, 332368.070844626170583 ] ], [ [ 658008.189062381978147, 332488.258985449792817 ], [ 657979.620275131892413, 332457.129102493578102 ], [ 657960.932959852274507, 332427.219429039338138 ], [ 657923.970839078887366, 332368.406121141044423 ] ] ] } },
{ "type": "Feature", "properties": { "name": "Rue Watt", "source": "rue", "documents": 12, "instruments_de_recherche": 6, "geometrie_officielle": true, "rue_autre_forme": "Watt, rue", "url": "https://www.bn-r.fr/resultat.php?type_rech=pl&index%5B%5D=rue&value%5B%5D=%22Watt%2C+rue%22&decouvrir_par_terme=Watt%2C+rue" }, "geometry": { "type": "LineString", "coordinates": [ [ 658087.261408033082262, 332444.393625551136211 ], [ 658120.908723823842593, 332411.60494211059995 ], [ 658168.778396976762451, 332377.414029181469232 ], [ 658235.295981772942469, 332331.411178125650622 ], [ 658298.111753557808697, 332287.927645502786618 ], [ 658329.520632863743231, 332266.130537247285247 ] ] } },
{ "type": "Feature", "properties": { "name": "Quai de Wattrelos", "source": "rue", "documents": 6, "instruments_de_recherche": 3, "geometrie_officielle": true, "rue_autre_forme": "Wattrelos, quai de", "url": "https://www.bn-r.fr/resultat.php?type_rech=pl&index%5B%5D=rue&value%5B%5D=%22Wattrelos%2C+quai+de%22&decouvrir_par_terme=Wattrelos%2C+quai+de" }, "geometry": { "type": "LineString", "coordinates": [ [ 660426.595095542841591, 333031.045303467661142 ], [ 660448.151015914278105, 333018.494766497169621 ], [ 660468.683648050297052, 333015.167358554666862 ], [ 660485.567039324552752, 333015.804001496057026 ], [ 660541.426137039205059, 333013.322989005944692 ], [ 660579.841494686785154, 333015.984762225998566 ], [ 660610.115401439368725, 333019.889342042151839 ], [ 660673.631924729794264, 333033.852170377038419 ], [ 660711.027384956832975, 333039.173543721670285 ], [ 660726.546539518167265, 333041.686846516095102 ], [ 660779.319289455073886, 333055.75104721414391 ], [ 660818.124769980204292, 333067.54239550139755 ], [ 660947.776849501417018, 333101.066813120211009 ], [ 661095.827851562295109, 333138.476936505234335 ], [ 661102.351651343982667, 333136.549035190895665 ], [ 661123.789309892454185, 333140.577761862601619 ], [ 661139.085792396916077, 333143.979808478266932 ], [ 661165.089123688288964, 333144.278208158910275 ], [ 661203.357340652495623, 333135.037866078782827 ], [ 661227.657729165279306, 333123.63459476956632 ], [ 661260.817136237514205, 333097.758061458240263 ], [ 661296.900318608619273, 333057.340159487095661 ], [ 661326.588535893359222, 333019.964217547909357 ], [ 661383.733342090155929, 332948.858746125071775 ], [ 661424.477026251959614, 332902.821086478885263 ], [ 661474.796092295204289, 332872.248211718164384 ], [ 661522.984311082866043, 332861.010631888348144 ] ] } },
{ "type": "Feature", "properties": { "name": "Rue Winston Churchill", "source": "rue", "documents": 7, "instruments_de_recherche": 5, "geometrie_officielle": true, "rue_autre_forme": "Winston Churchill, rue", "url": "https://www.bn-r.fr/resultat.php?type_rech=pl&index%5B%5D=rue&value%5B%5D=%22Winston+Churchill%2C+rue%22&decouvrir_par_terme=Winston+Churchill%2C+rue" }, "geometry": { "type": "LineString", "coordinates": [ [ 659547.018114832113497, 332682.912316217843909 ], [ 659552.975492700119503, 332674.745604886615183 ], [ 659578.840655561536551, 332649.667296145053115 ], [ 659607.15929788199719, 332601.140593890682794 ], [ 659659.799196220003068, 332514.056349438847974 ], [ 659664.571736425859854, 332504.430117465788499 ], [ 659665.251986432471313, 332487.859930138860364 ], [ 659659.204567514825612, 332478.780140562797897 ], [ 659626.646394441719167, 332457.610101303784177 ], [ 659616.408163633546792, 332450.37490633293055 ], [ 659608.471175867365673, 332439.605136238911655 ] ] } }
]
}
