{
  "type": "FeatureCollection",
  "features": [
    {
      "type": "Feature",
      "geometry": {
        "type": "Point",
        "coordinates": [
          3.189069271039734,
          50.67904926823941
        ]
      },
      "properties": {
        "name": "17 Grand'Place",
        "source": "adresse",
        "documents": 1,
        "instruments_de_recherche": 1,
        "geometrie_officielle": false,
        "rue_autre_forme": null,
        "url": "https://www.bn-r.fr/resultat.php?type_rech=pl&index%5B%5D=adresse&value%5B%5D=%2217+Grand%27Place%22&decouvrir_par_terme=17+Grand%27Place"
      }
    },
    {
      "type": "Feature",
      "geometry": {
        "type": "LineString",
        "coordinates": [
          [
            3.162764,
            50.691564
          ],
          [
            3.162502,
            50.691236
          ]
        ]
      },
      "properties": {
        "name": "Place de l'Abreuvoir",
        "source": "rue",
        "documents": 1,
        "instruments_de_recherche": 1,
        "geometrie_officielle": true,
        "rue_autre_forme": "Abreuvoir, place de l\\'",
        "url": "https://www.bn-r.fr/resultat.php?type_rech=pl&index%5B%5D=rue&value%5B%5D=%22Abreuvoir%2C+place+de+l%5C%27%22&decouvrir_par_terme=Abreuvoir%2C+place+de+l%5C%27"
      }
    },
    {
      "type": "Feature",
      "geometry": {
        "type": "LineString",
        "coordinates": [
          [
            3.172773,
            50.671584
          ],
          [
            3.172828,
            50.671688
          ],
          [
            3.172838,
            50.671981
          ],
          [
            3.172937,
            50.672098
          ],
          [
            3.173175,
            50.672169
          ],
          [
            3.173359,
            50.672138
          ],
          [
            3.173784,
            50.671888
          ],
          [
            3.174259,
            50.671697
          ],
          [
            3.174246,
            50.67159
          ],
          [
            3.174055,
            50.671484
          ],
          [
            3.173515,
            50.671302
          ]
        ]
      },
      "properties": {
        "name": "Square des Acacias",
        "source": "rue",
        "documents": 2,
        "instruments_de_recherche": 1,
        "geometrie_officielle": true,
        "rue_autre_forme": "Acacias, square des",
        "url": "https://www.bn-r.fr/resultat.php?type_rech=pl&index%5B%5D=rue&value%5B%5D=%22Acacias%2C+square+des%22&decouvrir_par_terme=Acacias%2C+square+des"
      }
    },
    {
      "type": "Feature",
      "geometry": {
        "type": "LineString",
        "coordinates": [
          [
            3.190639,
            50.680552
          ],
          [
            3.192363,
            50.681768
          ],
          [
            3.19248,
            50.681809
          ]
        ]
      },
      "properties": {
        "name": "Rue Achille Scrépel",
        "source": "rue",
        "documents": 1,
        "instruments_de_recherche": 1,
        "geometrie_officielle": true,
        "rue_autre_forme": "Achille Screpel, rue",
        "url": "https://www.bn-r.fr/resultat.php?type_rech=pl&index%5B%5D=rue&value%5B%5D=%22Achille+Screpel%2C+rue%22&decouvrir_par_terme=Achille+Screpel%2C+rue"
      }
    },
    {
      "type": "Feature",
      "geometry": {
        "type": "LineString",
        "coordinates": [
          [
            3.201032,
            50.674467
          ],
          [
            3.199749,
            50.67365
          ]
        ]
      },
      "properties": {
        "name": "Rue Albert Thomas",
        "source": "rue",
        "documents": 2,
        "instruments_de_recherche": 2,
        "geometrie_officielle": true,
        "rue_autre_forme": "Albert Thomas, rue",
        "url": "https://www.bn-r.fr/resultat.php?type_rech=pl&index%5B%5D=rue&value%5B%5D=%22Albert+Thomas%2C+rue%22&decouvrir_par_terme=Albert+Thomas%2C+rue"
      }
    },
    {
      "type": "Feature",
      "geometry": {
        "type": "LineString",
        "coordinates": [
          [
            3.202134,
            50.679439
          ],
          [
            3.202606,
            50.678812
          ],
          [
            3.202778,
            50.678532
          ],
          [
            3.202978,
            50.678374
          ],
          [
            3.203319,
            50.678229
          ],
          [
            3.203744,
            50.678234
          ],
          [
            3.204043,
            50.678331
          ],
          [
            3.204444,
            50.678577
          ],
          [
            3.205506,
            50.679232
          ],
          [
            3.206307,
            50.679578
          ]
        ]
      },
      "properties": {
        "name": "Rue Alexander Fleming",
        "source": "rue",
        "documents": 23,
        "instruments_de_recherche": 4,
        "geometrie_officielle": true,
        "rue_autre_forme": "Alexandre Fleming, rue",
        "url": "https://www.bn-r.fr/resultat.php?type_rech=pl&index%5B%5D=rue&value%5B%5D=%22Alexandre+Fleming%2C+rue%22&decouvrir_par_terme=Alexandre+Fleming%2C+rue"
      }
    },
    {
      "type": "Feature",
      "geometry": {
        "type": "LineString",
        "coordinates": [
          [
            3.187094,
            50.66998
          ],
          [
            3.188187,
            50.67067
          ],
          [
            3.189502,
            50.6715
          ],
          [
            3.190107,
            50.671883
          ],
          [
            3.190622,
            50.672211
          ],
          [
            3.19092,
            50.672393
          ],
          [
            3.191202,
            50.67257
          ],
          [
            3.19169,
            50.672882
          ],
          [
            3.192066,
            50.673112
          ],
          [
            3.19262,
            50.673464
          ],
          [
            3.193167,
            50.673805
          ],
          [
            3.194267,
            50.674487
          ],
          [
            3.195634,
            50.675347
          ],
          [
            3.196263,
            50.675745
          ],
          [
            3.197668,
            50.676634
          ],
          [
            3.199054,
            50.677505
          ]
        ]
      },
      "properties": {
        "name": "Avenue Alfred Motte",
        "source": "rue",
        "documents": 46,
        "instruments_de_recherche": 9,
        "geometrie_officielle": true,
        "rue_autre_forme": "Alfred Motte, avenue",
        "url": "https://www.bn-r.fr/resultat.php?type_rech=pl&index%5B%5D=rue&value%5B%5D=%22Alfred+Motte%2C+avenue%22&decouvrir_par_terme=Alfred+Motte%2C+avenue"
      }
    },
    {
      "type": "Feature",
      "geometry": {
        "type": "MultiLineString",
        "coordinates": [
          [
            [
              3.191682,
              50.701332
            ],
            [
              3.190895,
              50.702356
            ],
            [
              3.190151,
              50.703327
            ],
            [
              3.189574,
              50.704077
            ],
            [
              3.188974,
              50.704857
            ],
            [
              3.18884,
              50.705036
            ],
            [
              3.188341,
              50.705678
            ],
            [
              3.187277,
              50.707073
            ],
            [
              3.186744,
              50.707774
            ],
            [
              3.186658,
              50.707877
            ]
          ],
          [
            [
              3.196721,
              50.694696
            ],
            [
              3.196221,
              50.695388
            ],
            [
              3.195151,
              50.69678
            ],
            [
              3.194371,
              50.697815
            ]
          ],
          [
            [
              3.194371,
              50.697815
            ],
            [
              3.194288,
              50.697925
            ],
            [
              3.194192,
              50.698053
            ],
            [
              3.192788,
              50.699881
            ],
            [
              3.191682,
              50.701332
            ]
          ]
        ]
      },
      "properties": {
        "name": "Rue d'Alger",
        "source": "rue",
        "documents": 1,
        "instruments_de_recherche": 1,
        "geometrie_officielle": true,
        "rue_autre_forme": "Alger, rue d'",
        "url": "https://www.bn-r.fr/resultat.php?type_rech=pl&index%5B%5D=rue&value%5B%5D=%22Alger%2C+rue+d%27%22&decouvrir_par_terme=Alger%2C+rue+d%27"
      }
    },
    {
      "type": "Feature",
      "geometry": {
        "type": "MultiLineString",
        "coordinates": [
          [
            [
              3.191682,
              50.701332
            ],
            [
              3.190895,
              50.702356
            ],
            [
              3.190151,
              50.703327
            ],
            [
              3.189574,
              50.704077
            ],
            [
              3.188974,
              50.704857
            ],
            [
              3.18884,
              50.705036
            ],
            [
              3.188341,
              50.705678
            ],
            [
              3.187277,
              50.707073
            ],
            [
              3.186744,
              50.707774
            ],
            [
              3.186658,
              50.707877
            ]
          ],
          [
            [
              3.196721,
              50.694696
            ],
            [
              3.196221,
              50.695388
            ],
            [
              3.195151,
              50.69678
            ],
            [
              3.194371,
              50.697815
            ]
          ],
          [
            [
              3.194371,
              50.697815
            ],
            [
              3.194288,
              50.697925
            ],
            [
              3.194192,
              50.698053
            ],
            [
              3.192788,
              50.699881
            ],
            [
              3.191682,
              50.701332
            ]
          ]
        ]
      },
      "properties": {
        "name": "Rue d'Alger",
        "source": "rue",
        "documents": 11,
        "instruments_de_recherche": 6,
        "geometrie_officielle": true,
        "rue_autre_forme": "Alger, rue d\\'",
        "url": "https://www.bn-r.fr/resultat.php?type_rech=pl&index%5B%5D=rue&value%5B%5D=%22Alger%2C+rue+d%5C%27%22&decouvrir_par_terme=Alger%2C+rue+d%5C%27"
      }
    },
    {
      "type": "Feature",
      "geometry": {
        "type": "Polygon",
        "coordinates": [
          [
            [
              3.168360168101307,
              50.70842631527916
            ],
            [
              3.168280768810226,
              50.70838148720242
            ],
            [
              3.168280924751934,
              50.70839047643433
            ],
            [
              3.167995800230816,
              50.70827561437514
            ],
            [
              3.167853316389352,
              50.70822267681295
            ],
            [
              3.167767608327672,
              50.70817833070127
            ],
            [
              3.16748264198337,
              50.70807245576843
            ],
            [
              3.167197519686281,
              50.70795759182599
            ],
            [
              3.166470491673567,
              50.70766603320733
            ],
            [
              3.166441714613915,
              50.70763926758215
            ],
            [
              3.166313235151754,
              50.70757724104586
            ],
            [
              3.166212747975316,
              50.70749704101792
            ],
            [
              3.166140575468568,
              50.70741664424531
            ],
            [
              3.166111955685136,
              50.70739886598524
            ],
            [
              3.16599762945417,
              50.70733674122971
            ],
            [
              3.16592592264299,
              50.70728330757786
            ],
            [
              3.165825907393349,
              50.70723007046145
            ],
            [
              3.165582169030428,
              50.70705199155237
            ],
            [
              3.165496152701003,
              50.70698966888044
            ],
            [
              3.165195956756338,
              50.70682097050047
            ],
            [
              3.164639429989342,
              50.70656416822511
            ],
            [
              3.164383411336184,
              50.70649403948885
            ],
            [
              3.164141543939258,
              50.70642381257492
            ],
            [
              3.164098461710187,
              50.70638815653336
            ],
            [
              3.163955210158364,
              50.70629027520998
            ],
            [
              3.163912126763412,
              50.70625461909861
            ],
            [
              3.163900181845329,
              50.70624555294758
            ],
            [
              3.163961449673126,
              50.70577017236153
            ],
            [
              3.164027102808507,
              50.70526723121023
            ],
            [
              3.16408421057798,
              50.70489535562198
            ],
            [
              3.164174428643143,
              50.70435961694069
            ],
            [
              3.164238348548189,
              50.70401337402041
            ],
            [
              3.16430217888611,
              50.70364006467786
            ],
            [
              3.164366100246747,
              50.70329524538612
            ],
            [
              3.164449934097979,
              50.70286635322776
            ],
            [
              3.164556029428995,
              50.70238614756548
            ],
            [
              3.164611210258758,
              50.70211256612417
            ],
            [
              3.164655019954498,
              50.70179198897149
            ],
            [
              3.164678497088821,
              50.7014272796627
            ],
            [
              3.164699196754846,
              50.70090017611292
            ],
            [
              3.164693512986086,
              50.70053550493778
            ],
            [
              3.164663164737321,
              50.70017371438816
            ],
            [
              3.16461695294759,
              50.69976208570562
            ],
            [
              3.164561910225605,
              50.69939320521095
            ],
            [
              3.16446565016802,
              50.69893783849219
            ],
            [
              3.16435585546489,
              50.69851537239239
            ],
            [
              3.164191177453778,
              50.69801328809313
            ],
            [
              3.164582031980312,
              50.69788308817869
            ],
            [
              3.165024611233127,
              50.6976954781202
            ],
            [
              3.165902472582425,
              50.69720288127402
            ],
            [
              3.166993715781954,
              50.69783735520139
            ],
            [
              3.167465711933187,
              50.69812170661516
            ],
            [
              3.168009874444245,
              50.69848645293332
            ],
            [
              3.168067572811038,
              50.69854897355315
            ],
            [
              3.168425583903607,
              50.69878917329616
            ],
            [
              3.168926681222141,
              50.69911826029123
            ],
            [
              3.168947858895944,
              50.69909887495972
            ],
            [
              3.169413615661015,
              50.69867294419193
            ],
            [
              3.170427211640312,
              50.69825314604199
            ],
            [
              3.170809723670042,
              50.69891628384125
            ],
            [
              3.170807184316581,
              50.69900619111149
            ],
            [
              3.171216280984697,
              50.6997404244057
            ],
            [
              3.172325331706714,
              50.70002926892511
            ],
            [
              3.173608323952361,
              50.70035908269561
            ],
            [
              3.173522917017334,
              50.70049163673384
            ],
            [
              3.173092632771438,
              50.70117240091286
            ],
            [
              3.172441009281731,
              50.70215930610979
            ],
            [
              3.171829709436788,
              50.70312453654016
            ],
            [
              3.171552570489587,
              50.70355571047632
            ],
            [
              3.171269775813008,
              50.70397937252904
            ],
            [
              3.170972807022609,
              50.7044687299612
            ],
            [
              3.170254645433345,
              50.70556905769415
            ],
            [
              3.169802276542126,
              50.7062021341454
            ],
            [
              3.169124052770183,
              50.70721600108878
            ],
            [
              3.168669283101528,
              50.70795313930936
            ],
            [
              3.168360168101307,
              50.70842631527916
            ]
          ]
        ]
      },
      "properties": {
        "name": "Alma gare",
        "source": "quartier",
        "documents": 42,
        "instruments_de_recherche": 7,
        "geometrie_officielle": false,
        "rue_autre_forme": null,
        "url": "https://www.bn-r.fr/resultat.php?type_rech=pl&index%5B%5D=quartier&value%5B%5D=%22Alma+gare%22&decouvrir_par_terme=Alma+gare"
      }
    },
    {
      "type": "Feature",
      "geometry": {
        "type": "MultiLineString",
        "coordinates": [
          [
            [
              3.165909,
              50.697207
            ],
            [
              3.165029,
              50.696481
            ],
            [
              3.164443,
              50.696012
            ],
            [
              3.164165,
              50.695774
            ],
            [
              3.164032,
              50.695539
            ],
            [
              3.163906,
              50.695526
            ],
            [
              3.163812,
              50.69547
            ],
            [
              3.163765,
              50.695383
            ],
            [
              3.163663,
              50.695248
            ],
            [
              3.163439,
              50.694954
            ],
            [
              3.163004,
              50.694334
            ],
            [
              3.162681,
              50.694035
            ],
            [
              3.162123,
              50.693769
            ],
            [
              3.161342,
              50.693016
            ]
          ],
          [
            [
              3.165909,
              50.697207
            ],
            [
              3.166988,
              50.69784
            ],
            [
              3.167471,
              50.698124
            ],
            [
              3.168013,
              50.698489
            ],
            [
              3.168065,
              50.698546
            ],
            [
              3.168422,
              50.698786
            ],
            [
              3.168927,
              50.699117
            ],
            [
              3.169427,
              50.699566
            ],
            [
              3.169515,
              50.699598
            ],
            [
              3.170105,
              50.700119
            ],
            [
              3.170492,
              50.700463
            ],
            [
              3.171494,
              50.701338
            ],
            [
              3.172429,
              50.702151
            ]
          ]
        ]
      },
      "properties": {
        "name": "Rue de l'Alma",
        "source": "rue",
        "documents": 61,
        "instruments_de_recherche": 9,
        "geometrie_officielle": true,
        "rue_autre_forme": "Alma, rue de l\\'",
        "url": "https://www.bn-r.fr/resultat.php?type_rech=pl&index%5B%5D=rue&value%5B%5D=%22Alma%2C+rue+de+l%5C%27%22&decouvrir_par_terme=Alma%2C+rue+de+l%5C%27"
      }
    },
    {
      "type": "Feature",
      "geometry": {
        "type": "LineString",
        "coordinates": [
          [
            3.163109,
            50.692198
          ],
          [
            3.163017,
            50.69237
          ],
          [
            3.163314,
            50.692989
          ],
          [
            3.163768,
            50.693726
          ],
          [
            3.164349,
            50.694546
          ],
          [
            3.164743,
            50.695084
          ]
        ]
      },
      "properties": {
        "name": "Rue de l'Alouette",
        "source": "rue",
        "documents": 16,
        "instruments_de_recherche": 7,
        "geometrie_officielle": true,
        "rue_autre_forme": "Alouette, rue de l\\'",
        "url": "https://www.bn-r.fr/resultat.php?type_rech=pl&index%5B%5D=rue&value%5B%5D=%22Alouette%2C+rue+de+l%5C%27%22&decouvrir_par_terme=Alouette%2C+rue+de+l%5C%27"
      }
    },
    {
      "type": "Feature",
      "geometry": {
        "type": "LineString",
        "coordinates": [
          [
            3.163811,
            50.698164
          ],
          [
            3.163546,
            50.698299
          ],
          [
            3.161112,
            50.699956
          ],
          [
            3.161099,
            50.700157
          ]
        ]
      },
      "properties": {
        "name": "Avenue d'Alsace",
        "source": "rue",
        "documents": 23,
        "instruments_de_recherche": 10,
        "geometrie_officielle": true,
        "rue_autre_forme": "Alsace, rue d\\'",
        "url": "https://www.bn-r.fr/resultat.php?type_rech=pl&index%5B%5D=rue&value%5B%5D=%22Alsace%2C+rue+d%5C%27%22&decouvrir_par_terme=Alsace%2C+rue+d%5C%27"
      }
    },
    {
      "type": "Feature",
      "geometry": {
        "type": "LineString",
        "coordinates": [
          [
            3.160897,
            50.688165
          ],
          [
            3.160387,
            50.688166
          ],
          [
            3.160416,
            50.687834
          ]
        ]
      },
      "properties": {
        "name": "Place d'Amiens",
        "source": "rue",
        "documents": 19,
        "instruments_de_recherche": 6,
        "geometrie_officielle": true,
        "rue_autre_forme": "Amiens, place d\\'",
        "url": "https://www.bn-r.fr/resultat.php?type_rech=pl&index%5B%5D=rue&value%5B%5D=%22Amiens%2C+place+d%5C%27%22&decouvrir_par_terme=Amiens%2C+place+d%5C%27"
      }
    },
    {
      "type": "Feature",
      "geometry": {
        "type": "LineString",
        "coordinates": [
          [
            3.16329,
            50.701344
          ],
          [
            3.160785,
            50.702062
          ]
        ]
      },
      "properties": {
        "name": "Rue de l'Amiral Courbet",
        "source": "rue",
        "documents": 2,
        "instruments_de_recherche": 2,
        "geometrie_officielle": true,
        "rue_autre_forme": "Amiral Courbet, rue de l\\'",
        "url": "https://www.bn-r.fr/resultat.php?type_rech=pl&index%5B%5D=rue&value%5B%5D=%22Amiral+Courbet%2C+rue+de+l%5C%27%22&decouvrir_par_terme=Amiral+Courbet%2C+rue+de+l%5C%27"
      }
    },
    {
      "type": "Feature",
      "geometry": {
        "type": "LineString",
        "coordinates": [
          [
            3.186022,
            50.697552
          ],
          [
            3.186877,
            50.697788
          ],
          [
            3.187453,
            50.697951
          ]
        ]
      },
      "properties": {
        "name": "Rue Ampère",
        "source": "rue",
        "documents": 1,
        "instruments_de_recherche": 1,
        "geometrie_officielle": true,
        "rue_autre_forme": "Ampère, rue",
        "url": "https://www.bn-r.fr/resultat.php?type_rech=pl&index%5B%5D=rue&value%5B%5D=%22Amp%C3%A8re%2C+rue%22&decouvrir_par_terme=Amp%C3%A8re%2C+rue"
      }
    },
    {
      "type": "Feature",
      "geometry": {
        "type": "LineString",
        "coordinates": [
          [
            3.168524,
            50.678891
          ],
          [
            3.170617,
            50.677794
          ],
          [
            3.172702,
            50.676699
          ]
        ]
      },
      "properties": {
        "name": "Avenue Anatole France",
        "source": "rue",
        "documents": 3,
        "instruments_de_recherche": 3,
        "geometrie_officielle": true,
        "rue_autre_forme": "Anatole France, avenue",
        "url": "https://www.bn-r.fr/resultat.php?type_rech=pl&index%5B%5D=rue&value%5B%5D=%22Anatole+France%2C+avenue%22&decouvrir_par_terme=Anatole+France%2C+avenue"
      }
    },
    {
      "type": "Feature",
      "geometry": {
        "type": "LineString",
        "coordinates": [
          [
            3.167439,
            50.683884
          ],
          [
            3.169255,
            50.684848
          ],
          [
            3.16848,
            50.685711
          ]
        ]
      },
      "properties": {
        "name": "Avenue André Chenier",
        "source": "rue",
        "documents": 11,
        "instruments_de_recherche": 4,
        "geometrie_officielle": true,
        "rue_autre_forme": "Andre Chenier, avenue",
        "url": "https://www.bn-r.fr/resultat.php?type_rech=pl&index%5B%5D=rue&value%5B%5D=%22Andre+Chenier%2C+avenue%22&decouvrir_par_terme=Andre+Chenier%2C+avenue"
      }
    },
    {
      "type": "Feature",
      "geometry": {
        "type": "LineString",
        "coordinates": [
          [
            3.166084,
            50.701236
          ],
          [
            3.167211,
            50.7022
          ],
          [
            3.16771,
            50.702625
          ],
          [
            3.16825,
            50.703088
          ],
          [
            3.168528,
            50.703323
          ],
          [
            3.168272,
            50.70376
          ]
        ]
      },
      "properties": {
        "name": "Rue des Anges",
        "source": "rue",
        "documents": 1,
        "instruments_de_recherche": 1,
        "geometrie_officielle": true,
        "rue_autre_forme": "Anges, rue des",
        "url": "https://www.bn-r.fr/resultat.php?type_rech=pl&index%5B%5D=rue&value%5B%5D=%22Anges%2C+rue+des%22&decouvrir_par_terme=Anges%2C+rue+des"
      }
    },
    {
      "type": "Feature",
      "geometry": {
        "type": "Polygon",
        "coordinates": [
          [
            [
              3.176427102842095,
              50.68561487037336
            ],
            [
              3.180156631928429,
              50.68733854619703
            ],
            [
              3.181069212202035,
              50.68775657502504
            ],
            [
              3.182722297194385,
              50.68854508431108
            ],
            [
              3.183848541274204,
              50.68906687012189
            ],
            [
              3.184537680027141,
              50.68938349027729
            ],
            [
              3.186700784996512,
              50.69040385172184
            ],
            [
              3.185071029622803,
              50.69194842078358
            ],
            [
              3.184650406780292,
              50.69244198377907
            ],
            [
              3.183541154134205,
              50.69222603411654
            ],
            [
              3.181731253580857,
              50.69188777594555
            ],
            [
              3.180875014462973,
              50.69162385819683
            ],
            [
              3.179630857132186,
              50.6912171390939
            ],
            [
              3.178858945896353,
              50.69095675012879
            ],
            [
              3.178254906689957,
              50.69072175394295
            ],
            [
              3.177807101045692,
              50.69037930301536
            ],
            [
              3.177569665585108,
              50.68983448646279
            ],
            [
              3.177551246858093,
              50.68965868874491
            ],
            [
              3.177519627815379,
              50.68936810225617
            ],
            [
              3.177239835820267,
              50.6887940433916
            ],
            [
              3.176783948321305,
              50.68851958842811
            ],
            [
              3.175842847461152,
              50.68815403115033
            ],
            [
              3.175274967383933,
              50.68785672863798
            ],
            [
              3.174885175810837,
              50.68763792593472
            ],
            [
              3.174984193955031,
              50.68750406599419
            ],
            [
              3.17544490888863,
              50.68713918001467
            ],
            [
              3.17587760193396,
              50.68603984448065
            ],
            [
              3.176029225672839,
              50.68587748955579
            ],
            [
              3.176427102842095,
              50.68561487037336
            ]
          ]
        ]
      },
      "properties": {
        "name": "Anseele",
        "source": "quartier",
        "documents": 13,
        "instruments_de_recherche": 8,
        "geometrie_officielle": false,
        "rue_autre_forme": null,
        "url": "https://www.bn-r.fr/resultat.php?type_rech=pl&index%5B%5D=quartier&value%5B%5D=%22Anseele%22&decouvrir_par_terme=Anseele"
      }
    },
    {
      "type": "Feature",
      "geometry": {
        "type": "LineString",
        "coordinates": [
          [
            3.193844,
            50.687229
          ],
          [
            3.194362,
            50.687433
          ],
          [
            3.195323,
            50.687807
          ],
          [
            3.196103,
            50.688132
          ]
        ]
      },
      "properties": {
        "name": "Rue d'Antoing",
        "source": "rue",
        "documents": 3,
        "instruments_de_recherche": 2,
        "geometrie_officielle": true,
        "rue_autre_forme": "Antoing, rue d\\'",
        "url": "https://www.bn-r.fr/resultat.php?type_rech=pl&index%5B%5D=rue&value%5B%5D=%22Antoing%2C+rue+d%5C%27%22&decouvrir_par_terme=Antoing%2C+rue+d%5C%27"
      }
    },
    {
      "type": "Feature",
      "geometry": {
        "type": "Point",
        "coordinates": [
          3.17463,
          50.706988
        ]
      },
      "properties": {
        "name": "Quai d'Anvers",
        "source": "rue",
        "documents": 13,
        "instruments_de_recherche": 6,
        "geometrie_officielle": false,
        "rue_autre_forme": "Anvers, quai d\\'",
        "url": "https://www.bn-r.fr/resultat.php?type_rech=pl&index%5B%5D=rue&value%5B%5D=%22Anvers%2C+quai+d%5C%27%22&decouvrir_par_terme=Anvers%2C+quai+d%5C%27"
      }
    },
    {
      "type": "Feature",
      "geometry": {
        "type": "MultiLineString",
        "coordinates": [
          [
            [
              3.199325,
              50.68637
            ],
            [
              3.200601,
              50.687295
            ]
          ],
          [
            [
              3.204047,
              50.689109
            ],
            [
              3.202148,
              50.688598
            ],
            [
              3.201782,
              50.688377
            ],
            [
              3.201212,
              50.687904
            ],
            [
              3.2006,
              50.687295
            ]
          ]
        ]
      },
      "properties": {
        "name": "Rue d'Anzin",
        "source": "rue",
        "documents": 8,
        "instruments_de_recherche": 3,
        "geometrie_officielle": true,
        "rue_autre_forme": "Anzin, rue d\\'",
        "url": "https://www.bn-r.fr/resultat.php?type_rech=pl&index%5B%5D=rue&value%5B%5D=%22Anzin%2C+rue+d%5C%27%22&decouvrir_par_terme=Anzin%2C+rue+d%5C%27"
      }
    },
    {
      "type": "Feature",
      "geometry": {
        "type": "LineString",
        "coordinates": [
          [
            3.171625,
            50.697739
          ],
          [
            3.170423,
            50.698259
          ],
          [
            3.169407,
            50.698692
          ],
          [
            3.169206,
            50.698824
          ],
          [
            3.169154,
            50.698883
          ],
          [
            3.168927,
            50.699117
          ],
          [
            3.168107,
            50.700033
          ],
          [
            3.167562,
            50.700644
          ]
        ]
      },
      "properties": {
        "name": "Rue Archimède",
        "source": "rue",
        "documents": 94,
        "instruments_de_recherche": 8,
        "geometrie_officielle": true,
        "rue_autre_forme": "Archimède, rue",
        "url": "https://www.bn-r.fr/resultat.php?type_rech=pl&index%5B%5D=rue&value%5B%5D=%22Archim%C3%A8de%2C+rue%22&decouvrir_par_terme=Archim%C3%A8de%2C+rue"
      }
    },
    {
      "type": "Feature",
      "geometry": {
        "type": "LineString",
        "coordinates": [
          [
            3.167471,
            50.698124
          ],
          [
            3.167767,
            50.697951
          ],
          [
            3.168334,
            50.698319
          ],
          [
            3.168346,
            50.698327
          ],
          [
            3.169154,
            50.698892
          ]
        ]
      },
      "properties": {
        "name": "Rue d'Arcole",
        "source": "rue",
        "documents": 1,
        "instruments_de_recherche": 1,
        "geometrie_officielle": true,
        "rue_autre_forme": "Arcole, rue d\\'",
        "url": "https://www.bn-r.fr/resultat.php?type_rech=pl&index%5B%5D=rue&value%5B%5D=%22Arcole%2C+rue+d%5C%27%22&decouvrir_par_terme=Arcole%2C+rue+d%5C%27"
      }
    },
    {
      "type": "Feature",
      "geometry": {
        "type": "LineString",
        "coordinates": [
          [
            3.186881,
            50.67727
          ],
          [
            3.188743,
            50.678628
          ],
          [
            3.188795,
            50.678827
          ]
        ]
      },
      "properties": {
        "name": "Rue Armand Meeschaert",
        "source": "rue",
        "documents": 1,
        "instruments_de_recherche": 1,
        "geometrie_officielle": true,
        "rue_autre_forme": "Armand Meeschaert, rue",
        "url": "https://www.bn-r.fr/resultat.php?type_rech=pl&index%5B%5D=rue&value%5B%5D=%22Armand+Meeschaert%2C+rue%22&decouvrir_par_terme=Armand+Meeschaert%2C+rue"
      }
    },
    {
      "type": "Feature",
      "geometry": {
        "type": "Polygon",
        "coordinates": [
          [
            [
              3.164027102808507,
              50.70526723121023
            ],
            [
              3.163961449673126,
              50.70577017236153
            ],
            [
              3.163900181845329,
              50.70624555294758
            ],
            [
              3.163783032068728,
              50.70615663813644
            ],
            [
              3.163740104028723,
              50.70612997032898
            ],
            [
              3.16339574819163,
              50.70586269615775
            ],
            [
              3.163381438519444,
              50.70585380624427
            ],
            [
              3.16326665551512,
              50.70576471460189
            ],
            [
              3.163166181086107,
              50.70568451278577
            ],
            [
              3.162908461536081,
              50.70551551324164
            ],
            [
              3.162908305159189,
              50.70550652576075
            ],
            [
              3.162975972559637,
              50.70532627506317
            ],
            [
              3.162989818483223,
              50.70530820077832
            ],
            [
              3.163084552764689,
              50.70505584784481
            ],
            [
              3.163027781626803,
              50.70504725494585
            ],
            [
              3.162971011918438,
              50.7050386611217
            ],
            [
              3.162914085850203,
              50.70502107888675
            ],
            [
              3.162687004498204,
              50.70498670143392
            ],
            [
              3.162658542243417,
              50.70497790980447
            ],
            [
              3.162148540144071,
              50.70495448698382
            ],
            [
              3.161851000209654,
              50.70493857545887
            ],
            [
              3.161836844434812,
              50.70493867374633
            ],
            [
              3.161538687234542,
              50.7048868097083
            ],
            [
              3.161510225240789,
              50.70487801871204
            ],
            [
              3.161536982517601,
              50.70478794279676
            ],
            [
              3.161565291157142,
              50.70478774629221
            ],
            [
              3.161592979474654,
              50.70475159801095
            ],
            [
              3.161675734704213,
              50.70462517722902
            ],
            [
              3.161561421703786,
              50.70456304723737
            ],
            [
              3.161332795139695,
              50.70443878692328
            ],
            [
              3.160661541463764,
              50.70409287306625
            ],
            [
              3.16063354231921,
              50.7041110452717
            ],
            [
              3.16045788895853,
              50.70400610981981
            ],
            [
              3.16050184732436,
              50.70381190480082
            ],
            [
              3.160553661098696,
              50.7034912666712
            ],
            [
              3.160621990888837,
              50.70306120741378
            ],
            [
              3.160662879353759,
              50.70276178974227
            ],
            [
              3.160776354236229,
              50.70200664435416
            ],
            [
              3.161080879738868,
              50.70013873388848
            ],
            [
              3.160925156584554,
              50.70004939715289
            ],
            [
              3.163606818226042,
              50.6982652928898
            ],
            [
              3.163899749324501,
              50.69811372545808
            ],
            [
              3.164191177453778,
              50.69801328809313
            ],
            [
              3.16435585546489,
              50.69851537239239
            ],
            [
              3.16446565016802,
              50.69893783849219
            ],
            [
              3.164561910225605,
              50.69939320521095
            ],
            [
              3.16461695294759,
              50.69976208570562
            ],
            [
              3.164663164737321,
              50.70017371438816
            ],
            [
              3.164693512986086,
              50.70053550493778
            ],
            [
              3.164699196754846,
              50.70090017611292
            ],
            [
              3.164678497088821,
              50.7014272796627
            ],
            [
              3.164655019954498,
              50.70179198897149
            ],
            [
              3.164611210258758,
              50.70211256612417
            ],
            [
              3.164556029428995,
              50.70238614756548
            ],
            [
              3.164449934097979,
              50.70286635322776
            ],
            [
              3.164366100246747,
              50.70329524538612
            ],
            [
              3.16430217888611,
              50.70364006467786
            ],
            [
              3.164238348548189,
              50.70401337402041
            ],
            [
              3.164174428643143,
              50.70435961694069
            ],
            [
              3.16408421057798,
              50.70489535562198
            ],
            [
              3.164027102808507,
              50.70526723121023
            ]
          ]
        ]
      },
      "properties": {
        "name": "Armentières",
        "source": "quartier",
        "documents": 1,
        "instruments_de_recherche": 1,
        "geometrie_officielle": false,
        "rue_autre_forme": null,
        "url": "https://www.bn-r.fr/resultat.php?type_rech=pl&index%5B%5D=quartier&value%5B%5D=%22Armenti%C3%A8res%22&decouvrir_par_terme=Armenti%C3%A8res"
      }
    },
    {
      "type": "Feature",
      "geometry": {
        "type": "LineString",
        "coordinates": [
          [
            3.157917,
            50.698224
          ],
          [
            3.158213,
            50.698396
          ],
          [
            3.159365,
            50.699207
          ],
          [
            3.159745,
            50.699406
          ],
          [
            3.160547,
            50.699856
          ],
          [
            3.161099,
            50.700157
          ],
          [
            3.16329,
            50.701344
          ],
          [
            3.16405,
            50.701757
          ],
          [
            3.164358,
            50.70206
          ]
        ]
      },
      "properties": {
        "name": "Boulevard d'Armentières",
        "source": "rue",
        "documents": 18,
        "instruments_de_recherche": 8,
        "geometrie_officielle": true,
        "rue_autre_forme": "Armentières, boulevard d\\'",
        "url": "https://www.bn-r.fr/resultat.php?type_rech=pl&index%5B%5D=rue&value%5B%5D=%22Armenti%C3%A8res%2C+boulevard+d%5C%27%22&decouvrir_par_terme=Armenti%C3%A8res%2C+boulevard+d%5C%27"
      }
    },
    {
      "type": "Feature",
      "geometry": {
        "type": "LineString",
        "coordinates": [
          [
            3.186444,
            50.68131
          ],
          [
            3.186011,
            50.680831
          ]
        ]
      },
      "properties": {
        "name": "Rue d'Artois",
        "source": "rue",
        "documents": 1,
        "instruments_de_recherche": 1,
        "geometrie_officielle": true,
        "rue_autre_forme": "Artois, rue d\\'",
        "url": "https://www.bn-r.fr/resultat.php?type_rech=pl&index%5B%5D=rue&value%5B%5D=%22Artois%2C+rue+d%5C%27%22&decouvrir_par_terme=Artois%2C+rue+d%5C%27"
      }
    },
    {
      "type": "Feature",
      "geometry": {
        "type": "LineString",
        "coordinates": [
          [
            3.169457,
            50.686066
          ],
          [
            3.168137,
            50.686781
          ],
          [
            3.167868,
            50.686928
          ],
          [
            3.166752,
            50.687527
          ],
          [
            3.165457,
            50.688245
          ],
          [
            3.164732,
            50.688634
          ],
          [
            3.164231,
            50.688903
          ],
          [
            3.163955,
            50.689054
          ],
          [
            3.163554,
            50.689274
          ],
          [
            3.162638,
            50.689764
          ],
          [
            3.161721,
            50.69029
          ],
          [
            3.161237,
            50.690557
          ],
          [
            3.16025,
            50.691091
          ],
          [
            3.159514,
            50.691493
          ],
          [
            3.159442,
            50.691532
          ],
          [
            3.159233,
            50.691651
          ]
        ]
      },
      "properties": {
        "name": "Rue des Arts",
        "source": "rue",
        "documents": 35,
        "instruments_de_recherche": 9,
        "geometrie_officielle": true,
        "rue_autre_forme": "Arts, rue des",
        "url": "https://www.bn-r.fr/resultat.php?type_rech=pl&index%5B%5D=rue&value%5B%5D=%22Arts%2C+rue+des%22&decouvrir_par_terme=Arts%2C+rue+des"
      }
    },
    {
      "type": "Feature",
      "geometry": {
        "type": "MultiLineString",
        "coordinates": [
          [
            [
              3.205305,
              50.692927
            ],
            [
              3.205099,
              50.693083
            ],
            [
              3.204779,
              50.693309
            ],
            [
              3.20446,
              50.69352
            ],
            [
              3.204059,
              50.693723
            ],
            [
              3.203612,
              50.693926
            ],
            [
              3.202973,
              50.694142
            ],
            [
              3.202705,
              50.694208
            ],
            [
              3.202385,
              50.6943
            ],
            [
              3.201681,
              50.69447
            ],
            [
              3.20094,
              50.694643
            ],
            [
              3.200232,
              50.69481
            ],
            [
              3.199918,
              50.69488
            ],
            [
              3.199689,
              50.69493
            ],
            [
              3.199273,
              50.694963
            ]
          ],
          [
            [
              3.192498,
              50.694356
            ],
            [
              3.193135,
              50.694547
            ],
            [
              3.193839,
              50.694574
            ],
            [
              3.194769,
              50.694562
            ],
            [
              3.196775,
              50.694566
            ],
            [
              3.197093,
              50.694626
            ],
            [
              3.198016,
              50.695013
            ],
            [
              3.198368,
              50.695055
            ],
            [
              3.199252,
              50.694965
            ]
          ],
          [
            [
              3.199252,
              50.694965
            ],
            [
              3.199273,
              50.694963
            ],
            [
              3.199358,
              50.695734
            ],
            [
              3.199312,
              50.695898
            ]
          ]
        ]
      },
      "properties": {
        "name": "Rue d'Avelghem",
        "source": "rue",
        "documents": 5,
        "instruments_de_recherche": 2,
        "geometrie_officielle": true,
        "rue_autre_forme": "Avelghem, rue d\\'",
        "url": "https://www.bn-r.fr/resultat.php?type_rech=pl&index%5B%5D=rue&value%5B%5D=%22Avelghem%2C+rue+d%5C%27%22&decouvrir_par_terme=Avelghem%2C+rue+d%5C%27"
      }
    },
    {
      "type": "Feature",
      "geometry": {
        "type": "LineString",
        "coordinates": [
          [
            3.163138,
            50.680942
          ],
          [
            3.163348,
            50.680845
          ],
          [
            3.16447,
            50.680353
          ]
        ]
      },
      "properties": {
        "name": "Rue de l'Avenir",
        "source": "rue",
        "documents": 8,
        "instruments_de_recherche": 4,
        "geometrie_officielle": true,
        "rue_autre_forme": "Avenir, rue de l\\'",
        "url": "https://www.bn-r.fr/resultat.php?type_rech=pl&index%5B%5D=rue&value%5B%5D=%22Avenir%2C+rue+de+l%5C%27%22&decouvrir_par_terme=Avenir%2C+rue+de+l%5C%27"
      }
    },
    {
      "type": "Feature",
      "geometry": {
        "type": "LineString",
        "coordinates": [
          [
            3.191351,
            50.691088
          ],
          [
            3.192145,
            50.690268
          ],
          [
            3.192567,
            50.689835
          ]
        ]
      },
      "properties": {
        "name": "Rue de Babylone",
        "source": "rue",
        "documents": 2,
        "instruments_de_recherche": 1,
        "geometrie_officielle": true,
        "rue_autre_forme": "Babylone, rue de",
        "url": "https://www.bn-r.fr/resultat.php?type_rech=pl&index%5B%5D=rue&value%5B%5D=%22Babylone%2C+rue+de%22&decouvrir_par_terme=Babylone%2C+rue+de"
      }
    },
    {
      "type": "Feature",
      "geometry": {
        "type": "LineString",
        "coordinates": [
          [
            3.170558,
            50.702787
          ],
          [
            3.170124,
            50.703069
          ],
          [
            3.169952,
            50.703359
          ]
        ]
      },
      "properties": {
        "name": "Rue de la Barbe d'Or",
        "source": "rue",
        "documents": 1,
        "instruments_de_recherche": 1,
        "geometrie_officielle": true,
        "rue_autre_forme": "Barbe d\\'or, rue",
        "url": "https://www.bn-r.fr/resultat.php?type_rech=pl&index%5B%5D=rue&value%5B%5D=%22Barbe+d%5C%27or%2C+rue%22&decouvrir_par_terme=Barbe+d%5C%27or%2C+rue"
      }
    },
    {
      "type": "Feature",
      "geometry": {
        "type": "Polygon",
        "coordinates": [
          [
            [
              3.173718098688068,
              50.68655286216136
            ],
            [
              3.171524708366764,
              50.68461674519359
            ],
            [
              3.171307295918854,
              50.68442150643701
            ],
            [
              3.16942509792734,
              50.68275286910703
            ],
            [
              3.167898887848234,
              50.68139738851079
            ],
            [
              3.165858934418729,
              50.68239485271808
            ],
            [
              3.165144952682102,
              50.68202776482002
            ],
            [
              3.165219235808753,
              50.68198392765202
            ],
            [
              3.165345158869324,
              50.68190214668013
            ],
            [
              3.16541511720223,
              50.68185671244662
            ],
            [
              3.165694946445032,
              50.68167497598918
            ],
            [
              3.165451184432135,
              50.68148790489499
            ],
            [
              3.165408275201828,
              50.68146123668119
            ],
            [
              3.165106997113221,
              50.6812206300858
            ],
            [
              3.165049788190842,
              50.68118507258663
            ],
            [
              3.164978277858852,
              50.68114062589639
            ],
            [
              3.164921070528397,
              50.68110506743447
            ],
            [
              3.16467777978742,
              50.6809449589936
            ],
            [
              3.163948669208585,
              50.68132758420509
            ],
            [
              3.163632631218863,
              50.68105112037818
            ],
            [
              3.163575112104274,
              50.68099758567318
            ],
            [
              3.163417173647371,
              50.68086384813366
            ],
            [
              3.163374268856851,
              50.68083717918906
            ],
            [
              3.163331983968294,
              50.68084646238199
            ],
            [
              3.163275862821993,
              50.68087382053594
            ],
            [
              3.163247724043962,
              50.68088300524858
            ],
            [
              3.163135480104194,
              50.68093772145284
            ],
            [
              3.163092265555828,
              50.68089307588991
            ],
            [
              3.16281929418051,
              50.68065226758029
            ],
            [
              3.162689960636369,
              50.68053630788505
            ],
            [
              3.162646591990625,
              50.68048267432112
            ],
            [
              3.162603533103922,
              50.68044701727537
            ],
            [
              3.162531561529286,
              50.68037560387126
            ],
            [
              3.16240191977028,
              50.68024166728553
            ],
            [
              3.163033393789402,
              50.6799406335649
            ],
            [
              3.162947432761767,
              50.67987830749242
            ],
            [
              3.162875616391881,
              50.67981588205513
            ],
            [
              3.162832556502309,
              50.67978022505513
            ],
            [
              3.16225720273356,
              50.68005390102552
            ],
            [
              3.162213833555077,
              50.68000026727384
            ],
            [
              3.162055281521587,
              50.67983057469767
            ],
            [
              3.162026369469996,
              50.67979481910495
            ],
            [
              3.161954244939309,
              50.67971441746657
            ],
            [
              3.161896421152332,
              50.67964290531579
            ],
            [
              3.161867818719736,
              50.6796251262376
            ],
            [
              3.161809996571336,
              50.67955361403527
            ],
            [
              3.161694504612818,
              50.679419578263
            ],
            [
              3.161693885947513,
              50.67938362602494
            ],
            [
              3.161679429469392,
              50.67936574862532
            ],
            [
              3.161693576616587,
              50.67936565035391
            ],
            [
              3.161521501200027,
              50.67923200745393
            ],
            [
              3.161105694821602,
              50.67891128395137
            ],
            [
              3.160532588389004,
              50.67849276861425
            ],
            [
              3.160446940417569,
              50.6784484172759
            ],
            [
              3.1603755924874,
              50.67841295470862
            ],
            [
              3.160346836870895,
              50.6783861865001
            ],
            [
              3.159886601082486,
              50.6779489071487
            ],
            [
              3.159857845992834,
              50.67792213880851
            ],
            [
              3.159512945819532,
              50.67760990687788
            ],
            [
              3.159311510774483,
              50.67741354066543
            ],
            [
              3.159269229431872,
              50.67742282252157
            ],
            [
              3.159255235635214,
              50.6774319074864
            ],
            [
              3.159097165723828,
              50.67728917587961
            ],
            [
              3.15876688352176,
              50.67700380901278
            ],
            [
              3.158738130983449,
              50.67697704037401
            ],
            [
              3.158652023428658,
              50.67690572228919
            ],
            [
              3.158623116900125,
              50.67686996574709
            ],
            [
              3.158393398340867,
              50.67667379277187
            ],
            [
              3.158278385691202,
              50.67656671867488
            ],
            [
              3.158206579873519,
              50.67650429112874
            ],
            [
              3.158725180074383,
              50.67622203812325
            ],
            [
              3.158695810116777,
              50.67615931701971
            ],
            [
              3.158681201517331,
              50.67613245040542
            ],
            [
              3.158637070421851,
              50.67603387477423
            ],
            [
              3.15859263129834,
              50.67591732244438
            ],
            [
              3.158578331020639,
              50.67590843247753
            ],
            [
              3.1585195933254,
              50.67578299012784
            ],
            [
              3.158504984929881,
              50.67575612347775
            ],
            [
              3.158504676760953,
              50.67573814680424
            ],
            [
              3.158447326108492,
              50.67569359808474
            ],
            [
              3.158389974142779,
              50.67564904844024
            ],
            [
              3.158361376641694,
              50.67563126844748
            ],
            [
              3.158304178872982,
              50.67559570754699
            ],
            [
              3.158261127263399,
              50.67556004783965
            ],
            [
              3.158203777030749,
              50.67551549899593
            ],
            [
              3.158074775407318,
              50.67541751029339
            ],
            [
              3.15777357160408,
              50.67517688464742
            ],
            [
              3.157716222239344,
              50.67513233465592
            ],
            [
              3.157630428566525,
              50.67507899235906
            ],
            [
              3.157343373393305,
              50.67483826773961
            ],
            [
              3.157228676306682,
              50.67474916818248
            ],
            [
              3.157185626190618,
              50.67471350895495
            ],
            [
              3.157157028234469,
              50.67469572776468
            ],
            [
              3.157057245313474,
              50.67465147159314
            ],
            [
              3.156586928105913,
              50.67444796723927
            ],
            [
              3.156572628602347,
              50.67443907702214
            ],
            [
              3.156057116922463,
              50.67407407765333
            ],
            [
              3.155928124606521,
              50.67397608561284
            ],
            [
              3.155641853147708,
              50.67378029804995
            ],
            [
              3.155527468587621,
              50.67370917262031
            ],
            [
              3.155513170894518,
              50.67370028226973
            ],
            [
              3.155413544923125,
              50.67366501173508
            ],
            [
              3.155299620049735,
              50.67362085164171
            ],
            [
              3.155043791016927,
              50.67355070021197
            ],
            [
              3.154944319113658,
              50.67352441811283
            ],
            [
              3.154929869552785,
              50.67350653976852
            ],
            [
              3.154886667293745,
              50.67346189085991
            ],
            [
              3.154829169037721,
              50.67340835239576
            ],
            [
              3.154771824308661,
              50.67336380092809
            ],
            [
              3.154685883398402,
              50.6733014685324
            ],
            [
              3.154671583146198,
              50.67329257808314
            ],
            [
              3.1545997893258,
              50.67323014814496
            ],
            [
              3.15445665662154,
              50.67313225191867
            ],
            [
              3.154184234464004,
              50.67291838654254
            ],
            [
              3.154069087534211,
              50.67280231911904
            ],
            [
              3.154083231433666,
              50.6728022217147
            ],
            [
              3.153911201622382,
              50.67266856786478
            ],
            [
              3.153854011796955,
              50.67263300475733
            ],
            [
              3.153481052396479,
              50.67232993721679
            ],
            [
              3.15342355975877,
              50.67227639711118
            ],
            [
              3.154138776378062,
              50.67191190808034
            ],
            [
              3.154237018202287,
              50.67186628553401
            ],
            [
              3.154321114816291,
              50.67182076123916
            ],
            [
              3.154405212687093,
              50.67177523598517
            ],
            [
              3.154503454001493,
              50.67172961321889
            ],
            [
              3.154657657355867,
              50.67164764871014
            ],
            [
              3.154980207485646,
              50.67148361978536
            ],
            [
              3.154923170272034,
              50.67145704595637
            ],
            [
              3.154894421553162,
              50.67143027710623
            ],
            [
              3.15427933587261,
              50.6710299975544
            ],
            [
              3.154107156922185,
              50.67088735566658
            ],
            [
              3.154078410374376,
              50.67086058570585
            ],
            [
              3.15350576790996,
              50.67046001066072
            ],
            [
              3.153491777838474,
              50.67046909596462
            ],
            [
              3.153463185025037,
              50.67045131470751
            ],
            [
              3.153491165160533,
              50.67043314320657
            ],
            [
              3.153462111459934,
              50.67038839625778
            ],
            [
              3.153432599752148,
              50.67031668629429
            ],
            [
              3.153415852911397,
              50.67016398547545
            ],
            [
              3.153414168208353,
              50.67006511511593
            ],
            [
              3.153440615144057,
              50.66995706211025
            ],
            [
              3.153496884028737,
              50.66993869771799
            ],
            [
              3.153553304635562,
              50.66992932037621
            ],
            [
              3.15362356192475,
              50.66990186881436
            ],
            [
              3.153750394263183,
              50.66987402864788
            ],
            [
              3.153863235218435,
              50.66985527460392
            ],
            [
              3.153990219150182,
              50.66983642216541
            ],
            [
              3.154060935879527,
              50.66983593516874
            ],
            [
              3.154173929922186,
              50.66982616881445
            ],
            [
              3.154301066975422,
              50.66981630403031
            ],
            [
              3.15441421425927,
              50.66981552542993
            ],
            [
              3.154513218480298,
              50.66981484328442
            ],
            [
              3.154626365757457,
              50.66981406449084
            ],
            [
              3.15557857923143,
              50.67007717859118
            ],
            [
              3.155749068867121,
              50.6701209482942
            ],
            [
              3.155805951422662,
              50.67013853562528
            ],
            [
              3.155848535860128,
              50.67014723077787
            ],
            [
              3.156147853673875,
              50.67028000374453
            ],
            [
              3.156448559189216,
              50.67049367030591
            ],
            [
              3.157062887956319,
              50.67084899786688
            ],
            [
              3.157148518553611,
              50.6708933520413
            ],
            [
              3.157220621290337,
              50.67097375662963
            ],
            [
              3.15745138774713,
              50.67123284998543
            ],
            [
              3.157753179247777,
              50.67150942961315
            ],
            [
              3.158167512519106,
              50.67174927281205
            ],
            [
              3.158239002024895,
              50.67179372494226
            ],
            [
              3.158324944763749,
              50.67185605412301
            ],
            [
              3.158410887718836,
              50.67191838413594
            ],
            [
              3.158482530336434,
              50.6719718240554
            ],
            [
              3.158654726857711,
              50.67211445964804
            ],
            [
              3.158940846417715,
              50.67230125282185
            ],
            [
              3.159270019177514,
              50.67252370392159
            ],
            [
              3.16034427322314,
              50.67329831969516
            ],
            [
              3.16078831362671,
              50.67361885120107
            ],
            [
              3.160903015862572,
              50.67370794762071
            ],
            [
              3.161018335202625,
              50.67383299556781
            ],
            [
              3.161162720550764,
              50.67400278829791
            ],
            [
              3.161638931298934,
              50.67454782293972
            ],
            [
              3.161783166134098,
              50.67470862597273
            ],
            [
              3.161840826571122,
              50.67477115080887
            ],
            [
              3.162517097150187,
              50.6754316514067
            ],
            [
              3.162905365818639,
              50.67579750808603
            ],
            [
              3.163207375416762,
              50.67608306135411
            ],
            [
              3.163308097695052,
              50.67618124154544
            ],
            [
              3.163448775412121,
              50.67613531573602
            ],
            [
              3.163744118439015,
              50.67603437904543
            ],
            [
              3.164602008974459,
              50.67574074796038
            ],
            [
              3.164630610161559,
              50.67575852651216
            ],
            [
              3.165094914112897,
              50.67561146196449
            ],
            [
              3.165179472986087,
              50.67559289422152
            ],
            [
              3.165305070883255,
              50.67549313674298
            ],
            [
              3.165304914170732,
              50.67548414886177
            ],
            [
              3.165403309565348,
              50.67544750561203
            ],
            [
              3.165529681945088,
              50.67539268820684
            ],
            [
              3.165529214509256,
              50.67536572365856
            ],
            [
              3.165950766274225,
              50.67520097527397
            ],
            [
              3.166765725322263,
              50.67488066058399
            ],
            [
              3.166990953121886,
              50.67481616177433
            ],
            [
              3.167566842413988,
              50.67457841512017
            ],
            [
              3.16790397796869,
              50.67444121811214
            ],
            [
              3.168395456349576,
              50.67423102591837
            ],
            [
              3.16850783400805,
              50.67418529231521
            ],
            [
              3.167959265374186,
              50.6735508996081
            ],
            [
              3.16784377222134,
              50.6734168692473
            ],
            [
              3.167685379088753,
              50.67325617189222
            ],
            [
              3.167656311099024,
              50.67321142934854
            ],
            [
              3.167613096361172,
              50.67316678574477
            ],
            [
              3.167394387360877,
              50.67279076839138
            ],
            [
              3.167956573583767,
              50.67258008279141
            ],
            [
              3.168125212949765,
              50.67251597763114
            ],
            [
              3.168434357322429,
              50.67239695350612
            ],
            [
              3.168785775476904,
              50.67226864164542
            ],
            [
              3.168827896209487,
              50.67225036945371
            ],
            [
              3.169671073391027,
              50.67192983613577
            ],
            [
              3.170978014959401,
              50.67143524392505
            ],
            [
              3.171174778615912,
              50.67136194792376
            ],
            [
              3.171191677316589,
              50.67135611052549
            ],
            [
              3.171795170339316,
              50.6719659651722
            ],
            [
              3.174108386229988,
              50.67442100145119
            ],
            [
              3.174858064215657,
              50.67523175845243
            ],
            [
              3.175882007145968,
              50.67633046942941
            ],
            [
              3.176971270141269,
              50.67745534327569
            ],
            [
              3.17733623396719,
              50.67780915696766
            ],
            [
              3.177039391004301,
              50.67781566258196
            ],
            [
              3.176661150914808,
              50.67841647941655
            ],
            [
              3.175677554055909,
              50.67899532359794
            ],
            [
              3.175310404872004,
              50.67928557095166
            ],
            [
              3.175180190779299,
              50.6794671162745
            ],
            [
              3.175031492863015,
              50.67979983378528
            ],
            [
              3.174985333037126,
              50.68025060871234
            ],
            [
              3.175308641756226,
              50.68106022824981
            ],
            [
              3.175556902885895,
              50.68164762623804
            ],
            [
              3.176077357167954,
              50.68223301007919
            ],
            [
              3.176311084678154,
              50.68257959882769
            ],
            [
              3.175495132191357,
              50.68283094854589
            ],
            [
              3.175169820839627,
              50.68295305496208
            ],
            [
              3.174833947165858,
              50.68317855249677
            ],
            [
              3.174348491764811,
              50.68380987041596
            ],
            [
              3.174851185211268,
              50.68420436515495
            ],
            [
              3.175306924719936,
              50.68455945613253
            ],
            [
              3.175906915088531,
              50.6850389253688
            ],
            [
              3.175314726753204,
              50.68544968794234
            ],
            [
              3.173718098688068,
              50.68655286216136
            ]
          ]
        ]
      },
      "properties": {
        "name": "Barbieux",
        "source": "quartier",
        "documents": 31,
        "instruments_de_recherche": 5,
        "geometrie_officielle": false,
        "rue_autre_forme": null,
        "url": "https://www.bn-r.fr/resultat.php?type_rech=pl&index%5B%5D=quartier&value%5B%5D=%22Barbieux%22&decouvrir_par_terme=Barbieux"
      }
    },
    {
      "type": "Feature",
      "geometry": {
        "type": "Point",
        "coordinates": [
          3.163549,
          50.678507
        ]
      },
      "properties": {
        "name": "Parc Barbieux",
        "source": "rue",
        "documents": 255,
        "instruments_de_recherche": 9,
        "geometrie_officielle": false,
        "rue_autre_forme": "Barbieux, parc",
        "url": "https://www.bn-r.fr/resultat.php?type_rech=pl&index%5B%5D=rue&value%5B%5D=%22Barbieux%2C+parc%22&decouvrir_par_terme=Barbieux%2C+parc"
      }
    },
    {
      "type": "Feature",
      "geometry": {
        "type": "LineString",
        "coordinates": [
          [
            3.17422,
            50.683077
          ],
          [
            3.174078,
            50.683042
          ],
          [
            3.173341,
            50.682579
          ],
          [
            3.172967,
            50.682116
          ],
          [
            3.172753,
            50.681962
          ],
          [
            3.170936,
            50.681134
          ],
          [
            3.170752,
            50.680948
          ],
          [
            3.170285,
            50.680473
          ],
          [
            3.169986,
            50.680178
          ],
          [
            3.169941,
            50.680139
          ],
          [
            3.169499,
            50.679754
          ],
          [
            3.168524,
            50.678891
          ],
          [
            3.16832,
            50.678704
          ],
          [
            3.168157,
            50.678519
          ],
          [
            3.167064,
            50.677104
          ],
          [
            3.166943,
            50.676963
          ],
          [
            3.166325,
            50.676276
          ],
          [
            3.166085,
            50.676073
          ],
          [
            3.165251,
            50.675552
          ]
        ]
      },
      "properties": {
        "name": "Rue de Barbieux",
        "source": "rue",
        "documents": 37,
        "instruments_de_recherche": 7,
        "geometrie_officielle": true,
        "rue_autre_forme": "Barbieux, rue de",
        "url": "https://www.bn-r.fr/resultat.php?type_rech=pl&index%5B%5D=rue&value%5B%5D=%22Barbieux%2C+rue+de%22&decouvrir_par_terme=Barbieux%2C+rue+de"
      }
    },
    {
      "type": "Feature",
      "geometry": {
        "type": "LineString",
        "coordinates": [
          [
            3.175387,
            50.70124
          ],
          [
            3.176003,
            50.701314
          ],
          [
            3.177051,
            50.701665
          ],
          [
            3.17786,
            50.701932
          ],
          [
            3.178069,
            50.702135
          ],
          [
            3.178487,
            50.702535
          ],
          [
            3.178677,
            50.702749
          ],
          [
            3.178918,
            50.703455
          ]
        ]
      },
      "properties": {
        "name": "Rue de la Basse Masure",
        "source": "rue",
        "documents": 4,
        "instruments_de_recherche": 2,
        "geometrie_officielle": true,
        "rue_autre_forme": "Basse Masure, rue de la",
        "url": "https://www.bn-r.fr/resultat.php?type_rech=pl&index%5B%5D=rue&value%5B%5D=%22Basse+Masure%2C+rue+de+la%22&decouvrir_par_terme=Basse+Masure%2C+rue+de+la"
      }
    },
    {
      "type": "Feature",
      "geometry": {
        "type": "LineString",
        "coordinates": [
          [
            3.182918,
            50.686525
          ],
          [
            3.184741,
            50.685305
          ],
          [
            3.185692,
            50.684678
          ],
          [
            3.186348,
            50.684247
          ]
        ]
      },
      "properties": {
        "name": "Rue de Bavai",
        "source": "rue",
        "documents": 3,
        "instruments_de_recherche": 1,
        "geometrie_officielle": true,
        "rue_autre_forme": "Bavai, rue de",
        "url": "https://www.bn-r.fr/resultat.php?type_rech=pl&index%5B%5D=rue&value%5B%5D=%22Bavai%2C+rue+de%22&decouvrir_par_terme=Bavai%2C+rue+de"
      }
    },
    {
      "type": "Feature",
      "geometry": {
        "type": "LineString",
        "coordinates": [
          [
            3.196991,
            50.68697
          ],
          [
            3.199084,
            50.686607
          ]
        ]
      },
      "properties": {
        "name": "Rue Beaumarchais",
        "source": "rue",
        "documents": 1,
        "instruments_de_recherche": 1,
        "geometrie_officielle": true,
        "rue_autre_forme": "Beaumarchais, rue",
        "url": "https://www.bn-r.fr/resultat.php?type_rech=pl&index%5B%5D=rue&value%5B%5D=%22Beaumarchais%2C+rue%22&decouvrir_par_terme=Beaumarchais%2C+rue"
      }
    },
    {
      "type": "Feature",
      "geometry": {
        "type": "LineString",
        "coordinates": [
          [
            3.176099,
            50.682223
          ],
          [
            3.17556,
            50.681638
          ],
          [
            3.175319,
            50.681059
          ],
          [
            3.174985,
            50.680265
          ],
          [
            3.17498,
            50.680017
          ],
          [
            3.175081,
            50.679627
          ],
          [
            3.17531,
            50.679286
          ],
          [
            3.175678,
            50.678995
          ],
          [
            3.176661,
            50.678416
          ],
          [
            3.176942,
            50.67797
          ],
          [
            3.177321,
            50.677801
          ]
        ]
      },
      "properties": {
        "name": "Rue de Beaumont",
        "source": "rue",
        "documents": 8,
        "instruments_de_recherche": 7,
        "geometrie_officielle": true,
        "rue_autre_forme": "Beaumont, rue de",
        "url": "https://www.bn-r.fr/resultat.php?type_rech=pl&index%5B%5D=rue&value%5B%5D=%22Beaumont%2C+rue+de%22&decouvrir_par_terme=Beaumont%2C+rue+de"
      }
    },
    {
      "type": "Feature",
      "geometry": {
        "type": "MultiLineString",
        "coordinates": [
          [
            [
              3.188988,
              50.691143
            ],
            [
              3.189707,
              50.691128
            ],
            [
              3.189708,
              50.691128
            ],
            [
              3.190049,
              50.691119
            ],
            [
              3.191351,
              50.691088
            ],
            [
              3.192656,
              50.691067
            ],
            [
              3.19433,
              50.691034
            ],
            [
              3.196935,
              50.690981
            ],
            [
              3.198395,
              50.690959
            ],
            [
              3.198896,
              50.690948
            ],
            [
              3.200473,
              50.690915
            ],
            [
              3.20245,
              50.690879
            ],
            [
              3.202809,
              50.69093
            ],
            [
              3.203052,
              50.691
            ],
            [
              3.203058,
              50.691001
            ],
            [
              3.203808,
              50.691382
            ],
            [
              3.204219,
              50.69151
            ],
            [
              3.2045,
              50.6915
            ]
          ],
          [
            [
              3.204867,
              50.691641
            ],
            [
              3.204867,
              50.691641
            ]
          ],
          [
            [
              3.204031,
              50.690851
            ],
            [
              3.20452,
              50.690843
            ],
            [
              3.205648,
              50.690824
            ],
            [
              3.20584,
              50.690916
            ]
          ]
        ]
      },
      "properties": {
        "name": "Boulevard de Beaurepaire",
        "source": "rue",
        "documents": 35,
        "instruments_de_recherche": 9,
        "geometrie_officielle": true,
        "rue_autre_forme": "Beaurepaire, boulevard",
        "url": "https://www.bn-r.fr/resultat.php?type_rech=pl&index%5B%5D=rue&value%5B%5D=%22Beaurepaire%2C+boulevard%22&decouvrir_par_terme=Beaurepaire%2C+boulevard"
      }
    },
    {
      "type": "Feature",
      "geometry": {
        "type": "LineString",
        "coordinates": [
          [
            3.1845,
            50.689392
          ],
          [
            3.18554,
            50.688649
          ],
          [
            3.185634,
            50.688566
          ],
          [
            3.186673,
            50.687593
          ],
          [
            3.187513,
            50.68684
          ],
          [
            3.187637,
            50.686821
          ]
        ]
      },
      "properties": {
        "name": "Rue de Beaurewaert",
        "source": "rue",
        "documents": 22,
        "instruments_de_recherche": 3,
        "geometrie_officielle": true,
        "rue_autre_forme": "Beaurewaert, rue",
        "url": "https://www.bn-r.fr/resultat.php?type_rech=pl&index%5B%5D=rue&value%5B%5D=%22Beaurewaert%2C+rue%22&decouvrir_par_terme=Beaurewaert%2C+rue"
      }
    },
    {
      "type": "Feature",
      "geometry": {
        "type": "MultiLineString",
        "coordinates": [
          [
            [
              3.185957,
              50.690266
            ],
            [
              3.184081,
              50.689379
            ]
          ],
          [
            [
              3.18558,
              50.690576
            ],
            [
              3.186106,
              50.690143
            ]
          ]
        ]
      },
      "properties": {
        "name": "Allée de Belfort",
        "source": "rue",
        "documents": 1,
        "instruments_de_recherche": 1,
        "geometrie_officielle": true,
        "rue_autre_forme": "Belfort, allée",
        "url": "https://www.bn-r.fr/resultat.php?type_rech=pl&index%5B%5D=rue&value%5B%5D=%22Belfort%2C+all%C3%A9e%22&decouvrir_par_terme=Belfort%2C+all%C3%A9e"
      }
    },
    {
      "type": "Feature",
      "geometry": {
        "type": "LineString",
        "coordinates": [
          [
            3.182698,
            50.688545
          ],
          [
            3.183132,
            50.688754
          ],
          [
            3.183636,
            50.68899
          ],
          [
            3.183638,
            50.68899
          ],
          [
            3.183838,
            50.689083
          ],
          [
            3.184252,
            50.689276
          ],
          [
            3.1845,
            50.689392
          ],
          [
            3.184503,
            50.689394
          ],
          [
            3.186337,
            50.690251
          ],
          [
            3.186686,
            50.690403
          ],
          [
            3.188161,
            50.691092
          ]
        ]
      },
      "properties": {
        "name": "Boulevard de Belfort",
        "source": "rue",
        "documents": 1,
        "instruments_de_recherche": 1,
        "geometrie_officielle": true,
        "rue_autre_forme": "Belfort, boulevard",
        "url": "https://www.bn-r.fr/resultat.php?type_rech=pl&index%5B%5D=rue&value%5B%5D=%22Belfort%2C+boulevard%22&decouvrir_par_terme=Belfort%2C+boulevard"
      }
    },
    {
      "type": "Feature",
      "geometry": {
        "type": "LineString",
        "coordinates": [
          [
            3.182698,
            50.688545
          ],
          [
            3.183132,
            50.688754
          ],
          [
            3.183636,
            50.68899
          ],
          [
            3.183638,
            50.68899
          ],
          [
            3.183838,
            50.689083
          ],
          [
            3.184252,
            50.689276
          ],
          [
            3.1845,
            50.689392
          ],
          [
            3.184503,
            50.689394
          ],
          [
            3.186337,
            50.690251
          ],
          [
            3.186686,
            50.690403
          ],
          [
            3.188161,
            50.691092
          ]
        ]
      },
      "properties": {
        "name": "Boulevard de Belfort",
        "source": "rue",
        "documents": 148,
        "instruments_de_recherche": 11,
        "geometrie_officielle": true,
        "rue_autre_forme": "Belfort, boulevard de",
        "url": "https://www.bn-r.fr/resultat.php?type_rech=pl&index%5B%5D=rue&value%5B%5D=%22Belfort%2C+boulevard+de%22&decouvrir_par_terme=Belfort%2C+boulevard+de"
      }
    },
    {
      "type": "Feature",
      "geometry": {
        "type": "LineString",
        "coordinates": [
          [
            3.15392,
            50.688191
          ],
          [
            3.155184,
            50.687547
          ]
        ]
      },
      "properties": {
        "name": "Rue Bell",
        "source": "rue",
        "documents": 3,
        "instruments_de_recherche": 3,
        "geometrie_officielle": true,
        "rue_autre_forme": "Bell, rue",
        "url": "https://www.bn-r.fr/resultat.php?type_rech=pl&index%5B%5D=rue&value%5B%5D=%22Bell%2C+rue%22&decouvrir_par_terme=Bell%2C+rue"
      }
    },
    {
      "type": "Feature",
      "geometry": {
        "type": "LineString",
        "coordinates": [
          [
            3.180362,
            50.676242
          ],
          [
            3.179546,
            50.675564
          ],
          [
            3.178724,
            50.674865
          ],
          [
            3.17694,
            50.673397
          ]
        ]
      },
      "properties": {
        "name": "Rue Bernard Palissy",
        "source": "rue",
        "documents": 3,
        "instruments_de_recherche": 2,
        "geometrie_officielle": true,
        "rue_autre_forme": "Bernard Palissy, rue",
        "url": "https://www.bn-r.fr/resultat.php?type_rech=pl&index%5B%5D=rue&value%5B%5D=%22Bernard+Palissy%2C+rue%22&decouvrir_par_terme=Bernard+Palissy%2C+rue"
      }
    },
    {
      "type": "Feature",
      "geometry": {
        "type": "MultiLineString",
        "coordinates": [
          [
            [
              3.156934,
              50.690725
            ],
            [
              3.156257,
              50.691039
            ]
          ],
          [
            [
              3.153092,
              50.692496
            ],
            [
              3.15471,
              50.691756
            ],
            [
              3.155286,
              50.691484
            ],
            [
              3.156273,
              50.691032
            ]
          ]
        ]
      },
      "properties": {
        "name": "Rue de Béthune",
        "source": "rue",
        "documents": 2,
        "instruments_de_recherche": 2,
        "geometrie_officielle": true,
        "rue_autre_forme": "Bethune, rue de",
        "url": "https://www.bn-r.fr/resultat.php?type_rech=pl&index%5B%5D=rue&value%5B%5D=%22Bethune%2C+rue+de%22&decouvrir_par_terme=Bethune%2C+rue+de"
      }
    },
    {
      "type": "Feature",
      "geometry": {
        "type": "LineString",
        "coordinates": [
          [
            3.164861,
            50.694454
          ],
          [
            3.165184,
            50.694723
          ],
          [
            3.165306,
            50.694841
          ],
          [
            3.165938,
            50.695304
          ],
          [
            3.166437,
            50.695652
          ],
          [
            3.166982,
            50.696022
          ],
          [
            3.167462,
            50.696352
          ],
          [
            3.167631,
            50.696409
          ],
          [
            3.168079,
            50.696683
          ],
          [
            3.168437,
            50.696786
          ],
          [
            3.169045,
            50.696948
          ],
          [
            3.169808,
            50.697502
          ],
          [
            3.169884,
            50.697547
          ],
          [
            3.170423,
            50.698259
          ],
          [
            3.170454,
            50.698329
          ],
          [
            3.170838,
            50.698959
          ]
        ]
      },
      "properties": {
        "name": "Rue de Blanchemaille",
        "source": "rue",
        "documents": 30,
        "instruments_de_recherche": 6,
        "geometrie_officielle": true,
        "rue_autre_forme": "Blanchemaille, rue",
        "url": "https://www.bn-r.fr/resultat.php?type_rech=pl&index%5B%5D=rue&value%5B%5D=%22Blanchemaille%2C+rue%22&decouvrir_par_terme=Blanchemaille%2C+rue"
      }
    },
    {
      "type": "Feature",
      "geometry": {
        "type": "LineString",
        "coordinates": [
          [
            3.174851,
            50.684204
          ],
          [
            3.17566,
            50.683568
          ]
        ]
      },
      "properties": {
        "name": "Rue Auguste Blanqui",
        "source": "rue",
        "documents": 1,
        "instruments_de_recherche": 1,
        "geometrie_officielle": true,
        "rue_autre_forme": "Blanqui, rue",
        "url": "https://www.bn-r.fr/resultat.php?type_rech=pl&index%5B%5D=rue&value%5B%5D=%22Blanqui%2C+rue%22&decouvrir_par_terme=Blanqui%2C+rue"
      }
    },
    {
      "type": "Feature",
      "geometry": {
        "type": "LineString",
        "coordinates": [
          [
            3.170816,
            50.68849
          ],
          [
            3.17098,
            50.688691
          ],
          [
            3.171129,
            50.688642
          ],
          [
            3.171278,
            50.688594
          ],
          [
            3.171119,
            50.688395
          ],
          [
            3.170816,
            50.68849
          ]
        ]
      },
      "properties": {
        "name": "Place Bodart Timal",
        "source": "rue",
        "documents": 1,
        "instruments_de_recherche": 1,
        "geometrie_officielle": true,
        "rue_autre_forme": "Bodart Timal, place",
        "url": "https://www.bn-r.fr/resultat.php?type_rech=pl&index%5B%5D=rue&value%5B%5D=%22Bodart+Timal%2C+place%22&decouvrir_par_terme=Bodart+Timal%2C+place"
      }
    },
    {
      "type": "Feature",
      "geometry": {
        "type": "LineString",
        "coordinates": [
          [
            3.168994,
            50.690201
          ],
          [
            3.169227,
            50.690425
          ],
          [
            3.16992,
            50.691398
          ]
        ]
      },
      "properties": {
        "name": "Rue du Bois",
        "source": "rue",
        "documents": 15,
        "instruments_de_recherche": 3,
        "geometrie_officielle": true,
        "rue_autre_forme": "Bois, rue du",
        "url": "https://www.bn-r.fr/resultat.php?type_rech=pl&index%5B%5D=rue&value%5B%5D=%22Bois%2C+rue+du%22&decouvrir_par_terme=Bois%2C+rue+du"
      }
    },
    {
      "type": "Feature",
      "geometry": {
        "type": "LineString",
        "coordinates": [
          [
            3.166325,
            50.676276
          ],
          [
            3.164521,
            50.677088
          ],
          [
            3.16412,
            50.677269
          ]
        ]
      },
      "properties": {
        "name": "Rue Bossuet",
        "source": "rue",
        "documents": 1,
        "instruments_de_recherche": 1,
        "geometrie_officielle": true,
        "rue_autre_forme": "Bossuet, rue",
        "url": "https://www.bn-r.fr/resultat.php?type_rech=pl&index%5B%5D=rue&value%5B%5D=%22Bossuet%2C+rue%22&decouvrir_par_terme=Bossuet%2C+rue"
      }
    },
    {
      "type": "Feature",
      "geometry": {
        "type": "LineString",
        "coordinates": [
          [
            3.159233,
            50.691651
          ],
          [
            3.157965,
            50.692081
          ],
          [
            3.156363,
            50.6926
          ],
          [
            3.154027,
            50.693352
          ]
        ]
      },
      "properties": {
        "name": "Rue Boucher de Perthes",
        "source": "rue",
        "documents": 5,
        "instruments_de_recherche": 2,
        "geometrie_officielle": true,
        "rue_autre_forme": "Boucher de Perthes, rue",
        "url": "https://www.bn-r.fr/resultat.php?type_rech=pl&index%5B%5D=rue&value%5B%5D=%22Boucher+de+Perthes%2C+rue%22&decouvrir_par_terme=Boucher+de+Perthes%2C+rue"
      }
    },
    {
      "type": "Feature",
      "geometry": {
        "type": "LineString",
        "coordinates": [
          [
            3.160656,
            50.702867
          ],
          [
            3.16103,
            50.703004
          ],
          [
            3.161294,
            50.703033
          ],
          [
            3.162155,
            50.703269
          ],
          [
            3.163479,
            50.703692
          ],
          [
            3.163657,
            50.703816
          ],
          [
            3.16423,
            50.703963
          ]
        ]
      },
      "properties": {
        "name": "Quai de Boulogne",
        "source": "rue",
        "documents": 1,
        "instruments_de_recherche": 1,
        "geometrie_officielle": true,
        "rue_autre_forme": "Boulogne, quai de",
        "url": "https://www.bn-r.fr/resultat.php?type_rech=pl&index%5B%5D=rue&value%5B%5D=%22Boulogne%2C+quai+de%22&decouvrir_par_terme=Boulogne%2C+quai+de"
      }
    },
    {
      "type": "Feature",
      "geometry": {
        "type": "MultiLineString",
        "coordinates": [
          [
            [
              3.194297,
              50.68677
            ],
            [
              3.194563,
              50.686858
            ],
            [
              3.194794,
              50.686934
            ],
            [
              3.195033,
              50.687012
            ],
            [
              3.19625,
              50.687393
            ],
            [
              3.19625,
              50.687394
            ]
          ],
          [
            [
              3.19625,
              50.687394
            ],
            [
              3.196726,
              50.687555
            ]
          ]
        ]
      },
      "properties": {
        "name": "Rue Bourdaloue",
        "source": "rue",
        "documents": 7,
        "instruments_de_recherche": 3,
        "geometrie_officielle": true,
        "rue_autre_forme": "Bourdaloue, rue",
        "url": "https://www.bn-r.fr/resultat.php?type_rech=pl&index%5B%5D=rue&value%5B%5D=%22Bourdaloue%2C+rue%22&decouvrir_par_terme=Bourdaloue%2C+rue"
      }
    },
    {
      "type": "Feature",
      "geometry": {
        "type": "LineString",
        "coordinates": [
          [
            3.180188,
            50.681365
          ],
          [
            3.178401,
            50.681929
          ],
          [
            3.176874,
            50.682407
          ],
          [
            3.176313,
            50.682586
          ],
          [
            3.175524,
            50.68283
          ],
          [
            3.175287,
            50.682903
          ],
          [
            3.17517,
            50.682942
          ],
          [
            3.174849,
            50.683183
          ]
        ]
      },
      "properties": {
        "name": "Rue de Bouvines",
        "source": "rue",
        "documents": 8,
        "instruments_de_recherche": 6,
        "geometrie_officielle": true,
        "rue_autre_forme": "Bouvines, rue de",
        "url": "https://www.bn-r.fr/resultat.php?type_rech=pl&index%5B%5D=rue&value%5B%5D=%22Bouvines%2C+rue+de%22&decouvrir_par_terme=Bouvines%2C+rue+de"
      }
    },
    {
      "type": "Feature",
      "geometry": {
        "type": "LineString",
        "coordinates": [
          [
            3.204129,
            50.685931
          ],
          [
            3.203302,
            50.685637
          ],
          [
            3.203344,
            50.685586
          ],
          [
            3.202813,
            50.685384
          ]
        ]
      },
      "properties": {
        "name": "Allée Brame",
        "source": "rue",
        "documents": 3,
        "instruments_de_recherche": 2,
        "geometrie_officielle": true,
        "rue_autre_forme": "Brame, allée",
        "url": "https://www.bn-r.fr/resultat.php?type_rech=pl&index%5B%5D=rue&value%5B%5D=%22Brame%2C+all%C3%A9e%22&decouvrir_par_terme=Brame%2C+all%C3%A9e"
      }
    },
    {
      "type": "Feature",
      "geometry": {
        "type": "Point",
        "coordinates": [
          3.164383,
          50.685714
        ]
      },
      "properties": {
        "name": "Impasse de la Brasserie ( rue de la Perche)",
        "source": "rue",
        "documents": 1,
        "instruments_de_recherche": 1,
        "geometrie_officielle": false,
        "rue_autre_forme": "Brasserie ( rue de la Perche), impasse de la",
        "url": "https://www.bn-r.fr/resultat.php?type_rech=pl&index%5B%5D=rue&value%5B%5D=%22Brasserie+%28+rue+de+la+Perche%29%2C+impasse+de+la%22&decouvrir_par_terme=Brasserie+%28+rue+de+la+Perche%29%2C+impasse+de+la"
      }
    },
    {
      "type": "Feature",
      "geometry": {
        "type": "LineString",
        "coordinates": [
          [
            3.189838,
            50.69433
          ],
          [
            3.189599,
            50.694681
          ],
          [
            3.188209,
            50.696791
          ],
          [
            3.187841,
            50.697362
          ],
          [
            3.187453,
            50.697951
          ]
        ]
      },
      "properties": {
        "name": "Quai de Brest",
        "source": "rue",
        "documents": 1,
        "instruments_de_recherche": 1,
        "geometrie_officielle": true,
        "rue_autre_forme": "Brest, quai de",
        "url": "https://www.bn-r.fr/resultat.php?type_rech=pl&index%5B%5D=rue&value%5B%5D=%22Brest%2C+quai+de%22&decouvrir_par_terme=Brest%2C+quai+de"
      }
    },
    {
      "type": "Feature",
      "geometry": {
        "type": "LineString",
        "coordinates": [
          [
            3.160387,
            50.688166
          ],
          [
            3.15945,
            50.688724
          ],
          [
            3.158261,
            50.689444
          ]
        ]
      },
      "properties": {
        "name": "Rue Brézin",
        "source": "rue",
        "documents": 6,
        "instruments_de_recherche": 5,
        "geometrie_officielle": true,
        "rue_autre_forme": "Brezin, rue",
        "url": "https://www.bn-r.fr/resultat.php?type_rech=pl&index%5B%5D=rue&value%5B%5D=%22Brezin%2C+rue%22&decouvrir_par_terme=Brezin%2C+rue"
      }
    },
    {
      "type": "Feature",
      "geometry": {
        "type": "MultiLineString",
        "coordinates": [
          [
            [
              3.160096,
              50.690648
            ],
            [
              3.159586,
              50.69031
            ],
            [
              3.158873,
              50.689847
            ]
          ],
          [
            [
              3.158261,
              50.689444
            ],
            [
              3.158873,
              50.689847
            ]
          ]
        ]
      },
      "properties": {
        "name": "Rue du Brondeloire",
        "source": "rue",
        "documents": 6,
        "instruments_de_recherche": 5,
        "geometrie_officielle": true,
        "rue_autre_forme": "Brondeloire, rue du",
        "url": "https://www.bn-r.fr/resultat.php?type_rech=pl&index%5B%5D=rue&value%5B%5D=%22Brondeloire%2C+rue+du%22&decouvrir_par_terme=Brondeloire%2C+rue+du"
      }
    },
    {
      "type": "Feature",
      "geometry": {
        "type": "LineString",
        "coordinates": [
          [
            3.180082,
            50.699816
          ],
          [
            3.179537,
            50.700249
          ],
          [
            3.179221,
            50.7005
          ],
          [
            3.179184,
            50.700582
          ],
          [
            3.178875,
            50.701281
          ],
          [
            3.178833,
            50.701318
          ]
        ]
      },
      "properties": {
        "name": "Rue Buffon",
        "source": "rue",
        "documents": 3,
        "instruments_de_recherche": 2,
        "geometrie_officielle": true,
        "rue_autre_forme": "Buffon, rue",
        "url": "https://www.bn-r.fr/resultat.php?type_rech=pl&index%5B%5D=rue&value%5B%5D=%22Buffon%2C+rue%22&decouvrir_par_terme=Buffon%2C+rue"
      }
    },
    {
      "type": "Feature",
      "geometry": {
        "type": "Point",
        "coordinates": [
          3.1694468,
          50.7076943
        ]
      },
      "properties": {
        "name": "Rue Cadeau",
        "source": "rue",
        "documents": 1,
        "instruments_de_recherche": 1,
        "geometrie_officielle": false,
        "rue_autre_forme": "Cadeau, rue",
        "url": "https://www.bn-r.fr/resultat.php?type_rech=pl&index%5B%5D=rue&value%5B%5D=%22Cadeau%2C+rue%22&decouvrir_par_terme=Cadeau%2C+rue"
      }
    },
    {
      "type": "Feature",
      "geometry": {
        "type": "MultiLineString",
        "coordinates": [
          [
            [
              3.190315,
              50.706578
            ],
            [
              3.189364,
              50.707783
            ]
          ],
          [
            [
              3.193741,
              50.702234
            ],
            [
              3.192066,
              50.704358
            ]
          ],
          [
            [
              3.192066,
              50.704358
            ],
            [
              3.191197,
              50.70545
            ],
            [
              3.19108,
              50.705604
            ],
            [
              3.190315,
              50.706578
            ]
          ]
        ]
      },
      "properties": {
        "name": "Rue du Caire",
        "source": "rue",
        "documents": 5,
        "instruments_de_recherche": 2,
        "geometrie_officielle": true,
        "rue_autre_forme": "Caire, rue du",
        "url": "https://www.bn-r.fr/resultat.php?type_rech=pl&index%5B%5D=rue&value%5B%5D=%22Caire%2C+rue+du%22&decouvrir_par_terme=Caire%2C+rue+du"
      }
    },
    {
      "type": "Feature",
      "geometry": {
        "type": "Point",
        "coordinates": [
          3.167134,
          50.705239
        ]
      },
      "properties": {
        "name": "Quai de Calais",
        "source": "rue",
        "documents": 2,
        "instruments_de_recherche": 2,
        "geometrie_officielle": false,
        "rue_autre_forme": "Calais, quai de",
        "url": "https://www.bn-r.fr/resultat.php?type_rech=pl&index%5B%5D=rue&value%5B%5D=%22Calais%2C+quai+de%22&decouvrir_par_terme=Calais%2C+quai+de"
      }
    },
    {
      "type": "Feature",
      "geometry": {
        "type": "LineString",
        "coordinates": [
          [
            3.163112,
            50.683757
          ],
          [
            3.163435,
            50.683591
          ],
          [
            3.164178,
            50.683231
          ],
          [
            3.165654,
            50.682504
          ],
          [
            3.165871,
            50.682401
          ],
          [
            3.167871,
            50.681414
          ]
        ]
      },
      "properties": {
        "name": "Boulevard de Cambrai",
        "source": "rue",
        "documents": 21,
        "instruments_de_recherche": 8,
        "geometrie_officielle": true,
        "rue_autre_forme": "Cambai, boulevard de",
        "url": "https://www.bn-r.fr/resultat.php?type_rech=pl&index%5B%5D=rue&value%5B%5D=%22Cambai%2C+boulevard+de%22&decouvrir_par_terme=Cambai%2C+boulevard+de"
      }
    },
    {
      "type": "Feature",
      "geometry": {
        "type": "LineString",
        "coordinates": [
          [
            3.158213,
            50.698396
          ],
          [
            3.156671,
            50.699461
          ]
        ]
      },
      "properties": {
        "name": "Rue du Capitaine Aubert",
        "source": "rue",
        "documents": 1,
        "instruments_de_recherche": 1,
        "geometrie_officielle": true,
        "rue_autre_forme": "Capitaine Aubert, rue du",
        "url": "https://www.bn-r.fr/resultat.php?type_rech=pl&index%5B%5D=rue&value%5B%5D=%22Capitaine+Aubert%2C+rue+du%22&decouvrir_par_terme=Capitaine+Aubert%2C+rue+du"
      }
    },
    {
      "type": "Feature",
      "geometry": {
        "type": "MultiLineString",
        "coordinates": [
          [
            [
              3.213078,
              50.684304
            ],
            [
              3.213038,
              50.685072
            ]
          ],
          [
            [
              3.212148,
              50.684684
            ],
            [
              3.213003,
              50.684698
            ]
          ],
          [
            [
              3.211497,
              50.684244
            ],
            [
              3.211491,
              50.684785
            ]
          ],
          [
            [
              3.21071,
              50.684644
            ],
            [
              3.210886,
              50.684803
            ],
            [
              3.211462,
              50.684802
            ]
          ],
          [
            [
              3.208441,
              50.683403
            ],
            [
              3.210398,
              50.684699
            ],
            [
              3.210944,
              50.685066
            ],
            [
              3.211073,
              50.685164
            ],
            [
              3.211833,
              50.685812
            ],
            [
              3.212065,
              50.686032
            ],
            [
              3.213497,
              50.68684
            ],
            [
              3.213809,
              50.686929
            ],
            [
              3.215031,
              50.68699
            ],
            [
              3.215243,
              50.687034
            ],
            [
              3.215994,
              50.687338
            ],
            [
              3.216074,
              50.687395
            ]
          ],
          [
            [
              3.212455,
              50.684936
            ],
            [
              3.212444,
              50.685309
            ]
          ],
          [
            [
              3.211461,
              50.685307
            ],
            [
              3.212412,
              50.685324
            ]
          ]
        ]
      },
      "properties": {
        "name": "Rue de Carihem",
        "source": "rue",
        "documents": 5,
        "instruments_de_recherche": 3,
        "geometrie_officielle": true,
        "rue_autre_forme": "Carihem, rue de",
        "url": "https://www.bn-r.fr/resultat.php?type_rech=pl&index%5B%5D=rue&value%5B%5D=%22Carihem%2C+rue+de%22&decouvrir_par_terme=Carihem%2C+rue+de"
      }
    },
    {
      "type": "Feature",
      "geometry": {
        "type": "LineString",
        "coordinates": [
          [
            3.19607,
            50.688596
          ],
          [
            3.196707,
            50.688615
          ]
        ]
      },
      "properties": {
        "name": "Place Carnot",
        "source": "rue",
        "documents": 7,
        "instruments_de_recherche": 4,
        "geometrie_officielle": true,
        "rue_autre_forme": "Carnot, place",
        "url": "https://www.bn-r.fr/resultat.php?type_rech=pl&index%5B%5D=rue&value%5B%5D=%22Carnot%2C+place%22&decouvrir_par_terme=Carnot%2C+place"
      }
    },
    {
      "type": "Feature",
      "geometry": {
        "type": "MultiLineString",
        "coordinates": [
          [
            [
              3.185856,
              50.677849
            ],
            [
              3.185133,
              50.677247
            ],
            [
              3.183969,
              50.67628
            ],
            [
              3.183372,
              50.675782
            ],
            [
              3.183082,
              50.675541
            ],
            [
              3.182562,
              50.675107
            ]
          ],
          [
            [
              3.182562,
              50.675107
            ],
            [
              3.180987,
              50.673791
            ],
            [
              3.180661,
              50.673524
            ],
            [
              3.180303,
              50.673212
            ],
            [
              3.180131,
              50.673065
            ],
            [
              3.179442,
              50.672503
            ]
          ]
        ]
      },
      "properties": {
        "name": "Rue Carpeaux",
        "source": "rue",
        "documents": 3,
        "instruments_de_recherche": 3,
        "geometrie_officielle": true,
        "rue_autre_forme": "Carpeaux, rue",
        "url": "https://www.bn-r.fr/resultat.php?type_rech=pl&index%5B%5D=rue&value%5B%5D=%22Carpeaux%2C+rue%22&decouvrir_par_terme=Carpeaux%2C+rue"
      }
    },
    {
      "type": "Feature",
      "geometry": {
        "type": "LineString",
        "coordinates": [
          [
            3.185708,
            50.701285
          ],
          [
            3.186352,
            50.701288
          ],
          [
            3.187518,
            50.7013
          ],
          [
            3.187741,
            50.7013
          ],
          [
            3.188825,
            50.701304
          ],
          [
            3.189607,
            50.701312
          ],
          [
            3.190628,
            50.701321
          ],
          [
            3.191682,
            50.701332
          ],
          [
            3.193741,
            50.702234
          ],
          [
            3.194061,
            50.702421
          ],
          [
            3.194308,
            50.702595
          ],
          [
            3.194635,
            50.702801
          ],
          [
            3.194869,
            50.702942
          ]
        ]
      },
      "properties": {
        "name": "Rue de Cartigny",
        "source": "rue",
        "documents": 12,
        "instruments_de_recherche": 5,
        "geometrie_officielle": true,
        "rue_autre_forme": "Cartigny, rue de",
        "url": "https://www.bn-r.fr/resultat.php?type_rech=pl&index%5B%5D=rue&value%5B%5D=%22Cartigny%2C+rue+de%22&decouvrir_par_terme=Cartigny%2C+rue+de"
      }
    },
    {
      "type": "Feature",
      "geometry": {
        "type": "LineString",
        "coordinates": [
          [
            3.190896,
            50.687083
          ],
          [
            3.191504,
            50.686465
          ]
        ]
      },
      "properties": {
        "name": "Rue Casimir Périer",
        "source": "rue",
        "documents": 1,
        "instruments_de_recherche": 1,
        "geometrie_officielle": true,
        "rue_autre_forme": "Casimir Perier, rue",
        "url": "https://www.bn-r.fr/resultat.php?type_rech=pl&index%5B%5D=rue&value%5B%5D=%22Casimir+Perier%2C+rue%22&decouvrir_par_terme=Casimir+Perier%2C+rue"
      }
    },
    {
      "type": "Feature",
      "geometry": {
        "type": "LineString",
        "coordinates": [
          [
            3.164573,
            50.69788
          ],
          [
            3.165611,
            50.699727
          ],
          [
            3.165801,
            50.700048
          ],
          [
            3.166388,
            50.701112
          ]
        ]
      },
      "properties": {
        "name": "Rue de Cassel",
        "source": "rue",
        "documents": 4,
        "instruments_de_recherche": 4,
        "geometrie_officielle": true,
        "rue_autre_forme": "Cassel, rue de",
        "url": "https://www.bn-r.fr/resultat.php?type_rech=pl&index%5B%5D=rue&value%5B%5D=%22Cassel%2C+rue+de%22&decouvrir_par_terme=Cassel%2C+rue+de"
      }
    },
    {
      "type": "Feature",
      "geometry": {
        "type": "Polygon",
        "coordinates": [
          [
            [
              3.183455624673561,
              50.6938834044699
            ],
            [
              3.18315745594337,
              50.69427305387669
            ],
            [
              3.182974569869002,
              50.69457530689792
            ],
            [
              3.18283529032306,
              50.69477418374475
            ],
            [
              3.182643287441854,
              50.69492808740947
            ],
            [
              3.182411983343802,
              50.69506165619431
            ],
            [
              3.182254383782216,
              50.69511758209863
            ],
            [
              3.182133012131683,
              50.69514862423249
            ],
            [
              3.181985451212993,
              50.69517377042924
            ],
            [
              3.181806092213355,
              50.69519183981384
            ],
            [
              3.181624111932458,
              50.69519028599134
            ],
            [
              3.180510649030505,
              50.69513081004252
            ],
            [
              3.180146035708085,
              50.69508741557217
            ],
            [
              3.179837937548683,
              50.69502319431064
            ],
            [
              3.179500616277249,
              50.69491621728599
            ],
            [
              3.179249268409972,
              50.69484165501802
            ],
            [
              3.179110205068847,
              50.69480040157988
            ],
            [
              3.178063533569542,
              50.69445374675765
            ],
            [
              3.177667755390755,
              50.69436233303633
            ],
            [
              3.176800119325671,
              50.6942148614387
            ],
            [
              3.176365837468632,
              50.69411454096654
            ],
            [
              3.175425612206491,
              50.69380510150517
            ],
            [
              3.175019029831106,
              50.69369276385683
            ],
            [
              3.174608988739519,
              50.69364839225037
            ],
            [
              3.174135498256326,
              50.69369899566686
            ],
            [
              3.174139793698378,
              50.69330531714797
            ],
            [
              3.174179062156491,
              50.69299858120009
            ],
            [
              3.173666930615996,
              50.69296674185266
            ],
            [
              3.17341474231069,
              50.69290648509359
            ],
            [
              3.173165657469711,
              50.69275758324554
            ],
            [
              3.172936472283046,
              50.69241652774024
            ],
            [
              3.172993519086548,
              50.69222115970341
            ],
            [
              3.173407695280584,
              50.69170424041786
            ],
            [
              3.173081475574756,
              50.69166518196878
            ],
            [
              3.173547259363733,
              50.69013066689788
            ],
            [
              3.173676691372965,
              50.68969845681023
            ],
            [
              3.17381201298172,
              50.68926332705088
            ],
            [
              3.174077825184146,
              50.68876471382303
            ],
            [
              3.174371582034362,
              50.68821376521539
            ],
            [
              3.174652595752659,
              50.68786704308644
            ],
            [
              3.174885175810837,
              50.68763792593472
            ],
            [
              3.175274967383933,
              50.68785672863798
            ],
            [
              3.175842847461152,
              50.68815403115033
            ],
            [
              3.176783948321305,
              50.68851958842811
            ],
            [
              3.177239835820267,
              50.6887940433916
            ],
            [
              3.177519627815379,
              50.68936810225617
            ],
            [
              3.177551246858093,
              50.68965868874491
            ],
            [
              3.177569665585108,
              50.68983448646279
            ],
            [
              3.177807101045692,
              50.69037930301536
            ],
            [
              3.178254906689957,
              50.69072175394295
            ],
            [
              3.178858945896353,
              50.69095675012879
            ],
            [
              3.179630857132186,
              50.6912171390939
            ],
            [
              3.180875014462973,
              50.69162385819683
            ],
            [
              3.181731253580857,
              50.69188777594555
            ],
            [
              3.183541154134205,
              50.69222603411654
            ],
            [
              3.184618178642756,
              50.69243625898734
            ],
            [
              3.184650406780292,
              50.69244198377907
            ],
            [
              3.183920115076954,
              50.69335652145724
            ],
            [
              3.183455624673561,
              50.6938834044699
            ]
          ]
        ]
      },
      "properties": {
        "name": "Centre",
        "source": "quartier",
        "documents": 187,
        "instruments_de_recherche": 8,
        "geometrie_officielle": false,
        "rue_autre_forme": null,
        "url": "https://www.bn-r.fr/resultat.php?type_rech=pl&index%5B%5D=quartier&value%5B%5D=%22Centre%22&decouvrir_par_terme=Centre"
      }
    },
    {
      "type": "Feature",
      "geometry": {
        "type": "LineString",
        "coordinates": [
          [
            3.167181,
            50.694079
          ],
          [
            3.166846,
            50.693245
          ],
          [
            3.166583,
            50.692582
          ],
          [
            3.166535,
            50.692457
          ],
          [
            3.166242,
            50.691734
          ]
        ]
      },
      "properties": {
        "name": "Rue des Champs",
        "source": "rue",
        "documents": 38,
        "instruments_de_recherche": 7,
        "geometrie_officielle": true,
        "rue_autre_forme": "Champs, rue des",
        "url": "https://www.bn-r.fr/resultat.php?type_rech=pl&index%5B%5D=rue&value%5B%5D=%22Champs%2C+rue+des%22&decouvrir_par_terme=Champs%2C+rue+des"
      }
    },
    {
      "type": "Feature",
      "geometry": {
        "type": "LineString",
        "coordinates": [
          [
            3.190967,
            50.694781
          ],
          [
            3.19133,
            50.694783
          ]
        ]
      },
      "properties": {
        "name": "Place Chaptal",
        "source": "rue",
        "documents": 15,
        "instruments_de_recherche": 2,
        "geometrie_officielle": true,
        "rue_autre_forme": "Chaptal, place",
        "url": "https://www.bn-r.fr/resultat.php?type_rech=pl&index%5B%5D=rue&value%5B%5D=%22Chaptal%2C+place%22&decouvrir_par_terme=Chaptal%2C+place"
      }
    },
    {
      "type": "Feature",
      "geometry": {
        "type": "LineString",
        "coordinates": [
          [
            3.19054,
            50.685569
          ],
          [
            3.189234,
            50.686831
          ]
        ]
      },
      "properties": {
        "name": "Rue Charlemagne",
        "source": "rue",
        "documents": 1,
        "instruments_de_recherche": 1,
        "geometrie_officielle": true,
        "rue_autre_forme": "Charlemagne, rue",
        "url": "https://www.bn-r.fr/resultat.php?type_rech=pl&index%5B%5D=rue&value%5B%5D=%22Charlemagne%2C+rue%22&decouvrir_par_terme=Charlemagne%2C+rue"
      }
    },
    {
      "type": "Feature",
      "geometry": {
        "type": "LineString",
        "coordinates": [
          [
            3.199968,
            50.68575
          ],
          [
            3.199731,
            50.685715
          ],
          [
            3.199673,
            50.685644
          ],
          [
            3.199736,
            50.685431
          ],
          [
            3.199801,
            50.685316
          ],
          [
            3.198814,
            50.684933
          ],
          [
            3.198777,
            50.684672
          ],
          [
            3.198708,
            50.684129
          ],
          [
            3.198959,
            50.683798
          ],
          [
            3.200461,
            50.681781
          ]
        ]
      },
      "properties": {
        "name": "Rue de Charleroi",
        "source": "rue",
        "documents": 1,
        "instruments_de_recherche": 1,
        "geometrie_officielle": true,
        "rue_autre_forme": "Charleroi, rue de",
        "url": "https://www.bn-r.fr/resultat.php?type_rech=pl&index%5B%5D=rue&value%5B%5D=%22Charleroi%2C+rue+de%22&decouvrir_par_terme=Charleroi%2C+rue+de"
      }
    },
    {
      "type": "Feature",
      "geometry": {
        "type": "LineString",
        "coordinates": [
          [
            3.184766,
            50.673766
          ],
          [
            3.184129,
            50.672758
          ],
          [
            3.183139,
            50.671195
          ],
          [
            3.183124,
            50.670939
          ],
          [
            3.183358,
            50.669707
          ]
        ]
      },
      "properties": {
        "name": "Avenue Charles Fourier",
        "source": "rue",
        "documents": 1,
        "instruments_de_recherche": 1,
        "geometrie_officielle": true,
        "rue_autre_forme": "Charles Fourier, avenue",
        "url": "https://www.bn-r.fr/resultat.php?type_rech=pl&index%5B%5D=rue&value%5B%5D=%22Charles+Fourier%2C+avenue%22&decouvrir_par_terme=Charles+Fourier%2C+avenue"
      }
    },
    {
      "type": "Feature",
      "geometry": {
        "type": "LineString",
        "coordinates": [
          [
            3.155037,
            50.697731
          ],
          [
            3.155953,
            50.697906
          ],
          [
            3.157729,
            50.698245
          ],
          [
            3.157917,
            50.698224
          ]
        ]
      },
      "properties": {
        "name": "Rue Charles Gounod",
        "source": "rue",
        "documents": 1,
        "instruments_de_recherche": 1,
        "geometrie_officielle": true,
        "rue_autre_forme": "Charles Gounod, rue",
        "url": "https://www.bn-r.fr/resultat.php?type_rech=pl&index%5B%5D=rue&value%5B%5D=%22Charles+Gounod%2C+rue%22&decouvrir_par_terme=Charles+Gounod%2C+rue"
      }
    },
    {
      "type": "Feature",
      "geometry": {
        "type": "LineString",
        "coordinates": [
          [
            3.184929,
            50.674127
          ],
          [
            3.184608,
            50.674051
          ],
          [
            3.184766,
            50.673766
          ],
          [
            3.185079,
            50.673801
          ],
          [
            3.184929,
            50.674127
          ]
        ]
      },
      "properties": {
        "name": "Place Charles Spriet",
        "source": "rue",
        "documents": 1,
        "instruments_de_recherche": 1,
        "geometrie_officielle": true,
        "rue_autre_forme": "Charles Louis Spriet, place",
        "url": "https://www.bn-r.fr/resultat.php?type_rech=pl&index%5B%5D=rue&value%5B%5D=%22Charles+Louis+Spriet%2C+place%22&decouvrir_par_terme=Charles+Louis+Spriet%2C+place"
      }
    },
    {
      "type": "Feature",
      "geometry": {
        "type": "LineString",
        "coordinates": [
          [
            3.170021,
            50.686268
          ],
          [
            3.17152,
            50.684619
          ]
        ]
      },
      "properties": {
        "name": "Rue Charles Quint",
        "source": "rue",
        "documents": 5,
        "instruments_de_recherche": 4,
        "geometrie_officielle": true,
        "rue_autre_forme": "Charles Quint, rue",
        "url": "https://www.bn-r.fr/resultat.php?type_rech=pl&index%5B%5D=rue&value%5B%5D=%22Charles+Quint%2C+rue%22&decouvrir_par_terme=Charles+Quint%2C+rue"
      }
    },
    {
      "type": "Feature",
      "geometry": {
        "type": "LineString",
        "coordinates": [
          [
            3.177548,
            50.69948
          ],
          [
            3.177425,
            50.699434
          ],
          [
            3.176915,
            50.698609
          ]
        ]
      },
      "properties": {
        "name": "Rue des Charpentiers",
        "source": "rue",
        "documents": 1,
        "instruments_de_recherche": 1,
        "geometrie_officielle": true,
        "rue_autre_forme": "Charpentiers, rue",
        "url": "https://www.bn-r.fr/resultat.php?type_rech=pl&index%5B%5D=rue&value%5B%5D=%22Charpentiers%2C+rue%22&decouvrir_par_terme=Charpentiers%2C+rue"
      }
    },
    {
      "type": "Feature",
      "geometry": {
        "type": "MultiLineString",
        "coordinates": [
          [
            [
              3.174891,
              50.690566
            ],
            [
              3.175048,
              50.689659
            ]
          ],
          [
            [
              3.175128,
              50.689193
            ],
            [
              3.175048,
              50.689659
            ]
          ]
        ]
      },
      "properties": {
        "name": "Rue du Château",
        "source": "rue",
        "documents": 110,
        "instruments_de_recherche": 9,
        "geometrie_officielle": true,
        "rue_autre_forme": "Chateau, rue du",
        "url": "https://www.bn-r.fr/resultat.php?type_rech=pl&index%5B%5D=rue&value%5B%5D=%22Chateau%2C+rue+du%22&decouvrir_par_terme=Chateau%2C+rue+du"
      }
    },
    {
      "type": "Feature",
      "geometry": {
        "type": "MultiLineString",
        "coordinates": [
          [
            [
              3.16858,
              50.701613
            ],
            [
              3.168487,
              50.701622
            ],
            [
              3.167211,
              50.7022
            ]
          ],
          [
            [
              3.167211,
              50.7022
            ],
            [
              3.165396,
              50.703025
            ]
          ]
        ]
      },
      "properties": {
        "name": "Rue de la Chaussée",
        "source": "rue",
        "documents": 1,
        "instruments_de_recherche": 1,
        "geometrie_officielle": true,
        "rue_autre_forme": "Chaussée, rue de la",
        "url": "https://www.bn-r.fr/resultat.php?type_rech=pl&index%5B%5D=rue&value%5B%5D=%22Chauss%C3%A9e%2C+rue+de+la%22&decouvrir_par_terme=Chauss%C3%A9e%2C+rue+de+la"
      }
    },
    {
      "type": "Feature",
      "geometry": {
        "type": "LineString",
        "coordinates": [
          [
            3.163439,
            50.694954
          ],
          [
            3.164224,
            50.694591
          ],
          [
            3.164349,
            50.694546
          ],
          [
            3.164861,
            50.694454
          ],
          [
            3.165858,
            50.694277
          ],
          [
            3.166526,
            50.694165
          ],
          [
            3.166739,
            50.694255
          ]
        ]
      },
      "properties": {
        "name": "Rue du Chemin de Fer",
        "source": "rue",
        "documents": 19,
        "instruments_de_recherche": 7,
        "geometrie_officielle": true,
        "rue_autre_forme": "Chemin de fer, rue du",
        "url": "https://www.bn-r.fr/resultat.php?type_rech=pl&index%5B%5D=rue&value%5B%5D=%22Chemin+de+fer%2C+rue+du%22&decouvrir_par_terme=Chemin+de+fer%2C+rue+du"
      }
    },
    {
      "type": "Feature",
      "geometry": {
        "type": "Polygon",
        "coordinates": [
          [
            [
              3.194676927298958,
              50.67855728899933
            ],
            [
              3.191647020510598,
              50.68005426610429
            ],
            [
              3.189844375864471,
              50.6785050309419
            ],
            [
              3.189645754832229,
              50.67833003748264
            ],
            [
              3.187806610197207,
              50.67674739306952
            ],
            [
              3.189363240808234,
              50.6758896228751
            ],
            [
              3.192255584451595,
              50.67429714675417
            ],
            [
              3.19315633400723,
              50.67378850281606
            ],
            [
              3.195614502965685,
              50.67532183605949
            ],
            [
              3.196262801514969,
              50.67574505095213
            ],
            [
              3.197666461198777,
              50.67662003974138
            ],
            [
              3.194676927298958,
              50.67855728899933
            ]
          ]
        ]
      },
      "properties": {
        "name": "Chemin neuf",
        "source": "quartier",
        "documents": 1,
        "instruments_de_recherche": 1,
        "geometrie_officielle": false,
        "rue_autre_forme": null,
        "url": "https://www.bn-r.fr/resultat.php?type_rech=pl&index%5B%5D=quartier&value%5B%5D=%22Chemin+neuf%22&decouvrir_par_terme=Chemin+neuf"
      }
    },
    {
      "type": "Feature",
      "geometry": {
        "type": "MultiLineString",
        "coordinates": [
          [
            [
              3.193381,
              50.676795
            ],
            [
              3.193107,
              50.676006
            ],
            [
              3.192991,
              50.67581
            ],
            [
              3.19255,
              50.675073
            ],
            [
              3.192476,
              50.674923
            ],
            [
              3.19224,
              50.674319
            ]
          ],
          [
            [
              3.196127,
              50.679796
            ],
            [
              3.19531,
              50.679102
            ],
            [
              3.194682,
              50.678555
            ],
            [
              3.194239,
              50.678167
            ],
            [
              3.193634,
              50.677643
            ],
            [
              3.193556,
              50.677554
            ],
            [
              3.193474,
              50.677392
            ],
            [
              3.193381,
              50.676795
            ]
          ]
        ]
      },
      "properties": {
        "name": "Rue du Chemin Neuf",
        "source": "rue",
        "documents": 2,
        "instruments_de_recherche": 2,
        "geometrie_officielle": true,
        "rue_autre_forme": "Chemin neuf, rue du",
        "url": "https://www.bn-r.fr/resultat.php?type_rech=pl&index%5B%5D=rue&value%5B%5D=%22Chemin+neuf%2C+rue+du%22&decouvrir_par_terme=Chemin+neuf%2C+rue+du"
      }
    },
    {
      "type": "Feature",
      "geometry": {
        "type": "LineString",
        "coordinates": [
          [
            3.192549,
            50.683378
          ],
          [
            3.191396,
            50.682134
          ],
          [
            3.190949,
            50.681657
          ],
          [
            3.190294,
            50.681735
          ]
        ]
      },
      "properties": {
        "name": "Rue du Chevalier Roland",
        "source": "rue",
        "documents": 1,
        "instruments_de_recherche": 1,
        "geometrie_officielle": true,
        "rue_autre_forme": "Chevalier Roland, rue du",
        "url": "https://www.bn-r.fr/resultat.php?type_rech=pl&index%5B%5D=rue&value%5B%5D=%22Chevalier+Roland%2C+rue+du%22&decouvrir_par_terme=Chevalier+Roland%2C+rue+du"
      }
    },
    {
      "type": "Feature",
      "geometry": {
        "type": "LineString",
        "coordinates": [
          [
            3.179757,
            50.694615
          ],
          [
            3.180287,
            50.693837
          ],
          [
            3.180539,
            50.693652
          ],
          [
            3.180745,
            50.693331
          ],
          [
            3.180964,
            50.693277
          ],
          [
            3.18117,
            50.692964
          ]
        ]
      },
      "properties": {
        "name": "Rue de Choiseul",
        "source": "rue",
        "documents": 4,
        "instruments_de_recherche": 3,
        "geometrie_officielle": true,
        "rue_autre_forme": "Choiseul, rue",
        "url": "https://www.bn-r.fr/resultat.php?type_rech=pl&index%5B%5D=rue&value%5B%5D=%22Choiseul%2C+rue%22&decouvrir_par_terme=Choiseul%2C+rue"
      }
    },
    {
      "type": "Feature",
      "geometry": {
        "type": "Point",
        "coordinates": [
          3.1688853,
          50.704239
        ]
      },
      "properties": {
        "name": "Rue Christophe Colomb",
        "source": "rue",
        "documents": 1,
        "instruments_de_recherche": 1,
        "geometrie_officielle": false,
        "rue_autre_forme": "Christophe Colomb, rue",
        "url": "https://www.bn-r.fr/resultat.php?type_rech=pl&index%5B%5D=rue&value%5B%5D=%22Christophe+Colomb%2C+rue%22&decouvrir_par_terme=Christophe+Colomb%2C+rue"
      }
    },
    {
      "type": "Feature",
      "geometry": {
        "type": "LineString",
        "coordinates": [
          [
            3.206014,
            50.684214
          ],
          [
            3.206302,
            50.68406
          ],
          [
            3.207833,
            50.683711
          ]
        ]
      },
      "properties": {
        "name": "Rue de Cohem",
        "source": "rue",
        "documents": 2,
        "instruments_de_recherche": 1,
        "geometrie_officielle": true,
        "rue_autre_forme": "Cohem, rue de",
        "url": "https://www.bn-r.fr/resultat.php?type_rech=pl&index%5B%5D=rue&value%5B%5D=%22Cohem%2C+rue+de%22&decouvrir_par_terme=Cohem%2C+rue+de"
      }
    },
    {
      "type": "Feature",
      "geometry": {
        "type": "MultiLineString",
        "coordinates": [
          [
            [
              3.169404,
              50.682761
            ],
            [
              3.167791,
              50.683677
            ]
          ],
          [
            [
              3.167791,
              50.683677
            ],
            [
              3.167439,
              50.683884
            ],
            [
              3.166,
              50.684702
            ],
            [
              3.165956,
              50.684794
            ]
          ]
        ]
      },
      "properties": {
        "name": "Rue Colbert",
        "source": "rue",
        "documents": 6,
        "instruments_de_recherche": 2,
        "geometrie_officielle": true,
        "rue_autre_forme": "Colbert, rue",
        "url": "https://www.bn-r.fr/resultat.php?type_rech=pl&index%5B%5D=rue&value%5B%5D=%22Colbert%2C+rue%22&decouvrir_par_terme=Colbert%2C+rue"
      }
    },
    {
      "type": "Feature",
      "geometry": {
        "type": "LineString",
        "coordinates": [
          [
            3.175907,
            50.685039
          ],
          [
            3.175307,
            50.684559
          ],
          [
            3.174851,
            50.684204
          ],
          [
            3.174348,
            50.68381
          ],
          [
            3.174849,
            50.683183
          ]
        ]
      },
      "properties": {
        "name": "Rue Coligny",
        "source": "rue",
        "documents": 2,
        "instruments_de_recherche": 2,
        "geometrie_officielle": true,
        "rue_autre_forme": "Coligny, rue",
        "url": "https://www.bn-r.fr/resultat.php?type_rech=pl&index%5B%5D=rue&value%5B%5D=%22Coligny%2C+rue%22&decouvrir_par_terme=Coligny%2C+rue"
      }
    },
    {
      "type": "Feature",
      "geometry": {
        "type": "MultiLineString",
        "coordinates": [
          [
            [
              3.17922,
              50.69483
            ],
            [
              3.179447,
              50.694298
            ],
            [
              3.180182,
              50.692736
            ]
          ],
          [
            [
              3.177812,
              50.697192
            ],
            [
              3.178408,
              50.696232
            ],
            [
              3.178759,
              50.695662
            ],
            [
              3.17922,
              50.69483
            ]
          ],
          [
            [
              3.174704,
              50.699341
            ],
            [
              3.176915,
              50.698609
            ],
            [
              3.176961,
              50.69856
            ],
            [
              3.177288,
              50.698045
            ],
            [
              3.177812,
              50.697192
            ]
          ]
        ]
      },
      "properties": {
        "name": "Rue du Collège",
        "source": "rue",
        "documents": 66,
        "instruments_de_recherche": 7,
        "geometrie_officielle": true,
        "rue_autre_forme": "College, rue du",
        "url": "https://www.bn-r.fr/resultat.php?type_rech=pl&index%5B%5D=rue&value%5B%5D=%22College%2C+rue+du%22&decouvrir_par_terme=College%2C+rue+du"
      }
    },
    {
      "type": "Feature",
      "geometry": {
        "type": "MultiLineString",
        "coordinates": [
          [
            [
              3.17922,
              50.69483
            ],
            [
              3.179447,
              50.694298
            ],
            [
              3.180182,
              50.692736
            ]
          ],
          [
            [
              3.177812,
              50.697192
            ],
            [
              3.178408,
              50.696232
            ],
            [
              3.178759,
              50.695662
            ],
            [
              3.17922,
              50.69483
            ]
          ],
          [
            [
              3.174704,
              50.699341
            ],
            [
              3.176915,
              50.698609
            ],
            [
              3.176961,
              50.69856
            ],
            [
              3.177288,
              50.698045
            ],
            [
              3.177812,
              50.697192
            ]
          ]
        ]
      },
      "properties": {
        "name": "Rue du Collège",
        "source": "rue",
        "documents": 12,
        "instruments_de_recherche": 5,
        "geometrie_officielle": true,
        "rue_autre_forme": "Collège, rue du",
        "url": "https://www.bn-r.fr/resultat.php?type_rech=pl&index%5B%5D=rue&value%5B%5D=%22Coll%C3%A8ge%2C+rue+du%22&decouvrir_par_terme=Coll%C3%A8ge%2C+rue+du"
      }
    },
    {
      "type": "Feature",
      "geometry": {
        "type": "LineString",
        "coordinates": [
          [
            3.165625,
            50.689249
          ],
          [
            3.166748,
            50.690069
          ]
        ]
      },
      "properties": {
        "name": "Rue de la Concorde",
        "source": "rue",
        "documents": 1,
        "instruments_de_recherche": 1,
        "geometrie_officielle": true,
        "rue_autre_forme": "Concorde, rue de la",
        "url": "https://www.bn-r.fr/resultat.php?type_rech=pl&index%5B%5D=rue&value%5B%5D=%22Concorde%2C+rue+de+la%22&decouvrir_par_terme=Concorde%2C+rue+de+la"
      }
    },
    {
      "type": "Feature",
      "geometry": {
        "type": "LineString",
        "coordinates": [
          [
            3.191595,
            50.689422
          ],
          [
            3.191959,
            50.689124
          ],
          [
            3.192324,
            50.688823
          ],
          [
            3.193015,
            50.688256
          ],
          [
            3.19315,
            50.688158
          ],
          [
            3.193153,
            50.688036
          ],
          [
            3.193191,
            50.687975
          ],
          [
            3.193844,
            50.687229
          ],
          [
            3.193921,
            50.687197
          ],
          [
            3.19424,
            50.68686
          ],
          [
            3.194297,
            50.68677
          ]
        ]
      },
      "properties": {
        "name": "Rue de Condé",
        "source": "rue",
        "documents": 6,
        "instruments_de_recherche": 4,
        "geometrie_officielle": true,
        "rue_autre_forme": "Conde, rue de",
        "url": "https://www.bn-r.fr/resultat.php?type_rech=pl&index%5B%5D=rue&value%5B%5D=%22Conde%2C+rue+de%22&decouvrir_par_terme=Conde%2C+rue+de"
      }
    },
    {
      "type": "Feature",
      "geometry": {
        "type": "LineString",
        "coordinates": [
          [
            3.186323,
            50.697023
          ],
          [
            3.187199,
            50.697217
          ]
        ]
      },
      "properties": {
        "name": "Rue Condorcet",
        "source": "rue",
        "documents": 1,
        "instruments_de_recherche": 1,
        "geometrie_officielle": true,
        "rue_autre_forme": "Condorcet, rue",
        "url": "https://www.bn-r.fr/resultat.php?type_rech=pl&index%5B%5D=rue&value%5B%5D=%22Condorcet%2C+rue%22&decouvrir_par_terme=Condorcet%2C+rue"
      }
    },
    {
      "type": "Feature",
      "geometry": {
        "type": "MultiLineString",
        "coordinates": [
          [
            [
              3.193849,
              50.694998
            ],
            [
              3.193997,
              50.695983
            ],
            [
              3.194119,
              50.696835
            ],
            [
              3.194248,
              50.697666
            ],
            [
              3.194371,
              50.697815
            ]
          ],
          [
            [
              3.193806,
              50.694699
            ],
            [
              3.193849,
              50.694998
            ]
          ]
        ]
      },
      "properties": {
        "name": "Rue de la Conférence",
        "source": "rue",
        "documents": 7,
        "instruments_de_recherche": 4,
        "geometrie_officielle": true,
        "rue_autre_forme": "Conference, rue de la",
        "url": "https://www.bn-r.fr/resultat.php?type_rech=pl&index%5B%5D=rue&value%5B%5D=%22Conference%2C+rue+de+la%22&decouvrir_par_terme=Conference%2C+rue+de+la"
      }
    },
    {
      "type": "Feature",
      "geometry": {
        "type": "LineString",
        "coordinates": [
          [
            3.184055,
            50.703714
          ],
          [
            3.185317,
            50.70429
          ],
          [
            3.185818,
            50.704519
          ],
          [
            3.186471,
            50.704823
          ],
          [
            3.188341,
            50.705678
          ],
          [
            3.188656,
            50.705819
          ],
          [
            3.190315,
            50.706578
          ],
          [
            3.190419,
            50.706609
          ],
          [
            3.190934,
            50.706833
          ]
        ]
      },
      "properties": {
        "name": "Rue de Constantine",
        "source": "rue",
        "documents": 6,
        "instruments_de_recherche": 2,
        "geometrie_officielle": true,
        "rue_autre_forme": "Constantine, rue de",
        "url": "https://www.bn-r.fr/resultat.php?type_rech=pl&index%5B%5D=rue&value%5B%5D=%22Constantine%2C+rue+de%22&decouvrir_par_terme=Constantine%2C+rue+de"
      }
    },
    {
      "type": "Feature",
      "geometry": {
        "type": "LineString",
        "coordinates": [
          [
            3.190357,
            50.688393
          ],
          [
            3.191625,
            50.687394
          ]
        ]
      },
      "properties": {
        "name": "Rue Copernic",
        "source": "rue",
        "documents": 2,
        "instruments_de_recherche": 1,
        "geometrie_officielle": true,
        "rue_autre_forme": "Copernic, rue",
        "url": "https://www.bn-r.fr/resultat.php?type_rech=pl&index%5B%5D=rue&value%5B%5D=%22Copernic%2C+rue%22&decouvrir_par_terme=Copernic%2C+rue"
      }
    },
    {
      "type": "Feature",
      "geometry": {
        "type": "MultiLineString",
        "coordinates": [
          [
            [
              3.183198,
              50.684449
            ],
            [
              3.182014,
              50.685269
            ],
            [
              3.181657,
              50.685661
            ],
            [
              3.181251,
              50.686102
            ],
            [
              3.180909,
              50.686482
            ],
            [
              3.180119,
              50.687338
            ]
          ],
          [
            [
              3.177781,
              50.689558
            ],
            [
              3.178125,
              50.689505
            ],
            [
              3.178294,
              50.689363
            ],
            [
              3.178385,
              50.689266
            ],
            [
              3.178777,
              50.688798
            ],
            [
              3.17885,
              50.688714
            ],
            [
              3.179657,
              50.687735
            ],
            [
              3.179739,
              50.687628
            ]
          ]
        ]
      },
      "properties": {
        "name": "Rue du Coq Français",
        "source": "rue",
        "documents": 13,
        "instruments_de_recherche": 4,
        "geometrie_officielle": true,
        "rue_autre_forme": "Coq français, rue du",
        "url": "https://www.bn-r.fr/resultat.php?type_rech=pl&index%5B%5D=rue&value%5B%5D=%22Coq+fran%C3%A7ais%2C+rue+du%22&decouvrir_par_terme=Coq+fran%C3%A7ais%2C+rue+du"
      }
    },
    {
      "type": "Feature",
      "geometry": {
        "type": "LineString",
        "coordinates": [
          [
            3.194738,
            50.681234
          ],
          [
            3.192423,
            50.679662
          ]
        ]
      },
      "properties": {
        "name": "Avenue Cordonnier",
        "source": "rue",
        "documents": 1,
        "instruments_de_recherche": 1,
        "geometrie_officielle": true,
        "rue_autre_forme": "Cordonnier, avenue",
        "url": "https://www.bn-r.fr/resultat.php?type_rech=pl&index%5B%5D=rue&value%5B%5D=%22Cordonnier%2C+avenue%22&decouvrir_par_terme=Cordonnier%2C+avenue"
      }
    },
    {
      "type": "Feature",
      "geometry": {
        "type": "LineString",
        "coordinates": [
          [
            3.160547,
            50.699856
          ],
          [
            3.159384,
            50.701127
          ]
        ]
      },
      "properties": {
        "name": "Rue Corneille",
        "source": "rue",
        "documents": 3,
        "instruments_de_recherche": 1,
        "geometrie_officielle": true,
        "rue_autre_forme": "Corneille, rue",
        "url": "https://www.bn-r.fr/resultat.php?type_rech=pl&index%5B%5D=rue&value%5B%5D=%22Corneille%2C+rue%22&decouvrir_par_terme=Corneille%2C+rue"
      }
    },
    {
      "type": "Feature",
      "geometry": {
        "type": "LineString",
        "coordinates": [
          [
            3.16083,
            50.68421
          ],
          [
            3.160386,
            50.684582
          ],
          [
            3.160372,
            50.684648
          ],
          [
            3.160358,
            50.684701
          ],
          [
            3.160432,
            50.684821
          ],
          [
            3.160716,
            50.685123
          ],
          [
            3.16152,
            50.685948
          ],
          [
            3.16179,
            50.686227
          ],
          [
            3.161891,
            50.686339
          ],
          [
            3.16216,
            50.686523
          ],
          [
            3.162391,
            50.686567
          ],
          [
            3.162391,
            50.686567
          ]
        ]
      },
      "properties": {
        "name": "Rue de Croix",
        "source": "rue",
        "documents": 4,
        "instruments_de_recherche": 2,
        "geometrie_officielle": true,
        "rue_autre_forme": "Croix, rue de",
        "url": "https://www.bn-r.fr/resultat.php?type_rech=pl&index%5B%5D=rue&value%5B%5D=%22Croix%2C+rue+de%22&decouvrir_par_terme=Croix%2C+rue+de"
      }
    },
    {
      "type": "Feature",
      "geometry": {
        "type": "Polygon",
        "coordinates": [
          [
            [
              3.173081475574756,
              50.69166518196878
            ],
            [
              3.169887216432677,
              50.69139204020971
            ],
            [
              3.16922981837154,
              50.69043579459434
            ],
            [
              3.168971044784929,
              50.69017616628342
            ],
            [
              3.168650189663184,
              50.68979092112801
            ],
            [
              3.17013947043601,
              50.68941158282105
            ],
            [
              3.172241253050665,
              50.68875139805061
            ],
            [
              3.172023845402551,
              50.68728587256312
            ],
            [
              3.172027160038913,
              50.68699076111535
            ],
            [
              3.173929863539526,
              50.68768292457861
            ],
            [
              3.174652595752659,
              50.68786704308644
            ],
            [
              3.174371582034362,
              50.68821376521539
            ],
            [
              3.174077825184146,
              50.68876471382303
            ],
            [
              3.17381201298172,
              50.68926332705088
            ],
            [
              3.173676691372965,
              50.68969845681023
            ],
            [
              3.173547259363733,
              50.69013066689788
            ],
            [
              3.173081475574756,
              50.69166518196878
            ]
          ]
        ]
      },
      "properties": {
        "name": "Crouy",
        "source": "quartier",
        "documents": 3,
        "instruments_de_recherche": 3,
        "geometrie_officielle": false,
        "rue_autre_forme": null,
        "url": "https://www.bn-r.fr/resultat.php?type_rech=pl&index%5B%5D=quartier&value%5B%5D=%22Crouy%22&decouvrir_par_terme=Crouy"
      }
    },
    {
      "type": "Feature",
      "geometry": {
        "type": "LineString",
        "coordinates": [
          [
            3.172031,
            50.687276
          ],
          [
            3.170504,
            50.687554
          ],
          [
            3.169783,
            50.687682
          ],
          [
            3.168967,
            50.687818
          ]
        ]
      },
      "properties": {
        "name": "Rue de Crouy",
        "source": "rue",
        "documents": 8,
        "instruments_de_recherche": 3,
        "geometrie_officielle": true,
        "rue_autre_forme": "Crouy, rue de",
        "url": "https://www.bn-r.fr/resultat.php?type_rech=pl&index%5B%5D=rue&value%5B%5D=%22Crouy%2C+rue+de%22&decouvrir_par_terme=Crouy%2C+rue+de"
      }
    },
    {
      "type": "Feature",
      "geometry": {
        "type": "LineString",
        "coordinates": [
          [
            3.156822,
            50.686713
          ],
          [
            3.158206,
            50.687889
          ],
          [
            3.15839,
            50.687853
          ]
        ]
      },
      "properties": {
        "name": "Rue Cugnot",
        "source": "rue",
        "documents": 9,
        "instruments_de_recherche": 3,
        "geometrie_officielle": true,
        "rue_autre_forme": "Cugnot, rue",
        "url": "https://www.bn-r.fr/resultat.php?type_rech=pl&index%5B%5D=rue&value%5B%5D=%22Cugnot%2C+rue%22&decouvrir_par_terme=Cugnot%2C+rue"
      }
    },
    {
      "type": "Feature",
      "geometry": {
        "type": "Polygon",
        "coordinates": [
          [
            [
              3.171915662889459,
              50.70656718032193
            ],
            [
              3.171494794787695,
              50.70678587403667
            ],
            [
              3.170541221772304,
              50.70730494364999
            ],
            [
              3.169910212415647,
              50.70765095210781
            ],
            [
              3.169783915496594,
              50.70771476146575
            ],
            [
              3.169685772360534,
              50.70776938309846
            ],
            [
              3.169615625573175,
              50.7078058314281
            ],
            [
              3.169461332658334,
              50.70788781366105
            ],
            [
              3.168708067932296,
              50.70853131044468
            ],
            [
              3.168694068576886,
              50.70854039604769
            ],
            [
              3.168608828635077,
              50.70852301553217
            ],
            [
              3.16843803133872,
              50.70847027676852
            ],
            [
              3.168360168101307,
              50.70842631527916
            ],
            [
              3.168669283101528,
              50.70795313930936
            ],
            [
              3.169124052770183,
              50.70721600108878
            ],
            [
              3.169802276542126,
              50.7062021341454
            ],
            [
              3.170254645433345,
              50.70556905769415
            ],
            [
              3.170972807022609,
              50.7044687299612
            ],
            [
              3.171269775813008,
              50.70397937252904
            ],
            [
              3.171552570489587,
              50.70355571047632
            ],
            [
              3.171829709436788,
              50.70312453654016
            ],
            [
              3.172441009281731,
              50.70215930610979
            ],
            [
              3.173092632771438,
              50.70117240091286
            ],
            [
              3.173522917017334,
              50.70049163673384
            ],
            [
              3.173608323952361,
              50.70035908269561
            ],
            [
              3.173942635120342,
              50.69984021830979
            ],
            [
              3.174539205978833,
              50.69920844373406
            ],
            [
              3.174741168000441,
              50.69932806641137
            ],
            [
              3.175228652845089,
              50.69961287213008
            ],
            [
              3.176490369396818,
              50.70024260625833
            ],
            [
              3.177734576186047,
              50.70082897018816
            ],
            [
              3.178860342572451,
              50.7013351053286
            ],
            [
              3.179934729562123,
              50.70182329560901
            ],
            [
              3.180652802942828,
              50.70216112958511
            ],
            [
              3.182094211546052,
              50.70282056563072
            ],
            [
              3.183911133363542,
              50.70364309911905
            ],
            [
              3.183523745879145,
              50.70417483399346
            ],
            [
              3.18307845873136,
              50.70460948103226
            ],
            [
              3.182464586477828,
              50.70511723808883
            ],
            [
              3.182046205383516,
              50.70540206470304
            ],
            [
              3.181437542053157,
              50.70573152184618
            ],
            [
              3.180331262069745,
              50.70615715491508
            ],
            [
              3.180219429402808,
              50.70621301895212
            ],
            [
              3.180215485449038,
              50.7062149889285
            ],
            [
              3.180217727532595,
              50.70634223277408
            ],
            [
              3.180138088789871,
              50.70646486270995
            ],
            [
              3.179951574202666,
              50.70655708595481
            ],
            [
              3.179784827762465,
              50.70660498982618
            ],
            [
              3.179784728948011,
              50.70660501868364
            ],
            [
              3.179234386997841,
              50.70717249945901
            ],
            [
              3.179002903370038,
              50.70709244908133
            ],
            [
              3.178905563512489,
              50.70719201792969
            ],
            [
              3.178891567798591,
              50.70720110649148
            ],
            [
              3.178724717809843,
              50.70737308027815
            ],
            [
              3.17865489232232,
              50.70742750950182
            ],
            [
              3.178543711615267,
              50.70754515488078
            ],
            [
              3.178529556550723,
              50.70754525506617
            ],
            [
              3.178515560666876,
              50.70755434268345
            ],
            [
              3.178501405599578,
              50.70755444286561
            ],
            [
              3.178473096881373,
              50.70755464412034
            ],
            [
              3.178458784053368,
              50.7075457559647
            ],
            [
              3.1784016919619,
              50.70751919345046
            ],
            [
              3.178373225518003,
              50.70751040634899
            ],
            [
              3.17828719250442,
              50.70744809256861
            ],
            [
              3.178229783766858,
              50.70740355420081
            ],
            [
              3.178201159704784,
              50.70738577872292
            ],
            [
              3.178186846973187,
              50.70737689053368
            ],
            [
              3.178186689265071,
              50.70736790309525
            ],
            [
              3.178158220115254,
              50.70735911504927
            ],
            [
              3.178129912918997,
              50.70735931622394
            ],
            [
              3.178073136592476,
              50.70735072932655
            ],
            [
              3.17801636028211,
              50.70734214150583
            ],
            [
              3.177988051681822,
              50.70734234265024
            ],
            [
              3.177959585407529,
              50.70733355455438
            ],
            [
              3.177931434474088,
              50.70734274312503
            ],
            [
              3.177917279465465,
              50.70734284324075
            ],
            [
              3.17790312445668,
              50.70734294335481
            ],
            [
              3.177875132576045,
              50.70736112024692
            ],
            [
              3.177846980195317,
              50.70737030790279
            ],
            [
              3.177832984239668,
              50.70737939634299
            ],
            [
              3.177818829220501,
              50.70737949644745
            ],
            [
              3.177790520595148,
              50.70737969664954
            ],
            [
              3.177762211969464,
              50.70737989684525
            ],
            [
              3.177748056953194,
              50.70737999783897
            ],
            [
              3.17773390334684,
              50.70738009793174
            ],
            [
              3.17773406097373,
              50.70738908537057
            ],
            [
              3.177720063579325,
              50.70739817379985
            ],
            [
              3.177706223798653,
              50.70741624876856
            ],
            [
              3.177593778646473,
              50.70746199021428
            ],
            [
              3.177579940222172,
              50.70748006695986
            ],
            [
              3.177538265871256,
              50.70752530616
            ],
            [
              3.17755320891675,
              50.70757014596371
            ],
            [
              3.177539370444796,
              50.70758822180451
            ],
            [
              3.177497221795131,
              50.70760649778057
            ],
            [
              3.177497538385267,
              50.7076244744452
            ],
            [
              3.177469703777584,
              50.70765163777661
            ],
            [
              3.177442182884271,
              50.70769677776754
            ],
            [
              3.177442340463149,
              50.70770576609982
            ],
            [
              3.177428342924181,
              50.70771485359457
            ],
            [
              3.17741434679658,
              50.70772394198297
            ],
            [
              3.177400191679204,
              50.70772404203973
            ],
            [
              3.177386037975037,
              50.70772414209289
            ],
            [
              3.177300794995265,
              50.70770676751617
            ],
            [
              3.17727248476991,
              50.70770696760224
            ],
            [
              3.177145094408619,
              50.70770786879911
            ],
            [
              3.177116626661496,
              50.70769908051711
            ],
            [
              3.177088160340578,
              50.70769029312383
            ],
            [
              3.177059692616582,
              50.70768150572587
            ],
            [
              3.176805855376814,
              50.70773723486085
            ],
            [
              3.176721245191294,
              50.70775581052146
            ],
            [
              3.176339544416258,
              50.70778547523169
            ],
            [
              3.176212467142956,
              50.7078043521398
            ],
            [
              3.17588785395898,
              50.70786057897222
            ],
            [
              3.175789086647761,
              50.70787925388009
            ],
            [
              3.1755913959763,
              50.70790761691989
            ],
            [
              3.17554861598401,
              50.70788994159344
            ],
            [
              3.175520149823366,
              50.70788115204904
            ],
            [
              3.175135771349633,
              50.7077580194816
            ],
            [
              3.174964814079268,
              50.70769630307944
            ],
            [
              3.174252838937032,
              50.70745862010583
            ],
            [
              3.173868466811682,
              50.7073354826457
            ],
            [
              3.173597959721617,
              50.70724749772884
            ],
            [
              3.173298832809381,
              50.70714173559715
            ],
            [
              3.17307110615764,
              50.7070714265285
            ],
            [
              3.172999705748893,
              50.70703597362839
            ],
            [
              3.172771194894072,
              50.70692072405558
            ],
            [
              3.172728416734883,
              50.70690304683543
            ],
            [
              3.172556526559942,
              50.70678739873497
            ],
            [
              3.172427254105656,
              50.70668044027232
            ],
            [
              3.172355698045276,
              50.70663599862876
            ],
            [
              3.172111937967106,
              50.70645793236242
            ],
            [
              3.171915662889459,
              50.70656718032193
            ]
          ]
        ]
      },
      "properties": {
        "name": "Cul de Four",
        "source": "quartier",
        "documents": 18,
        "instruments_de_recherche": 7,
        "geometrie_officielle": false,
        "rue_autre_forme": null,
        "url": "https://www.bn-r.fr/resultat.php?type_rech=pl&index%5B%5D=quartier&value%5B%5D=%22Cul+de+Four%22&decouvrir_par_terme=Cul+de+Four"
      }
    },
    {
      "type": "Feature",
      "geometry": {
        "type": "MultiLineString",
        "coordinates": [
          [
            [
              3.172221,
              50.688578
            ],
            [
              3.171985,
              50.686974
            ]
          ],
          [
            [
              3.172248,
              50.688735
            ],
            [
              3.172438,
              50.69019
            ]
          ]
        ]
      },
      "properties": {
        "name": "Rue du Curoir",
        "source": "rue",
        "documents": 17,
        "instruments_de_recherche": 8,
        "geometrie_officielle": true,
        "rue_autre_forme": "Curoir, rue du",
        "url": "https://www.bn-r.fr/resultat.php?type_rech=pl&index%5B%5D=rue&value%5B%5D=%22Curoir%2C+rue+du%22&decouvrir_par_terme=Curoir%2C+rue+du"
      }
    },
    {
      "type": "Feature",
      "geometry": {
        "type": "MultiLineString",
        "coordinates": [
          [
            [
              3.17427,
              50.692355
            ],
            [
              3.174193,
              50.692997
            ],
            [
              3.174134,
              50.693344
            ],
            [
              3.174271,
              50.693523
            ],
            [
              3.174814,
              50.693554
            ],
            [
              3.175084,
              50.693713
            ]
          ],
          [
            [
              3.173831,
              50.693794
            ],
            [
              3.173973,
              50.693629
            ],
            [
              3.174161,
              50.693556
            ],
            [
              3.174271,
              50.693523
            ]
          ]
        ]
      },
      "properties": {
        "name": "Rue du Curé",
        "source": "rue",
        "documents": 25,
        "instruments_de_recherche": 9,
        "geometrie_officielle": true,
        "rue_autre_forme": "Curé, rue du",
        "url": "https://www.bn-r.fr/resultat.php?type_rech=pl&index%5B%5D=rue&value%5B%5D=%22Cur%C3%A9%2C+rue+du%22&decouvrir_par_terme=Cur%C3%A9%2C+rue+du"
      }
    },
    {
      "type": "Feature",
      "geometry": {
        "type": "LineString",
        "coordinates": [
          [
            3.174303,
            50.698011
          ],
          [
            3.172177,
            50.69881
          ]
        ]
      },
      "properties": {
        "name": "Rue Cuvelle",
        "source": "rue",
        "documents": 3,
        "instruments_de_recherche": 2,
        "geometrie_officielle": true,
        "rue_autre_forme": "Cuvelle, rue",
        "url": "https://www.bn-r.fr/resultat.php?type_rech=pl&index%5B%5D=rue&value%5B%5D=%22Cuvelle%2C+rue%22&decouvrir_par_terme=Cuvelle%2C+rue"
      }
    },
    {
      "type": "Feature",
      "geometry": {
        "type": "LineString",
        "coordinates": [
          [
            3.155315,
            50.694633
          ],
          [
            3.15531,
            50.694637
          ],
          [
            3.155564,
            50.695176
          ],
          [
            3.155653,
            50.695464
          ],
          [
            3.15569,
            50.695635
          ],
          [
            3.155882,
            50.695889
          ],
          [
            3.155954,
            50.695985
          ],
          [
            3.156175,
            50.696189
          ],
          [
            3.15643,
            50.696419
          ],
          [
            3.156415,
            50.696728
          ],
          [
            3.156399,
            50.696912
          ],
          [
            3.156396,
            50.697005
          ],
          [
            3.156417,
            50.697079
          ],
          [
            3.156462,
            50.697148
          ],
          [
            3.156916,
            50.697476
          ],
          [
            3.157917,
            50.698224
          ]
        ]
      },
      "properties": {
        "name": "Rue Cuvier",
        "source": "rue",
        "documents": 4,
        "instruments_de_recherche": 3,
        "geometrie_officielle": true,
        "rue_autre_forme": "Cuvier, rue",
        "url": "https://www.bn-r.fr/resultat.php?type_rech=pl&index%5B%5D=rue&value%5B%5D=%22Cuvier%2C+rue%22&decouvrir_par_terme=Cuvier%2C+rue"
      }
    },
    {
      "type": "Feature",
      "geometry": {
        "type": "LineString",
        "coordinates": [
          [
            3.176695,
            50.684064
          ],
          [
            3.176297,
            50.683871
          ],
          [
            3.17566,
            50.683568
          ],
          [
            3.174849,
            50.683183
          ],
          [
            3.174399,
            50.68305
          ],
          [
            3.174326,
            50.683025
          ]
        ]
      },
      "properties": {
        "name": "Rue Daguesseau",
        "source": "rue",
        "documents": 4,
        "instruments_de_recherche": 3,
        "geometrie_officielle": true,
        "rue_autre_forme": "Daguesseau, rue",
        "url": "https://www.bn-r.fr/resultat.php?type_rech=pl&index%5B%5D=rue&value%5B%5D=%22Daguesseau%2C+rue%22&decouvrir_par_terme=Daguesseau%2C+rue"
      }
    },
    {
      "type": "Feature",
      "geometry": {
        "type": "LineString",
        "coordinates": [
          [
            3.171292,
            50.684422
          ],
          [
            3.17422,
            50.683077
          ],
          [
            3.174326,
            50.683025
          ],
          [
            3.176099,
            50.682223
          ]
        ]
      },
      "properties": {
        "name": "Rue de Dammartin",
        "source": "rue",
        "documents": 12,
        "instruments_de_recherche": 5,
        "geometrie_officielle": true,
        "rue_autre_forme": "Dammartin, rue",
        "url": "https://www.bn-r.fr/resultat.php?type_rech=pl&index%5B%5D=rue&value%5B%5D=%22Dammartin%2C+rue%22&decouvrir_par_terme=Dammartin%2C+rue"
      }
    },
    {
      "type": "Feature",
      "geometry": {
        "type": "LineString",
        "coordinates": [
          [
            3.197944,
            50.689495
          ],
          [
            3.197247,
            50.690382
          ],
          [
            3.197214,
            50.690432
          ],
          [
            3.196935,
            50.690981
          ],
          [
            3.196098,
            50.692649
          ]
        ]
      },
      "properties": {
        "name": "Rue Dampierre",
        "source": "rue",
        "documents": 9,
        "instruments_de_recherche": 5,
        "geometrie_officielle": true,
        "rue_autre_forme": "Dampierre, rue",
        "url": "https://www.bn-r.fr/resultat.php?type_rech=pl&index%5B%5D=rue&value%5B%5D=%22Dampierre%2C+rue%22&decouvrir_par_terme=Dampierre%2C+rue"
      }
    },
    {
      "type": "Feature",
      "geometry": {
        "type": "LineString",
        "coordinates": [
          [
            3.15386,
            50.689549
          ],
          [
            3.153364,
            50.689851
          ],
          [
            3.153225,
            50.689935
          ],
          [
            3.151631,
            50.690891
          ]
        ]
      },
      "properties": {
        "name": "Rue du Danemark",
        "source": "rue",
        "documents": 6,
        "instruments_de_recherche": 3,
        "geometrie_officielle": true,
        "rue_autre_forme": "Danemark, rue du",
        "url": "https://www.bn-r.fr/resultat.php?type_rech=pl&index%5B%5D=rue&value%5B%5D=%22Danemark%2C+rue+du%22&decouvrir_par_terme=Danemark%2C+rue+du"
      }
    },
    {
      "type": "Feature",
      "geometry": {
        "type": "Point",
        "coordinates": [
          3.168795,
          50.70666
        ]
      },
      "properties": {
        "name": "Rue Darbo",
        "source": "rue",
        "documents": 2,
        "instruments_de_recherche": 2,
        "geometrie_officielle": false,
        "rue_autre_forme": "Darbo, rue",
        "url": "https://www.bn-r.fr/resultat.php?type_rech=pl&index%5B%5D=rue&value%5B%5D=%22Darbo%2C+rue%22&decouvrir_par_terme=Darbo%2C+rue"
      }
    },
    {
      "type": "Feature",
      "geometry": {
        "type": "LineString",
        "coordinates": [
          [
            3.175224,
            50.699606
          ],
          [
            3.176484,
            50.700243
          ],
          [
            3.177733,
            50.700819
          ],
          [
            3.178833,
            50.701318
          ],
          [
            3.179912,
            50.701822
          ],
          [
            3.180657,
            50.702164
          ],
          [
            3.182089,
            50.702816
          ],
          [
            3.183718,
            50.703566
          ]
        ]
      },
      "properties": {
        "name": "Rue Daubenton",
        "source": "rue",
        "documents": 40,
        "instruments_de_recherche": 10,
        "geometrie_officielle": true,
        "rue_autre_forme": "Daubenton, rue",
        "url": "https://www.bn-r.fr/resultat.php?type_rech=pl&index%5B%5D=rue&value%5B%5D=%22Daubenton%2C+rue%22&decouvrir_par_terme=Daubenton%2C+rue"
      }
    },
    {
      "type": "Feature",
      "geometry": {
        "type": "MultiLineString",
        "coordinates": [
          [
            [
              3.183257,
              50.674742
            ],
            [
              3.181438,
              50.673227
            ],
            [
              3.180232,
              50.672222
            ]
          ],
          [
            [
              3.183344,
              50.67481
            ],
            [
              3.183726,
              50.675125
            ]
          ]
        ]
      },
      "properties": {
        "name": "Rue David d'Angers",
        "source": "rue",
        "documents": 3,
        "instruments_de_recherche": 2,
        "geometrie_officielle": true,
        "rue_autre_forme": "David D\\'angers, rue",
        "url": "https://www.bn-r.fr/resultat.php?type_rech=pl&index%5B%5D=rue&value%5B%5D=%22David+D%5C%27angers%2C+rue%22&decouvrir_par_terme=David+D%5C%27angers%2C+rue"
      }
    },
    {
      "type": "Feature",
      "geometry": {
        "type": "LineString",
        "coordinates": [
          [
            3.176695,
            50.684064
          ],
          [
            3.177205,
            50.684129
          ],
          [
            3.177967,
            50.684265
          ],
          [
            3.178614,
            50.684386
          ],
          [
            3.178677,
            50.684415
          ],
          [
            3.179825,
            50.684891
          ],
          [
            3.180195,
            50.68505
          ],
          [
            3.180388,
            50.685133
          ],
          [
            3.181657,
            50.685661
          ],
          [
            3.181904,
            50.685772
          ],
          [
            3.182918,
            50.686525
          ],
          [
            3.184152,
            50.68744
          ]
        ]
      },
      "properties": {
        "name": "Rue Decrême",
        "source": "rue",
        "documents": 2,
        "instruments_de_recherche": 1,
        "geometrie_officielle": true,
        "rue_autre_forme": "Decreme, rue",
        "url": "https://www.bn-r.fr/resultat.php?type_rech=pl&index%5B%5D=rue&value%5B%5D=%22Decreme%2C+rue%22&decouvrir_par_terme=Decreme%2C+rue"
      }
    },
    {
      "type": "Feature",
      "geometry": {
        "type": "LineString",
        "coordinates": [
          [
            3.176695,
            50.684064
          ],
          [
            3.177205,
            50.684129
          ],
          [
            3.177967,
            50.684265
          ],
          [
            3.178614,
            50.684386
          ],
          [
            3.178677,
            50.684415
          ],
          [
            3.179825,
            50.684891
          ],
          [
            3.180195,
            50.68505
          ],
          [
            3.180388,
            50.685133
          ],
          [
            3.181657,
            50.685661
          ],
          [
            3.181904,
            50.685772
          ],
          [
            3.182918,
            50.686525
          ],
          [
            3.184152,
            50.68744
          ]
        ]
      },
      "properties": {
        "name": "Rue Decrême",
        "source": "rue",
        "documents": 6,
        "instruments_de_recherche": 1,
        "geometrie_officielle": true,
        "rue_autre_forme": "Decrème, rue",
        "url": "https://www.bn-r.fr/resultat.php?type_rech=pl&index%5B%5D=rue&value%5B%5D=%22Decr%C3%A8me%2C+rue%22&decouvrir_par_terme=Decr%C3%A8me%2C+rue"
      }
    },
    {
      "type": "Feature",
      "geometry": {
        "type": "LineString",
        "coordinates": [
          [
            3.176695,
            50.684064
          ],
          [
            3.177205,
            50.684129
          ],
          [
            3.177967,
            50.684265
          ],
          [
            3.178614,
            50.684386
          ],
          [
            3.178677,
            50.684415
          ],
          [
            3.179825,
            50.684891
          ],
          [
            3.180195,
            50.68505
          ],
          [
            3.180388,
            50.685133
          ],
          [
            3.181657,
            50.685661
          ],
          [
            3.181904,
            50.685772
          ],
          [
            3.182918,
            50.686525
          ],
          [
            3.184152,
            50.68744
          ]
        ]
      },
      "properties": {
        "name": "Rue Decrême",
        "source": "rue",
        "documents": 20,
        "instruments_de_recherche": 5,
        "geometrie_officielle": true,
        "rue_autre_forme": "Decrême, rue",
        "url": "https://www.bn-r.fr/resultat.php?type_rech=pl&index%5B%5D=rue&value%5B%5D=%22Decr%C3%AAme%2C+rue%22&decouvrir_par_terme=Decr%C3%AAme%2C+rue"
      }
    },
    {
      "type": "Feature",
      "geometry": {
        "type": "MultiLineString",
        "coordinates": [
          [
            [
              3.182562,
              50.706632
            ],
            [
              3.183618,
              50.705732
            ],
            [
              3.185314,
              50.70429
            ]
          ],
          [
            [
              3.185317,
              50.70429
            ],
            [
              3.186171,
              50.703563
            ],
            [
              3.18691,
              50.702931
            ],
            [
              3.187878,
              50.7021
            ],
            [
              3.188825,
              50.701304
            ]
          ]
        ]
      },
      "properties": {
        "name": "Rue Delespaul",
        "source": "rue",
        "documents": 4,
        "instruments_de_recherche": 2,
        "geometrie_officielle": true,
        "rue_autre_forme": "Delespaul, rue",
        "url": "https://www.bn-r.fr/resultat.php?type_rech=pl&index%5B%5D=rue&value%5B%5D=%22Delespaul%2C+rue%22&decouvrir_par_terme=Delespaul%2C+rue"
      }
    },
    {
      "type": "Feature",
      "geometry": {
        "type": "LineString",
        "coordinates": [
          [
            3.194204,
            50.688552
          ],
          [
            3.193306,
            50.689249
          ]
        ]
      },
      "properties": {
        "name": "Rue Delezenne",
        "source": "rue",
        "documents": 4,
        "instruments_de_recherche": 3,
        "geometrie_officielle": true,
        "rue_autre_forme": "Delezenne, rue",
        "url": "https://www.bn-r.fr/resultat.php?type_rech=pl&index%5B%5D=rue&value%5B%5D=%22Delezenne%2C+rue%22&decouvrir_par_terme=Delezenne%2C+rue"
      }
    },
    {
      "type": "Feature",
      "geometry": {
        "type": "LineString",
        "coordinates": [
          [
            3.177205,
            50.684129
          ],
          [
            3.179103,
            50.683335
          ],
          [
            3.181002,
            50.682541
          ]
        ]
      },
      "properties": {
        "name": "Rue de Denain",
        "source": "rue",
        "documents": 10,
        "instruments_de_recherche": 4,
        "geometrie_officielle": true,
        "rue_autre_forme": "Denain, rue de",
        "url": "https://www.bn-r.fr/resultat.php?type_rech=pl&index%5B%5D=rue&value%5B%5D=%22Denain%2C+rue+de%22&decouvrir_par_terme=Denain%2C+rue+de"
      }
    },
    {
      "type": "Feature",
      "geometry": {
        "type": "LineString",
        "coordinates": [
          [
            3.163325,
            50.692987
          ],
          [
            3.166543,
            50.69245
          ]
        ]
      },
      "properties": {
        "name": "Rue Jules Deregnaucourt",
        "source": "rue",
        "documents": 2,
        "instruments_de_recherche": 2,
        "geometrie_officielle": true,
        "rue_autre_forme": "Derègnaucourt, rue",
        "url": "https://www.bn-r.fr/resultat.php?type_rech=pl&index%5B%5D=rue&value%5B%5D=%22Der%C3%A8gnaucourt%2C+rue%22&decouvrir_par_terme=Der%C3%A8gnaucourt%2C+rue"
      }
    },
    {
      "type": "Feature",
      "geometry": {
        "type": "LineString",
        "coordinates": [
          [
            3.192324,
            50.688823
          ],
          [
            3.193306,
            50.689249
          ],
          [
            3.194375,
            50.689713
          ]
        ]
      },
      "properties": {
        "name": "Rue Desaix",
        "source": "rue",
        "documents": 1,
        "instruments_de_recherche": 1,
        "geometrie_officielle": true,
        "rue_autre_forme": "Desaix, rue",
        "url": "https://www.bn-r.fr/resultat.php?type_rech=pl&index%5B%5D=rue&value%5B%5D=%22Desaix%2C+rue%22&decouvrir_par_terme=Desaix%2C+rue"
      }
    },
    {
      "type": "Feature",
      "geometry": {
        "type": "LineString",
        "coordinates": [
          [
            3.187041,
            50.692877
          ],
          [
            3.18747,
            50.691925
          ],
          [
            3.187475,
            50.691858
          ]
        ]
      },
      "properties": {
        "name": "Rue Desbonnet",
        "source": "rue",
        "documents": 1,
        "instruments_de_recherche": 1,
        "geometrie_officielle": true,
        "rue_autre_forme": "Desbonnet, rue",
        "url": "https://www.bn-r.fr/resultat.php?type_rech=pl&index%5B%5D=rue&value%5B%5D=%22Desbonnet%2C+rue%22&decouvrir_par_terme=Desbonnet%2C+rue"
      }
    },
    {
      "type": "Feature",
      "geometry": {
        "type": "LineString",
        "coordinates": [
          [
            3.164231,
            50.688903
          ],
          [
            3.163311,
            50.688398
          ],
          [
            3.162922,
            50.688186
          ],
          [
            3.161804,
            50.68757
          ],
          [
            3.161716,
            50.687522
          ],
          [
            3.161581,
            50.687444
          ],
          [
            3.161341,
            50.687313
          ],
          [
            3.160467,
            50.686823
          ]
        ]
      },
      "properties": {
        "name": "Rue Descartes",
        "source": "rue",
        "documents": 9,
        "instruments_de_recherche": 4,
        "geometrie_officielle": true,
        "rue_autre_forme": "Descartes, rue",
        "url": "https://www.bn-r.fr/resultat.php?type_rech=pl&index%5B%5D=rue&value%5B%5D=%22Descartes%2C+rue%22&decouvrir_par_terme=Descartes%2C+rue"
      }
    },
    {
      "type": "Feature",
      "geometry": {
        "type": "Point",
        "coordinates": [
          3.1926634,
          50.6859041
        ]
      },
      "properties": {
        "name": "Square Destombes",
        "source": "rue",
        "documents": 1,
        "instruments_de_recherche": 1,
        "geometrie_officielle": false,
        "rue_autre_forme": "Destombes, square",
        "url": "https://www.bn-r.fr/resultat.php?type_rech=pl&index%5B%5D=rue&value%5B%5D=%22Destombes%2C+square%22&decouvrir_par_terme=Destombes%2C+square"
      }
    },
    {
      "type": "Feature",
      "geometry": {
        "type": "LineString",
        "coordinates": [
          [
            3.155953,
            50.697906
          ],
          [
            3.15514,
            50.698355
          ]
        ]
      },
      "properties": {
        "name": "Rue Diderot",
        "source": "rue",
        "documents": 1,
        "instruments_de_recherche": 1,
        "geometrie_officielle": true,
        "rue_autre_forme": "Diderot, rue",
        "url": "https://www.bn-r.fr/resultat.php?type_rech=pl&index%5B%5D=rue&value%5B%5D=%22Diderot%2C+rue%22&decouvrir_par_terme=Diderot%2C+rue"
      }
    },
    {
      "type": "Feature",
      "geometry": {
        "type": "LineString",
        "coordinates": [
          [
            3.167871,
            50.681414
          ],
          [
            3.168434,
            50.680866
          ],
          [
            3.168783,
            50.680656
          ],
          [
            3.169563,
            50.680362
          ],
          [
            3.169986,
            50.680178
          ]
        ]
      },
      "properties": {
        "name": "Boulevard de Douai",
        "source": "rue",
        "documents": 18,
        "instruments_de_recherche": 4,
        "geometrie_officielle": true,
        "rue_autre_forme": "Douai, boulevard de",
        "url": "https://www.bn-r.fr/resultat.php?type_rech=pl&index%5B%5D=rue&value%5B%5D=%22Douai%2C+boulevard+de%22&decouvrir_par_terme=Douai%2C+boulevard+de"
      }
    },
    {
      "type": "Feature",
      "geometry": {
        "type": "LineString",
        "coordinates": [
          [
            3.171525,
            50.703543
          ],
          [
            3.173631,
            50.704093
          ]
        ]
      },
      "properties": {
        "name": "Rue Duflot",
        "source": "rue",
        "documents": 4,
        "instruments_de_recherche": 3,
        "geometrie_officielle": true,
        "rue_autre_forme": "Duflot, rue",
        "url": "https://www.bn-r.fr/resultat.php?type_rech=pl&index%5B%5D=rue&value%5B%5D=%22Duflot%2C+rue%22&decouvrir_par_terme=Duflot%2C+rue"
      }
    },
    {
      "type": "Feature",
      "geometry": {
        "type": "LineString",
        "coordinates": [
          [
            3.183838,
            50.689083
          ],
          [
            3.181903,
            50.690661
          ],
          [
            3.181407,
            50.691098
          ],
          [
            3.181336,
            50.691546
          ],
          [
            3.181221,
            50.691752
          ]
        ]
      },
      "properties": {
        "name": "Rue Henri Dunant",
        "source": "rue",
        "documents": 2,
        "instruments_de_recherche": 2,
        "geometrie_officielle": true,
        "rue_autre_forme": "Dunant, rue",
        "url": "https://www.bn-r.fr/resultat.php?type_rech=pl&index%5B%5D=rue&value%5B%5D=%22Dunant%2C+rue%22&decouvrir_par_terme=Dunant%2C+rue"
      }
    },
    {
      "type": "Feature",
      "geometry": {
        "type": "LineString",
        "coordinates": [
          [
            3.16423,
            50.703963
          ],
          [
            3.165822,
            50.704371
          ],
          [
            3.166704,
            50.704591
          ],
          [
            3.16784,
            50.704885
          ],
          [
            3.17021,
            50.70558
          ]
        ]
      },
      "properties": {
        "name": "Quai de Dunkerque",
        "source": "rue",
        "documents": 3,
        "instruments_de_recherche": 3,
        "geometrie_officielle": true,
        "rue_autre_forme": "Dunkerque, quai de",
        "url": "https://www.bn-r.fr/resultat.php?type_rech=pl&index%5B%5D=rue&value%5B%5D=%22Dunkerque%2C+quai+de%22&decouvrir_par_terme=Dunkerque%2C+quai+de"
      }
    },
    {
      "type": "Feature",
      "geometry": {
        "type": "MultiLineString",
        "coordinates": [
          [
            [
              3.18531,
              50.681075
            ],
            [
              3.186011,
              50.680831
            ],
            [
              3.186517,
              50.680658
            ],
            [
              3.187232,
              50.680408
            ],
            [
              3.187731,
              50.680239
            ],
            [
              3.188338,
              50.680034
            ],
            [
              3.189393,
              50.679677
            ]
          ],
          [
            [
              3.181002,
              50.682541
            ],
            [
              3.182321,
              50.68209
            ],
            [
              3.182429,
              50.682055
            ],
            [
              3.182902,
              50.681893
            ],
            [
              3.183698,
              50.681616
            ],
            [
              3.18531,
              50.681075
            ]
          ]
        ]
      },
      "properties": {
        "name": "Rue Dupuy de Lôme",
        "source": "rue",
        "documents": 1,
        "instruments_de_recherche": 1,
        "geometrie_officielle": true,
        "rue_autre_forme": "Dupuy De Lome, rue",
        "url": "https://www.bn-r.fr/resultat.php?type_rech=pl&index%5B%5D=rue&value%5B%5D=%22Dupuy+De+Lome%2C+rue%22&decouvrir_par_terme=Dupuy+De+Lome%2C+rue"
      }
    },
    {
      "type": "Feature",
      "geometry": {
        "type": "LineString",
        "coordinates": [
          [
            3.171,
            50.69445
          ],
          [
            3.170753,
            50.694545
          ],
          [
            3.169517,
            50.695034
          ]
        ]
      },
      "properties": {
        "name": "Rue des Ecoles",
        "source": "rue",
        "documents": 3,
        "instruments_de_recherche": 2,
        "geometrie_officielle": true,
        "rue_autre_forme": "Ecoles, rue des",
        "url": "https://www.bn-r.fr/resultat.php?type_rech=pl&index%5B%5D=rue&value%5B%5D=%22Ecoles%2C+rue+des%22&decouvrir_par_terme=Ecoles%2C+rue+des"
      }
    },
    {
      "type": "Feature",
      "geometry": {
        "type": "MultiLineString",
        "coordinates": [
          [
            [
              3.185739,
              50.691235
            ],
            [
              3.187475,
              50.691858
            ]
          ],
          [
            [
              3.188967,
              50.692399
            ],
            [
              3.188112,
              50.692091
            ],
            [
              3.187475,
              50.691858
            ]
          ]
        ]
      },
      "properties": {
        "name": "Rue Edouard Anseele",
        "source": "rue",
        "documents": 23,
        "instruments_de_recherche": 6,
        "geometrie_officielle": true,
        "rue_autre_forme": "Edouard Anseele, rue",
        "url": "https://www.bn-r.fr/resultat.php?type_rech=pl&index%5B%5D=rue&value%5B%5D=%22Edouard+Anseele%2C+rue%22&decouvrir_par_terme=Edouard+Anseele%2C+rue"
      }
    },
    {
      "type": "Feature",
      "geometry": {
        "type": "LineString",
        "coordinates": [
          [
            3.164294,
            50.687926
          ],
          [
            3.163285,
            50.688384
          ]
        ]
      },
      "properties": {
        "name": "Place Edouard Roussel",
        "source": "rue",
        "documents": 16,
        "instruments_de_recherche": 4,
        "geometrie_officielle": true,
        "rue_autre_forme": "Edouard Roussel, place",
        "url": "https://www.bn-r.fr/resultat.php?type_rech=pl&index%5B%5D=rue&value%5B%5D=%22Edouard+Roussel%2C+place%22&decouvrir_par_terme=Edouard+Roussel%2C+place"
      }
    },
    {
      "type": "Feature",
      "geometry": {
        "type": "Polygon",
        "coordinates": [
          [
            [
              3.178279071808252,
              50.67706284924493
            ],
            [
              3.176971270141269,
              50.67745534327569
            ],
            [
              3.175882007145968,
              50.67633046942941
            ],
            [
              3.174858064215657,
              50.67523175845243
            ],
            [
              3.174108386229988,
              50.67442100145119
            ],
            [
              3.171795170339316,
              50.6719659651722
            ],
            [
              3.171191677316589,
              50.67135611052549
            ],
            [
              3.171287302265768,
              50.67132520044244
            ],
            [
              3.171371540285468,
              50.67128865160488
            ],
            [
              3.171441788316185,
              50.67126119002609
            ],
            [
              3.171483907229904,
              50.6712429151119
            ],
            [
              3.171652539007769,
              50.67117880503496
            ],
            [
              3.171750915676074,
              50.67114215653209
            ],
            [
              3.17186328477094,
              50.67109641968214
            ],
            [
              3.171975649430728,
              50.6710506845281
            ],
            [
              3.172088174617282,
              50.67101393540321
            ],
            [
              3.172200540296443,
              50.67096819914085
            ],
            [
              3.172298918975879,
              50.67093155018868
            ],
            [
              3.172411285687411,
              50.67088581283078
            ],
            [
              3.172537795507351,
              50.67083997676033
            ],
            [
              3.172593898969632,
              50.67081261401707
            ],
            [
              3.172720408438117,
              50.67076677775572
            ],
            [
              3.17283277298449,
              50.67072104000737
            ],
            [
              3.172931152129729,
              50.67068439053922
            ],
            [
              3.173043516302626,
              50.67063865349208
            ],
            [
              3.173156038374153,
              50.67060190427694
            ],
            [
              3.173268402154271,
              50.67055616612348
            ],
            [
              3.173338649533587,
              50.67052870344043
            ],
            [
              3.173439065585157,
              50.67060889945983
            ],
            [
              3.173654516518978,
              50.67079615539512
            ],
            [
              3.173841210503643,
              50.67095664552268
            ],
            [
              3.173925758292992,
              50.67093807080221
            ],
            [
              3.173939746207107,
              50.67092898320224
            ],
            [
              3.173995849004312,
              50.67090161982963
            ],
            [
              3.174136186989318,
              50.67083770569415
            ],
            [
              3.174178146278934,
              50.67081044192258
            ],
            [
              3.174206119115389,
              50.67079226666468
            ],
            [
              3.174360284571419,
              50.67071027580215
            ],
            [
              3.174388415610575,
              50.67070108843436
            ],
            [
              3.174500466036701,
              50.67063737329851
            ],
            [
              3.174570711443393,
              50.67060990992418
            ],
            [
              3.174654944458655,
              50.67057335882376
            ],
            [
              3.174795279274015,
              50.67050944391466
            ],
            [
              3.174809266911178,
              50.67050035621099
            ],
            [
              3.174851383959758,
              50.67048208013466
            ],
            [
              3.174908744630076,
              50.67052662162621
            ],
            [
              3.174994862926338,
              50.67059792822722
            ],
            [
              3.175023621890117,
              50.67062469245902
            ],
            [
              3.17508113991284,
              50.67067822179686
            ],
            [
              3.175124199282952,
              50.670713875038
            ],
            [
              3.175138656646157,
              50.6707317511058
            ],
            [
              3.175196017856761,
              50.67077629244819
            ],
            [
              3.175253377757285,
              50.67082083376314
            ],
            [
              3.175368257776434,
              50.67091890423237
            ],
            [
              3.175425619401746,
              50.670963444559
            ],
            [
              3.175482981132025,
              50.67100798575358
            ],
            [
              3.175540500084116,
              50.67106151484818
            ],
            [
              3.175555116233628,
              50.67108837968286
            ],
            [
              3.175612319673304,
              50.67112393198546
            ],
            [
              3.175626778743812,
              50.67114180888097
            ],
            [
              3.175756117962392,
              50.67125775494007
            ],
            [
              3.175813637492049,
              50.67131128388839
            ],
            [
              3.17585685651555,
              50.67135592476524
            ],
            [
              3.175885457778576,
              50.67137370084458
            ],
            [
              3.176000497502476,
              50.67148075857209
            ],
            [
              3.176029257511751,
              50.67150752343334
            ],
            [
              3.176086777619193,
              50.67156105223533
            ],
            [
              3.176172742126599,
              50.67162336909161
            ],
            [
              3.176258865507149,
              50.67169467290338
            ],
            [
              3.176316387489252,
              50.67174820247954
            ],
            [
              3.176359448652044,
              50.67178385433844
            ],
            [
              3.176388209029653,
              50.6718106200019
            ],
            [
              3.17643142899439,
              50.67185526064573
            ],
            [
              3.176460189445009,
              50.67188202449498
            ],
            [
              3.176446832276572,
              50.67192706492906
            ],
            [
              3.176405974236886,
              50.67201724662822
            ],
            [
              3.17662081301487,
              50.67216854357934
            ],
            [
              3.176720924332142,
              50.67223076002666
            ],
            [
              3.176749685155553,
              50.67225752469126
            ],
            [
              3.176806261372185,
              50.67225712473555
            ],
            [
              3.176848693887135,
              50.67225682475133
            ],
            [
              3.176862839000079,
              50.67225672475206
            ],
            [
              3.176933873662168,
              50.67227420056271
            ],
            [
              3.176962162482128,
              50.67227399964774
            ],
            [
              3.177090876685121,
              50.67235399248355
            ],
            [
              3.177105179229292,
              50.67236288036684
            ],
            [
              3.177133940333285,
              50.67238964493725
            ],
            [
              3.177162701464896,
              50.67241640860256
            ],
            [
              3.17717731746551,
              50.67244327319423
            ],
            [
              3.177205922640437,
              50.67246104893676
            ],
            [
              3.177220538677087,
              50.67248791352154
            ],
            [
              3.177234683854538,
              50.67248781347998
            ],
            [
              3.177277746301322,
              50.67252346408398
            ],
            [
              3.177378174055369,
              50.67260365757717
            ],
            [
              3.177421238118862,
              50.67263930902068
            ],
            [
              3.177507207542981,
              50.67270162485168
            ],
            [
              3.177593175771631,
              50.67276394151681
            ],
            [
              3.177621622366443,
              50.6727727292533
            ],
            [
              3.177664211406122,
              50.67278141689674
            ],
            [
              3.177692974457198,
              50.67280818042168
            ],
            [
              3.17773477594352,
              50.67277192762532
            ],
            [
              3.177846825332531,
              50.67270820967028
            ],
            [
              3.177958874437076,
              50.67264449160817
            ],
            [
              3.178028807028376,
              50.67259904965012
            ],
            [
              3.178098895667072,
              50.67256259645522
            ],
            [
              3.178168828020721,
              50.67251715531018
            ],
            [
              3.178196959372314,
              50.67250796620748
            ],
            [
              3.178239075460002,
              50.67248968903949
            ],
            [
              3.178267049173794,
              50.6724715129108
            ],
            [
              3.17830916520525,
              50.67245323571804
            ],
            [
              3.178337137461269,
              50.6724350595746
            ],
            [
              3.178379412481524,
              50.67242577026278
            ],
            [
              3.178407384696681,
              50.67240759410274
            ],
            [
              3.178435356888381,
              50.67238941703859
            ],
            [
              3.178477474201793,
              50.67237113978454
            ],
            [
              3.178702042092295,
              50.67227066697771
            ],
            [
              3.178800262277866,
              50.67222502414008
            ],
            [
              3.178842377908322,
              50.67220674675988
            ],
            [
              3.179165479409082,
              50.67207860595449
            ],
            [
              3.179221580641926,
              50.67205124026924
            ],
            [
              3.17929166906098,
              50.67201478636981
            ],
            [
              3.179404030411927,
              50.67196904276415
            ],
            [
              3.17968532967652,
              50.67187715396985
            ],
            [
              3.17975557538984,
              50.67184968681565
            ],
            [
              3.180135405793508,
              50.671730130908
            ],
            [
              3.180500931450357,
              50.67160168541989
            ],
            [
              3.180641419730152,
              50.67154675192277
            ],
            [
              3.180711665872858,
              50.67151928510991
            ],
            [
              3.180810039409483,
              50.67148262765456
            ],
            [
              3.180936067386668,
              50.67140981932263
            ],
            [
              3.180991850707964,
              50.6713644760766
            ],
            [
              3.180991533101284,
              50.67134650024138
            ],
            [
              3.181018556562087,
              50.67127439415149
            ],
            [
              3.181032064733135,
              50.67123834110656
            ],
            [
              3.181031432313712,
              50.6712023885277
            ],
            [
              3.181045258084034,
              50.67118431221476
            ],
            [
              3.18100187649435,
              50.67113068520965
            ],
            [
              3.181142048069216,
              50.67105777436361
            ],
            [
              3.181254089303926,
              50.6709940531736
            ],
            [
              3.181492154618685,
              50.67085752112796
            ],
            [
              3.181576066603814,
              50.67080298860135
            ],
            [
              3.181617863614324,
              50.67076673439053
            ],
            [
              3.181869278828982,
              50.67058516049934
            ],
            [
              3.18202295346477,
              50.67047619632151
            ],
            [
              3.182078895882691,
              50.67043984134728
            ],
            [
              3.182148820258439,
              50.67039439692352
            ],
            [
              3.182247032227446,
              50.67034875213337
            ],
            [
              3.182373530292818,
              50.67030290511705
            ],
            [
              3.182486043362669,
              50.67026614653944
            ],
            [
              3.18264051186268,
              50.67020212120212
            ],
            [
              3.182738881414608,
              50.67016546394261
            ],
            [
              3.182808963232521,
              50.67012900795903
            ],
            [
              3.182893189436146,
              50.67009245035045
            ],
            [
              3.18306100621151,
              50.66998338411911
            ],
            [
              3.183089450775337,
              50.66999217064225
            ],
            [
              3.183228660936596,
              50.66986532881452
            ],
            [
              3.183256155879138,
              50.66982018588852
            ],
            [
              3.183756737284809,
              50.66933119833949
            ],
            [
              3.183813945943844,
              50.66936674695697
            ],
            [
              3.183913901971604,
              50.66941996903005
            ],
            [
              3.183928362096383,
              50.66943784500682
            ],
            [
              3.183999712485294,
              50.66947329183432
            ],
            [
              3.184472007253407,
              50.66978454555893
            ],
            [
              3.184500610672468,
              50.66980231969668
            ],
            [
              3.184572120720968,
              50.669846755008
            ],
            [
              3.184784431634973,
              50.66985422871356
            ],
            [
              3.185067459067606,
              50.66986119651521
            ],
            [
              3.185222876132079,
              50.66985109642983
            ],
            [
              3.185378294549505,
              50.66984099704515
            ],
            [
              3.185477298388916,
              50.66984028933007
            ],
            [
              3.185759846168599,
              50.66982028996439
            ],
            [
              3.185830561149166,
              50.66981978488847
            ],
            [
              3.186014266744826,
              50.66980948266411
            ],
            [
              3.186155700901801,
              50.66980847127871
            ],
            [
              3.186254703253979,
              50.66980776294626
            ],
            [
              3.186396455522247,
              50.66982472715183
            ],
            [
              3.186538048800288,
              50.66983270326338
            ],
            [
              3.186807089665321,
              50.66984875613755
            ],
            [
              3.186909220526661,
              50.66986036272725
            ],
            [
              3.188201942137129,
              50.67068456072032
            ],
            [
              3.189481485623835,
              50.6714925918474
            ],
            [
              3.18857337273216,
              50.67198012290479
            ],
            [
              3.187862744266367,
              50.67234955243134
            ],
            [
              3.187738488574977,
              50.67241013106834
            ],
            [
              3.186892284824821,
              50.67284102349925
            ],
            [
              3.186055129928311,
              50.67330429520682
            ],
            [
              3.184804484938602,
              50.67394089898494
            ],
            [
              3.18326422524535,
              50.67474514904704
            ],
            [
              3.18257567912449,
              50.67510404985181
            ],
            [
              3.181341436924694,
              50.67572526929239
            ],
            [
              3.180360788726099,
              50.67622412910954
            ],
            [
              3.179671612372466,
              50.67658175936105
            ],
            [
              3.178558019969709,
              50.67717079557082
            ],
            [
              3.178279071808252,
              50.67706284924493
            ]
          ]
        ]
      },
      "properties": {
        "name": "Edouard Vaillant",
        "source": "quartier",
        "documents": 3,
        "instruments_de_recherche": 2,
        "geometrie_officielle": false,
        "rue_autre_forme": null,
        "url": "https://www.bn-r.fr/resultat.php?type_rech=pl&index%5B%5D=quartier&value%5B%5D=%22Edouard+Vaillant%22&decouvrir_par_terme=Edouard+Vaillant"
      }
    },
    {
      "type": "Feature",
      "geometry": {
        "type": "MultiLineString",
        "coordinates": [
          [
            [
              3.174095,
              50.674417
            ],
            [
              3.172512,
              50.672742
            ],
            [
              3.171777,
              50.67196
            ],
            [
              3.171314,
              50.671471
            ],
            [
              3.171209,
              50.671347
            ]
          ],
          [
            [
              3.177278,
              50.677522
            ],
            [
              3.176955,
              50.677422
            ],
            [
              3.176543,
              50.676991
            ],
            [
              3.176455,
              50.67692
            ],
            [
              3.175894,
              50.676321
            ],
            [
              3.17511,
              50.675477
            ],
            [
              3.174874,
              50.675233
            ],
            [
              3.174732,
              50.675096
            ],
            [
              3.174095,
              50.674417
            ]
          ]
        ]
      },
      "properties": {
        "name": "Rue Edouard Vaillant",
        "source": "rue",
        "documents": 4,
        "instruments_de_recherche": 3,
        "geometrie_officielle": true,
        "rue_autre_forme": "Edouard Vaillant, rue",
        "url": "https://www.bn-r.fr/resultat.php?type_rech=pl&index%5B%5D=rue&value%5B%5D=%22Edouard+Vaillant%2C+rue%22&decouvrir_par_terme=Edouard+Vaillant%2C+rue"
      }
    },
    {
      "type": "Feature",
      "geometry": {
        "type": "MultiLineString",
        "coordinates": [
          [
            [
              3.168437,
              50.696786
            ],
            [
              3.166988,
              50.69784
            ]
          ],
          [
            [
              3.173028,
              50.695039
            ],
            [
              3.172616,
              50.695198
            ],
            [
              3.172544,
              50.695222
            ],
            [
              3.172446,
              50.695238
            ],
            [
              3.170622,
              50.695938
            ]
          ],
          [
            [
              3.173221,
              50.69542
            ],
            [
              3.173118,
              50.695411
            ],
            [
              3.172646,
              50.695236
            ],
            [
              3.172616,
              50.695198
            ]
          ]
        ]
      },
      "properties": {
        "name": "Rue Emile Moreau",
        "source": "rue",
        "documents": 11,
        "instruments_de_recherche": 3,
        "geometrie_officielle": true,
        "rue_autre_forme": "Emile Moreau, rue",
        "url": "https://www.bn-r.fr/resultat.php?type_rech=pl&index%5B%5D=rue&value%5B%5D=%22Emile+Moreau%2C+rue%22&decouvrir_par_terme=Emile+Moreau%2C+rue"
      }
    },
    {
      "type": "Feature",
      "geometry": {
        "type": "MultiLineString",
        "coordinates": [
          [
            [
              3.201233,
              50.676133
            ],
            [
              3.199834,
              50.675241
            ]
          ],
          [
            [
              3.197807,
              50.673942
            ],
            [
              3.199268,
              50.674876
            ],
            [
              3.199834,
              50.675241
            ]
          ]
        ]
      },
      "properties": {
        "name": "Rue Emile Zola",
        "source": "rue",
        "documents": 1,
        "instruments_de_recherche": 1,
        "geometrie_officielle": true,
        "rue_autre_forme": "Emile Zola, rue",
        "url": "https://www.bn-r.fr/resultat.php?type_rech=pl&index%5B%5D=rue&value%5B%5D=%22Emile+Zola%2C+rue%22&decouvrir_par_terme=Emile+Zola%2C+rue"
      }
    },
    {
      "type": "Feature",
      "geometry": {
        "type": "Polygon",
        "coordinates": [
          [
            [
              3.197762202289578,
              50.69887716369013
            ],
            [
              3.197753991019934,
              50.69889520167291
            ],
            [
              3.188511350716913,
              50.69673313250684
            ],
            [
              3.190055185859662,
              50.69437206434426
            ],
            [
              3.188060620968542,
              50.69403281294958
            ],
            [
              3.188817920773002,
              50.692703240919
            ],
            [
              3.189397110790989,
              50.69262713671775
            ],
            [
              3.190118505956728,
              50.69255175013603
            ],
            [
              3.190800410948496,
              50.69249201593546
            ],
            [
              3.191447266008054,
              50.69283155709442
            ],
            [
              3.192091219724257,
              50.69274655912135
            ],
            [
              3.193039688148863,
              50.6926914534501
            ],
            [
              3.193891796865021,
              50.6927163200979
            ],
            [
              3.194470607803774,
              50.69277938093106
            ],
            [
              3.195090807299093,
              50.69286964640095
            ],
            [
              3.195931847087497,
              50.69300298817316
            ],
            [
              3.198031343859365,
              50.69333593266839
            ],
            [
              3.201110394924541,
              50.69380463962069
            ],
            [
              3.201176431308207,
              50.6937937313762
            ],
            [
              3.201240238805156,
              50.69380019221391
            ],
            [
              3.201451047032907,
              50.69382058673516
            ],
            [
              3.201450488266413,
              50.69385241303952
            ],
            [
              3.201448558672037,
              50.69387849852706
            ],
            [
              3.201375784190604,
              50.69397862782139
            ],
            [
              3.201343518204184,
              50.69402578643649
            ],
            [
              3.201332180979648,
              50.69404061106092
            ],
            [
              3.201426488330511,
              50.69406698214162
            ],
            [
              3.201408165980845,
              50.69409471210048
            ],
            [
              3.201410430797227,
              50.69423582465347
            ],
            [
              3.201414445860299,
              50.69428577536043
            ],
            [
              3.201414694633654,
              50.69429952682974
            ],
            [
              3.20141226280522,
              50.69431383720337
            ],
            [
              3.201406412412581,
              50.69432682414151
            ],
            [
              3.201388896806936,
              50.69434439030378
            ],
            [
              3.201353194716161,
              50.69437359581983
            ],
            [
              3.201290948811912,
              50.69441989034343
            ],
            [
              3.201222301585332,
              50.69446866559487
            ],
            [
              3.201137381050264,
              50.69452321824219
            ],
            [
              3.201025168514088,
              50.69459261941778
            ],
            [
              3.20087113075676,
              50.69468363161267
            ],
            [
              3.200814854303155,
              50.69470201946423
            ],
            [
              3.20078703808459,
              50.69472918854206
            ],
            [
              3.200887878423678,
              50.69482733551905
            ],
            [
              3.200888201900785,
              50.69484531157253
            ],
            [
              3.200874375350733,
              50.69486339035407
            ],
            [
              3.200874700235927,
              50.69488136640432
            ],
            [
              3.200860873671069,
              50.69489944518337
            ],
            [
              3.200847210242339,
              50.69492651243244
            ],
            [
              3.20081955564525,
              50.69496266998225
            ],
            [
              3.200792064144657,
              50.69500781599498
            ],
            [
              3.20073643555899,
              50.6950621558961
            ],
            [
              3.200680805436383,
              50.69511649487284
            ],
            [
              3.200639325311461,
              50.69517073201747
            ],
            [
              3.200597521717749,
              50.69520699220253
            ],
            [
              3.20055571665437,
              50.69524325327114
            ],
            [
              3.20051375126865,
              50.69527052585151
            ],
            [
              3.200485935988066,
              50.69529769573391
            ],
            [
              3.200122711489851,
              50.69556102247864
            ],
            [
              3.200024788191313,
              50.69562465840802
            ],
            [
              3.200004670508784,
              50.69564430857675
            ],
            [
              3.19996915667742,
              50.69567899791789
            ],
            [
              3.199941340871586,
              50.6957061667645
            ],
            [
              3.199899534917804,
              50.69574242758541
            ],
            [
              3.199857568757582,
              50.6957696999239
            ],
            [
              3.199829752844567,
              50.6957968696392
            ],
            [
              3.199801935485121,
              50.69582403845212
            ],
            [
              3.199774282468672,
              50.69586019661359
            ],
            [
              3.199732476262139,
              50.69589645647263
            ],
            [
              3.199635686674196,
              50.69602300769702
            ],
            [
              3.199692452450338,
              50.69603158399959
            ],
            [
              3.199777683339824,
              50.69604894353
            ],
            [
              3.199834449169603,
              50.69605751976742
            ],
            [
              3.199834773689901,
              50.69607549578828
            ],
            [
              3.19982094642097,
              50.69609357441934
            ],
            [
              3.199807603790867,
              50.69613861752951
            ],
            [
              3.199807766751067,
              50.69614760508914
            ],
            [
              3.19977978905554,
              50.69616578631902
            ],
            [
              3.199765960325486,
              50.69618386404648
            ],
            [
              3.19976612328552,
              50.69619285340023
            ],
            [
              3.199710167793398,
              50.69622921583201
            ],
            [
              3.19969633902801,
              50.69624729534466
            ],
            [
              3.199654533855179,
              50.69628355515422
            ],
            [
              3.199626556028261,
              50.69630173634592
            ],
            [
              3.19959857677179,
              50.69631991843044
            ],
            [
              3.199570598904196,
              50.69633809960856
            ],
            [
              3.199556771467742,
              50.69635617820313
            ],
            [
              3.199528793564765,
              50.69637435937084
            ],
            [
              3.199500814232338,
              50.69639254143141
            ],
            [
              3.199459008797071,
              50.69642880116732
            ],
            [
              3.199445181295384,
              50.69644687974704
            ],
            [
              3.199375556397822,
              50.69651030994783
            ],
            [
              3.199292107962078,
              50.69659181775825
            ],
            [
              3.199236636028056,
              50.69665514441742
            ],
            [
              3.199222969827989,
              50.69668221052176
            ],
            [
              3.199153832861089,
              50.69677260412971
            ],
            [
              3.199112511139961,
              50.69683582818397
            ],
            [
              3.199085018485218,
              50.69688097279301
            ],
            [
              3.199057362956364,
              50.69691713074009
            ],
            [
              3.199015879582813,
              50.69697136629955
            ],
            [
              3.198988223950705,
              50.69700752332905
            ],
            [
              3.198960731093522,
              50.69705266879635
            ],
            [
              3.198947064636228,
              50.69707973485427
            ],
            [
              3.198933560977881,
              50.69711579025199
            ],
            [
              3.198920055883799,
              50.69715184475121
            ],
            [
              3.198977148448063,
              50.69717839735721
            ],
            [
              3.199019926145671,
              50.69719606490889
            ],
            [
              3.199062542456141,
              50.69720474489684
            ],
            [
              3.19909100667459,
              50.69721352739757
            ],
            [
              3.199147773705011,
              50.69722210393356
            ],
            [
              3.199009170700085,
              50.69738491398888
            ],
            [
              3.198940032375546,
              50.69747530648547
            ],
            [
              3.198690968740988,
              50.69779173420808
            ],
            [
              3.198538697171665,
              50.69798161048682
            ],
            [
              3.198372596080473,
              50.69818956493832
            ],
            [
              3.198289788359876,
              50.69830702470262
            ],
            [
              3.198248303006535,
              50.69836125989308
            ],
            [
              3.198040876314197,
              50.69863243736417
            ],
            [
              3.198013057829245,
              50.69865960655655
            ],
            [
              3.19798540054303,
              50.69869576327155
            ],
            [
              3.197957743220475,
              50.69873192087582
            ],
            [
              3.197901943389188,
              50.69877727078404
            ],
            [
              3.197888114678565,
              50.69879534912698
            ],
            [
              3.197804172189649,
              50.69884989218586
            ],
            [
              3.197762202289578,
              50.69887716369013
            ]
          ]
        ]
      },
      "properties": {
        "name": "Entrepont",
        "source": "quartier",
        "documents": 3,
        "instruments_de_recherche": 3,
        "geometrie_officielle": false,
        "rue_autre_forme": null,
        "url": "https://www.bn-r.fr/resultat.php?type_rech=pl&index%5B%5D=quartier&value%5B%5D=%22Entrepont%22&decouvrir_par_terme=Entrepont"
      }
    },
    {
      "type": "Feature",
      "geometry": {
        "type": "Polygon",
        "coordinates": [
          [
            [
              3.159239009596599,
              50.69162749972451
            ],
            [
              3.158919533773008,
              50.69143351978217
            ],
            [
              3.158653674247769,
              50.69128190721562
            ],
            [
              3.158292326427639,
              50.69107343471747
            ],
            [
              3.157994641453245,
              50.6909028669298
            ],
            [
              3.157738154684537,
              50.69075836356346
            ],
            [
              3.1574872650441,
              50.69061029095458
            ],
            [
              3.157200823815911,
              50.69044801729496
            ],
            [
              3.156964920799213,
              50.69031060939749
            ],
            [
              3.156672851646173,
              50.69014003116997
            ],
            [
              3.156390146176634,
              50.68997537642884
            ],
            [
              3.156108556807393,
              50.68980834610415
            ],
            [
              3.15587077981154,
              50.68966737586465
            ],
            [
              3.155599311470862,
              50.6895086411218
            ],
            [
              3.155333468510182,
              50.68935583472035
            ],
            [
              3.155049642845499,
              50.68918832904758
            ],
            [
              3.15477818560717,
              50.68903196589394
            ],
            [
              3.154500337347049,
              50.68886255264419
            ],
            [
              3.154217627961619,
              50.68869195756299
            ],
            [
              3.153966759049486,
              50.68854387739146
            ],
            [
              3.153676575603266,
              50.68837210216168
            ],
            [
              3.153304011320128,
              50.68814890705099
            ],
            [
              3.152991370068673,
              50.68796528759438
            ],
            [
              3.152674984000186,
              50.68777811029603
            ],
            [
              3.152384804388375,
              50.68760514465738
            ],
            [
              3.152006417298455,
              50.68738649676966
            ],
            [
              3.152125678283392,
              50.68733354589496
            ],
            [
              3.15216448322078,
              50.68731639656627
            ],
            [
              3.15246570588378,
              50.68747467746189
            ],
            [
              3.152789745631532,
              50.68739154954535
            ],
            [
              3.15308579603277,
              50.68732659173075
            ],
            [
              3.153269420685581,
              50.68730735134397
            ],
            [
              3.153481343992569,
              50.68728791601608
            ],
            [
              3.153834904444988,
              50.68727649529098
            ],
            [
              3.153933944548416,
              50.68727581362305
            ],
            [
              3.154047134044671,
              50.68727503537373
            ],
            [
              3.154471591791618,
              50.68727211355651
            ],
            [
              3.154584778446005,
              50.68727133482108
            ],
            [
              3.154683514481159,
              50.68725267528063
            ],
            [
              3.154796392768051,
              50.68723392087689
            ],
            [
              3.15485268194327,
              50.68721555454719
            ],
            [
              3.154937112101406,
              50.68718800635435
            ],
            [
              3.155092132624363,
              50.68715098189173
            ],
            [
              3.155261147311279,
              50.68710487106036
            ],
            [
              3.155359724977958,
              50.68707722414059
            ],
            [
              3.155486449024287,
              50.68704039427352
            ],
            [
              3.155542888494185,
              50.68703101626745
            ],
            [
              3.155599481540205,
              50.68703062597603
            ],
            [
              3.155613632273428,
              50.68703052839606
            ],
            [
              3.155642081697272,
              50.68703932187599
            ],
            [
              3.155698674751785,
              50.68703893153944
            ],
            [
              3.15581247964271,
              50.68707410353752
            ],
            [
              3.155826781200733,
              50.68708299367631
            ],
            [
              3.155897984595883,
              50.68710947065732
            ],
            [
              3.156025936313533,
              50.68714454484766
            ],
            [
              3.15602578263697,
              50.68713555621192
            ],
            [
              3.156081762471449,
              50.68709921384704
            ],
            [
              3.156081608784916,
              50.68709022521075
            ],
            [
              3.15616557554311,
              50.68703571116673
            ],
            [
              3.156557428361413,
              50.686781311772
            ],
            [
              3.156697373017741,
              50.68669045471707
            ],
            [
              3.156767193468011,
              50.68663603793038
            ],
            [
              3.156837010941772,
              50.68658162110363
            ],
            [
              3.156879303276333,
              50.68657233930088
            ],
            [
              3.156921441765478,
              50.68655407063589
            ],
            [
              3.156991566650518,
              50.6865176301045
            ],
            [
              3.157047698950555,
              50.68649027501705
            ],
            [
              3.157103985054447,
              50.68647190764922
            ],
            [
              3.157145968089562,
              50.68644465026348
            ],
            [
              3.157202100223842,
              50.68641729510333
            ],
            [
              3.157244237049812,
              50.68639902542909
            ],
            [
              3.157300521569607,
              50.68638065886889
            ],
            [
              3.157370801261717,
              50.6863532058598
            ],
            [
              3.157441080876902,
              50.68632575280982
            ],
            [
              3.15749705878231,
              50.68628940976361
            ],
            [
              3.15755334449618,
              50.68627104218675
            ],
            [
              3.157581331973968,
              50.6862528701934
            ],
            [
              3.157623469939082,
              50.6862346012817
            ],
            [
              3.157665606458127,
              50.68621633145968
            ],
            [
              3.157735731742889,
              50.68617989048824
            ],
            [
              3.157820003164151,
              50.68614335075207
            ],
            [
              3.157861986947776,
              50.68611609310928
            ],
            [
              3.157918118323944,
              50.68608873761239
            ],
            [
              3.157903661259126,
              50.68607085995244
            ],
            [
              3.158001928797988,
              50.68602523449356
            ],
            [
              3.158086047138616,
              50.68597970681528
            ],
            [
              3.158170165329383,
              50.68593417997433
            ],
            [
              3.15826843377065,
              50.68588855429367
            ],
            [
              3.15835255164304,
              50.68584302732309
            ],
            [
              3.158478805215625,
              50.68577922928548
            ],
            [
              3.158534935878382,
              50.68575187349621
            ],
            [
              3.158703324674571,
              50.68566980597331
            ],
            [
              3.158745306169356,
              50.68564254801468
            ],
            [
              3.158801282367479,
              50.68560620434401
            ],
            [
              3.158857257071953,
              50.68556986064797
            ],
            [
              3.15888539927997,
              50.68556067609629
            ],
            [
              3.158927380584596,
              50.68553341807176
            ],
            [
              3.159095306759197,
              50.68542438581888
            ],
            [
              3.159193416299295,
              50.6853697716175
            ],
            [
              3.159305365943832,
              50.68529708381755
            ],
            [
              3.159347501062835,
              50.68527881339977
            ],
            [
              3.15948743929923,
              50.68518795299609
            ],
            [
              3.159571399172119,
              50.6851334364965
            ],
            [
              3.159641521558756,
              50.685096994391
            ],
            [
              3.159697495083438,
              50.68506064939157
            ],
            [
              3.159977520114089,
              50.68488791533449
            ],
            [
              3.159991513032036,
              50.68487882949562
            ],
            [
              3.160047487472236,
              50.68484248432495
            ],
            [
              3.160187574810777,
              50.68476061084284
            ],
            [
              3.160271534620076,
              50.68470609383377
            ],
            [
              3.160355648691753,
              50.68466056542718
            ],
            [
              3.16038363566831,
              50.68464239275733
            ],
            [
              3.160396701742705,
              50.68457937847281
            ],
            [
              3.160647961051263,
              50.68437987392135
            ],
            [
              3.160661644711285,
              50.68435281156287
            ],
            [
              3.160717616669409,
              50.68431646696106
            ],
            [
              3.160745294298558,
              50.68428031776139
            ],
            [
              3.160800649443047,
              50.68420802113239
            ],
            [
              3.160828169602461,
              50.68416288413972
            ],
            [
              3.160855693949738,
              50.68411774713242
            ],
            [
              3.161065897763011,
              50.68399942968201
            ],
            [
              3.161191987245858,
              50.68392664183688
            ],
            [
              3.161346218570005,
              50.68384466872166
            ],
            [
              3.161374206145033,
              50.68382649580477
            ],
            [
              3.161934535570858,
              50.68349899438752
            ],
            [
              3.162032635429604,
              50.68344437779174
            ],
            [
              3.162096335692869,
              50.68338964894419
            ],
            [
              3.163087995018862,
              50.6837464476808
            ],
            [
              3.163838759394576,
              50.68402554846653
            ],
            [
              3.166041276285417,
              50.68483538717932
            ],
            [
              3.166561458658209,
              50.68501100637815
            ],
            [
              3.16946556543833,
              50.68606306323779
            ],
            [
              3.168135528438616,
              50.68679243619878
            ],
            [
              3.166779894734078,
              50.68754124633825
            ],
            [
              3.165452948989037,
              50.68824863629877
            ],
            [
              3.164235371229754,
              50.68890847751619
            ],
            [
              3.163570731202315,
              50.68927860378032
            ],
            [
              3.162688981760156,
              50.68975406116421
            ],
            [
              3.161713711822845,
              50.6902727694068
            ],
            [
              3.16123704041998,
              50.69055707871198
            ],
            [
              3.160249974734315,
              50.69109113752162
            ],
            [
              3.15951392433581,
              50.69149274823057
            ],
            [
              3.159442428673638,
              50.69153198691574
            ],
            [
              3.159239009596599,
              50.69162749972451
            ]
          ]
        ]
      },
      "properties": {
        "name": "Epeule",
        "source": "quartier",
        "documents": 50,
        "instruments_de_recherche": 9,
        "geometrie_officielle": false,
        "rue_autre_forme": null,
        "url": "https://www.bn-r.fr/resultat.php?type_rech=pl&index%5B%5D=quartier&value%5B%5D=%22Epeule%22&decouvrir_par_terme=Epeule"
      }
    },
    {
      "type": "Feature",
      "geometry": {
        "type": "MultiLineString",
        "coordinates": [
          [
            [
              3.163109,
              50.692198
            ],
            [
              3.163074,
              50.692014
            ],
            [
              3.163033,
              50.691821
            ],
            [
              3.162946,
              50.691532
            ],
            [
              3.162904,
              50.691409
            ],
            [
              3.162838,
              50.691279
            ],
            [
              3.162209,
              50.690616
            ],
            [
              3.162014,
              50.690464
            ],
            [
              3.161819,
              50.690326
            ],
            [
              3.161721,
              50.69029
            ],
            [
              3.161206,
              50.68998
            ],
            [
              3.160745,
              50.689697
            ],
            [
              3.160348,
              50.689456
            ],
            [
              3.160286,
              50.689406
            ],
            [
              3.160038,
              50.689208
            ],
            [
              3.15945,
              50.688724
            ],
            [
              3.158548,
              50.68799
            ],
            [
              3.158431,
              50.687893
            ],
            [
              3.15839,
              50.687853
            ]
          ],
          [
            [
              3.158493,
              50.685867
            ],
            [
              3.158583,
              50.685726
            ],
            [
              3.158597,
              50.685569
            ]
          ],
          [
            [
              3.15839,
              50.687853
            ],
            [
              3.158408,
              50.687624
            ],
            [
              3.158465,
              50.687079
            ],
            [
              3.15853,
              50.686302
            ],
            [
              3.158512,
              50.686165
            ]
          ]
        ]
      },
      "properties": {
        "name": "Rue de l'Epeule",
        "source": "rue",
        "documents": 189,
        "instruments_de_recherche": 9,
        "geometrie_officielle": true,
        "rue_autre_forme": "Epeule, rue de l\\'",
        "url": "https://www.bn-r.fr/resultat.php?type_rech=pl&index%5B%5D=rue&value%5B%5D=%22Epeule%2C+rue+de+l%5C%27%22&decouvrir_par_terme=Epeule%2C+rue+de+l%5C%27"
      }
    },
    {
      "type": "Feature",
      "geometry": {
        "type": "LineString",
        "coordinates": [
          [
            3.159784,
            50.697694
          ],
          [
            3.16081,
            50.697303
          ],
          [
            3.162434,
            50.696694
          ]
        ]
      },
      "properties": {
        "name": "Rue d'Epinal",
        "source": "rue",
        "documents": 4,
        "instruments_de_recherche": 2,
        "geometrie_officielle": true,
        "rue_autre_forme": "Epinal, rue d\\'",
        "url": "https://www.bn-r.fr/resultat.php?type_rech=pl&index%5B%5D=rue&value%5B%5D=%22Epinal%2C+rue+d%5C%27%22&decouvrir_par_terme=Epinal%2C+rue+d%5C%27"
      }
    },
    {
      "type": "Feature",
      "geometry": {
        "type": "LineString",
        "coordinates": [
          [
            3.168934,
            50.693927
          ],
          [
            3.169353,
            50.694881
          ],
          [
            3.169517,
            50.695034
          ],
          [
            3.169948,
            50.6954
          ]
        ]
      },
      "properties": {
        "name": "Rue de l'Ermitage",
        "source": "rue",
        "documents": 12,
        "instruments_de_recherche": 7,
        "geometrie_officielle": true,
        "rue_autre_forme": "Ermitage, rue de l\\'",
        "url": "https://www.bn-r.fr/resultat.php?type_rech=pl&index%5B%5D=rue&value%5B%5D=%22Ermitage%2C+rue+de+l%5C%27%22&decouvrir_par_terme=Ermitage%2C+rue+de+l%5C%27"
      }
    },
    {
      "type": "Feature",
      "geometry": {
        "type": "LineString",
        "coordinates": [
          [
            3.170565,
            50.692345
          ],
          [
            3.169812,
            50.692615
          ],
          [
            3.169028,
            50.692854
          ],
          [
            3.168775,
            50.69293
          ],
          [
            3.168429,
            50.692986
          ],
          [
            3.16784,
            50.693081
          ],
          [
            3.166844,
            50.69324
          ],
          [
            3.163835,
            50.693727
          ],
          [
            3.163768,
            50.693726
          ],
          [
            3.162681,
            50.694035
          ]
        ]
      },
      "properties": {
        "name": "Rue de l'Espérance",
        "source": "rue",
        "documents": 35,
        "instruments_de_recherche": 7,
        "geometrie_officielle": true,
        "rue_autre_forme": "Esperance, rue de l\\'",
        "url": "https://www.bn-r.fr/resultat.php?type_rech=pl&index%5B%5D=rue&value%5B%5D=%22Esperance%2C+rue+de+l%5C%27%22&decouvrir_par_terme=Esperance%2C+rue+de+l%5C%27"
      }
    },
    {
      "type": "Feature",
      "geometry": {
        "type": "LineString",
        "coordinates": [
          [
            3.181061,
            50.706539
          ],
          [
            3.181381,
            50.706505
          ],
          [
            3.18244,
            50.70665
          ],
          [
            3.182562,
            50.706632
          ],
          [
            3.182667,
            50.706683
          ],
          [
            3.183219,
            50.706772
          ],
          [
            3.183826,
            50.706869
          ],
          [
            3.184376,
            50.706977
          ],
          [
            3.185153,
            50.707173
          ],
          [
            3.185573,
            50.707308
          ],
          [
            3.185932,
            50.707419
          ],
          [
            3.186769,
            50.707736
          ]
        ]
      },
      "properties": {
        "name": "Rue de l'Espierre",
        "source": "rue",
        "documents": 1,
        "instruments_de_recherche": 1,
        "geometrie_officielle": true,
        "rue_autre_forme": "Espierre, rue de l\\'",
        "url": "https://www.bn-r.fr/resultat.php?type_rech=pl&index%5B%5D=rue&value%5B%5D=%22Espierre%2C+rue+de+l%5C%27%22&decouvrir_par_terme=Espierre%2C+rue+de+l%5C%27"
      }
    },
    {
      "type": "Feature",
      "geometry": {
        "type": "Polygon",
        "coordinates": [
          [
            [
              3.164101480271573,
              50.69569125121363
            ],
            [
              3.163738920574598,
              50.69572068661633
            ],
            [
              3.163242167279414,
              50.69602818638366
            ],
            [
              3.163064158271605,
              50.69577485161737
            ],
            [
              3.162861374453586,
              50.69548878505257
            ],
            [
              3.162672128278804,
              50.69522691791642
            ],
            [
              3.162413020243231,
              50.69486114902588
            ],
            [
              3.162232748444493,
              50.69459926925626
            ],
            [
              3.16206149700094,
              50.69435162186583
            ],
            [
              3.161888017590183,
              50.69410825112048
            ],
            [
              3.161723599499463,
              50.69389193498026
            ],
            [
              3.161577265507074,
              50.69371975537473
            ],
            [
              3.161392729007759,
              50.69352340750445
            ],
            [
              3.161217213762514,
              50.69334271801396
            ],
            [
              3.160993504954587,
              50.69311643889674
            ],
            [
              3.161138839622621,
              50.69307372430512
            ],
            [
              3.161933961112095,
              50.69278172096475
            ],
            [
              3.16311242858091,
              50.69222065631178
            ],
            [
              3.166240062559865,
              50.69173344297731
            ],
            [
              3.167120276700072,
              50.69160198435249
            ],
            [
              3.168669025865059,
              50.69136588027654
            ],
            [
              3.16921721486125,
              50.69134786302364
            ],
            [
              3.169887216432677,
              50.69139204020971
            ],
            [
              3.173081475574756,
              50.69166518196878
            ],
            [
              3.16809558157175,
              50.69371272939592
            ],
            [
              3.167175175716127,
              50.69408629660207
            ],
            [
              3.166593031047293,
              50.69431642680491
            ],
            [
              3.166059039670879,
              50.69453589489924
            ],
            [
              3.165300032295631,
              50.69483783190604
            ],
            [
              3.164738195181682,
              50.69508445526792
            ],
            [
              3.1642451013813,
              50.69527998808669
            ],
            [
              3.164101480271573,
              50.69569125121363
            ]
          ]
        ]
      },
      "properties": {
        "name": "Espérance",
        "source": "quartier",
        "documents": 1,
        "instruments_de_recherche": 1,
        "geometrie_officielle": false,
        "rue_autre_forme": null,
        "url": "https://www.bn-r.fr/resultat.php?type_rech=pl&index%5B%5D=quartier&value%5B%5D=%22Esp%C3%A9rance%22&decouvrir_par_terme=Esp%C3%A9rance"
      }
    },
    {
      "type": "Feature",
      "geometry": {
        "type": "LineString",
        "coordinates": [
          [
            3.181238,
            50.679954
          ],
          [
            3.180705,
            50.679409
          ]
        ]
      },
      "properties": {
        "name": "Rue Eugène Motte",
        "source": "rue",
        "documents": 1,
        "instruments_de_recherche": 1,
        "geometrie_officielle": true,
        "rue_autre_forme": "Eugène Motte, rue",
        "url": "https://www.bn-r.fr/resultat.php?type_rech=pl&index%5B%5D=rue&value%5B%5D=%22Eug%C3%A8ne+Motte%2C+rue%22&decouvrir_par_terme=Eug%C3%A8ne+Motte%2C+rue"
      }
    },
    {
      "type": "Feature",
      "geometry": {
        "type": "LineString",
        "coordinates": [
          [
            3.177378,
            50.689654
          ],
          [
            3.177702,
            50.689653
          ]
        ]
      },
      "properties": {
        "name": "Rond Point de l'Europe",
        "source": "rue",
        "documents": 13,
        "instruments_de_recherche": 4,
        "geometrie_officielle": true,
        "rue_autre_forme": "Europe, rond point de l\\'",
        "url": "https://www.bn-r.fr/resultat.php?type_rech=pl&index%5B%5D=rue&value%5B%5D=%22Europe%2C+rond+point+de+l%5C%27%22&decouvrir_par_terme=Europe%2C+rond+point+de+l%5C%27"
      }
    },
    {
      "type": "Feature",
      "geometry": {
        "type": "MultiLineString",
        "coordinates": [
          [
            [
              3.173547,
              50.690131
            ],
            [
              3.172502,
              50.690186
            ]
          ],
          [
            [
              3.172502,
              50.690186
            ],
            [
              3.172438,
              50.69019
            ],
            [
              3.171975,
              50.690212
            ],
            [
              3.171456,
              50.690239
            ],
            [
              3.170807,
              50.690273
            ],
            [
              3.169995,
              50.690356
            ],
            [
              3.169227,
              50.690425
            ]
          ]
        ]
      },
      "properties": {
        "name": "Rue des Fabricants",
        "source": "rue",
        "documents": 11,
        "instruments_de_recherche": 3,
        "geometrie_officielle": true,
        "rue_autre_forme": "Fabricants, rue des",
        "url": "https://www.bn-r.fr/resultat.php?type_rech=pl&index%5B%5D=rue&value%5B%5D=%22Fabricants%2C+rue+des%22&decouvrir_par_terme=Fabricants%2C+rue+des"
      }
    },
    {
      "type": "Feature",
      "geometry": {
        "type": "LineString",
        "coordinates": [
          [
            3.152491,
            50.691847
          ],
          [
            3.152563,
            50.691821
          ],
          [
            3.153834,
            50.691026
          ],
          [
            3.154292,
            50.690742
          ],
          [
            3.154401,
            50.690731
          ]
        ]
      },
      "properties": {
        "name": "Rue de Favreuil",
        "source": "rue",
        "documents": 3,
        "instruments_de_recherche": 2,
        "geometrie_officielle": true,
        "rue_autre_forme": "Favreuil, rue du",
        "url": "https://www.bn-r.fr/resultat.php?type_rech=pl&index%5B%5D=rue&value%5B%5D=%22Favreuil%2C+rue+du%22&decouvrir_par_terme=Favreuil%2C+rue+du"
      }
    },
    {
      "type": "Feature",
      "geometry": {
        "type": "LineString",
        "coordinates": [
          [
            3.178829,
            50.699403
          ],
          [
            3.178529,
            50.699799
          ],
          [
            3.178411,
            50.699948
          ],
          [
            3.178294,
            50.700116
          ],
          [
            3.177733,
            50.700819
          ],
          [
            3.177361,
            50.701284
          ],
          [
            3.177051,
            50.701665
          ],
          [
            3.176149,
            50.702502
          ],
          [
            3.175612,
            50.702992
          ],
          [
            3.17484,
            50.70371
          ]
        ]
      },
      "properties": {
        "name": "Rue de Flandre",
        "source": "rue",
        "documents": 13,
        "instruments_de_recherche": 8,
        "geometrie_officielle": true,
        "rue_autre_forme": "Flandre, rue de",
        "url": "https://www.bn-r.fr/resultat.php?type_rech=pl&index%5B%5D=rue&value%5B%5D=%22Flandre%2C+rue+de%22&decouvrir_par_terme=Flandre%2C+rue+de"
      }
    },
    {
      "type": "Feature",
      "geometry": {
        "type": "LineString",
        "coordinates": [
          [
            3.157004,
            50.694786
          ],
          [
            3.155653,
            50.695464
          ]
        ]
      },
      "properties": {
        "name": "Rue de Florence",
        "source": "rue",
        "documents": 1,
        "instruments_de_recherche": 1,
        "geometrie_officielle": true,
        "rue_autre_forme": "Florence, rue de",
        "url": "https://www.bn-r.fr/resultat.php?type_rech=pl&index%5B%5D=rue&value%5B%5D=%22Florence%2C+rue+de%22&decouvrir_par_terme=Florence%2C+rue+de"
      }
    },
    {
      "type": "Feature",
      "geometry": {
        "type": "LineString",
        "coordinates": [
          [
            3.17233,
            50.700028
          ],
          [
            3.171494,
            50.701338
          ]
        ]
      },
      "properties": {
        "name": "Rue des Fondeurs",
        "source": "rue",
        "documents": 3,
        "instruments_de_recherche": 1,
        "geometrie_officielle": true,
        "rue_autre_forme": "Fondeur, rue des",
        "url": "https://www.bn-r.fr/resultat.php?type_rech=pl&index%5B%5D=rue&value%5B%5D=%22Fondeur%2C+rue+des%22&decouvrir_par_terme=Fondeur%2C+rue+des"
      }
    },
    {
      "type": "Feature",
      "geometry": {
        "type": "MultiLineString",
        "coordinates": [
          [
            [
              3.169885,
              50.697547
            ],
            [
              3.171367,
              50.69676
            ],
            [
              3.173006,
              50.69601
            ],
            [
              3.173446,
              50.695909
            ]
          ],
          [
            [
              3.168013,
              50.698489
            ],
            [
              3.167913,
              50.698553
            ],
            [
              3.166665,
              50.699187
            ],
            [
              3.165611,
              50.699727
            ]
          ],
          [
            [
              3.168013,
              50.698489
            ],
            [
              3.168346,
              50.698318
            ],
            [
              3.168421,
              50.698285
            ],
            [
              3.169884,
              50.697547
            ],
            [
              3.169885,
              50.697547
            ]
          ]
        ]
      },
      "properties": {
        "name": "Rue du Fontenoy",
        "source": "rue",
        "documents": 14,
        "instruments_de_recherche": 7,
        "geometrie_officielle": true,
        "rue_autre_forme": "Fontenoy, rue du",
        "url": "https://www.bn-r.fr/resultat.php?type_rech=pl&index%5B%5D=rue&value%5B%5D=%22Fontenoy%2C+rue+du%22&decouvrir_par_terme=Fontenoy%2C+rue+du"
      }
    },
    {
      "type": "Feature",
      "geometry": {
        "type": "LineString",
        "coordinates": [
          [
            3.177812,
            50.697192
          ],
          [
            3.177358,
            50.697017
          ],
          [
            3.176187,
            50.696575
          ]
        ]
      },
      "properties": {
        "name": "Rue du Fort",
        "source": "rue",
        "documents": 8,
        "instruments_de_recherche": 2,
        "geometrie_officielle": true,
        "rue_autre_forme": "Fort, rue du",
        "url": "https://www.bn-r.fr/resultat.php?type_rech=pl&index%5B%5D=rue&value%5B%5D=%22Fort%2C+rue+du%22&decouvrir_par_terme=Fort%2C+rue+du"
      }
    },
    {
      "type": "Feature",
      "geometry": {
        "type": "Polygon",
        "coordinates": [
          [
            [
              3.176956214766221,
              50.69855835217553
            ],
            [
              3.176914704722217,
              50.69861258022708
            ],
            [
              3.174741168000441,
              50.69932806641137
            ],
            [
              3.174539205978833,
              50.69920844373406
            ],
            [
              3.173942635120342,
              50.69984021830979
            ],
            [
              3.173608323952361,
              50.70035908269561
            ],
            [
              3.172325331706714,
              50.70002926892511
            ],
            [
              3.171216280984697,
              50.6997404244057
            ],
            [
              3.170807184316581,
              50.69900619111149
            ],
            [
              3.170809723670042,
              50.69891628384125
            ],
            [
              3.170427211640312,
              50.69825314604199
            ],
            [
              3.169413615661015,
              50.69867294419193
            ],
            [
              3.168947858895944,
              50.69909887495972
            ],
            [
              3.168926681222141,
              50.69911826029123
            ],
            [
              3.168425583903607,
              50.69878917329616
            ],
            [
              3.168067572811038,
              50.69854897355315
            ],
            [
              3.168009874444245,
              50.69848645293332
            ],
            [
              3.167465711933187,
              50.69812170661516
            ],
            [
              3.166993715781954,
              50.69783735520139
            ],
            [
              3.165902472582425,
              50.69720288127402
            ],
            [
              3.165937443453576,
              50.69718325724667
            ],
            [
              3.167444793244688,
              50.69633520975794
            ],
            [
              3.169932873203911,
              50.69539668079946
            ],
            [
              3.171152545300951,
              50.69492846798891
            ],
            [
              3.171518541973467,
              50.69477792888578
            ],
            [
              3.172523713547142,
              50.6943647397305
            ],
            [
              3.173478735199154,
              50.69394451772387
            ],
            [
              3.173834786920403,
              50.69378973559365
            ],
            [
              3.174135498256326,
              50.69369899566686
            ],
            [
              3.174608988739519,
              50.69364839225037
            ],
            [
              3.175019029831106,
              50.69369276385683
            ],
            [
              3.175425612206491,
              50.69380510150517
            ],
            [
              3.176365837468632,
              50.69411454096654
            ],
            [
              3.176800119325671,
              50.6942148614387
            ],
            [
              3.177667755390755,
              50.69436233303633
            ],
            [
              3.178063533569542,
              50.69445374675765
            ],
            [
              3.179110205068847,
              50.69480040157988
            ],
            [
              3.179249268409972,
              50.69484165501802
            ],
            [
              3.178759385949509,
              50.69566008222723
            ],
            [
              3.178401408372976,
              50.69622893327921
            ],
            [
              3.177809796930195,
              50.69719495797481
            ],
            [
              3.177286867145932,
              50.69804363454689
            ],
            [
              3.176956214766221,
              50.69855835217553
            ]
          ]
        ]
      },
      "properties": {
        "name": "Fosse aux Chênes",
        "source": "quartier",
        "documents": 15,
        "instruments_de_recherche": 6,
        "geometrie_officielle": false,
        "rue_autre_forme": null,
        "url": "https://www.bn-r.fr/resultat.php?type_rech=pl&index%5B%5D=quartier&value%5B%5D=%22Fosse+aux+Ch%C3%AAnes%22&decouvrir_par_terme=Fosse+aux+Ch%C3%AAnes"
      }
    },
    {
      "type": "Feature",
      "geometry": {
        "type": "LineString",
        "coordinates": [
          [
            3.174704,
            50.699341
          ],
          [
            3.174167,
            50.699595
          ]
        ]
      },
      "properties": {
        "name": "Place de la Fosse aux Chênes",
        "source": "rue",
        "documents": 38,
        "instruments_de_recherche": 8,
        "geometrie_officielle": true,
        "rue_autre_forme": "Fosse aux chênes, place de la",
        "url": "https://www.bn-r.fr/resultat.php?type_rech=pl&index%5B%5D=rue&value%5B%5D=%22Fosse+aux+ch%C3%AAnes%2C+place+de+la%22&decouvrir_par_terme=Fosse+aux+ch%C3%AAnes%2C+place+de+la"
      }
    },
    {
      "type": "Feature",
      "geometry": {
        "type": "LineString",
        "coordinates": [
          [
            3.184152,
            50.68744
          ],
          [
            3.184418,
            50.687637
          ],
          [
            3.184468,
            50.687699
          ],
          [
            3.18471,
            50.68785
          ],
          [
            3.184876,
            50.687972
          ],
          [
            3.184928,
            50.688038
          ],
          [
            3.185278,
            50.688299
          ],
          [
            3.185634,
            50.688566
          ]
        ]
      },
      "properties": {
        "name": "Rue des Fossés",
        "source": "rue",
        "documents": 4,
        "instruments_de_recherche": 2,
        "geometrie_officielle": true,
        "rue_autre_forme": "Fosses, rue des",
        "url": "https://www.bn-r.fr/resultat.php?type_rech=pl&index%5B%5D=rue&value%5B%5D=%22Fosses%2C+rue+des%22&decouvrir_par_terme=Fosses%2C+rue+des"
      }
    },
    {
      "type": "Feature",
      "geometry": {
        "type": "LineString",
        "coordinates": [
          [
            3.185355,
            50.695101
          ],
          [
            3.18712,
            50.695623
          ]
        ]
      },
      "properties": {
        "name": "Rue Fourcroy",
        "source": "rue",
        "documents": 3,
        "instruments_de_recherche": 2,
        "geometrie_officielle": true,
        "rue_autre_forme": "Fourcroy, rue",
        "url": "https://www.bn-r.fr/resultat.php?type_rech=pl&index%5B%5D=rue&value%5B%5D=%22Fourcroy%2C+rue%22&decouvrir_par_terme=Fourcroy%2C+rue"
      }
    },
    {
      "type": "Feature",
      "geometry": {
        "type": "MultiLineString",
        "coordinates": [
          [
            [
              3.17841,
              50.677268
            ],
            [
              3.179084,
              50.676907
            ],
            [
              3.1797,
              50.676592
            ],
            [
              3.180362,
              50.676242
            ],
            [
              3.182178,
              50.675306
            ],
            [
              3.182562,
              50.675107
            ],
            [
              3.183257,
              50.674742
            ],
            [
              3.183809,
              50.674464
            ],
            [
              3.184608,
              50.674051
            ]
          ],
          [
            [
              3.185079,
              50.673801
            ],
            [
              3.186052,
              50.67329
            ],
            [
              3.186892,
              50.672841
            ],
            [
              3.187738,
              50.67241
            ],
            [
              3.187863,
              50.67235
            ],
            [
              3.188573,
              50.67198
            ],
            [
              3.189502,
              50.6715
            ]
          ]
        ]
      },
      "properties": {
        "name": "Boulevard de Fourmies",
        "source": "rue",
        "documents": 38,
        "instruments_de_recherche": 8,
        "geometrie_officielle": true,
        "rue_autre_forme": "Fourmies, boulevard de",
        "url": "https://www.bn-r.fr/resultat.php?type_rech=pl&index%5B%5D=rue&value%5B%5D=%22Fourmies%2C+boulevard+de%22&decouvrir_par_terme=Fourmies%2C+boulevard+de"
      }
    },
    {
      "type": "Feature",
      "geometry": {
        "type": "MultiLineString",
        "coordinates": [
          [
            [
              3.169036,
              50.701911
            ],
            [
              3.16771,
              50.702625
            ],
            [
              3.167192,
              50.702908
            ],
            [
              3.166485,
              50.703291
            ],
            [
              3.165969,
              50.703571
            ]
          ],
          [
            [
              3.170492,
              50.700463
            ],
            [
              3.169978,
              50.70098
            ],
            [
              3.169828,
              50.701134
            ],
            [
              3.169103,
              50.701867
            ],
            [
              3.169036,
              50.701911
            ]
          ]
        ]
      },
      "properties": {
        "name": "Rue de France",
        "source": "rue",
        "documents": 37,
        "instruments_de_recherche": 6,
        "geometrie_officielle": true,
        "rue_autre_forme": "France, rue de",
        "url": "https://www.bn-r.fr/resultat.php?type_rech=pl&index%5B%5D=rue&value%5B%5D=%22France%2C+rue+de%22&decouvrir_par_terme=France%2C+rue+de"
      }
    },
    {
      "type": "Feature",
      "geometry": {
        "type": "MultiLineString",
        "coordinates": [
          [
            [
              3.193821,
              50.691044
            ],
            [
              3.193787,
              50.690911
            ],
            [
              3.192145,
              50.690268
            ]
          ],
          [
            [
              3.189956,
              50.689369
            ],
            [
              3.189908,
              50.689317
            ],
            [
              3.188448,
              50.688714
            ]
          ],
          [
            [
              3.192145,
              50.690268
            ],
            [
              3.190025,
              50.689428
            ],
            [
              3.189956,
              50.689369
            ]
          ]
        ]
      },
      "properties": {
        "name": "Rue Franklin",
        "source": "rue",
        "documents": 3,
        "instruments_de_recherche": 3,
        "geometrie_officielle": true,
        "rue_autre_forme": "Franklin, rue",
        "url": "https://www.bn-r.fr/resultat.php?type_rech=pl&index%5B%5D=rue&value%5B%5D=%22Franklin%2C+rue%22&decouvrir_par_terme=Franklin%2C+rue"
      }
    },
    {
      "type": "Feature",
      "geometry": {
        "type": "LineString",
        "coordinates": [
          [
            3.168019,
            50.701187
          ],
          [
            3.1688,
            50.700386
          ],
          [
            3.169465,
            50.699703
          ],
          [
            3.169515,
            50.699598
          ]
        ]
      },
      "properties": {
        "name": "Avenue Frasez",
        "source": "rue",
        "documents": 1,
        "instruments_de_recherche": 1,
        "geometrie_officielle": true,
        "rue_autre_forme": "Frasez, avenue",
        "url": "https://www.bn-r.fr/resultat.php?type_rech=pl&index%5B%5D=rue&value%5B%5D=%22Frasez%2C+avenue%22&decouvrir_par_terme=Frasez%2C+avenue"
      }
    },
    {
      "type": "Feature",
      "geometry": {
        "type": "LineString",
        "coordinates": [
          [
            3.168019,
            50.701187
          ],
          [
            3.1688,
            50.700386
          ],
          [
            3.169465,
            50.699703
          ],
          [
            3.169515,
            50.699598
          ]
        ]
      },
      "properties": {
        "name": "Avenue Frasez",
        "source": "rue",
        "documents": 1,
        "instruments_de_recherche": 1,
        "geometrie_officielle": true,
        "rue_autre_forme": "Frasez, rue",
        "url": "https://www.bn-r.fr/resultat.php?type_rech=pl&index%5B%5D=rue&value%5B%5D=%22Frasez%2C+rue%22&decouvrir_par_terme=Frasez%2C+rue"
      }
    },
    {
      "type": "Feature",
      "geometry": {
        "type": "Polygon",
        "coordinates": [
          [
            [
              3.19816890920584,
              50.68756057465304
            ],
            [
              3.19722339655014,
              50.68710475605778
            ],
            [
              3.196762944581456,
              50.68687617030501
            ],
            [
              3.195654838101584,
              50.68631562353409
            ],
            [
              3.194509837268183,
              50.68567676759766
            ],
            [
              3.192624926391553,
              50.68464672216665
            ],
            [
              3.191255583064049,
              50.68387209544341
            ],
            [
              3.191185231419904,
              50.68376742761343
            ],
            [
              3.190719494377125,
              50.68270699830934
            ],
            [
              3.190624175627979,
              50.682415894172
            ],
            [
              3.190390785221184,
              50.68195103285258
            ],
            [
              3.189945893698266,
              50.68089925868117
            ],
            [
              3.190652836726265,
              50.68053901500795
            ],
            [
              3.191647020510598,
              50.68005426610429
            ],
            [
              3.194676927298958,
              50.67855728899933
            ],
            [
              3.197666461198777,
              50.67662003974138
            ],
            [
              3.199054401460683,
              50.67750495005416
            ],
            [
              3.201132421475008,
              50.67880900576569
            ],
            [
              3.202134294061732,
              50.67943894965318
            ],
            [
              3.202401559952794,
              50.67960384139584
            ],
            [
              3.204705607484528,
              50.68105000839069
            ],
            [
              3.203182393220317,
              50.682552986018
            ],
            [
              3.201363343888995,
              50.68145925381026
            ],
            [
              3.201271558011281,
              50.68150942885379
            ],
            [
              3.200684458223529,
              50.68186634981148
            ],
            [
              3.200533941909806,
              50.68180506040419
            ],
            [
              3.200458448025176,
              50.68178484519443
            ],
            [
              3.19894429396689,
              50.68379971986532
            ],
            [
              3.198707982371409,
              50.6841290010684
            ],
            [
              3.198777033589991,
              50.68467171576859
            ],
            [
              3.198814134851149,
              50.68493276172732
            ],
            [
              3.199795912298923,
              50.68531396490921
            ],
            [
              3.199735619649369,
              50.6854308129456
            ],
            [
              3.199672669900769,
              50.68564386404561
            ],
            [
              3.19973112190707,
              50.68571526283682
            ],
            [
              3.199936086109576,
              50.68578889194978
            ],
            [
              3.19816890920584,
              50.68756057465304
            ]
          ]
        ]
      },
      "properties": {
        "name": "Fraternité",
        "source": "quartier",
        "documents": 8,
        "instruments_de_recherche": 5,
        "geometrie_officielle": false,
        "rue_autre_forme": null,
        "url": "https://www.bn-r.fr/resultat.php?type_rech=pl&index%5B%5D=quartier&value%5B%5D=%22Fraternit%C3%A9%22&decouvrir_par_terme=Fraternit%C3%A9"
      }
    },
    {
      "type": "Feature",
      "geometry": {
        "type": "LineString",
        "coordinates": [
          [
            3.194039,
            50.681736
          ],
          [
            3.192914,
            50.681697
          ]
        ]
      },
      "properties": {
        "name": "Place de la Fraternité",
        "source": "rue",
        "documents": 11,
        "instruments_de_recherche": 4,
        "geometrie_officielle": true,
        "rue_autre_forme": "Fraternité, place de la",
        "url": "https://www.bn-r.fr/resultat.php?type_rech=pl&index%5B%5D=rue&value%5B%5D=%22Fraternit%C3%A9%2C+place+de+la%22&decouvrir_par_terme=Fraternit%C3%A9%2C+place+de+la"
      }
    },
    {
      "type": "Feature",
      "geometry": {
        "type": "Polygon",
        "coordinates": [
          [
            [
              3.152384804388375,
              50.68760514465738
            ],
            [
              3.152674984000186,
              50.68777811029603
            ],
            [
              3.152991370068673,
              50.68796528759438
            ],
            [
              3.153304011320128,
              50.68814890705099
            ],
            [
              3.153676575603266,
              50.68837210216168
            ],
            [
              3.153966759049486,
              50.68854387739146
            ],
            [
              3.154217627961619,
              50.68869195756299
            ],
            [
              3.154500337347049,
              50.68886255264419
            ],
            [
              3.15477818560717,
              50.68903196589394
            ],
            [
              3.155049642845499,
              50.68918832904758
            ],
            [
              3.155333468510182,
              50.68935583472035
            ],
            [
              3.155599311470862,
              50.6895086411218
            ],
            [
              3.15587077981154,
              50.68966737586465
            ],
            [
              3.156108556807393,
              50.68980834610415
            ],
            [
              3.156390146176634,
              50.68997537642884
            ],
            [
              3.156672851646173,
              50.69014003116997
            ],
            [
              3.156964920799213,
              50.69031060939749
            ],
            [
              3.157200823815911,
              50.69044801729496
            ],
            [
              3.1574872650441,
              50.69061029095458
            ],
            [
              3.157738154684537,
              50.69075836356346
            ],
            [
              3.157994641453245,
              50.6909028669298
            ],
            [
              3.158292326427639,
              50.69107343471747
            ],
            [
              3.158653674247769,
              50.69128190721562
            ],
            [
              3.158919533773008,
              50.69143351978217
            ],
            [
              3.159239009596599,
              50.69162749972451
            ],
            [
              3.159599281040219,
              50.69187657403337
            ],
            [
              3.159822592919166,
              50.69204628309145
            ],
            [
              3.160022573317816,
              50.69221355223446
            ],
            [
              3.160203989009129,
              50.69237191809982
            ],
            [
              3.160388446768991,
              50.69254642486467
            ],
            [
              3.160556414789002,
              50.69270670717938
            ],
            [
              3.160731879885371,
              50.69287362710407
            ],
            [
              3.160993504954587,
              50.69311643889674
            ],
            [
              3.161217213762514,
              50.69334271801396
            ],
            [
              3.161392729007759,
              50.69352340750445
            ],
            [
              3.161577265507074,
              50.69371975537473
            ],
            [
              3.161723599499463,
              50.69389193498026
            ],
            [
              3.161888017590183,
              50.69410825112048
            ],
            [
              3.16206149700094,
              50.69435162186583
            ],
            [
              3.162232748444493,
              50.69459926925626
            ],
            [
              3.162413020243231,
              50.69486114902588
            ],
            [
              3.162672128278804,
              50.69522691791642
            ],
            [
              3.162861374453586,
              50.69548878505257
            ],
            [
              3.163064158271605,
              50.69577485161737
            ],
            [
              3.163242167279414,
              50.69602818638366
            ],
            [
              3.163426952331124,
              50.69629575635273
            ],
            [
              3.163584778600947,
              50.69654911696514
            ],
            [
              3.163708912995192,
              50.69678685132483
            ],
            [
              3.16384214107906,
              50.69706161137747
            ],
            [
              3.163961939800346,
              50.69734493608807
            ],
            [
              3.164080763964513,
              50.69767242281372
            ],
            [
              3.164191177453778,
              50.69801328809313
            ],
            [
              3.163899749324501,
              50.69811372545808
            ],
            [
              3.163606818226042,
              50.6982652928898
            ],
            [
              3.160925156584554,
              50.70004939715289
            ],
            [
              3.161080879738868,
              50.70013873388848
            ],
            [
              3.160776354236229,
              50.70200664435416
            ],
            [
              3.160662879353759,
              50.70276178974227
            ],
            [
              3.160621990888837,
              50.70306120741378
            ],
            [
              3.160553661098696,
              50.7034912666712
            ],
            [
              3.16050184732436,
              50.70381190480082
            ],
            [
              3.16045788895853,
              50.70400610981981
            ],
            [
              3.160261686875487,
              50.70388889812844
            ],
            [
              3.160190145578696,
              50.70384444840144
            ],
            [
              3.160046757300561,
              50.70373757379124
            ],
            [
              3.160018140364501,
              50.70371979403242
            ],
            [
              3.159989524861785,
              50.70370201426478
            ],
            [
              3.159946446510556,
              50.70366635664097
            ],
            [
              3.159974289810716,
              50.70363919706843
            ],
            [
              3.160002133080819,
              50.70361203748853
            ],
            [
              3.159873361659653,
              50.70353202800287
            ],
            [
              3.159730438118938,
              50.70345211731578
            ],
            [
              3.159601820496314,
              50.7033810959443
            ],
            [
              3.15951628377273,
              50.70334573223532
            ],
            [
              3.15941612743789,
              50.70328350213424
            ],
            [
              3.159344744901215,
              50.7032480402918
            ],
            [
              3.159330436696214,
              50.70323915077463
            ],
            [
              3.159372588294994,
              50.70322088083696
            ],
            [
              3.159554880935648,
              50.70312073946513
            ],
            [
              3.159793324946751,
              50.70299324125819
            ],
            [
              3.159807324360309,
              50.70298415478705
            ],
            [
              3.159891469509862,
              50.70293862704214
            ],
            [
              3.159874536265865,
              50.70277694162861
            ],
            [
              3.159871755430721,
              50.70261515901208
            ],
            [
              3.159884054757036,
              50.70250720525294
            ],
            [
              3.159896354030396,
              50.70239925147504
            ],
            [
              3.159895580540771,
              50.70235431203872
            ],
            [
              3.159909116505295,
              50.70231826206214
            ],
            [
              3.159908498831757,
              50.70228230925127
            ],
            [
              3.159893107074403,
              50.70221050438415
            ],
            [
              3.159891407105837,
              50.70211163705159
            ],
            [
              3.159873238862434,
              50.70187804846596
            ],
            [
              3.159844315652499,
              50.7018422926468
            ],
            [
              3.159742153481204,
              50.70166321929727
            ],
            [
              3.159713077522627,
              50.70161847589522
            ],
            [
              3.159495225446907,
              50.70129637960858
            ],
            [
              3.159422453909792,
              50.70118002531913
            ],
            [
              3.159349529813976,
              50.70105468431524
            ],
            [
              3.159276758968496,
              50.70093833079574
            ],
            [
              3.159160296026676,
              50.70075036716381
            ],
            [
              3.159159987469252,
              50.70073239116318
            ],
            [
              3.15910306903869,
              50.70071480706825
            ],
            [
              3.157089390276303,
              50.69966802101357
            ],
            [
              3.1567466583301,
              50.69949060603696
            ],
            [
              3.156675281667049,
              50.69945514246226
            ],
            [
              3.156618211736774,
              50.69942856872649
            ],
            [
              3.15653252864089,
              50.69938421428694
            ],
            [
              3.156417927809257,
              50.69930410392881
            ],
            [
              3.15588738149327,
              50.69890325490657
            ],
            [
              3.155873075138068,
              50.69889436403634
            ],
            [
              3.155686794174515,
              50.69876081187404
            ],
            [
              3.15555773484429,
              50.69866282216987
            ],
            [
              3.155471748185276,
              50.69860049087969
            ],
            [
              3.155357152249213,
              50.69852037855071
            ],
            [
              3.155313926648909,
              50.69847573146022
            ],
            [
              3.155199328424241,
              50.69839561897429
            ],
            [
              3.155084731978598,
              50.69831550637137
            ],
            [
              3.15501305110747,
              50.69826206570278
            ],
            [
              3.154998592979144,
              50.69824418713129
            ],
            [
              3.154869691236408,
              50.69815518422701
            ],
            [
              3.154812316762185,
              50.69811063442609
            ],
            [
              3.154668956336259,
              50.69800375179905
            ],
            [
              3.1546117356672,
              50.69796818949005
            ],
            [
              3.154597276353778,
              50.69795031086581
            ],
            [
              3.154891853104486,
              50.69779546842635
            ],
            [
              3.15493400174478,
              50.69777719984437
            ],
            [
              3.155130435786397,
              50.69767696664173
            ],
            [
              3.155776032010501,
              50.6973578995113
            ],
            [
              3.156211040299772,
              50.697139161859
            ],
            [
              3.156323329463504,
              50.69708445233413
            ],
            [
              3.156393470920033,
              50.69704801271221
            ],
            [
              3.156390856813959,
              50.69689521623477
            ],
            [
              3.156413162399532,
              50.69654448709427
            ],
            [
              3.156425006357436,
              50.69640956895893
            ],
            [
              3.156295491794671,
              50.69628461593203
            ],
            [
              3.156195048916547,
              50.69620440644506
            ],
            [
              3.156065536866563,
              50.69607945224112
            ],
            [
              3.155979397487307,
              50.6960081334454
            ],
            [
              3.15592156484694,
              50.6959366202539
            ],
            [
              3.155820201273245,
              50.69580248199972
            ],
            [
              3.155733603185121,
              50.69570419923485
            ],
            [
              3.15570330510903,
              50.69558754990849
            ],
            [
              3.155644087827933,
              50.69543514341865
            ],
            [
              3.155598715308341,
              50.6952646631339
            ],
            [
              3.155569338106565,
              50.69520194217765
            ],
            [
              3.155568877253826,
              50.69517497838791
            ],
            [
              3.155554266200582,
              50.69514811126979
            ],
            [
              3.155510428902028,
              50.69506751169868
            ],
            [
              3.155422299604813,
              50.69487934777425
            ],
            [
              3.155348626782565,
              50.69470906326104
            ],
            [
              3.155361701802718,
              50.6946460495567
            ],
            [
              3.155346323134093,
              50.69457424240305
            ],
            [
              3.155346169556459,
              50.69456525386632
            ],
            [
              3.155345860994227,
              50.69454727858893
            ],
            [
              3.155330789524835,
              50.69449344760118
            ],
            [
              3.155271728230994,
              50.6943500292243
            ],
            [
              3.155228355570816,
              50.69429639328131
            ],
            [
              3.155126997168703,
              50.69416225503009
            ],
            [
              3.155112693713316,
              50.6941533640075
            ],
            [
              3.155083931881334,
              50.69412659521054
            ],
            [
              3.154997800077322,
              50.6940552755228
            ],
            [
              3.15498334034157,
              50.69403739684048
            ],
            [
              3.154854145290902,
              50.69393041716214
            ],
            [
              3.154739406137892,
              50.69384131695314
            ],
            [
              3.154452558620349,
              50.69361856412237
            ],
            [
              3.154395343107657,
              50.69358300148036
            ],
            [
              3.154323976514402,
              50.69354753624221
            ],
            [
              3.154252303268141,
              50.69349409475361
            ],
            [
              3.154152178788904,
              50.69343185948746
            ],
            [
              3.154037748699245,
              50.69336073477624
            ],
            [
              3.154023444252769,
              50.69335184361942
            ],
            [
              3.153794586535676,
              50.69320959203361
            ],
            [
              3.153637092665077,
              50.69310280569865
            ],
            [
              3.153319962029804,
              50.69276340057738
            ],
            [
              3.153089117839114,
              50.69250430248795
            ],
            [
              3.152728170126798,
              50.6920842947462
            ],
            [
              3.152511787505082,
              50.69184307432879
            ],
            [
              3.152497483764663,
              50.69183418387356
            ],
            [
              3.151660886964953,
              50.69090505756467
            ],
            [
              3.151516943753439,
              50.69076221936955
            ],
            [
              3.151487727167057,
              50.69070848561992
            ],
            [
              3.151520545500147,
              50.6901419458679
            ],
            [
              3.151553057332102,
              50.68955743020474
            ],
            [
              3.151620135282068,
              50.68934123052486
            ],
            [
              3.151660136007774,
              50.68919713032172
            ],
            [
              3.151657536732247,
              50.68904433284818
            ],
            [
              3.151656160653573,
              50.6889634406873
            ],
            [
              3.1516100445133,
              50.68874801778865
            ],
            [
              3.151550390526987,
              50.68856864461511
            ],
            [
              3.151299925977903,
              50.68798606873053
            ],
            [
              3.151299773148235,
              50.6879770809976
            ],
            [
              3.151112169735808,
              50.68776262749037
            ],
            [
              3.151201221591102,
              50.68774853389716
            ],
            [
              3.151577677169098,
              50.68757787557195
            ],
            [
              3.151788321164855,
              50.68748238384487
            ],
            [
              3.152006417298455,
              50.68738649676966
            ],
            [
              3.152384804388375,
              50.68760514465738
            ]
          ]
        ]
      },
      "properties": {
        "name": "Fresnoy Mackellerie",
        "source": "quartier",
        "documents": 23,
        "instruments_de_recherche": 6,
        "geometrie_officielle": false,
        "rue_autre_forme": null,
        "url": "https://www.bn-r.fr/resultat.php?type_rech=pl&index%5B%5D=quartier&value%5B%5D=%22Fresnoy+Mackellerie%22&decouvrir_par_terme=Fresnoy+Mackellerie"
      }
    },
    {
      "type": "Feature",
      "geometry": {
        "type": "MultiLineString",
        "coordinates": [
          [
            [
              3.159499,
              50.696926
            ],
            [
              3.159092,
              50.697246
            ],
            [
              3.158777,
              50.697484
            ],
            [
              3.157917,
              50.698224
            ]
          ],
          [
            [
              3.161849,
              50.695796
            ],
            [
              3.160751,
              50.696315
            ],
            [
              3.159957,
              50.696702
            ],
            [
              3.159499,
              50.696926
            ]
          ]
        ]
      },
      "properties": {
        "name": "Rue du Fresnoy",
        "source": "rue",
        "documents": 11,
        "instruments_de_recherche": 4,
        "geometrie_officielle": true,
        "rue_autre_forme": "Fresnoy, rue du",
        "url": "https://www.bn-r.fr/resultat.php?type_rech=pl&index%5B%5D=rue&value%5B%5D=%22Fresnoy%2C+rue+du%22&decouvrir_par_terme=Fresnoy%2C+rue+du"
      }
    },
    {
      "type": "Feature",
      "geometry": {
        "type": "LineString",
        "coordinates": [
          [
            3.184921,
            50.696562
          ],
          [
            3.18608,
            50.696118
          ],
          [
            3.18704,
            50.695769
          ]
        ]
      },
      "properties": {
        "name": "Rue Galvani",
        "source": "rue",
        "documents": 1,
        "instruments_de_recherche": 1,
        "geometrie_officielle": true,
        "rue_autre_forme": "Galvani, rue",
        "url": "https://www.bn-r.fr/resultat.php?type_rech=pl&index%5B%5D=rue&value%5B%5D=%22Galvani%2C+rue%22&decouvrir_par_terme=Galvani%2C+rue"
      }
    },
    {
      "type": "Feature",
      "geometry": {
        "type": "MultiLineString",
        "coordinates": [
          [
            [
              3.179537,
              50.691219
            ],
            [
              3.179653,
              50.691253
            ],
            [
              3.18045,
              50.69151
            ],
            [
              3.180767,
              50.691619
            ],
            [
              3.181147,
              50.69173
            ],
            [
              3.181581,
              50.691855
            ],
            [
              3.18182,
              50.691915
            ],
            [
              3.184663,
              50.692439
            ]
          ],
          [
            [
              3.184618,
              50.69244
            ],
            [
              3.184618,
              50.69244
            ],
            [
              3.186167,
              50.692713
            ],
            [
              3.187039,
              50.692877
            ],
            [
              3.187866,
              50.692954
            ],
            [
              3.188694,
              50.692881
            ],
            [
              3.188695,
              50.69288
            ]
          ],
          [
            [
              3.188695,
              50.69288
            ],
            [
              3.189027,
              50.692653
            ],
            [
              3.189563,
              50.692616
            ],
            [
              3.190112,
              50.692552
            ],
            [
              3.190114,
              50.692552
            ],
            [
              3.190939,
              50.692481
            ]
          ]
        ]
      },
      "properties": {
        "name": "Boulevard Gambetta",
        "source": "rue",
        "documents": 163,
        "instruments_de_recherche": 10,
        "geometrie_officielle": true,
        "rue_autre_forme": "Gambetta, boulevard",
        "url": "https://www.bn-r.fr/resultat.php?type_rech=pl&index%5B%5D=rue&value%5B%5D=%22Gambetta%2C+boulevard%22&decouvrir_par_terme=Gambetta%2C+boulevard"
      }
    },
    {
      "type": "Feature",
      "geometry": {
        "type": "LineString",
        "coordinates": [
          [
            3.17021,
            50.705577
          ],
          [
            3.17161,
            50.705942
          ],
          [
            3.172353,
            50.706137
          ],
          [
            3.173808,
            50.706514
          ],
          [
            3.174513,
            50.706626
          ],
          [
            3.17526,
            50.706707
          ],
          [
            3.175924,
            50.706739
          ],
          [
            3.17656,
            50.706735
          ],
          [
            3.177278,
            50.706684
          ],
          [
            3.177989,
            50.706596
          ],
          [
            3.178643,
            50.706481
          ],
          [
            3.179445,
            50.706304
          ]
        ]
      },
      "properties": {
        "name": "Quai de Gand",
        "source": "rue",
        "documents": 3,
        "instruments_de_recherche": 1,
        "geometrie_officielle": true,
        "rue_autre_forme": "Gand, quai de",
        "url": "https://www.bn-r.fr/resultat.php?type_rech=pl&index%5B%5D=rue&value%5B%5D=%22Gand%2C+quai+de%22&decouvrir_par_terme=Gand%2C+quai+de"
      }
    },
    {
      "type": "Feature",
      "geometry": {
        "type": "LineString",
        "coordinates": [
          [
            3.164246,
            50.695386
          ],
          [
            3.163726,
            50.695365
          ]
        ]
      },
      "properties": {
        "name": "Place de la Gare",
        "source": "rue",
        "documents": 64,
        "instruments_de_recherche": 9,
        "geometrie_officielle": true,
        "rue_autre_forme": "Gare, place de la",
        "url": "https://www.bn-r.fr/resultat.php?type_rech=pl&index%5B%5D=rue&value%5B%5D=%22Gare%2C+place+de+la%22&decouvrir_par_terme=Gare%2C+place+de+la"
      }
    },
    {
      "type": "Feature",
      "geometry": {
        "type": "LineString",
        "coordinates": [
          [
            3.16992,
            50.691398
          ],
          [
            3.169057,
            50.69133
          ],
          [
            3.168847,
            50.691334
          ],
          [
            3.167123,
            50.691595
          ],
          [
            3.16624,
            50.691729
          ],
          [
            3.164643,
            50.691977
          ],
          [
            3.163109,
            50.692198
          ],
          [
            3.162365,
            50.692562
          ],
          [
            3.161773,
            50.692862
          ],
          [
            3.161342,
            50.693016
          ],
          [
            3.160967,
            50.69312
          ]
        ]
      },
      "properties": {
        "name": "Rue du Grand Chemin",
        "source": "rue",
        "documents": 11,
        "instruments_de_recherche": 3,
        "geometrie_officielle": true,
        "rue_autre_forme": "Grand Chemin, rue du",
        "url": "https://www.bn-r.fr/resultat.php?type_rech=pl&index%5B%5D=rue&value%5B%5D=%22Grand+Chemin%2C+rue+du%22&decouvrir_par_terme=Grand+Chemin%2C+rue+du"
      }
    },
    {
      "type": "Feature",
      "geometry": {
        "type": "LineString",
        "coordinates": [
          [
            3.16992,
            50.691398
          ],
          [
            3.169057,
            50.69133
          ],
          [
            3.168847,
            50.691334
          ],
          [
            3.167123,
            50.691595
          ],
          [
            3.16624,
            50.691729
          ],
          [
            3.164643,
            50.691977
          ],
          [
            3.163109,
            50.692198
          ],
          [
            3.162365,
            50.692562
          ],
          [
            3.161773,
            50.692862
          ],
          [
            3.161342,
            50.693016
          ],
          [
            3.160967,
            50.69312
          ]
        ]
      },
      "properties": {
        "name": "Rue du Grand Chemin",
        "source": "rue",
        "documents": 130,
        "instruments_de_recherche": 8,
        "geometrie_officielle": true,
        "rue_autre_forme": "Grand chemin, rue du",
        "url": "https://www.bn-r.fr/resultat.php?type_rech=pl&index%5B%5D=rue&value%5B%5D=%22Grand+chemin%2C+rue+du%22&decouvrir_par_terme=Grand+chemin%2C+rue+du"
      }
    },
    {
      "type": "Feature",
      "geometry": {
        "type": "LineString",
        "coordinates": [
          [
            3.173287,
            50.691411
          ],
          [
            3.175089,
            50.691496
          ]
        ]
      },
      "properties": {
        "name": "Grand Place",
        "source": "rue",
        "documents": 507,
        "instruments_de_recherche": 13,
        "geometrie_officielle": true,
        "rue_autre_forme": "Grand place",
        "url": "https://www.bn-r.fr/resultat.php?type_rech=pl&index%5B%5D=rue&value%5B%5D=%22Grand+place%22&decouvrir_par_terme=Grand+place"
      }
    },
    {
      "type": "Feature",
      "geometry": {
        "type": "MultiLineString",
        "coordinates": [
          [
            [
              3.188033,
              50.694034
            ],
            [
              3.189838,
              50.69433
            ],
            [
              3.190057,
              50.694366
            ],
            [
              3.1903,
              50.694403
            ],
            [
              3.191083,
              50.69454
            ],
            [
              3.192251,
              50.694737
            ],
            [
              3.192629,
              50.694795
            ],
            [
              3.193108,
              50.694876
            ],
            [
              3.193849,
              50.694998
            ],
            [
              3.196221,
              50.695388
            ],
            [
              3.199312,
              50.695898
            ],
            [
              3.199568,
              50.695941
            ],
            [
              3.19986,
              50.695989
            ]
          ],
          [
            [
              3.175156,
              50.691915
            ],
            [
              3.175776,
              50.692015
            ],
            [
              3.178082,
              50.692394
            ],
            [
              3.178374,
              50.692444
            ],
            [
              3.178493,
              50.692464
            ],
            [
              3.178842,
              50.692519
            ],
            [
              3.180182,
              50.692736
            ],
            [
              3.181193,
              50.692906
            ],
            [
              3.181706,
              50.692992
            ],
            [
              3.183828,
              50.693343
            ],
            [
              3.185293,
              50.693587
            ],
            [
              3.186312,
              50.693756
            ],
            [
              3.187207,
              50.693901
            ],
            [
              3.187464,
              50.693932
            ],
            [
              3.188033,
              50.694034
            ]
          ]
        ]
      },
      "properties": {
        "name": "Grande Rue",
        "source": "rue",
        "documents": 267,
        "instruments_de_recherche": 14,
        "geometrie_officielle": true,
        "rue_autre_forme": "Grande rue",
        "url": "https://www.bn-r.fr/resultat.php?type_rech=pl&index%5B%5D=rue&value%5B%5D=%22Grande+rue%22&decouvrir_par_terme=Grande+rue"
      }
    },
    {
      "type": "Feature",
      "geometry": {
        "type": "LineString",
        "coordinates": [
          [
            3.157067,
            50.691526
          ],
          [
            3.155952,
            50.691994
          ]
        ]
      },
      "properties": {
        "name": "Rue des Grapperies",
        "source": "rue",
        "documents": 1,
        "instruments_de_recherche": 1,
        "geometrie_officielle": true,
        "rue_autre_forme": "Grapperies, rue des",
        "url": "https://www.bn-r.fr/resultat.php?type_rech=pl&index%5B%5D=rue&value%5B%5D=%22Grapperies%2C+rue+des%22&decouvrir_par_terme=Grapperies%2C+rue+des"
      }
    },
    {
      "type": "Feature",
      "geometry": {
        "type": "LineString",
        "coordinates": [
          [
            3.17094,
            50.704437
          ],
          [
            3.169307,
            50.704016
          ],
          [
            3.168181,
            50.703737
          ],
          [
            3.166485,
            50.703291
          ]
        ]
      },
      "properties": {
        "name": "Rue de la Guinguette",
        "source": "rue",
        "documents": 1,
        "instruments_de_recherche": 1,
        "geometrie_officielle": true,
        "rue_autre_forme": "Guinguette, rue de la",
        "url": "https://www.bn-r.fr/resultat.php?type_rech=pl&index%5B%5D=rue&value%5B%5D=%22Guinguette%2C+rue+de+la%22&decouvrir_par_terme=Guinguette%2C+rue+de+la"
      }
    },
    {
      "type": "Feature",
      "geometry": {
        "type": "LineString",
        "coordinates": [
          [
            3.164764,
            50.677727
          ],
          [
            3.166938,
            50.676965
          ],
          [
            3.166943,
            50.676963
          ],
          [
            3.168725,
            50.676326
          ],
          [
            3.169404,
            50.676083
          ],
          [
            3.171372,
            50.675384
          ],
          [
            3.17184,
            50.675219
          ],
          [
            3.172787,
            50.674884
          ],
          [
            3.174095,
            50.674417
          ],
          [
            3.17584,
            50.673802
          ],
          [
            3.17694,
            50.673397
          ],
          [
            3.17746,
            50.673213
          ],
          [
            3.179442,
            50.672503
          ],
          [
            3.17962,
            50.672432
          ],
          [
            3.180232,
            50.672222
          ],
          [
            3.180972,
            50.671954
          ],
          [
            3.181043,
            50.671929
          ],
          [
            3.182171,
            50.67153
          ],
          [
            3.182741,
            50.671332
          ],
          [
            3.183139,
            50.671195
          ],
          [
            3.183299,
            50.671139
          ],
          [
            3.185257,
            50.670432
          ],
          [
            3.186229,
            50.67009
          ],
          [
            3.186375,
            50.670039
          ],
          [
            3.186764,
            50.669945
          ]
        ]
      },
      "properties": {
        "name": "Avenue Gustave Delory",
        "source": "rue",
        "documents": 6,
        "instruments_de_recherche": 4,
        "geometrie_officielle": true,
        "rue_autre_forme": "Gustave Delory, avenue",
        "url": "https://www.bn-r.fr/resultat.php?type_rech=pl&index%5B%5D=rue&value%5B%5D=%22Gustave+Delory%2C+avenue%22&decouvrir_par_terme=Gustave+Delory%2C+avenue"
      }
    },
    {
      "type": "Feature",
      "geometry": {
        "type": "MultiLineString",
        "coordinates": [
          [
            [
              3.173715,
              50.686563
            ],
            [
              3.173334,
              50.686824
            ],
            [
              3.172734,
              50.687243
            ]
          ],
          [
            [
              3.173715,
              50.686563
            ],
            [
              3.175311,
              50.685462
            ],
            [
              3.175907,
              50.685039
            ],
            [
              3.176767,
              50.684444
            ]
          ]
        ]
      },
      "properties": {
        "name": "Rue du Général Chanzy",
        "source": "rue",
        "documents": 16,
        "instruments_de_recherche": 5,
        "geometrie_officielle": true,
        "rue_autre_forme": "Général Chanzy, rue du",
        "url": "https://www.bn-r.fr/resultat.php?type_rech=pl&index%5B%5D=rue&value%5B%5D=%22G%C3%A9n%C3%A9ral+Chanzy%2C+rue+du%22&decouvrir_par_terme=G%C3%A9n%C3%A9ral+Chanzy%2C+rue+du"
      }
    },
    {
      "type": "Feature",
      "geometry": {
        "type": "LineString",
        "coordinates": [
          [
            3.174916,
            50.687638
          ],
          [
            3.173715,
            50.686563
          ],
          [
            3.17152,
            50.684619
          ],
          [
            3.171292,
            50.684422
          ],
          [
            3.169941,
            50.683237
          ],
          [
            3.169404,
            50.682761
          ],
          [
            3.168419,
            50.681897
          ],
          [
            3.167874,
            50.681417
          ],
          [
            3.167871,
            50.681414
          ],
          [
            3.167234,
            50.680944
          ],
          [
            3.166811,
            50.68083
          ]
        ]
      },
      "properties": {
        "name": "Boulevard du Général de Gaulle",
        "source": "rue",
        "documents": 85,
        "instruments_de_recherche": 9,
        "geometrie_officielle": true,
        "rue_autre_forme": "Général De Gaulle, boulevard du",
        "url": "https://www.bn-r.fr/resultat.php?type_rech=pl&index%5B%5D=rue&value%5B%5D=%22G%C3%A9n%C3%A9ral+De+Gaulle%2C+boulevard+du%22&decouvrir_par_terme=G%C3%A9n%C3%A9ral+De+Gaulle%2C+boulevard+du"
      }
    },
    {
      "type": "Feature",
      "geometry": {
        "type": "LineString",
        "coordinates": [
          [
            3.188161,
            50.691092
          ],
          [
            3.188359,
            50.691165
          ],
          [
            3.188988,
            50.691143
          ]
        ]
      },
      "properties": {
        "name": "Place du Général Faidherbe",
        "source": "rue",
        "documents": 121,
        "instruments_de_recherche": 6,
        "geometrie_officielle": true,
        "rue_autre_forme": "Général Faidherbe, place du",
        "url": "https://www.bn-r.fr/resultat.php?type_rech=pl&index%5B%5D=rue&value%5B%5D=%22G%C3%A9n%C3%A9ral+Faidherbe%2C+place+du%22&decouvrir_par_terme=G%C3%A9n%C3%A9ral+Faidherbe%2C+place+du"
      }
    },
    {
      "type": "Feature",
      "geometry": {
        "type": "MultiLineString",
        "coordinates": [
          [
            [
              3.174916,
              50.687638
            ],
            [
              3.175053,
              50.687747
            ],
            [
              3.17557,
              50.688055
            ],
            [
              3.176854,
              50.688584
            ],
            [
              3.177219,
              50.688853
            ],
            [
              3.177477,
              50.68923
            ],
            [
              3.177522,
              50.689491
            ]
          ],
          [
            [
              3.177568,
              50.689846
            ],
            [
              3.177612,
              50.690061
            ],
            [
              3.177871,
              50.690447
            ],
            [
              3.17827,
              50.690785
            ],
            [
              3.179378,
              50.691172
            ],
            [
              3.179537,
              50.691219
            ]
          ]
        ]
      },
      "properties": {
        "name": "Boulevard du Général Leclerc",
        "source": "rue",
        "documents": 97,
        "instruments_de_recherche": 11,
        "geometrie_officielle": true,
        "rue_autre_forme": "Général Leclerc, boulevard du",
        "url": "https://www.bn-r.fr/resultat.php?type_rech=pl&index%5B%5D=rue&value%5B%5D=%22G%C3%A9n%C3%A9ral+Leclerc%2C+boulevard+du%22&decouvrir_par_terme=G%C3%A9n%C3%A9ral+Leclerc%2C+boulevard+du"
      }
    },
    {
      "type": "Feature",
      "geometry": {
        "type": "MultiLineString",
        "coordinates": [
          [
            [
              3.172199,
              50.691597
            ],
            [
              3.170282,
              50.691429
            ],
            [
              3.16992,
              50.691398
            ]
          ],
          [
            [
              3.172199,
              50.691597
            ],
            [
              3.172561,
              50.691638
            ],
            [
              3.17281,
              50.691672
            ],
            [
              3.173126,
              50.691604
            ]
          ]
        ]
      },
      "properties": {
        "name": "Rue du Général Sarrail",
        "source": "rue",
        "documents": 39,
        "instruments_de_recherche": 10,
        "geometrie_officielle": true,
        "rue_autre_forme": "Général Sarrail, rue du",
        "url": "https://www.bn-r.fr/resultat.php?type_rech=pl&index%5B%5D=rue&value%5B%5D=%22G%C3%A9n%C3%A9ral+Sarrail%2C+rue+du%22&decouvrir_par_terme=G%C3%A9n%C3%A9ral+Sarrail%2C+rue+du"
      }
    },
    {
      "type": "Feature",
      "geometry": {
        "type": "LineString",
        "coordinates": [
          [
            3.177308,
            50.689861
          ],
          [
            3.177004,
            50.690028
          ],
          [
            3.177003,
            50.690029
          ],
          [
            3.176483,
            50.690933
          ]
        ]
      },
      "properties": {
        "name": "Rue de la Halle",
        "source": "rue",
        "documents": 10,
        "instruments_de_recherche": 5,
        "geometrie_officielle": true,
        "rue_autre_forme": "Halle, rue de la",
        "url": "https://www.bn-r.fr/resultat.php?type_rech=pl&index%5B%5D=rue&value%5B%5D=%22Halle%2C+rue+de+la%22&decouvrir_par_terme=Halle%2C+rue+de+la"
      }
    },
    {
      "type": "Feature",
      "geometry": {
        "type": "MultiLineString",
        "coordinates": [
          [
            [
              3.178939,
              50.683161
            ],
            [
              3.178841,
              50.683064
            ]
          ],
          [
            [
              3.185773,
              50.685502
            ],
            [
              3.185978,
              50.685342
            ]
          ],
          [
            [
              3.190822,
              50.688442
            ],
            [
              3.190931,
              50.688491
            ]
          ]
        ]
      },
      "properties": {
        "name": "Cour d'Halluin",
        "source": "rue",
        "documents": 10,
        "instruments_de_recherche": 4,
        "geometrie_officielle": true,
        "rue_autre_forme": "Halluin, boulevard d\\'",
        "url": "https://www.bn-r.fr/resultat.php?type_rech=pl&index%5B%5D=rue&value%5B%5D=%22Halluin%2C+boulevard+d%5C%27%22&decouvrir_par_terme=Halluin%2C+boulevard+d%5C%27"
      }
    },
    {
      "type": "Feature",
      "geometry": {
        "type": "Polygon",
        "coordinates": [
          [
            [
              3.195614502965685,
              50.67532183605949
            ],
            [
              3.19315633400723,
              50.67378850281606
            ],
            [
              3.191700622417809,
              50.67288040160246
            ],
            [
              3.192574633009436,
              50.67239092784399
            ],
            [
              3.192199801824192,
              50.67208643190531
            ],
            [
              3.192193798133735,
              50.67196790736448
            ],
            [
              3.192720421087905,
              50.67146928959027
            ],
            [
              3.193234906891949,
              50.67097117086394
            ],
            [
              3.19336011116454,
              50.67085340764174
            ],
            [
              3.193429705252427,
              50.67078998107755
            ],
            [
              3.193888887842396,
              50.67036417268741
            ],
            [
              3.19391652964415,
              50.67032801625622
            ],
            [
              3.193874101690906,
              50.67032832296271
            ],
            [
              3.193845493239982,
              50.67031055099906
            ],
            [
              3.193759828389582,
              50.67026622298265
            ],
            [
              3.193458956949526,
              50.67005265206723
            ],
            [
              3.193486923787925,
              50.67003447154914
            ],
            [
              3.193528711552568,
              50.66999821329065
            ],
            [
              3.19358464086169,
              50.66996185221998
            ],
            [
              3.193640572913846,
              50.6699254911178
            ],
            [
              3.193696503476314,
              50.669889130888
            ],
            [
              3.1937382895564,
              50.66985287255337
            ],
            [
              3.193794219967229,
              50.66981651227567
            ],
            [
              3.193850150293436,
              50.66978015107346
            ],
            [
              3.193906079126602,
              50.66974378984631
            ],
            [
              3.193920063088998,
              50.66973469998118
            ],
            [
              3.193947867761776,
              50.66970753232632
            ],
            [
              3.194003797851819,
              50.66967117015167
            ],
            [
              3.194045421689802,
              50.66962592467655
            ],
            [
              3.194101353033652,
              50.66958956334877
            ],
            [
              3.194143141395935,
              50.66955330485742
            ],
            [
              3.194184765007146,
              50.66950805843031
            ],
            [
              3.194268500468648,
              50.66944452839877
            ],
            [
              3.194310123873128,
              50.66939928102497
            ],
            [
              3.194394018080822,
              50.66934474062402
            ],
            [
              3.194492054928241,
              50.66929009636286
            ],
            [
              3.194576109275912,
              50.66924454286232
            ],
            [
              3.19464602067122,
              50.66919909222275
            ],
            [
              3.194674145732884,
              50.66918989934675
            ],
            [
              3.194702110238125,
              50.669171718534
            ],
            [
              3.195205466476697,
              50.66884446813141
            ],
            [
              3.195345286878915,
              50.66875356425273
            ],
            [
              3.195990263656039,
              50.66922533010072
            ],
            [
              3.196219295188409,
              50.66937648981472
            ],
            [
              3.196276672143655,
              50.66942102061842
            ],
            [
              3.196290978661647,
              50.66942990632968
            ],
            [
              3.196376803755157,
              50.66948322058235
            ],
            [
              3.196377770253914,
              50.66953714901885
            ],
            [
              3.196562763927698,
              50.66959873457044
            ],
            [
              3.196861867088279,
              50.66971342832047
            ],
            [
              3.197104241563531,
              50.66981954352806
            ],
            [
              3.197332149198063,
              50.66990778474603
            ],
            [
              3.197432766205754,
              50.66999694845927
            ],
            [
              3.197604586246178,
              50.67011256314102
            ],
            [
              3.19763335698969,
              50.67013932215797
            ],
            [
              3.197676433327518,
              50.67017496671133
            ],
            [
              3.197719509730077,
              50.67021061214516
            ],
            [
              3.197762586190194,
              50.67024625666488
            ],
            [
              3.197805823817165,
              50.67029088907904
            ],
            [
              3.197906766094677,
              50.67039802817526
            ],
            [
              3.198079719515547,
              50.67057655837801
            ],
            [
              3.198166197395311,
              50.67066582381891
            ],
            [
              3.198382552531579,
              50.67089797456305
            ],
            [
              3.198397180861832,
              50.67092483671618
            ],
            [
              3.198469353960746,
              50.67100521644974
            ],
            [
              3.198541366047449,
              50.67107660733467
            ],
            [
              3.198584764921772,
              50.67113022822141
            ],
            [
              3.198599233586085,
              50.6711481015431
            ],
            [
              3.198627844198081,
              50.67116587239008
            ],
            [
              3.198685388014963,
              50.67121938985847
            ],
            [
              3.198699856740932,
              50.67123726316608
            ],
            [
              3.198785851597044,
              50.67129956440087
            ],
            [
              3.198843073146199,
              50.67133510599378
            ],
            [
              3.198972307997198,
              50.67144203725741
            ],
            [
              3.199029528432305,
              50.67147757965651
            ],
            [
              3.199129668972022,
              50.67153977720928
            ],
            [
              3.199300851278403,
              50.6716194368187
            ],
            [
              3.199343605888376,
              50.67163710493534
            ],
            [
              3.1994005054263,
              50.67165467047188
            ],
            [
              3.199599814138362,
              50.67172513663559
            ],
            [
              3.199799284877677,
              50.6718045903607
            ],
            [
              3.19987032829327,
              50.67182205217063
            ],
            [
              3.199969821741623,
              50.67184829657155
            ],
            [
              3.200012415276262,
              50.67185697656463
            ],
            [
              3.200197745038203,
              50.67193653136718
            ],
            [
              3.200240500230571,
              50.67195419826958
            ],
            [
              3.200254645210968,
              50.67195409560738
            ],
            [
              3.20029740043844,
              50.67197176248968
            ],
            [
              3.20039754071162,
              50.67203395897948
            ],
            [
              3.20045476706411,
              50.67206949978674
            ],
            [
              3.200483702040503,
              50.67210524594935
            ],
            [
              3.200526945101805,
              50.67214987729082
            ],
            [
              3.199485379758603,
              50.67283317347082
            ],
            [
              3.197706532675135,
              50.67396922032822
            ],
            [
              3.195614502965685,
              50.67532183605949
            ]
          ]
        ]
      },
      "properties": {
        "name": "Hauts Champs",
        "source": "quartier",
        "documents": 3,
        "instruments_de_recherche": 2,
        "geometrie_officielle": false,
        "rue_autre_forme": null,
        "url": "https://www.bn-r.fr/resultat.php?type_rech=pl&index%5B%5D=quartier&value%5B%5D=%22Hauts+Champs%22&decouvrir_par_terme=Hauts+Champs"
      }
    },
    {
      "type": "Feature",
      "geometry": {
        "type": "LineString",
        "coordinates": [
          [
            3.158873,
            50.689847
          ],
          [
            3.160038,
            50.689208
          ]
        ]
      },
      "properties": {
        "name": "Rue Heilmann",
        "source": "rue",
        "documents": 4,
        "instruments_de_recherche": 2,
        "geometrie_officielle": true,
        "rue_autre_forme": "Heilmann, rue",
        "url": "https://www.bn-r.fr/resultat.php?type_rech=pl&index%5B%5D=rue&value%5B%5D=%22Heilmann%2C+rue%22&decouvrir_par_terme=Heilmann%2C+rue"
      }
    },
    {
      "type": "Feature",
      "geometry": {
        "type": "LineString",
        "coordinates": [
          [
            3.175319,
            50.681059
          ],
          [
            3.172824,
            50.681929
          ],
          [
            3.172753,
            50.681962
          ]
        ]
      },
      "properties": {
        "name": "Rue Henri Bossut",
        "source": "rue",
        "documents": 3,
        "instruments_de_recherche": 3,
        "geometrie_officielle": true,
        "rue_autre_forme": "Henri Bossut, rue",
        "url": "https://www.bn-r.fr/resultat.php?type_rech=pl&index%5B%5D=rue&value%5B%5D=%22Henri+Bossut%2C+rue%22&decouvrir_par_terme=Henri+Bossut%2C+rue"
      }
    },
    {
      "type": "Feature",
      "geometry": {
        "type": "MultiLineString",
        "coordinates": [
          [
            [
              3.174167,
              50.699595
            ],
            [
              3.174139,
              50.699547
            ],
            [
              3.173692,
              50.699257
            ],
            [
              3.172801,
              50.698981
            ],
            [
              3.172647,
              50.698958
            ],
            [
              3.172177,
              50.69881
            ]
          ],
          [
            [
              3.172177,
              50.69881
            ],
            [
              3.171825,
              50.698838
            ],
            [
              3.170838,
              50.698959
            ]
          ],
          [
            [
              3.170838,
              50.698959
            ],
            [
              3.170699,
              50.698978
            ],
            [
              3.169515,
              50.699598
            ]
          ]
        ]
      },
      "properties": {
        "name": "Rue Henri Carrette",
        "source": "rue",
        "documents": 5,
        "instruments_de_recherche": 4,
        "geometrie_officielle": true,
        "rue_autre_forme": "Henri Carette, rue",
        "url": "https://www.bn-r.fr/resultat.php?type_rech=pl&index%5B%5D=rue&value%5B%5D=%22Henri+Carette%2C+rue%22&decouvrir_par_terme=Henri+Carette%2C+rue"
      }
    },
    {
      "type": "Feature",
      "geometry": {
        "type": "LineString",
        "coordinates": [
          [
            3.183838,
            50.689083
          ],
          [
            3.181903,
            50.690661
          ],
          [
            3.181407,
            50.691098
          ],
          [
            3.181336,
            50.691546
          ],
          [
            3.181221,
            50.691752
          ]
        ]
      },
      "properties": {
        "name": "Rue Henri Dunant",
        "source": "rue",
        "documents": 2,
        "instruments_de_recherche": 1,
        "geometrie_officielle": true,
        "rue_autre_forme": "Henri Dunant, rue",
        "url": "https://www.bn-r.fr/resultat.php?type_rech=pl&index%5B%5D=rue&value%5B%5D=%22Henri+Dunant%2C+rue%22&decouvrir_par_terme=Henri+Dunant%2C+rue"
      }
    },
    {
      "type": "Feature",
      "geometry": {
        "type": "LineString",
        "coordinates": [
          [
            3.183638,
            50.68899
          ],
          [
            3.184624,
            50.688263
          ],
          [
            3.184928,
            50.688038
          ]
        ]
      },
      "properties": {
        "name": "Rue Henri Lefebvre",
        "source": "rue",
        "documents": 8,
        "instruments_de_recherche": 3,
        "geometrie_officielle": true,
        "rue_autre_forme": "Henri Lefebvre, rue",
        "url": "https://www.bn-r.fr/resultat.php?type_rech=pl&index%5B%5D=rue&value%5B%5D=%22Henri+Lefebvre%2C+rue%22&decouvrir_par_terme=Henri+Lefebvre%2C+rue"
      }
    },
    {
      "type": "Feature",
      "geometry": {
        "type": "MultiLineString",
        "coordinates": [
          [
            [
              3.187199,
              50.697217
            ],
            [
              3.187528,
              50.696638
            ]
          ],
          [
            [
              3.187199,
              50.697217
            ],
            [
              3.186877,
              50.697788
            ]
          ]
        ]
      },
      "properties": {
        "name": "Rue Henri Martin",
        "source": "rue",
        "documents": 1,
        "instruments_de_recherche": 1,
        "geometrie_officielle": true,
        "rue_autre_forme": "Henri Martin, rue",
        "url": "https://www.bn-r.fr/resultat.php?type_rech=pl&index%5B%5D=rue&value%5B%5D=%22Henri+Martin%2C+rue%22&decouvrir_par_terme=Henri+Martin%2C+rue"
      }
    },
    {
      "type": "Feature",
      "geometry": {
        "type": "MultiLineString",
        "coordinates": [
          [
            [
              3.183139,
              50.671195
            ],
            [
              3.182845,
              50.671509
            ],
            [
              3.181923,
              50.672639
            ],
            [
              3.181438,
              50.673227
            ],
            [
              3.180987,
              50.673791
            ]
          ],
          [
            [
              3.180987,
              50.673791
            ],
            [
              3.180599,
              50.674272
            ],
            [
              3.179546,
              50.675564
            ],
            [
              3.179032,
              50.67619
            ],
            [
              3.178209,
              50.677212
            ]
          ]
        ]
      },
      "properties": {
        "name": "Rue Henri Régnault",
        "source": "rue",
        "documents": 2,
        "instruments_de_recherche": 2,
        "geometrie_officielle": true,
        "rue_autre_forme": "Henri Regnault, rue",
        "url": "https://www.bn-r.fr/resultat.php?type_rech=pl&index%5B%5D=rue&value%5B%5D=%22Henri+Regnault%2C+rue%22&decouvrir_par_terme=Henri+Regnault%2C+rue"
      }
    },
    {
      "type": "Feature",
      "geometry": {
        "type": "LineString",
        "coordinates": [
          [
            3.176455,
            50.67692
          ],
          [
            3.178753,
            50.67621
          ]
        ]
      },
      "properties": {
        "name": "Rue Hilarion Frémaux",
        "source": "rue",
        "documents": 1,
        "instruments_de_recherche": 1,
        "geometrie_officielle": true,
        "rue_autre_forme": "Hilarion Fremaux, rue",
        "url": "https://www.bn-r.fr/resultat.php?type_rech=pl&index%5B%5D=rue&value%5B%5D=%22Hilarion+Fremaux%2C+rue%22&decouvrir_par_terme=Hilarion+Fremaux%2C+rue"
      }
    },
    {
      "type": "Feature",
      "geometry": {
        "type": "LineString",
        "coordinates": [
          [
            3.197409,
            50.689331
          ],
          [
            3.198841,
            50.687881
          ]
        ]
      },
      "properties": {
        "name": "Rue Hoche",
        "source": "rue",
        "documents": 2,
        "instruments_de_recherche": 2,
        "geometrie_officielle": true,
        "rue_autre_forme": "Hoche, rue",
        "url": "https://www.bn-r.fr/resultat.php?type_rech=pl&index%5B%5D=rue&value%5B%5D=%22Hoche%2C+rue%22&decouvrir_par_terme=Hoche%2C+rue"
      }
    },
    {
      "type": "Feature",
      "geometry": {
        "type": "Polygon",
        "coordinates": [
          [
            [
              3.184650381467185,
              50.69244201522396
            ],
            [
              3.18600310124918,
              50.69268897572196
            ],
            [
              3.187005216466764,
              50.69286662112278
            ],
            [
              3.187707133028268,
              50.69280447789912
            ],
            [
              3.188651772192881,
              50.69272471551464
            ],
            [
              3.188817919431881,
              50.69270288467278
            ],
            [
              3.188060619632764,
              50.69403245670412
            ],
            [
              3.190055184509708,
              50.69437170809896
            ],
            [
              3.188511349377862,
              50.69673277626278
            ],
            [
              3.187668541257555,
              50.69799850745211
            ],
            [
              3.185515414804548,
              50.70125726988419
            ],
            [
              3.183911539585426,
              50.70364328516406
            ],
            [
              3.182094212959075,
              50.70282056562864
            ],
            [
              3.180652802942828,
              50.70216112958511
            ],
            [
              3.179934729562123,
              50.70182329560901
            ],
            [
              3.178860342572451,
              50.7013351053286
            ],
            [
              3.177734576186047,
              50.70082897018816
            ],
            [
              3.176490369396818,
              50.70024260625833
            ],
            [
              3.175228652845089,
              50.69961287213008
            ],
            [
              3.174741168000441,
              50.69932806641137
            ],
            [
              3.176914704722217,
              50.69861258022708
            ],
            [
              3.176956214766221,
              50.69855835217553
            ],
            [
              3.177286867145932,
              50.69804363454689
            ],
            [
              3.177809796930195,
              50.69719495797481
            ],
            [
              3.178401408372976,
              50.69622893327921
            ],
            [
              3.178759385949509,
              50.69566008222723
            ],
            [
              3.179249268409972,
              50.69484165501802
            ],
            [
              3.179500616277249,
              50.69491621728599
            ],
            [
              3.179837937548683,
              50.69502319431064
            ],
            [
              3.180146035708085,
              50.69508741557217
            ],
            [
              3.180510649030505,
              50.69513081004252
            ],
            [
              3.181624111932458,
              50.69519028599134
            ],
            [
              3.181806092213355,
              50.69519183981384
            ],
            [
              3.181985451212993,
              50.69517377042924
            ],
            [
              3.182133012131683,
              50.69514862423249
            ],
            [
              3.182254383782216,
              50.69511758209863
            ],
            [
              3.182411983343802,
              50.69506165619431
            ],
            [
              3.182643287441854,
              50.69492808740947
            ],
            [
              3.18283529032306,
              50.69477418374475
            ],
            [
              3.182974569869002,
              50.69457530689792
            ],
            [
              3.18315745594337,
              50.69427305387669
            ],
            [
              3.183455624673561,
              50.6938834044699
            ],
            [
              3.183920115076954,
              50.69335652145724
            ],
            [
              3.184650381467185,
              50.69244201522396
            ]
          ]
        ]
      },
      "properties": {
        "name": "Hommelet",
        "source": "quartier",
        "documents": 33,
        "instruments_de_recherche": 4,
        "geometrie_officielle": false,
        "rue_autre_forme": null,
        "url": "https://www.bn-r.fr/resultat.php?type_rech=pl&index%5B%5D=quartier&value%5B%5D=%22Hommelet%22&decouvrir_par_terme=Hommelet"
      }
    },
    {
      "type": "Feature",
      "geometry": {
        "type": "LineString",
        "coordinates": [
          [
            3.18223,
            50.695122
          ],
          [
            3.182379,
            50.695305
          ],
          [
            3.182147,
            50.695823
          ],
          [
            3.182146,
            50.695896
          ],
          [
            3.182153,
            50.695984
          ],
          [
            3.182136,
            50.696177
          ],
          [
            3.18216,
            50.69649
          ],
          [
            3.182154,
            50.696634
          ],
          [
            3.182145,
            50.696861
          ],
          [
            3.182104,
            50.697065
          ],
          [
            3.182042,
            50.69733
          ],
          [
            3.181995,
            50.697529
          ],
          [
            3.181917,
            50.697826
          ],
          [
            3.181852,
            50.69796
          ],
          [
            3.181804,
            50.698061
          ],
          [
            3.181686,
            50.698307
          ],
          [
            3.181665,
            50.69836
          ],
          [
            3.181465,
            50.69858
          ],
          [
            3.181301,
            50.698752
          ],
          [
            3.181191,
            50.698843
          ],
          [
            3.180782,
            50.699184
          ],
          [
            3.180227,
            50.699653
          ],
          [
            3.180082,
            50.699816
          ]
        ]
      },
      "properties": {
        "name": "Rue de l'Hommelet",
        "source": "rue",
        "documents": 24,
        "instruments_de_recherche": 6,
        "geometrie_officielle": true,
        "rue_autre_forme": "Hommelet, rue de l\\'",
        "url": "https://www.bn-r.fr/resultat.php?type_rech=pl&index%5B%5D=rue&value%5B%5D=%22Hommelet%2C+rue+de+l%5C%27%22&decouvrir_par_terme=Hommelet%2C+rue+de+l%5C%27"
      }
    },
    {
      "type": "Feature",
      "geometry": {
        "type": "MultiLineString",
        "coordinates": [
          [
            [
              3.189359,
              50.675887
            ],
            [
              3.188302,
              50.675064
            ],
            [
              3.188039,
              50.67485
            ],
            [
              3.187765,
              50.674632
            ],
            [
              3.187533,
              50.674453
            ]
          ],
          [
            [
              3.183139,
              50.671195
            ],
            [
              3.183594,
              50.671387
            ],
            [
              3.184884,
              50.672388
            ]
          ],
          [
            [
              3.187533,
              50.674453
            ],
            [
              3.18707,
              50.674091
            ],
            [
              3.186594,
              50.673718
            ],
            [
              3.186052,
              50.67329
            ]
          ],
          [
            [
              3.184884,
              50.672388
            ],
            [
              3.186052,
              50.67329
            ]
          ]
        ]
      },
      "properties": {
        "name": "Rue Horace Vernet",
        "source": "rue",
        "documents": 3,
        "instruments_de_recherche": 2,
        "geometrie_officielle": true,
        "rue_autre_forme": "Horace Vernet, rue",
        "url": "https://www.bn-r.fr/resultat.php?type_rech=pl&index%5B%5D=rue&value%5B%5D=%22Horace+Vernet%2C+rue%22&decouvrir_par_terme=Horace+Vernet%2C+rue"
      }
    },
    {
      "type": "Feature",
      "geometry": {
        "type": "MultiLineString",
        "coordinates": [
          [
            [
              3.16992,
              50.691398
            ],
            [
              3.169939,
              50.691478
            ],
            [
              3.170262,
              50.691932
            ],
            [
              3.170565,
              50.692345
            ],
            [
              3.170686,
              50.692508
            ],
            [
              3.170782,
              50.692597
            ]
          ],
          [
            [
              3.170782,
              50.692597
            ],
            [
              3.171219,
              50.693192
            ]
          ]
        ]
      },
      "properties": {
        "name": "Rue de l'Hospice",
        "source": "rue",
        "documents": 146,
        "instruments_de_recherche": 8,
        "geometrie_officielle": true,
        "rue_autre_forme": "Hospice, rue de l\\'",
        "url": "https://www.bn-r.fr/resultat.php?type_rech=pl&index%5B%5D=rue&value%5B%5D=%22Hospice%2C+rue+de+l%5C%27%22&decouvrir_par_terme=Hospice%2C+rue+de+l%5C%27"
      }
    },
    {
      "type": "Feature",
      "geometry": {
        "type": "LineString",
        "coordinates": [
          [
            3.173458,
            50.690429
          ],
          [
            3.174891,
            50.690566
          ]
        ]
      },
      "properties": {
        "name": "Rue de l'Hotel de Ville",
        "source": "rue",
        "documents": 5,
        "instruments_de_recherche": 4,
        "geometrie_officielle": true,
        "rue_autre_forme": "Hotel de ville, rue de l\\'",
        "url": "https://www.bn-r.fr/resultat.php?type_rech=pl&index%5B%5D=rue&value%5B%5D=%22Hotel+de+ville%2C+rue+de+l%5C%27%22&decouvrir_par_terme=Hotel+de+ville%2C+rue+de+l%5C%27"
      }
    },
    {
      "type": "Feature",
      "geometry": {
        "type": "MultiLineString",
        "coordinates": [
          [
            [
              3.184681,
              50.706195
            ],
            [
              3.18483,
              50.706232
            ],
            [
              3.186065,
              50.706554
            ],
            [
              3.187277,
              50.707073
            ]
          ],
          [
            [
              3.182635,
              50.705224
            ],
            [
              3.182737,
              50.705312
            ],
            [
              3.183621,
              50.705732
            ]
          ],
          [
            [
              3.183621,
              50.705732
            ],
            [
              3.184147,
              50.705985
            ],
            [
              3.184463,
              50.706139
            ],
            [
              3.184681,
              50.706195
            ]
          ]
        ]
      },
      "properties": {
        "name": "Rue du Hutin",
        "source": "rue",
        "documents": 4,
        "instruments_de_recherche": 3,
        "geometrie_officielle": true,
        "rue_autre_forme": "Hutin, rue du",
        "url": "https://www.bn-r.fr/resultat.php?type_rech=pl&index%5B%5D=rue&value%5B%5D=%22Hutin%2C+rue+du%22&decouvrir_par_terme=Hutin%2C+rue+du"
      }
    },
    {
      "type": "Feature",
      "geometry": {
        "type": "LineString",
        "coordinates": [
          [
            3.17471,
            50.705367
          ],
          [
            3.17552,
            50.704751
          ],
          [
            3.17617,
            50.704253
          ]
        ]
      },
      "properties": {
        "name": "Rue d'Iéna",
        "source": "rue",
        "documents": 3,
        "instruments_de_recherche": 3,
        "geometrie_officielle": true,
        "rue_autre_forme": "Iena, rue d\\'",
        "url": "https://www.bn-r.fr/resultat.php?type_rech=pl&index%5B%5D=rue&value%5B%5D=%22Iena%2C+rue+d%5C%27%22&decouvrir_par_terme=Iena%2C+rue+d%5C%27"
      }
    },
    {
      "type": "Feature",
      "geometry": {
        "type": "LineString",
        "coordinates": [
          [
            3.168352,
            50.685666
          ],
          [
            3.167428,
            50.686091
          ],
          [
            3.166073,
            50.686721
          ],
          [
            3.164103,
            50.68763
          ],
          [
            3.164002,
            50.687691
          ],
          [
            3.162922,
            50.688186
          ],
          [
            3.161749,
            50.68873
          ],
          [
            3.160286,
            50.689406
          ]
        ]
      },
      "properties": {
        "name": "Rue de l'Industrie",
        "source": "rue",
        "documents": 13,
        "instruments_de_recherche": 8,
        "geometrie_officielle": true,
        "rue_autre_forme": "Industrie, rue de l\\'",
        "url": "https://www.bn-r.fr/resultat.php?type_rech=pl&index%5B%5D=rue&value%5B%5D=%22Industrie%2C+rue+de+l%5C%27%22&decouvrir_par_terme=Industrie%2C+rue+de+l%5C%27"
      }
    },
    {
      "type": "Feature",
      "geometry": {
        "type": "MultiLineString",
        "coordinates": [
          [
            [
              3.186021,
              50.67523
            ],
            [
              3.186946,
              50.674751
            ],
            [
              3.187533,
              50.674453
            ],
            [
              3.188395,
              50.674014
            ],
            [
              3.189176,
              50.673615
            ],
            [
              3.190072,
              50.673148
            ],
            [
              3.191202,
              50.67257
            ]
          ],
          [
            [
              3.181259,
              50.677782
            ],
            [
              3.181271,
              50.677667
            ],
            [
              3.181625,
              50.677484
            ],
            [
              3.183057,
              50.676746
            ],
            [
              3.183969,
              50.67628
            ],
            [
              3.186021,
              50.67523
            ]
          ],
          [
            [
              3.178835,
              50.678937
            ],
            [
              3.179378,
              50.678629
            ],
            [
              3.179916,
              50.678354
            ],
            [
              3.180664,
              50.677972
            ],
            [
              3.180711,
              50.677891
            ],
            [
              3.180702,
              50.677786
            ]
          ],
          [
            [
              3.178342,
              50.679137
            ],
            [
              3.178577,
              50.679077
            ],
            [
              3.178835,
              50.678937
            ]
          ],
          [
            [
              3.174985,
              50.680265
            ],
            [
              3.177843,
              50.679299
            ],
            [
              3.178342,
              50.679137
            ]
          ]
        ]
      },
      "properties": {
        "name": "Rue Ingres",
        "source": "rue",
        "documents": 4,
        "instruments_de_recherche": 4,
        "geometrie_officielle": true,
        "rue_autre_forme": "Ingrès, rue",
        "url": "https://www.bn-r.fr/resultat.php?type_rech=pl&index%5B%5D=rue&value%5B%5D=%22Ingr%C3%A8s%2C+rue%22&decouvrir_par_terme=Ingr%C3%A8s%2C+rue"
      }
    },
    {
      "type": "Feature",
      "geometry": {
        "type": "MultiLineString",
        "coordinates": [
          [
            [
              3.164253,
              50.684303
            ],
            [
              3.16423,
              50.684518
            ],
            [
              3.164316,
              50.684628
            ],
            [
              3.164354,
              50.68467
            ],
            [
              3.165039,
              50.685486
            ],
            [
              3.165573,
              50.686124
            ],
            [
              3.166067,
              50.686718
            ]
          ],
          [
            [
              3.166073,
              50.686721
            ],
            [
              3.166752,
              50.687527
            ],
            [
              3.167092,
              50.687931
            ],
            [
              3.168671,
              50.689817
            ]
          ]
        ]
      },
      "properties": {
        "name": "Rue Inkermann",
        "source": "rue",
        "documents": 24,
        "instruments_de_recherche": 9,
        "geometrie_officielle": true,
        "rue_autre_forme": "Inkermann, rue d\\'",
        "url": "https://www.bn-r.fr/resultat.php?type_rech=pl&index%5B%5D=rue&value%5B%5D=%22Inkermann%2C+rue+d%5C%27%22&decouvrir_par_terme=Inkermann%2C+rue+d%5C%27"
      }
    },
    {
      "type": "Feature",
      "geometry": {
        "type": "LineString",
        "coordinates": [
          [
            3.166437,
            50.695652
          ],
          [
            3.165029,
            50.696481
          ],
          [
            3.164682,
            50.696673
          ]
        ]
      },
      "properties": {
        "name": "Rue Isabeau de Roubaix",
        "source": "rue",
        "documents": 4,
        "instruments_de_recherche": 3,
        "geometrie_officielle": true,
        "rue_autre_forme": "Isabeau de roubaix, rue",
        "url": "https://www.bn-r.fr/resultat.php?type_rech=pl&index%5B%5D=rue&value%5B%5D=%22Isabeau+de+roubaix%2C+rue%22&decouvrir_par_terme=Isabeau+de+roubaix%2C+rue"
      }
    },
    {
      "type": "Feature",
      "geometry": {
        "type": "MultiLineString",
        "coordinates": [
          [
            [
              3.163264,
              50.686247
            ],
            [
              3.16359,
              50.686785
            ],
            [
              3.164103,
              50.68763
            ]
          ],
          [
            [
              3.163264,
              50.686247
            ],
            [
              3.163225,
              50.686196
            ],
            [
              3.162409,
              50.685526
            ],
            [
              3.161925,
              50.685118
            ],
            [
              3.161435,
              50.684712
            ],
            [
              3.16083,
              50.68421
            ]
          ],
          [
            [
              3.164103,
              50.68763
            ],
            [
              3.164308,
              50.687948
            ],
            [
              3.164326,
              50.687977
            ],
            [
              3.164732,
              50.688634
            ]
          ]
        ]
      },
      "properties": {
        "name": "Rue d'Isly",
        "source": "rue",
        "documents": 6,
        "instruments_de_recherche": 4,
        "geometrie_officielle": true,
        "rue_autre_forme": "Isly, rue d\\'",
        "url": "https://www.bn-r.fr/resultat.php?type_rech=pl&index%5B%5D=rue&value%5B%5D=%22Isly%2C+rue+d%5C%27%22&decouvrir_par_terme=Isly%2C+rue+d%5C%27"
      }
    },
    {
      "type": "Feature",
      "geometry": {
        "type": "LineString",
        "coordinates": [
          [
            3.157749,
            50.694115
          ],
          [
            3.158391,
            50.694583
          ],
          [
            3.159046,
            50.695062
          ],
          [
            3.160751,
            50.696315
          ]
        ]
      },
      "properties": {
        "name": "Rue d'Italie",
        "source": "rue",
        "documents": 6,
        "instruments_de_recherche": 2,
        "geometrie_officielle": true,
        "rue_autre_forme": "Italie, rue d\\'",
        "url": "https://www.bn-r.fr/resultat.php?type_rech=pl&index%5B%5D=rue&value%5B%5D=%22Italie%2C+rue+d%5C%27%22&decouvrir_par_terme=Italie%2C+rue+d%5C%27"
      }
    },
    {
      "type": "Feature",
      "geometry": {
        "type": "MultiLineString",
        "coordinates": [
          [
            [
              3.171803,
              50.703117
            ],
            [
              3.173734,
              50.703629
            ]
          ],
          [
            [
              3.17028,
              50.702717
            ],
            [
              3.170128,
              50.702619
            ],
            [
              3.169647,
              50.702306
            ],
            [
              3.169036,
              50.701911
            ],
            [
              3.16858,
              50.701613
            ],
            [
              3.168099,
              50.701299
            ],
            [
              3.168019,
              50.701187
            ],
            [
              3.167562,
              50.700644
            ]
          ],
          [
            [
              3.171803,
              50.703117
            ],
            [
              3.17028,
              50.702717
            ]
          ]
        ]
      },
      "properties": {
        "name": "Rue Jacquard",
        "source": "rue",
        "documents": 9,
        "instruments_de_recherche": 5,
        "geometrie_officielle": true,
        "rue_autre_forme": "Jacquard, rue",
        "url": "https://www.bn-r.fr/resultat.php?type_rech=pl&index%5B%5D=rue&value%5B%5D=%22Jacquard%2C+rue%22&decouvrir_par_terme=Jacquard%2C+rue"
      }
    },
    {
      "type": "Feature",
      "geometry": {
        "type": "MultiLineString",
        "coordinates": [
          [
            [
              3.185634,
              50.688566
            ],
            [
              3.185768,
              50.688581
            ],
            [
              3.18689,
              50.68895
            ],
            [
              3.187875,
              50.689267
            ]
          ],
          [
            [
              3.187875,
              50.689267
            ],
            [
              3.187951,
              50.689293
            ],
            [
              3.189401,
              50.689899
            ]
          ]
        ]
      },
      "properties": {
        "name": "Rue Jacques Prévert",
        "source": "rue",
        "documents": 1,
        "instruments_de_recherche": 1,
        "geometrie_officielle": true,
        "rue_autre_forme": "Jacques Prevert, rue",
        "url": "https://www.bn-r.fr/resultat.php?type_rech=pl&index%5B%5D=rue&value%5B%5D=%22Jacques+Prevert%2C+rue%22&decouvrir_par_terme=Jacques+Prevert%2C+rue"
      }
    },
    {
      "type": "Feature",
      "geometry": {
        "type": "LineString",
        "coordinates": [
          [
            3.184441,
            50.694423
          ],
          [
            3.185177,
            50.694403
          ]
        ]
      },
      "properties": {
        "name": "Place Jean Baptiste Clément",
        "source": "rue",
        "documents": 4,
        "instruments_de_recherche": 3,
        "geometrie_officielle": true,
        "rue_autre_forme": "Jean Baptiste Clément, place",
        "url": "https://www.bn-r.fr/resultat.php?type_rech=pl&index%5B%5D=rue&value%5B%5D=%22Jean+Baptiste+Cl%C3%A9ment%2C+place%22&decouvrir_par_terme=Jean+Baptiste+Cl%C3%A9ment%2C+place"
      }
    },
    {
      "type": "Feature",
      "geometry": {
        "type": "MultiLineString",
        "coordinates": [
          [
            [
              3.183261,
              50.679079
            ],
            [
              3.183894,
              50.678867
            ],
            [
              3.184328,
              50.678679
            ],
            [
              3.184562,
              50.678578
            ],
            [
              3.184924,
              50.678373
            ],
            [
              3.185231,
              50.6782
            ],
            [
              3.185496,
              50.67805
            ],
            [
              3.185856,
              50.677849
            ]
          ],
          [
            [
              3.180582,
              50.680094
            ],
            [
              3.180969,
              50.68001
            ],
            [
              3.181238,
              50.679954
            ],
            [
              3.182214,
              50.67948
            ],
            [
              3.182559,
              50.679311
            ],
            [
              3.183261,
              50.679079
            ]
          ]
        ]
      },
      "properties": {
        "name": "Rue Jean Baptiste Notte",
        "source": "rue",
        "documents": 3,
        "instruments_de_recherche": 3,
        "geometrie_officielle": true,
        "rue_autre_forme": "Jean Baptiste Notte, rue",
        "url": "https://www.bn-r.fr/resultat.php?type_rech=pl&index%5B%5D=rue&value%5B%5D=%22Jean+Baptiste+Notte%2C+rue%22&decouvrir_par_terme=Jean+Baptiste+Notte%2C+rue"
      }
    },
    {
      "type": "Feature",
      "geometry": {
        "type": "LineString",
        "coordinates": [
          [
            3.179884,
            50.680926
          ],
          [
            3.17992,
            50.680828
          ],
          [
            3.18002,
            50.680696
          ],
          [
            3.180337,
            50.68026
          ],
          [
            3.180582,
            50.680094
          ]
        ]
      },
      "properties": {
        "name": "Rue J-B. Vercoutère",
        "source": "rue",
        "documents": 1,
        "instruments_de_recherche": 1,
        "geometrie_officielle": true,
        "rue_autre_forme": "Jean Baptiste Vercoutère, rue",
        "url": "https://www.bn-r.fr/resultat.php?type_rech=pl&index%5B%5D=rue&value%5B%5D=%22Jean+Baptiste+Vercout%C3%A8re%2C+rue%22&decouvrir_par_terme=Jean+Baptiste+Vercout%C3%A8re%2C+rue"
      }
    },
    {
      "type": "Feature",
      "geometry": {
        "type": "LineString",
        "coordinates": [
          [
            3.168181,
            50.703737
          ],
          [
            3.167364,
            50.704321
          ],
          [
            3.167156,
            50.704471
          ]
        ]
      },
      "properties": {
        "name": "Rue Jean Bart",
        "source": "rue",
        "documents": 1,
        "instruments_de_recherche": 1,
        "geometrie_officielle": true,
        "rue_autre_forme": "Jean Bart, rue",
        "url": "https://www.bn-r.fr/resultat.php?type_rech=pl&index%5B%5D=rue&value%5B%5D=%22Jean+Bart%2C+rue%22&decouvrir_par_terme=Jean+Bart%2C+rue"
      }
    },
    {
      "type": "Feature",
      "geometry": {
        "type": "LineString",
        "coordinates": [
          [
            3.179158,
            50.679861
          ],
          [
            3.179581,
            50.68049
          ],
          [
            3.179885,
            50.680925
          ]
        ]
      },
      "properties": {
        "name": "Rue Jean Goujon",
        "source": "rue",
        "documents": 13,
        "instruments_de_recherche": 4,
        "geometrie_officielle": true,
        "rue_autre_forme": "Jean Goujon, rue",
        "url": "https://www.bn-r.fr/resultat.php?type_rech=pl&index%5B%5D=rue&value%5B%5D=%22Jean+Goujon%2C+rue%22&decouvrir_par_terme=Jean+Goujon%2C+rue"
      }
    },
    {
      "type": "Feature",
      "geometry": {
        "type": "LineString",
        "coordinates": [
          [
            3.186484,
            50.674392
          ],
          [
            3.18707,
            50.674091
          ],
          [
            3.187921,
            50.673646
          ],
          [
            3.188746,
            50.673198
          ],
          [
            3.189573,
            50.672766
          ],
          [
            3.190622,
            50.672211
          ]
        ]
      },
      "properties": {
        "name": "Rue Jean Honoré Fragonard",
        "source": "rue",
        "documents": 3,
        "instruments_de_recherche": 2,
        "geometrie_officielle": true,
        "rue_autre_forme": "Jean Honoré Fragonard, rue",
        "url": "https://www.bn-r.fr/resultat.php?type_rech=pl&index%5B%5D=rue&value%5B%5D=%22Jean+Honor%C3%A9+Fragonard%2C+rue%22&decouvrir_par_terme=Jean+Honor%C3%A9+Fragonard%2C+rue"
      }
    },
    {
      "type": "Feature",
      "geometry": {
        "type": "LineString",
        "coordinates": [
          [
            3.197668,
            50.676634
          ],
          [
            3.198685,
            50.675978
          ],
          [
            3.199834,
            50.675241
          ],
          [
            3.201032,
            50.674467
          ],
          [
            3.202101,
            50.673776
          ]
        ]
      },
      "properties": {
        "name": "Rue Jean Jacques Rousseau",
        "source": "rue",
        "documents": 2,
        "instruments_de_recherche": 2,
        "geometrie_officielle": true,
        "rue_autre_forme": "Jean Jacques Rousseau, rue",
        "url": "https://www.bn-r.fr/resultat.php?type_rech=pl&index%5B%5D=rue&value%5B%5D=%22Jean+Jacques+Rousseau%2C+rue%22&decouvrir_par_terme=Jean+Jacques+Rousseau%2C+rue"
      }
    },
    {
      "type": "Feature",
      "geometry": {
        "type": "LineString",
        "coordinates": [
          [
            3.166811,
            50.68083
          ],
          [
            3.165931,
            50.680707
          ],
          [
            3.165161,
            50.680599
          ],
          [
            3.164793,
            50.680513
          ],
          [
            3.16447,
            50.680353
          ],
          [
            3.163487,
            50.679457
          ],
          [
            3.161765,
            50.677889
          ],
          [
            3.159575,
            50.675787
          ],
          [
            3.158542,
            50.674784
          ],
          [
            3.156248,
            50.672586
          ],
          [
            3.155998,
            50.672349
          ],
          [
            3.155576,
            50.671946
          ],
          [
            3.15534,
            50.67159
          ],
          [
            3.15522,
            50.671189
          ],
          [
            3.155258,
            50.670793
          ],
          [
            3.155248,
            50.670438
          ],
          [
            3.155155,
            50.67008
          ],
          [
            3.155121,
            50.669949
          ]
        ]
      },
      "properties": {
        "name": "Avenue Jean Jaurès",
        "source": "rue",
        "documents": 20,
        "instruments_de_recherche": 4,
        "geometrie_officielle": true,
        "rue_autre_forme": "Jean Jaures, avenue",
        "url": "https://www.bn-r.fr/resultat.php?type_rech=pl&index%5B%5D=rue&value%5B%5D=%22Jean+Jaures%2C+avenue%22&decouvrir_par_terme=Jean+Jaures%2C+avenue"
      }
    },
    {
      "type": "Feature",
      "geometry": {
        "type": "LineString",
        "coordinates": [
          [
            3.173126,
            50.691604
          ],
          [
            3.173059,
            50.691662
          ],
          [
            3.170782,
            50.692597
          ],
          [
            3.169297,
            50.693204
          ],
          [
            3.168116,
            50.693691
          ],
          [
            3.167178,
            50.694074
          ],
          [
            3.166587,
            50.694317
          ],
          [
            3.166063,
            50.694533
          ],
          [
            3.165306,
            50.694841
          ],
          [
            3.164743,
            50.695084
          ],
          [
            3.164196,
            50.695302
          ]
        ]
      },
      "properties": {
        "name": "Avenue Jean Lebas",
        "source": "rue",
        "documents": 100,
        "instruments_de_recherche": 12,
        "geometrie_officielle": true,
        "rue_autre_forme": "Jean Lebas, avenue",
        "url": "https://www.bn-r.fr/resultat.php?type_rech=pl&index%5B%5D=rue&value%5B%5D=%22Jean+Lebas%2C+avenue%22&decouvrir_par_terme=Jean+Lebas%2C+avenue"
      }
    },
    {
      "type": "Feature",
      "geometry": {
        "type": "MultiLineString",
        "coordinates": [
          [
            [
              3.186808,
              50.675898
            ],
            [
              3.188302,
              50.675064
            ],
            [
              3.189183,
              50.674621
            ],
            [
              3.190005,
              50.674195
            ],
            [
              3.190849,
              50.673758
            ]
          ],
          [
            [
              3.190849,
              50.673758
            ],
            [
              3.192066,
              50.673112
            ]
          ]
        ]
      },
      "properties": {
        "name": "Rue Jean Macé",
        "source": "rue",
        "documents": 2,
        "instruments_de_recherche": 1,
        "geometrie_officielle": true,
        "rue_autre_forme": "Jean Mace, rue",
        "url": "https://www.bn-r.fr/resultat.php?type_rech=pl&index%5B%5D=rue&value%5B%5D=%22Jean+Mace%2C+rue%22&decouvrir_par_terme=Jean+Mace%2C+rue"
      }
    },
    {
      "type": "Feature",
      "geometry": {
        "type": "LineString",
        "coordinates": [
          [
            3.178374,
            50.692444
          ],
          [
            3.177645,
            50.693321
          ],
          [
            3.177383,
            50.693501
          ],
          [
            3.176771,
            50.694245
          ]
        ]
      },
      "properties": {
        "name": "Rue Jean Monnet",
        "source": "rue",
        "documents": 18,
        "instruments_de_recherche": 5,
        "geometrie_officielle": true,
        "rue_autre_forme": "Jean Monnet, rue",
        "url": "https://www.bn-r.fr/resultat.php?type_rech=pl&index%5B%5D=rue&value%5B%5D=%22Jean+Monnet%2C+rue%22&decouvrir_par_terme=Jean+Monnet%2C+rue"
      }
    },
    {
      "type": "Feature",
      "geometry": {
        "type": "MultiLineString",
        "coordinates": [
          [
            [
              3.174916,
              50.687638
            ],
            [
              3.175007,
              50.687531
            ],
            [
              3.175236,
              50.687387
            ]
          ],
          [
            [
              3.176695,
              50.684064
            ],
            [
              3.176619,
              50.683531
            ],
            [
              3.17642,
              50.682825
            ],
            [
              3.176313,
              50.682586
            ],
            [
              3.176099,
              50.682223
            ]
          ],
          [
            [
              3.175236,
              50.687387
            ],
            [
              3.175268,
              50.6873
            ],
            [
              3.175436,
              50.68714
            ],
            [
              3.175882,
              50.686004
            ],
            [
              3.176054,
              50.685878
            ],
            [
              3.176433,
              50.685608
            ],
            [
              3.176694,
              50.68542
            ],
            [
              3.176897,
              50.685231
            ],
            [
              3.176906,
              50.68507
            ],
            [
              3.176767,
              50.684444
            ],
            [
              3.176695,
              50.684064
            ]
          ]
        ]
      },
      "properties": {
        "name": "Rue Jean Moulin",
        "source": "rue",
        "documents": 30,
        "instruments_de_recherche": 8,
        "geometrie_officielle": true,
        "rue_autre_forme": "Jean Moulin, rue",
        "url": "https://www.bn-r.fr/resultat.php?type_rech=pl&index%5B%5D=rue&value%5B%5D=%22Jean+Moulin%2C+rue%22&decouvrir_par_terme=Jean+Moulin%2C+rue"
      }
    },
    {
      "type": "Feature",
      "geometry": {
        "type": "MultiLineString",
        "coordinates": [
          [
            [
              3.189936,
              50.680906
            ],
            [
              3.190639,
              50.680552
            ],
            [
              3.191646,
              50.680049
            ],
            [
              3.192423,
              50.679662
            ],
            [
              3.193527,
              50.679123
            ],
            [
              3.194682,
              50.678555
            ]
          ],
          [
            [
              3.189936,
              50.680906
            ],
            [
              3.189057,
              50.681352
            ],
            [
              3.187015,
              50.682434
            ],
            [
              3.186512,
              50.682697
            ],
            [
              3.18514,
              50.683421
            ],
            [
              3.184402,
              50.683812
            ],
            [
              3.183198,
              50.684449
            ]
          ]
        ]
      },
      "properties": {
        "name": "Rue Jouffroy",
        "source": "rue",
        "documents": 7,
        "instruments_de_recherche": 4,
        "geometrie_officielle": true,
        "rue_autre_forme": "Jouffroy, rue",
        "url": "https://www.bn-r.fr/resultat.php?type_rech=pl&index%5B%5D=rue&value%5B%5D=%22Jouffroy%2C+rue%22&decouvrir_par_terme=Jouffroy%2C+rue"
      }
    },
    {
      "type": "Feature",
      "geometry": {
        "type": "LineString",
        "coordinates": [
          [
            3.163325,
            50.692987
          ],
          [
            3.166543,
            50.69245
          ]
        ]
      },
      "properties": {
        "name": "Rue Jules Deregnaucourt",
        "source": "rue",
        "documents": 1,
        "instruments_de_recherche": 1,
        "geometrie_officielle": true,
        "rue_autre_forme": "Jules Derègnaucourt, rue",
        "url": "https://www.bn-r.fr/resultat.php?type_rech=pl&index%5B%5D=rue&value%5B%5D=%22Jules+Der%C3%A8gnaucourt%2C+rue%22&decouvrir_par_terme=Jules+Der%C3%A8gnaucourt%2C+rue"
      }
    },
    {
      "type": "Feature",
      "geometry": {
        "type": "MultiLineString",
        "coordinates": [
          [
            [
              3.183198,
              50.684449
            ],
            [
              3.183521,
              50.684676
            ],
            [
              3.183923,
              50.684851
            ],
            [
              3.184443,
              50.685078
            ],
            [
              3.184741,
              50.685305
            ],
            [
              3.185067,
              50.685562
            ],
            [
              3.185635,
              50.685786
            ],
            [
              3.186337,
              50.685973
            ],
            [
              3.186851,
              50.68616
            ]
          ],
          [
            [
              3.181591,
              50.683297
            ],
            [
              3.181849,
              50.683504
            ],
            [
              3.182452,
              50.683923
            ],
            [
              3.182777,
              50.684149
            ],
            [
              3.183198,
              50.684449
            ]
          ],
          [
            [
              3.194032,
              50.69002
            ],
            [
              3.191959,
              50.689124
            ]
          ],
          [
            [
              3.189362,
              50.687832
            ],
            [
              3.189972,
              50.688179
            ],
            [
              3.190357,
              50.688393
            ],
            [
              3.190578,
              50.688522
            ],
            [
              3.190754,
              50.6886
            ],
            [
              3.191959,
              50.689124
            ]
          ],
          [
            [
              3.180999,
              50.682537
            ],
            [
              3.181002,
              50.682541
            ],
            [
              3.181276,
              50.68294
            ],
            [
              3.181404,
              50.683125
            ],
            [
              3.181591,
              50.683297
            ]
          ],
          [
            [
              3.179884,
              50.680926
            ],
            [
              3.180188,
              50.681365
            ],
            [
              3.180486,
              50.681794
            ],
            [
              3.180999,
              50.682537
            ]
          ],
          [
            [
              3.186851,
              50.68616
            ],
            [
              3.18687,
              50.686235
            ],
            [
              3.187139,
              50.686531
            ],
            [
              3.187637,
              50.686821
            ],
            [
              3.188003,
              50.687035
            ],
            [
              3.188532,
              50.68734
            ],
            [
              3.189362,
              50.687832
            ]
          ]
        ]
      },
      "properties": {
        "name": "Rue Jules Guesde",
        "source": "rue",
        "documents": 41,
        "instruments_de_recherche": 8,
        "geometrie_officielle": true,
        "rue_autre_forme": "Jules Guesde, rue",
        "url": "https://www.bn-r.fr/resultat.php?type_rech=pl&index%5B%5D=rue&value%5B%5D=%22Jules+Guesde%2C+rue%22&decouvrir_par_terme=Jules+Guesde%2C+rue"
      }
    },
    {
      "type": "Feature",
      "geometry": {
        "type": "LineString",
        "coordinates": [
          [
            3.183431,
            50.689946
          ],
          [
            3.183696,
            50.690059
          ],
          [
            3.185641,
            50.69102
          ]
        ]
      },
      "properties": {
        "name": "Rue Jules Verne",
        "source": "rue",
        "documents": 1,
        "instruments_de_recherche": 1,
        "geometrie_officielle": true,
        "rue_autre_forme": "Jules Verne, rue",
        "url": "https://www.bn-r.fr/resultat.php?type_rech=pl&index%5B%5D=rue&value%5B%5D=%22Jules+Verne%2C+rue%22&decouvrir_par_terme=Jules+Verne%2C+rue"
      }
    },
    {
      "type": "Feature",
      "geometry": {
        "type": "LineString",
        "coordinates": [
          [
            3.18497,
            50.691766
          ],
          [
            3.184767,
            50.691864
          ],
          [
            3.18259,
            50.690966
          ]
        ]
      },
      "properties": {
        "name": "Rue Jules Watteuw",
        "source": "rue",
        "documents": 2,
        "instruments_de_recherche": 1,
        "geometrie_officielle": true,
        "rue_autre_forme": "Jules Watteuw, rue",
        "url": "https://www.bn-r.fr/resultat.php?type_rech=pl&index%5B%5D=rue&value%5B%5D=%22Jules+Watteuw%2C+rue%22&decouvrir_par_terme=Jules+Watteuw%2C+rue"
      }
    },
    {
      "type": "Feature",
      "geometry": {
        "type": "LineString",
        "coordinates": [
          [
            3.194061,
            50.681918
          ],
          [
            3.195064,
            50.682306
          ],
          [
            3.197239,
            50.683137
          ],
          [
            3.197328,
            50.683171
          ],
          [
            3.198353,
            50.683566
          ],
          [
            3.198959,
            50.683798
          ],
          [
            3.200419,
            50.684355
          ],
          [
            3.201121,
            50.684616
          ]
        ]
      },
      "properties": {
        "name": "Avenue Julien Lagache",
        "source": "rue",
        "documents": 35,
        "instruments_de_recherche": 7,
        "geometrie_officielle": true,
        "rue_autre_forme": "Julien Lagache, avenue",
        "url": "https://www.bn-r.fr/resultat.php?type_rech=pl&index%5B%5D=rue&value%5B%5D=%22Julien+Lagache%2C+avenue%22&decouvrir_par_terme=Julien+Lagache%2C+avenue"
      }
    },
    {
      "type": "Feature",
      "geometry": {
        "type": "Point",
        "coordinates": [
          3.1551151,
          50.6715967
        ]
      },
      "properties": {
        "name": "Avenue Jussieu",
        "source": "rue",
        "documents": 12,
        "instruments_de_recherche": 2,
        "geometrie_officielle": false,
        "rue_autre_forme": "Jussieu, avenue",
        "url": "https://www.bn-r.fr/resultat.php?type_rech=pl&index%5B%5D=rue&value%5B%5D=%22Jussieu%2C+avenue%22&decouvrir_par_terme=Jussieu%2C+avenue"
      }
    },
    {
      "type": "Feature",
      "geometry": {
        "type": "Polygon",
        "coordinates": [
          [
            [
              3.204705607484528,
              50.68105000839069
            ],
            [
              3.202401559952794,
              50.67960384139584
            ],
            [
              3.202134294061732,
              50.67943894965318
            ],
            [
              3.201132421475008,
              50.67880900576569
            ],
            [
              3.199054401460683,
              50.67750495005416
            ],
            [
              3.197666461198777,
              50.67662003974138
            ],
            [
              3.195614502965685,
              50.67532183605949
            ],
            [
              3.197706532675135,
              50.67396922032822
            ],
            [
              3.199485379758603,
              50.67283317347082
            ],
            [
              3.200526945101805,
              50.67214987729082
            ],
            [
              3.20053236467346,
              50.67215547177631
            ],
            [
              3.200570186827767,
              50.67219450861656
            ],
            [
              3.20059880014657,
              50.67221227897972
            ],
            [
              3.200760057401722,
              50.67252572852902
            ],
            [
              3.200621530660169,
              50.67268854368837
            ],
            [
              3.200496503274527,
              50.67281530267219
            ],
            [
              3.200468700432531,
              50.6728424734615
            ],
            [
              3.200440897556735,
              50.67286964334608
            ],
            [
              3.200413257644005,
              50.67290580109401
            ],
            [
              3.200357814719221,
              50.67296912959321
            ],
            [
              3.200343994006201,
              50.67298720890612
            ],
            [
              3.200330173279742,
              50.67300528731963
            ],
            [
              3.200330497828443,
              50.67302326395782
            ],
            [
              3.200316515522955,
              50.67303235449756
            ],
            [
              3.200316677090668,
              50.67304134326619
            ],
            [
              3.20031748774004,
              50.67308628351357
            ],
            [
              3.200318296978571,
              50.67313122376016
            ],
            [
              3.200318621520354,
              50.67314919949764
            ],
            [
              3.200460875572488,
              50.67319311027941
            ],
            [
              3.201641832998454,
              50.67357104750457
            ],
            [
              3.201869605212646,
              50.67365029024859
            ],
            [
              3.201969590330729,
              50.67370349655604
            ],
            [
              3.202092227592138,
              50.67377118190254
            ],
            [
              3.203126995595847,
              50.67434227819994
            ],
            [
              3.203020826966213,
              50.67472959023763
            ],
            [
              3.202702642006669,
              50.67512743856813
            ],
            [
              3.202522009050464,
              50.67530854148823
            ],
            [
              3.202536315528631,
              50.67531742640703
            ],
            [
              3.202750927428039,
              50.67545069905732
            ],
            [
              3.203194786947256,
              50.67574410366468
            ],
            [
              3.203652634198609,
              50.6760284156855
            ],
            [
              3.204325432978976,
              50.67646397216858
            ],
            [
              3.204912231272505,
              50.67683722831077
            ],
            [
              3.205069785988209,
              50.67694394686533
            ],
            [
              3.205241323905905,
              50.67704157326791
            ],
            [
              3.20690162641665,
              50.67809913001303
            ],
            [
              3.207085522187989,
              50.67809778186322
            ],
            [
              3.207170396720822,
              50.67809715941109
            ],
            [
              3.207255108424562,
              50.67808754820918
            ],
            [
              3.207297381438437,
              50.67807824914022
            ],
            [
              3.2073539653796,
              50.67807783437965
            ],
            [
              3.207523224339129,
              50.67804962477207
            ],
            [
              3.20770646546771,
              50.67801232363068
            ],
            [
              3.207735084631858,
              50.67803009219649
            ],
            [
              3.207863539603616,
              50.67809207418006
            ],
            [
              3.208187703699359,
              50.6782664524363
            ],
            [
              3.207787340628869,
              50.67851548501417
            ],
            [
              3.207668434280118,
              50.67859054687865
            ],
            [
              3.207497404302672,
              50.67848156696591
            ],
            [
              3.206306812981435,
              50.6795777216958
            ],
            [
              3.204705607484528,
              50.68105000839069
            ]
          ]
        ]
      },
      "properties": {
        "name": "Justice",
        "source": "quartier",
        "documents": 5,
        "instruments_de_recherche": 4,
        "geometrie_officielle": false,
        "rue_autre_forme": null,
        "url": "https://www.bn-r.fr/resultat.php?type_rech=pl&index%5B%5D=quartier&value%5B%5D=%22Justice%22&decouvrir_par_terme=Justice"
      }
    },
    {
      "type": "Feature",
      "geometry": {
        "type": "LineString",
        "coordinates": [
          [
            3.200473,
            50.690915
          ],
          [
            3.2,
            50.692072
          ],
          [
            3.19954,
            50.693198
          ]
        ]
      },
      "properties": {
        "name": "Rue Kellermann",
        "source": "rue",
        "documents": 2,
        "instruments_de_recherche": 2,
        "geometrie_officielle": true,
        "rue_autre_forme": "Kellermann, rue",
        "url": "https://www.bn-r.fr/resultat.php?type_rech=pl&index%5B%5D=rue&value%5B%5D=%22Kellermann%2C+rue%22&decouvrir_par_terme=Kellermann%2C+rue"
      }
    },
    {
      "type": "Feature",
      "geometry": {
        "type": "LineString",
        "coordinates": [
          [
            3.196103,
            50.688132
          ],
          [
            3.196726,
            50.687555
          ],
          [
            3.197243,
            50.687094
          ]
        ]
      },
      "properties": {
        "name": "Rue Kléber",
        "source": "rue",
        "documents": 1,
        "instruments_de_recherche": 1,
        "geometrie_officielle": true,
        "rue_autre_forme": "Kleber, rue",
        "url": "https://www.bn-r.fr/resultat.php?type_rech=pl&index%5B%5D=rue&value%5B%5D=%22Kleber%2C+rue%22&decouvrir_par_terme=Kleber%2C+rue"
      }
    },
    {
      "type": "Feature",
      "geometry": {
        "type": "MultiLineString",
        "coordinates": [
          [
            [
              3.178069,
              50.702135
            ],
            [
              3.176941,
              50.702863
            ],
            [
              3.176864,
              50.702876
            ]
          ],
          [
            [
              3.176864,
              50.702876
            ],
            [
              3.176075,
              50.703322
            ],
            [
              3.175637,
              50.703578
            ],
            [
              3.175249,
              50.703854
            ]
          ]
        ]
      },
      "properties": {
        "name": "Rue La Bruyère",
        "source": "rue",
        "documents": 2,
        "instruments_de_recherche": 2,
        "geometrie_officielle": true,
        "rue_autre_forme": "La Bruyère, rue",
        "url": "https://www.bn-r.fr/resultat.php?type_rech=pl&index%5B%5D=rue&value%5B%5D=%22La+Bruy%C3%A8re%2C+rue%22&decouvrir_par_terme=La+Bruy%C3%A8re%2C+rue"
      }
    },
    {
      "type": "Feature",
      "geometry": {
        "type": "MultiLineString",
        "coordinates": [
          [
            [
              3.185695,
              50.684676
            ],
            [
              3.186018,
              50.684844
            ],
            [
              3.186956,
              50.685338
            ],
            [
              3.187625,
              50.685696
            ]
          ],
          [
            [
              3.185692,
              50.684678
            ],
            [
              3.185,
              50.684213
            ],
            [
              3.184402,
              50.683812
            ]
          ]
        ]
      },
      "properties": {
        "name": "Rue La Fontaine",
        "source": "rue",
        "documents": 1,
        "instruments_de_recherche": 1,
        "geometrie_officielle": true,
        "rue_autre_forme": "La Fontaine, rue",
        "url": "https://www.bn-r.fr/resultat.php?type_rech=pl&index%5B%5D=rue&value%5B%5D=%22La+Fontaine%2C+rue%22&decouvrir_par_terme=La+Fontaine%2C+rue"
      }
    },
    {
      "type": "Feature",
      "geometry": {
        "type": "MultiLineString",
        "coordinates": [
          [
            [
              3.180582,
              50.680094
            ],
            [
              3.180028,
              50.679419
            ],
            [
              3.179378,
              50.678629
            ]
          ],
          [
            [
              3.179378,
              50.678629
            ],
            [
              3.178791,
              50.677898
            ],
            [
              3.178687,
              50.677782
            ]
          ]
        ]
      },
      "properties": {
        "name": "Rue Larochefoucauld",
        "source": "rue",
        "documents": 1,
        "instruments_de_recherche": 1,
        "geometrie_officielle": true,
        "rue_autre_forme": "La Rochefoucault, rue",
        "url": "https://www.bn-r.fr/resultat.php?type_rech=pl&index%5B%5D=rue&value%5B%5D=%22La+Rochefoucault%2C+rue%22&decouvrir_par_terme=La+Rochefoucault%2C+rue"
      }
    },
    {
      "type": "Feature",
      "geometry": {
        "type": "LineString",
        "coordinates": [
          [
            3.169499,
            50.679754
          ],
          [
            3.172607,
            50.678521
          ],
          [
            3.173125,
            50.678313
          ],
          [
            3.174353,
            50.677827
          ]
        ]
      },
      "properties": {
        "name": "Boulevard Lacordaire",
        "source": "rue",
        "documents": 11,
        "instruments_de_recherche": 6,
        "geometrie_officielle": true,
        "rue_autre_forme": "Lacordaire, boulevard",
        "url": "https://www.bn-r.fr/resultat.php?type_rech=pl&index%5B%5D=rue&value%5B%5D=%22Lacordaire%2C+boulevard%22&decouvrir_par_terme=Lacordaire%2C+boulevard"
      }
    },
    {
      "type": "Feature",
      "geometry": {
        "type": "MultiLineString",
        "coordinates": [
          [
            [
              3.185355,
              50.695101
            ],
            [
              3.184894,
              50.695776
            ],
            [
              3.184441,
              50.696428
            ]
          ],
          [
            [
              3.183189,
              50.698195
            ],
            [
              3.182896,
              50.698617
            ],
            [
              3.182603,
              50.699032
            ]
          ],
          [
            [
              3.181741,
              50.700269
            ],
            [
              3.18219,
              50.699622
            ],
            [
              3.182391,
              50.699329
            ],
            [
              3.182603,
              50.699032
            ]
          ],
          [
            [
              3.184441,
              50.696428
            ],
            [
              3.184314,
              50.696605
            ],
            [
              3.184174,
              50.696803
            ],
            [
              3.183555,
              50.69768
            ],
            [
              3.183189,
              50.698195
            ]
          ],
          [
            [
              3.186312,
              50.693756
            ],
            [
              3.185541,
              50.694821
            ],
            [
              3.185355,
              50.695101
            ]
          ]
        ]
      },
      "properties": {
        "name": "Rue Lacroix",
        "source": "rue",
        "documents": 8,
        "instruments_de_recherche": 3,
        "geometrie_officielle": true,
        "rue_autre_forme": "Lacroix, rue",
        "url": "https://www.bn-r.fr/resultat.php?type_rech=pl&index%5B%5D=rue&value%5B%5D=%22Lacroix%2C+rue%22&decouvrir_par_terme=Lacroix%2C+rue"
      }
    },
    {
      "type": "Feature",
      "geometry": {
        "type": "MultiLineString",
        "coordinates": [
          [
            [
              3.191298,
              50.685952
            ],
            [
              3.19266,
              50.686644
            ],
            [
              3.193844,
              50.687229
            ]
          ],
          [
            [
              3.189104,
              50.68484
            ],
            [
              3.190177,
              50.685384
            ],
            [
              3.19054,
              50.685569
            ],
            [
              3.191298,
              50.685952
            ]
          ]
        ]
      },
      "properties": {
        "name": "Rue Lalande",
        "source": "rue",
        "documents": 2,
        "instruments_de_recherche": 2,
        "geometrie_officielle": true,
        "rue_autre_forme": "Lalande, rue",
        "url": "https://www.bn-r.fr/resultat.php?type_rech=pl&index%5B%5D=rue&value%5B%5D=%22Lalande%2C+rue%22&decouvrir_par_terme=Lalande%2C+rue"
      }
    },
    {
      "type": "Feature",
      "geometry": {
        "type": "LineString",
        "coordinates": [
          [
            3.19433,
            50.691034
          ],
          [
            3.194354,
            50.690894
          ],
          [
            3.195473,
            50.689899
          ],
          [
            3.195817,
            50.689141
          ]
        ]
      },
      "properties": {
        "name": "Rue Lannes",
        "source": "rue",
        "documents": 2,
        "instruments_de_recherche": 2,
        "geometrie_officielle": true,
        "rue_autre_forme": "Lannes, rue",
        "url": "https://www.bn-r.fr/resultat.php?type_rech=pl&index%5B%5D=rue&value%5B%5D=%22Lannes%2C+rue%22&decouvrir_par_terme=Lannes%2C+rue"
      }
    },
    {
      "type": "Feature",
      "geometry": {
        "type": "LineString",
        "coordinates": [
          [
            3.179687,
            50.690944
          ],
          [
            3.182698,
            50.688545
          ]
        ]
      },
      "properties": {
        "name": "Mail de Lannoy",
        "source": "rue",
        "documents": 5,
        "instruments_de_recherche": 1,
        "geometrie_officielle": true,
        "rue_autre_forme": "Lannoy, mail de",
        "url": "https://www.bn-r.fr/resultat.php?type_rech=pl&index%5B%5D=rue&value%5B%5D=%22Lannoy%2C+mail+de%22&decouvrir_par_terme=Lannoy%2C+mail+de"
      }
    },
    {
      "type": "Feature",
      "geometry": {
        "type": "MultiLineString",
        "coordinates": [
          [
            [
              3.182698,
              50.688545
            ],
            [
              3.182408,
              50.688604
            ],
            [
              3.18203,
              50.688662
            ],
            [
              3.181814,
              50.688704
            ],
            [
              3.181674,
              50.688768
            ],
            [
              3.181467,
              50.688918
            ],
            [
              3.181141,
              50.689175
            ],
            [
              3.180925,
              50.689247
            ],
            [
              3.180808,
              50.689321
            ],
            [
              3.180442,
              50.689614
            ],
            [
              3.180218,
              50.689805
            ],
            [
              3.180074,
              50.68991
            ],
            [
              3.179974,
              50.68991
            ],
            [
              3.179688,
              50.689802
            ],
            [
              3.179618,
              50.68976
            ],
            [
              3.179526,
              50.68955
            ]
          ],
          [
            [
              3.182698,
              50.688545
            ],
            [
              3.183718,
              50.687781
            ],
            [
              3.184152,
              50.68744
            ],
            [
              3.185442,
              50.686825
            ],
            [
              3.186851,
              50.68616
            ],
            [
              3.186979,
              50.686087
            ],
            [
              3.187622,
              50.685698
            ],
            [
              3.188248,
              50.685352
            ],
            [
              3.189104,
              50.68484
            ],
            [
              3.189439,
              50.684672
            ],
            [
              3.189842,
              50.684481
            ],
            [
              3.190195,
              50.684322
            ],
            [
              3.190324,
              50.684262
            ],
            [
              3.190699,
              50.684094
            ],
            [
              3.191002,
              50.683955
            ],
            [
              3.191256,
              50.683862
            ],
            [
              3.191981,
              50.683586
            ],
            [
              3.192549,
              50.683378
            ],
            [
              3.192935,
              50.683078
            ],
            [
              3.193196,
              50.682808
            ],
            [
              3.193714,
              50.682254
            ],
            [
              3.194061,
              50.681918
            ],
            [
              3.194324,
              50.681653
            ],
            [
              3.194738,
              50.681234
            ],
            [
              3.196127,
              50.679796
            ],
            [
              3.197077,
              50.678832
            ],
            [
              3.197282,
              50.67862
            ],
            [
              3.199054,
              50.677505
            ],
            [
              3.19907,
              50.677495
            ],
            [
              3.200082,
              50.67686
            ],
            [
              3.201233,
              50.676133
            ],
            [
              3.20138,
              50.676044
            ],
            [
              3.202484,
              50.675346
            ]
          ]
        ]
      },
      "properties": {
        "name": "Rue de Lannoy",
        "source": "rue",
        "documents": 162,
        "instruments_de_recherche": 12,
        "geometrie_officielle": true,
        "rue_autre_forme": "Lannoy, rue de",
        "url": "https://www.bn-r.fr/resultat.php?type_rech=pl&index%5B%5D=rue&value%5B%5D=%22Lannoy%2C+rue+de%22&decouvrir_par_terme=Lannoy%2C+rue+de"
      }
    },
    {
      "type": "Feature",
      "geometry": {
        "type": "LineString",
        "coordinates": [
          [
            3.177285,
            50.694959
          ],
          [
            3.178046,
            50.695411
          ],
          [
            3.178096,
            50.69548
          ],
          [
            3.178759,
            50.695662
          ]
        ]
      },
      "properties": {
        "name": "Rue Latine",
        "source": "rue",
        "documents": 4,
        "instruments_de_recherche": 2,
        "geometrie_officielle": true,
        "rue_autre_forme": "Latine, rue",
        "url": "https://www.bn-r.fr/resultat.php?type_rech=pl&index%5B%5D=rue&value%5B%5D=%22Latine%2C+rue%22&decouvrir_par_terme=Latine%2C+rue"
      }
    },
    {
      "type": "Feature",
      "geometry": {
        "type": "LineString",
        "coordinates": [
          [
            3.183174,
            50.694234
          ],
          [
            3.1843,
            50.694509
          ],
          [
            3.185046,
            50.694696
          ],
          [
            3.185541,
            50.694821
          ]
        ]
      },
      "properties": {
        "name": "Rue Lavoisier",
        "source": "rue",
        "documents": 3,
        "instruments_de_recherche": 1,
        "geometrie_officielle": true,
        "rue_autre_forme": "Lavoisier, rue",
        "url": "https://www.bn-r.fr/resultat.php?type_rech=pl&index%5B%5D=rue&value%5B%5D=%22Lavoisier%2C+rue%22&decouvrir_par_terme=Lavoisier%2C+rue"
      }
    },
    {
      "type": "Feature",
      "geometry": {
        "type": "LineString",
        "coordinates": [
          [
            3.166811,
            50.68083
          ],
          [
            3.166901,
            50.680723
          ],
          [
            3.167085,
            50.680626
          ],
          [
            3.167249,
            50.680473
          ],
          [
            3.167319,
            50.680227
          ],
          [
            3.1673,
            50.679948
          ],
          [
            3.167242,
            50.679694
          ],
          [
            3.167105,
            50.679426
          ],
          [
            3.166834,
            50.67915
          ],
          [
            3.166405,
            50.678798
          ],
          [
            3.166154,
            50.678613
          ],
          [
            3.165929,
            50.678446
          ],
          [
            3.165537,
            50.678202
          ],
          [
            3.164764,
            50.677727
          ],
          [
            3.164747,
            50.677717
          ],
          [
            3.164496,
            50.67756
          ],
          [
            3.16412,
            50.677269
          ],
          [
            3.163924,
            50.677111
          ],
          [
            3.163037,
            50.676258
          ],
          [
            3.162147,
            50.675474
          ],
          [
            3.16173,
            50.675064
          ],
          [
            3.160593,
            50.673861
          ],
          [
            3.160169,
            50.673488
          ],
          [
            3.157539,
            50.671606
          ],
          [
            3.157247,
            50.671389
          ],
          [
            3.156946,
            50.67117
          ],
          [
            3.156472,
            50.67076
          ],
          [
            3.155758,
            50.67028
          ],
          [
            3.155571,
            50.669971
          ]
        ]
      },
      "properties": {
        "name": "Avenue Le Nôtre",
        "source": "rue",
        "documents": 3,
        "instruments_de_recherche": 3,
        "geometrie_officielle": true,
        "rue_autre_forme": "Le notre, avenue",
        "url": "https://www.bn-r.fr/resultat.php?type_rech=pl&index%5B%5D=rue&value%5B%5D=%22Le+notre%2C+avenue%22&decouvrir_par_terme=Le+notre%2C+avenue"
      }
    },
    {
      "type": "Feature",
      "geometry": {
        "type": "MultiLineString",
        "coordinates": [
          [
            [
              3.205827,
              50.69113
            ],
            [
              3.20584,
              50.690916
            ],
            [
              3.206166,
              50.690815
            ],
            [
              3.208154,
              50.690132
            ],
            [
              3.209161,
              50.689777
            ],
            [
              3.20933,
              50.689727
            ],
            [
              3.209541,
              50.689692
            ],
            [
              3.210068,
              50.689659
            ]
          ],
          [
            [
              3.211092,
              50.689415
            ],
            [
              3.211302,
              50.689283
            ],
            [
              3.211441,
              50.689139
            ],
            [
              3.21156,
              50.689039
            ],
            [
              3.211726,
              50.688932
            ],
            [
              3.211875,
              50.688858
            ],
            [
              3.212044,
              50.688792
            ],
            [
              3.213109,
              50.688426
            ],
            [
              3.213828,
              50.688177
            ],
            [
              3.215595,
              50.687575
            ],
            [
              3.216074,
              50.687395
            ],
            [
              3.216296,
              50.687325
            ]
          ]
        ]
      },
      "properties": {
        "name": "Rue de Leers",
        "source": "rue",
        "documents": 7,
        "instruments_de_recherche": 5,
        "geometrie_officielle": true,
        "rue_autre_forme": "Leers, rue de",
        "url": "https://www.bn-r.fr/resultat.php?type_rech=pl&index%5B%5D=rue&value%5B%5D=%22Leers%2C+rue+de%22&decouvrir_par_terme=Leers%2C+rue+de"
      }
    },
    {
      "type": "Feature",
      "geometry": {
        "type": "LineString",
        "coordinates": [
          [
            3.190351,
            50.686857
          ],
          [
            3.190896,
            50.687083
          ],
          [
            3.191024,
            50.687136
          ],
          [
            3.19129,
            50.687247
          ],
          [
            3.191625,
            50.687394
          ],
          [
            3.191973,
            50.687538
          ],
          [
            3.192471,
            50.687737
          ],
          [
            3.193153,
            50.688036
          ]
        ]
      },
      "properties": {
        "name": "Rue de Leuze",
        "source": "rue",
        "documents": 5,
        "instruments_de_recherche": 3,
        "geometrie_officielle": true,
        "rue_autre_forme": "Leuze, rue de",
        "url": "https://www.bn-r.fr/resultat.php?type_rech=pl&index%5B%5D=rue&value%5B%5D=%22Leuze%2C+rue+de%22&decouvrir_par_terme=Leuze%2C+rue+de"
      }
    },
    {
      "type": "Feature",
      "geometry": {
        "type": "LineString",
        "coordinates": [
          [
            3.188833,
            50.690447
          ],
          [
            3.187321,
            50.689818
          ]
        ]
      },
      "properties": {
        "name": "Rue Leverrier",
        "source": "rue",
        "documents": 6,
        "instruments_de_recherche": 2,
        "geometrie_officielle": true,
        "rue_autre_forme": "Leverrier, rue",
        "url": "https://www.bn-r.fr/resultat.php?type_rech=pl&index%5B%5D=rue&value%5B%5D=%22Leverrier%2C+rue%22&decouvrir_par_terme=Leverrier%2C+rue"
      }
    },
    {
      "type": "Feature",
      "geometry": {
        "type": "LineString",
        "coordinates": [
          [
            3.178374,
            50.692444
          ],
          [
            3.178621,
            50.69228
          ],
          [
            3.179438,
            50.691411
          ],
          [
            3.179545,
            50.691221
          ]
        ]
      },
      "properties": {
        "name": "Place de la liberté",
        "source": "rue",
        "documents": 91,
        "instruments_de_recherche": 10,
        "geometrie_officielle": true,
        "rue_autre_forme": "Liberté, place de la",
        "url": "https://www.bn-r.fr/resultat.php?type_rech=pl&index%5B%5D=rue&value%5B%5D=%22Libert%C3%A9%2C+place+de+la%22&decouvrir_par_terme=Libert%C3%A9%2C+place+de+la"
      }
    },
    {
      "type": "Feature",
      "geometry": {
        "type": "LineString",
        "coordinates": [
          [
            3.162365,
            50.692562
          ],
          [
            3.161958,
            50.691719
          ]
        ]
      },
      "properties": {
        "name": "Rue du Lieutenant Castelain",
        "source": "rue",
        "documents": 1,
        "instruments_de_recherche": 1,
        "geometrie_officielle": true,
        "rue_autre_forme": "Lieutenant Castelain, rue du",
        "url": "https://www.bn-r.fr/resultat.php?type_rech=pl&index%5B%5D=rue&value%5B%5D=%22Lieutenant+Castelain%2C+rue+du%22&decouvrir_par_terme=Lieutenant+Castelain%2C+rue+du"
      }
    },
    {
      "type": "Feature",
      "geometry": {
        "type": "LineString",
        "coordinates": [
          [
            3.17023,
            50.693643
          ],
          [
            3.171,
            50.69445
          ]
        ]
      },
      "properties": {
        "name": "Rue des Lignes",
        "source": "rue",
        "documents": 8,
        "instruments_de_recherche": 3,
        "geometrie_officielle": true,
        "rue_autre_forme": "Lignes, rue des",
        "url": "https://www.bn-r.fr/resultat.php?type_rech=pl&index%5B%5D=rue&value%5B%5D=%22Lignes%2C+rue+des%22&decouvrir_par_terme=Lignes%2C+rue+des"
      }
    },
    {
      "type": "Feature",
      "geometry": {
        "type": "MultiLineString",
        "coordinates": [
          [
            [
              3.163839,
              50.684026
            ],
            [
              3.163839,
              50.684026
            ]
          ],
          [
            [
              3.163839,
              50.684026
            ],
            [
              3.163839,
              50.684026
            ],
            [
              3.163105,
              50.683755
            ],
            [
              3.1631,
              50.683753
            ],
            [
              3.162073,
              50.683386
            ]
          ],
          [
            [
              3.163839,
              50.684026
            ],
            [
              3.164266,
              50.684176
            ],
            [
              3.164253,
              50.684303
            ]
          ],
          [
            [
              3.164253,
              50.684303
            ],
            [
              3.164098,
              50.684299
            ],
            [
              3.163839,
              50.684026
            ]
          ],
          [
            [
              3.174601,
              50.68788
            ],
            [
              3.174178,
              50.687771
            ],
            [
              3.172734,
              50.687243
            ],
            [
              3.171985,
              50.686974
            ],
            [
              3.170132,
              50.686307
            ],
            [
              3.170021,
              50.686268
            ],
            [
              3.169457,
              50.686066
            ],
            [
              3.16848,
              50.685711
            ],
            [
              3.168352,
              50.685666
            ],
            [
              3.165956,
              50.684794
            ],
            [
              3.165886,
              50.684767
            ],
            [
              3.16535,
              50.684577
            ],
            [
              3.164643,
              50.684313
            ],
            [
              3.164253,
              50.684303
            ]
          ]
        ]
      },
      "properties": {
        "name": "Rue de Lille",
        "source": "rue",
        "documents": 103,
        "instruments_de_recherche": 14,
        "geometrie_officielle": true,
        "rue_autre_forme": "Lille, rue de",
        "url": "https://www.bn-r.fr/resultat.php?type_rech=pl&index%5B%5D=rue&value%5B%5D=%22Lille%2C+rue+de%22&decouvrir_par_terme=Lille%2C+rue+de"
      }
    },
    {
      "type": "Feature",
      "geometry": {
        "type": "Polygon",
        "coordinates": [
          [
            [
              3.191647020510598,
              50.68005426610429
            ],
            [
              3.190652836726265,
              50.68053901500795
            ],
            [
              3.189945893698266,
              50.68089925868117
            ],
            [
              3.189716007790912,
              50.68041603136899
            ],
            [
              3.189605445280366,
              50.68016593779824
            ],
            [
              3.189392734577026,
              50.6796774640717
            ],
            [
              3.189046675022184,
              50.67889033635974
            ],
            [
              3.188667092318887,
              50.67879498801069
            ],
            [
              3.186977459495907,
              50.67839862675018
            ],
            [
              3.186331753681955,
              50.67824674576066
            ],
            [
              3.185496101832661,
              50.67804983413988
            ],
            [
              3.184276805146625,
              50.67775857144535
            ],
            [
              3.18406575913709,
              50.67776043756287
            ],
            [
              3.181919814364933,
              50.67778070944896
            ],
            [
              3.180568933373855,
              50.67778647371189
            ],
            [
              3.179758213886174,
              50.67778911355618
            ],
            [
              3.179003543382652,
              50.67779464845519
            ],
            [
              3.178558019969709,
              50.67717079557082
            ],
            [
              3.179671612372466,
              50.67658175936105
            ],
            [
              3.180360788726099,
              50.67622412910954
            ],
            [
              3.181341436924694,
              50.67572526929239
            ],
            [
              3.18257567912449,
              50.67510404985181
            ],
            [
              3.18326422524535,
              50.67474514904704
            ],
            [
              3.184804484938602,
              50.67394089898494
            ],
            [
              3.1851876382733,
              50.67445203804077
            ],
            [
              3.186021779718715,
              50.67523775731757
            ],
            [
              3.186829855212366,
              50.67591632437409
            ],
            [
              3.187806610197207,
              50.67674739306952
            ],
            [
              3.189645754832229,
              50.67833003748264
            ],
            [
              3.189844375864471,
              50.6785050309419
            ],
            [
              3.191647020510598,
              50.68005426610429
            ]
          ]
        ]
      },
      "properties": {
        "name": "Linne",
        "source": "quartier",
        "documents": 1,
        "instruments_de_recherche": 1,
        "geometrie_officielle": false,
        "rue_autre_forme": null,
        "url": "https://www.bn-r.fr/resultat.php?type_rech=pl&index%5B%5D=quartier&value%5B%5D=%22Linne%22&decouvrir_par_terme=Linne"
      }
    },
    {
      "type": "Feature",
      "geometry": {
        "type": "MultiLineString",
        "coordinates": [
          [
            [
              3.187801,
              50.676751
            ],
            [
              3.187125,
              50.676178
            ],
            [
              3.186808,
              50.675898
            ],
            [
              3.186021,
              50.67523
            ],
            [
              3.185279,
              50.674529
            ],
            [
              3.185201,
              50.674446
            ],
            [
              3.184929,
              50.674127
            ]
          ],
          [
            [
              3.192949,
              50.68107
            ],
            [
              3.192735,
              50.680979
            ],
            [
              3.192013,
              50.680361
            ],
            [
              3.191646,
              50.680049
            ],
            [
              3.190527,
              50.679082
            ],
            [
              3.18986,
              50.678512
            ],
            [
              3.189612,
              50.678301
            ],
            [
              3.188277,
              50.677161
            ],
            [
              3.187808,
              50.676756
            ]
          ]
        ]
      },
      "properties": {
        "name": "Avenue Linné",
        "source": "rue",
        "documents": 30,
        "instruments_de_recherche": 9,
        "geometrie_officielle": true,
        "rue_autre_forme": "Linne, avenue",
        "url": "https://www.bn-r.fr/resultat.php?type_rech=pl&index%5B%5D=rue&value%5B%5D=%22Linne%2C+avenue%22&decouvrir_par_terme=Linne%2C+avenue"
      }
    },
    {
      "type": "Feature",
      "geometry": {
        "type": "Point",
        "coordinates": [
          3.2236783,
          50.6606102
        ]
      },
      "properties": {
        "name": "Rue des Longues haies",
        "source": "rue",
        "documents": 19,
        "instruments_de_recherche": 9,
        "geometrie_officielle": false,
        "rue_autre_forme": "Longues haies, rue des",
        "url": "https://www.bn-r.fr/resultat.php?type_rech=pl&index%5B%5D=rue&value%5B%5D=%22Longues+haies%2C+rue+des%22&decouvrir_par_terme=Longues+haies%2C+rue+des"
      }
    },
    {
      "type": "Feature",
      "geometry": {
        "type": "LineString",
        "coordinates": [
          [
            3.163402,
            50.698131
          ],
          [
            3.161478,
            50.698802
          ],
          [
            3.159745,
            50.699406
          ]
        ]
      },
      "properties": {
        "name": "Rue de Lorraine",
        "source": "rue",
        "documents": 14,
        "instruments_de_recherche": 4,
        "geometrie_officielle": true,
        "rue_autre_forme": "Lorraine, rue de",
        "url": "https://www.bn-r.fr/resultat.php?type_rech=pl&index%5B%5D=rue&value%5B%5D=%22Lorraine%2C+rue+de%22&decouvrir_par_terme=Lorraine%2C+rue+de"
      }
    },
    {
      "type": "Feature",
      "geometry": {
        "type": "LineString",
        "coordinates": [
          [
            3.181193,
            50.692906
          ],
          [
            3.181267,
            50.69287
          ],
          [
            3.181776,
            50.691915
          ]
        ]
      },
      "properties": {
        "name": "Rue Louis Catrice",
        "source": "rue",
        "documents": 1,
        "instruments_de_recherche": 1,
        "geometrie_officielle": true,
        "rue_autre_forme": "Louis Catrice, rue",
        "url": "https://www.bn-r.fr/resultat.php?type_rech=pl&index%5B%5D=rue&value%5B%5D=%22Louis+Catrice%2C+rue%22&decouvrir_par_terme=Louis+Catrice%2C+rue"
      }
    },
    {
      "type": "Feature",
      "geometry": {
        "type": "LineString",
        "coordinates": [
          [
            3.188988,
            50.691143
          ],
          [
            3.18877,
            50.691379
          ],
          [
            3.18811,
            50.69209
          ]
        ]
      },
      "properties": {
        "name": "Rue Louis Dupire",
        "source": "rue",
        "documents": 1,
        "instruments_de_recherche": 1,
        "geometrie_officielle": true,
        "rue_autre_forme": "Louis Dupire, rue",
        "url": "https://www.bn-r.fr/resultat.php?type_rech=pl&index%5B%5D=rue&value%5B%5D=%22Louis+Dupire%2C+rue%22&decouvrir_par_terme=Louis+Dupire%2C+rue"
      }
    },
    {
      "type": "Feature",
      "geometry": {
        "type": "LineString",
        "coordinates": [
          [
            3.155576,
            50.671946
          ],
          [
            3.154123,
            50.672864
          ]
        ]
      },
      "properties": {
        "name": "Avenue Louis Pluquet",
        "source": "rue",
        "documents": 2,
        "instruments_de_recherche": 2,
        "geometrie_officielle": true,
        "rue_autre_forme": "Louis Pluquet, avenue",
        "url": "https://www.bn-r.fr/resultat.php?type_rech=pl&index%5B%5D=rue&value%5B%5D=%22Louis+Pluquet%2C+avenue%22&decouvrir_par_terme=Louis+Pluquet%2C+avenue"
      }
    },
    {
      "type": "Feature",
      "geometry": {
        "type": "LineString",
        "coordinates": [
          [
            3.173334,
            50.686824
          ],
          [
            3.174068,
            50.687647
          ],
          [
            3.174095,
            50.68774
          ]
        ]
      },
      "properties": {
        "name": "Rue des Loups",
        "source": "rue",
        "documents": 1,
        "instruments_de_recherche": 1,
        "geometrie_officielle": true,
        "rue_autre_forme": "Loups, rue des",
        "url": "https://www.bn-r.fr/resultat.php?type_rech=pl&index%5B%5D=rue&value%5B%5D=%22Loups%2C+rue+des%22&decouvrir_par_terme=Loups%2C+rue+des"
      }
    },
    {
      "type": "Feature",
      "geometry": {
        "type": "MultiLineString",
        "coordinates": [
          [
            [
              3.15386,
              50.689549
            ],
            [
              3.153112,
              50.689049
            ],
            [
              3.152942,
              50.688896
            ],
            [
              3.152899,
              50.688806
            ],
            [
              3.152903,
              50.68872
            ]
          ],
          [
            [
              3.157965,
              50.692081
            ],
            [
              3.157896,
              50.692031
            ],
            [
              3.157067,
              50.691526
            ],
            [
              3.156257,
              50.691039
            ]
          ],
          [
            [
              3.156257,
              50.691039
            ],
            [
              3.155678,
              50.690691
            ],
            [
              3.154711,
              50.690116
            ],
            [
              3.15386,
              50.689549
            ]
          ],
          [
            [
              3.159318,
              50.693605
            ],
            [
              3.159112,
              50.6935
            ],
            [
              3.157965,
              50.692081
            ]
          ],
          [
            [
              3.152778,
              50.688392
            ],
            [
              3.152752,
              50.688335
            ],
            [
              3.15272,
              50.688265
            ],
            [
              3.152543,
              50.688142
            ],
            [
              3.152318,
              50.688101
            ],
            [
              3.152113,
              50.688102
            ],
            [
              3.151705,
              50.688191
            ],
            [
              3.151437,
              50.688255
            ]
          ]
        ]
      },
      "properties": {
        "name": "Rue du Luxembourg",
        "source": "rue",
        "documents": 18,
        "instruments_de_recherche": 4,
        "geometrie_officielle": true,
        "rue_autre_forme": "Luxembourg, rue du",
        "url": "https://www.bn-r.fr/resultat.php?type_rech=pl&index%5B%5D=rue&value%5B%5D=%22Luxembourg%2C+rue+du%22&decouvrir_par_terme=Luxembourg%2C+rue+du"
      }
    },
    {
      "type": "Feature",
      "geometry": {
        "type": "MultiLineString",
        "coordinates": [
          [
            [
              3.178687,
              50.677782
            ],
            [
              3.178828,
              50.677795
            ],
            [
              3.179758,
              50.677789
            ],
            [
              3.180559,
              50.677787
            ],
            [
              3.180702,
              50.677786
            ],
            [
              3.181259,
              50.677782
            ],
            [
              3.181933,
              50.677777
            ],
            [
              3.184066,
              50.67776
            ],
            [
              3.184277,
              50.677759
            ],
            [
              3.185496,
              50.67805
            ]
          ],
          [
            [
              3.174166,
              50.677822
            ],
            [
              3.174353,
              50.677827
            ],
            [
              3.177039,
              50.677816
            ],
            [
              3.177261,
              50.677749
            ]
          ]
        ]
      },
      "properties": {
        "name": "Boulevard de Lyon",
        "source": "rue",
        "documents": 2,
        "instruments_de_recherche": 1,
        "geometrie_officielle": true,
        "rue_autre_forme": "Lyon, boulevard de",
        "url": "https://www.bn-r.fr/resultat.php?type_rech=pl&index%5B%5D=rue&value%5B%5D=%22Lyon%2C+boulevard+de%22&decouvrir_par_terme=Lyon%2C+boulevard+de"
      }
    },
    {
      "type": "Feature",
      "geometry": {
        "type": "LineString",
        "coordinates": [
          [
            3.166617,
            50.699184
          ],
          [
            3.165931,
            50.698679
          ],
          [
            3.165115,
            50.697662
          ]
        ]
      },
      "properties": {
        "name": "Rue de la Lys",
        "source": "rue",
        "documents": 7,
        "instruments_de_recherche": 2,
        "geometrie_officielle": true,
        "rue_autre_forme": "Lys, rue de la",
        "url": "https://www.bn-r.fr/resultat.php?type_rech=pl&index%5B%5D=rue&value%5B%5D=%22Lys%2C+rue+de+la%22&decouvrir_par_terme=Lys%2C+rue+de+la"
      }
    },
    {
      "type": "Feature",
      "geometry": {
        "type": "LineString",
        "coordinates": [
          [
            3.200953,
            50.681223
          ],
          [
            3.202402,
            50.679604
          ]
        ]
      },
      "properties": {
        "name": "Rue Léon Blum",
        "source": "rue",
        "documents": 1,
        "instruments_de_recherche": 1,
        "geometrie_officielle": true,
        "rue_autre_forme": "Léon Blum, rue",
        "url": "https://www.bn-r.fr/resultat.php?type_rech=pl&index%5B%5D=rue&value%5B%5D=%22L%C3%A9on+Blum%2C+rue%22&decouvrir_par_terme=L%C3%A9on+Blum%2C+rue"
      }
    },
    {
      "type": "Feature",
      "geometry": {
        "type": "MultiLineString",
        "coordinates": [
          [
            [
              3.18805,
              50.696095
            ],
            [
              3.187682,
              50.695998
            ],
            [
              3.187621,
              50.695965
            ],
            [
              3.187596,
              50.695911
            ],
            [
              3.187595,
              50.695839
            ],
            [
              3.187616,
              50.695675
            ],
            [
              3.187602,
              50.695568
            ]
          ],
          [
            [
              3.187932,
              50.695208
            ],
            [
              3.188342,
              50.695311
            ],
            [
              3.188463,
              50.695364
            ],
            [
              3.188494,
              50.695432
            ],
            [
              3.187681,
              50.696662
            ]
          ]
        ]
      },
      "properties": {
        "name": "Square Léon Jouhaux",
        "source": "rue",
        "documents": 1,
        "instruments_de_recherche": 1,
        "geometrie_officielle": true,
        "rue_autre_forme": "Léon Jouhaux, square",
        "url": "https://www.bn-r.fr/resultat.php?type_rech=pl&index%5B%5D=rue&value%5B%5D=%22L%C3%A9on+Jouhaux%2C+square%22&decouvrir_par_terme=L%C3%A9on+Jouhaux%2C+square"
      }
    },
    {
      "type": "Feature",
      "geometry": {
        "type": "MultiLineString",
        "coordinates": [
          [
            [
              3.195134,
              50.672648
            ],
            [
              3.195148,
              50.672632
            ],
            [
              3.195262,
              50.672447
            ],
            [
              3.195501,
              50.67225
            ]
          ],
          [
            [
              3.187801,
              50.676751
            ],
            [
              3.189359,
              50.675887
            ],
            [
              3.189587,
              50.675774
            ],
            [
              3.191019,
              50.67498
            ],
            [
              3.19224,
              50.674319
            ],
            [
              3.193167,
              50.673805
            ]
          ],
          [
            [
              3.193167,
              50.673805
            ],
            [
              3.195047,
              50.672743
            ],
            [
              3.195134,
              50.672648
            ]
          ]
        ]
      },
      "properties": {
        "name": "Rue Léon Marlot",
        "source": "rue",
        "documents": 18,
        "instruments_de_recherche": 3,
        "geometrie_officielle": true,
        "rue_autre_forme": "Léon Marlot, rue",
        "url": "https://www.bn-r.fr/resultat.php?type_rech=pl&index%5B%5D=rue&value%5B%5D=%22L%C3%A9on+Marlot%2C+rue%22&decouvrir_par_terme=L%C3%A9on+Marlot%2C+rue"
      }
    },
    {
      "type": "Feature",
      "geometry": {
        "type": "MultiLineString",
        "coordinates": [
          [
            [
              3.176897,
              50.685231
            ],
            [
              3.177023,
              50.685262
            ],
            [
              3.178002,
              50.684773
            ],
            [
              3.178677,
              50.684415
            ]
          ],
          [
            [
              3.178677,
              50.684415
            ],
            [
              3.179601,
              50.684045
            ],
            [
              3.180416,
              50.683739
            ],
            [
              3.18122,
              50.683441
            ],
            [
              3.181591,
              50.683297
            ]
          ]
        ]
      },
      "properties": {
        "name": "Rue ma Campagne",
        "source": "rue",
        "documents": 1,
        "instruments_de_recherche": 1,
        "geometrie_officielle": true,
        "rue_autre_forme": "Ma Campagne, rue",
        "url": "https://www.bn-r.fr/resultat.php?type_rech=pl&index%5B%5D=rue&value%5B%5D=%22Ma+Campagne%2C+rue%22&decouvrir_par_terme=Ma+Campagne%2C+rue"
      }
    },
    {
      "type": "Feature",
      "geometry": {
        "type": "MultiLineString",
        "coordinates": [
          [
            [
              3.176897,
              50.685231
            ],
            [
              3.177023,
              50.685262
            ],
            [
              3.178002,
              50.684773
            ],
            [
              3.178677,
              50.684415
            ]
          ],
          [
            [
              3.178677,
              50.684415
            ],
            [
              3.179601,
              50.684045
            ],
            [
              3.180416,
              50.683739
            ],
            [
              3.18122,
              50.683441
            ],
            [
              3.181591,
              50.683297
            ]
          ]
        ]
      },
      "properties": {
        "name": "Rue ma Campagne",
        "source": "rue",
        "documents": 10,
        "instruments_de_recherche": 4,
        "geometrie_officielle": true,
        "rue_autre_forme": "Ma campagne, rue",
        "url": "https://www.bn-r.fr/resultat.php?type_rech=pl&index%5B%5D=rue&value%5B%5D=%22Ma+campagne%2C+rue%22&decouvrir_par_terme=Ma+campagne%2C+rue"
      }
    },
    {
      "type": "Feature",
      "geometry": {
        "type": "LineString",
        "coordinates": [
          [
            3.151131,
            50.687799
          ],
          [
            3.151314,
            50.688002
          ],
          [
            3.151392,
            50.688149
          ],
          [
            3.151538,
            50.688496
          ],
          [
            3.151594,
            50.688665
          ],
          [
            3.151624,
            50.68875
          ],
          [
            3.15166,
            50.689136
          ],
          [
            3.151657,
            50.689219
          ],
          [
            3.151558,
            50.689515
          ],
          [
            3.151543,
            50.689841
          ],
          [
            3.151482,
            50.690729
          ],
          [
            3.151491,
            50.690739
          ],
          [
            3.151631,
            50.690891
          ],
          [
            3.152491,
            50.691847
          ],
          [
            3.152728,
            50.692105
          ],
          [
            3.153076,
            50.692503
          ],
          [
            3.153261,
            50.692713
          ],
          [
            3.153657,
            50.693122
          ],
          [
            3.153799,
            50.693214
          ],
          [
            3.154027,
            50.693352
          ],
          [
            3.154137,
            50.693421
          ],
          [
            3.15422,
            50.693477
          ],
          [
            3.154474,
            50.693637
          ],
          [
            3.155111,
            50.694129
          ],
          [
            3.155288,
            50.694368
          ],
          [
            3.155359,
            50.694592
          ],
          [
            3.15536,
            50.694598
          ],
          [
            3.155315,
            50.694633
          ]
        ]
      },
      "properties": {
        "name": "Rue de la Mackellerie",
        "source": "rue",
        "documents": 5,
        "instruments_de_recherche": 4,
        "geometrie_officielle": true,
        "rue_autre_forme": "Mackellerie, rue de la",
        "url": "https://www.bn-r.fr/resultat.php?type_rech=pl&index%5B%5D=rue&value%5B%5D=%22Mackellerie%2C+rue+de+la%22&decouvrir_par_terme=Mackellerie%2C+rue+de+la"
      }
    },
    {
      "type": "Feature",
      "geometry": {
        "type": "LineString",
        "coordinates": [
          [
            3.188248,
            50.685352
          ],
          [
            3.187583,
            50.684963
          ]
        ]
      },
      "properties": {
        "name": "Passage Malplaquet",
        "source": "rue",
        "documents": 1,
        "instruments_de_recherche": 1,
        "geometrie_officielle": true,
        "rue_autre_forme": "Malplaquet, rue de",
        "url": "https://www.bn-r.fr/resultat.php?type_rech=pl&index%5B%5D=rue&value%5B%5D=%22Malplaquet%2C+rue+de%22&decouvrir_par_terme=Malplaquet%2C+rue+de"
      }
    },
    {
      "type": "Feature",
      "geometry": {
        "type": "MultiLineString",
        "coordinates": [
          [
            [
              3.194375,
              50.689713
            ],
            [
              3.195185,
              50.68898
            ]
          ],
          [
            [
              3.193703,
              50.690319
            ],
            [
              3.194032,
              50.69002
            ]
          ],
          [
            [
              3.194032,
              50.69002
            ],
            [
              3.194375,
              50.689713
            ]
          ]
        ]
      },
      "properties": {
        "name": "Rue Marceau",
        "source": "rue",
        "documents": 2,
        "instruments_de_recherche": 2,
        "geometrie_officielle": true,
        "rue_autre_forme": "Marceau, rue",
        "url": "https://www.bn-r.fr/resultat.php?type_rech=pl&index%5B%5D=rue&value%5B%5D=%22Marceau%2C+rue%22&decouvrir_par_terme=Marceau%2C+rue"
      }
    },
    {
      "type": "Feature",
      "geometry": {
        "type": "LineString",
        "coordinates": [
          [
            3.188893,
            50.688283
          ],
          [
            3.190419,
            50.688921
          ],
          [
            3.191595,
            50.689422
          ],
          [
            3.192567,
            50.689835
          ],
          [
            3.193703,
            50.690319
          ]
        ]
      },
      "properties": {
        "name": "Rue Marie Buisine",
        "source": "rue",
        "documents": 3,
        "instruments_de_recherche": 3,
        "geometrie_officielle": true,
        "rue_autre_forme": "Marie Buisine, rue",
        "url": "https://www.bn-r.fr/resultat.php?type_rech=pl&index%5B%5D=rue&value%5B%5D=%22Marie+Buisine%2C+rue%22&decouvrir_par_terme=Marie+Buisine%2C+rue"
      }
    },
    {
      "type": "Feature",
      "geometry": {
        "type": "MultiLineString",
        "coordinates": [
          [
            [
              3.160096,
              50.690648
            ],
            [
              3.159849,
              50.690799
            ]
          ],
          [
            [
              3.161206,
              50.68998
            ],
            [
              3.160096,
              50.690648
            ]
          ],
          [
            [
              3.159849,
              50.690799
            ],
            [
              3.159848,
              50.6908
            ],
            [
              3.159164,
              50.691226
            ]
          ]
        ]
      },
      "properties": {
        "name": "Rue du Marquisat",
        "source": "rue",
        "documents": 2,
        "instruments_de_recherche": 2,
        "geometrie_officielle": true,
        "rue_autre_forme": "Marquisat, rue du",
        "url": "https://www.bn-r.fr/resultat.php?type_rech=pl&index%5B%5D=rue&value%5B%5D=%22Marquisat%2C+rue+du%22&decouvrir_par_terme=Marquisat%2C+rue+du"
      }
    },
    {
      "type": "Feature",
      "geometry": {
        "type": "LineString",
        "coordinates": [
          [
            3.185708,
            50.701285
          ],
          [
            3.184949,
            50.702342
          ],
          [
            3.184055,
            50.703714
          ],
          [
            3.184111,
            50.703805
          ],
          [
            3.183984,
            50.703999
          ],
          [
            3.183438,
            50.704579
          ],
          [
            3.182635,
            50.705224
          ],
          [
            3.181276,
            50.706042
          ],
          [
            3.180883,
            50.706213
          ],
          [
            3.180518,
            50.706372
          ]
        ]
      },
      "properties": {
        "name": "Quai de Marseille",
        "source": "rue",
        "documents": 5,
        "instruments_de_recherche": 4,
        "geometrie_officielle": true,
        "rue_autre_forme": "Marseille, quai de",
        "url": "https://www.bn-r.fr/resultat.php?type_rech=pl&index%5B%5D=rue&value%5B%5D=%22Marseille%2C+quai+de%22&decouvrir_par_terme=Marseille%2C+quai+de"
      }
    },
    {
      "type": "Feature",
      "geometry": {
        "type": "LineString",
        "coordinates": [
          [
            3.167663,
            50.694037
          ],
          [
            3.168179,
            50.693981
          ]
        ]
      },
      "properties": {
        "name": "Place des Martyrs de la Résistance",
        "source": "rue",
        "documents": 19,
        "instruments_de_recherche": 5,
        "geometrie_officielle": true,
        "rue_autre_forme": "Martyrs de la Résistance, place des",
        "url": "https://www.bn-r.fr/resultat.php?type_rech=pl&index%5B%5D=rue&value%5B%5D=%22Martyrs+de+la+R%C3%A9sistance%2C+place+des%22&decouvrir_par_terme=Martyrs+de+la+R%C3%A9sistance%2C+place+des"
      }
    },
    {
      "type": "Feature",
      "geometry": {
        "type": "MultiLineString",
        "coordinates": [
          [
            [
              3.173927,
              50.68895
            ],
            [
              3.174078,
              50.688765
            ],
            [
              3.174411,
              50.688156
            ],
            [
              3.174601,
              50.68788
            ],
            [
              3.174916,
              50.687638
            ]
          ],
          [
            [
              3.173126,
              50.691604
            ],
            [
              3.173152,
              50.691535
            ],
            [
              3.173223,
              50.691257
            ],
            [
              3.173458,
              50.690429
            ],
            [
              3.173547,
              50.690131
            ],
            [
              3.173927,
              50.68895
            ]
          ]
        ]
      },
      "properties": {
        "name": "Rue du Maréchal Foch",
        "source": "rue",
        "documents": 55,
        "instruments_de_recherche": 9,
        "geometrie_officielle": true,
        "rue_autre_forme": "Maréchal Foch, rue du",
        "url": "https://www.bn-r.fr/resultat.php?type_rech=pl&index%5B%5D=rue&value%5B%5D=%22Mar%C3%A9chal+Foch%2C+rue+du%22&decouvrir_par_terme=Mar%C3%A9chal+Foch%2C+rue+du"
      }
    },
    {
      "type": "Feature",
      "geometry": {
        "type": "LineString",
        "coordinates": [
          [
            3.194192,
            50.698053
          ],
          [
            3.195232,
            50.698311
          ],
          [
            3.196065,
            50.698515
          ]
        ]
      },
      "properties": {
        "name": "Rue de Mascara",
        "source": "rue",
        "documents": 3,
        "instruments_de_recherche": 3,
        "geometrie_officielle": true,
        "rue_autre_forme": "Mascara, rue de",
        "url": "https://www.bn-r.fr/resultat.php?type_rech=pl&index%5B%5D=rue&value%5B%5D=%22Mascara%2C+rue+de%22&decouvrir_par_terme=Mascara%2C+rue+de"
      }
    },
    {
      "type": "Feature",
      "geometry": {
        "type": "LineString",
        "coordinates": [
          [
            3.182777,
            50.684149
          ],
          [
            3.183697,
            50.683589
          ],
          [
            3.184592,
            50.683049
          ],
          [
            3.185856,
            50.682279
          ],
          [
            3.186366,
            50.681969
          ]
        ]
      },
      "properties": {
        "name": "Rue de Maubeuge",
        "source": "rue",
        "documents": 4,
        "instruments_de_recherche": 2,
        "geometrie_officielle": true,
        "rue_autre_forme": "Maubeuge, rue de",
        "url": "https://www.bn-r.fr/resultat.php?type_rech=pl&index%5B%5D=rue&value%5B%5D=%22Maubeuge%2C+rue+de%22&decouvrir_par_terme=Maubeuge%2C+rue+de"
      }
    },
    {
      "type": "Feature",
      "geometry": {
        "type": "LineString",
        "coordinates": [
          [
            3.195064,
            50.682306
          ],
          [
            3.195296,
            50.682077
          ],
          [
            3.195477,
            50.681951
          ],
          [
            3.195716,
            50.681846
          ],
          [
            3.196861,
            50.681498
          ],
          [
            3.197526,
            50.681115
          ],
          [
            3.198139,
            50.680738
          ],
          [
            3.199094,
            50.680109
          ],
          [
            3.19998,
            50.679545
          ],
          [
            3.201047,
            50.678864
          ],
          [
            3.201264,
            50.678749
          ]
        ]
      },
      "properties": {
        "name": "Rue de Maufait",
        "source": "rue",
        "documents": 1,
        "instruments_de_recherche": 1,
        "geometrie_officielle": true,
        "rue_autre_forme": "Maufait, rue de",
        "url": "https://www.bn-r.fr/resultat.php?type_rech=pl&index%5B%5D=rue&value%5B%5D=%22Maufait%2C+rue+de%22&decouvrir_par_terme=Maufait%2C+rue+de"
      }
    },
    {
      "type": "Feature",
      "geometry": {
        "type": "LineString",
        "coordinates": [
          [
            3.204705,
            50.681056
          ],
          [
            3.206307,
            50.679578
          ],
          [
            3.207498,
            50.678496
          ]
        ]
      },
      "properties": {
        "name": "Avenue Maxence Van der Meersch",
        "source": "rue",
        "documents": 7,
        "instruments_de_recherche": 4,
        "geometrie_officielle": true,
        "rue_autre_forme": "Maxence Van Der Meersch, avenue",
        "url": "https://www.bn-r.fr/resultat.php?type_rech=pl&index%5B%5D=rue&value%5B%5D=%22Maxence+Van+Der+Meersch%2C+avenue%22&decouvrir_par_terme=Maxence+Van+Der+Meersch%2C+avenue"
      }
    },
    {
      "type": "Feature",
      "geometry": {
        "type": "LineString",
        "coordinates": [
          [
            3.204705,
            50.681056
          ],
          [
            3.206307,
            50.679578
          ],
          [
            3.207498,
            50.678496
          ]
        ]
      },
      "properties": {
        "name": "Avenue Maxence Van der Meersch",
        "source": "rue",
        "documents": 5,
        "instruments_de_recherche": 2,
        "geometrie_officielle": true,
        "rue_autre_forme": "Maxenxe Van Der Meersch, avenue",
        "url": "https://www.bn-r.fr/resultat.php?type_rech=pl&index%5B%5D=rue&value%5B%5D=%22Maxenxe+Van+Der+Meersch%2C+avenue%22&decouvrir_par_terme=Maxenxe+Van+Der+Meersch%2C+avenue"
      }
    },
    {
      "type": "Feature",
      "geometry": {
        "type": "LineString",
        "coordinates": [
          [
            3.186171,
            50.703563
          ],
          [
            3.187219,
            50.704053
          ],
          [
            3.187312,
            50.704094
          ],
          [
            3.188974,
            50.704857
          ]
        ]
      },
      "properties": {
        "name": "Rue Mazagran",
        "source": "rue",
        "documents": 1,
        "instruments_de_recherche": 1,
        "geometrie_officielle": true,
        "rue_autre_forme": "Mazagran, rue",
        "url": "https://www.bn-r.fr/resultat.php?type_rech=pl&index%5B%5D=rue&value%5B%5D=%22Mazagran%2C+rue%22&decouvrir_par_terme=Mazagran%2C+rue"
      }
    },
    {
      "type": "Feature",
      "geometry": {
        "type": "Point",
        "coordinates": [
          3.154585,
          50.728299
        ]
      },
      "properties": {
        "name": "Rue de Menin",
        "source": "rue",
        "documents": 6,
        "instruments_de_recherche": 2,
        "geometrie_officielle": false,
        "rue_autre_forme": "Menin, rue de",
        "url": "https://www.bn-r.fr/resultat.php?type_rech=pl&index%5B%5D=rue&value%5B%5D=%22Menin%2C+rue+de%22&decouvrir_par_terme=Menin%2C+rue+de"
      }
    },
    {
      "type": "Feature",
      "geometry": {
        "type": "MultiLineString",
        "coordinates": [
          [
            [
              3.184105,
              50.700908
            ],
            [
              3.18265,
              50.702282
            ],
            [
              3.182089,
              50.702816
            ],
            [
              3.181047,
              50.703803
            ],
            [
              3.180624,
              50.704229
            ],
            [
              3.180387,
              50.704713
            ],
            [
              3.179924,
              50.705672
            ],
            [
              3.179819,
              50.705952
            ],
            [
              3.179799,
              50.706084
            ]
          ],
          [
            [
              3.17915,
              50.70726
            ],
            [
              3.179698,
              50.706722
            ],
            [
              3.179789,
              50.70657
            ]
          ]
        ]
      },
      "properties": {
        "name": "Boulevard de Metz",
        "source": "rue",
        "documents": 9,
        "instruments_de_recherche": 4,
        "geometrie_officielle": true,
        "rue_autre_forme": "Metz, boulevard de",
        "url": "https://www.bn-r.fr/resultat.php?type_rech=pl&index%5B%5D=rue&value%5B%5D=%22Metz%2C+boulevard+de%22&decouvrir_par_terme=Metz%2C+boulevard+de"
      }
    },
    {
      "type": "Feature",
      "geometry": {
        "type": "LineString",
        "coordinates": [
          [
            3.17348,
            50.704483
          ],
          [
            3.173722,
            50.704651
          ],
          [
            3.174182,
            50.704967
          ],
          [
            3.174406,
            50.705133
          ],
          [
            3.17471,
            50.705367
          ],
          [
            3.175281,
            50.705789
          ],
          [
            3.17656,
            50.706735
          ]
        ]
      },
      "properties": {
        "name": "Rue Meyerbeer",
        "source": "rue",
        "documents": 4,
        "instruments_de_recherche": 3,
        "geometrie_officielle": true,
        "rue_autre_forme": "Meyerbeer, rue",
        "url": "https://www.bn-r.fr/resultat.php?type_rech=pl&index%5B%5D=rue&value%5B%5D=%22Meyerbeer%2C+rue%22&decouvrir_par_terme=Meyerbeer%2C+rue"
      }
    },
    {
      "type": "Feature",
      "geometry": {
        "type": "LineString",
        "coordinates": [
          [
            3.157566,
            50.696622
          ],
          [
            3.156396,
            50.697005
          ]
        ]
      },
      "properties": {
        "name": "Rue de Milan",
        "source": "rue",
        "documents": 2,
        "instruments_de_recherche": 1,
        "geometrie_officielle": true,
        "rue_autre_forme": "Milan, rue de",
        "url": "https://www.bn-r.fr/resultat.php?type_rech=pl&index%5B%5D=rue&value%5B%5D=%22Milan%2C+rue+de%22&decouvrir_par_terme=Milan%2C+rue+de"
      }
    },
    {
      "type": "Feature",
      "geometry": {
        "type": "LineString",
        "coordinates": [
          [
            3.16627,
            50.688879
          ],
          [
            3.165625,
            50.689249
          ],
          [
            3.164494,
            50.689905
          ]
        ]
      },
      "properties": {
        "name": "Rue Miln",
        "source": "rue",
        "documents": 2,
        "instruments_de_recherche": 1,
        "geometrie_officielle": true,
        "rue_autre_forme": "Miln, rue",
        "url": "https://www.bn-r.fr/resultat.php?type_rech=pl&index%5B%5D=rue&value%5B%5D=%22Miln%2C+rue%22&decouvrir_par_terme=Miln%2C+rue"
      }
    },
    {
      "type": "Feature",
      "geometry": {
        "type": "LineString",
        "coordinates": [
          [
            3.167123,
            50.691595
          ],
          [
            3.166705,
            50.690602
          ],
          [
            3.166477,
            50.690049
          ]
        ]
      },
      "properties": {
        "name": "Rue Mimerel",
        "source": "rue",
        "documents": 16,
        "instruments_de_recherche": 5,
        "geometrie_officielle": true,
        "rue_autre_forme": "Mimerel, rue",
        "url": "https://www.bn-r.fr/resultat.php?type_rech=pl&index%5B%5D=rue&value%5B%5D=%22Mimerel%2C+rue%22&decouvrir_par_terme=Mimerel%2C+rue"
      }
    },
    {
      "type": "Feature",
      "geometry": {
        "type": "LineString",
        "coordinates": [
          [
            3.198395,
            50.690959
          ],
          [
            3.198487,
            50.690824
          ],
          [
            3.199933,
            50.690094
          ],
          [
            3.200126,
            50.690003
          ],
          [
            3.201648,
            50.689256
          ]
        ]
      },
      "properties": {
        "name": "Rue Molière",
        "source": "rue",
        "documents": 3,
        "instruments_de_recherche": 2,
        "geometrie_officielle": true,
        "rue_autre_forme": "Molière, rue",
        "url": "https://www.bn-r.fr/resultat.php?type_rech=pl&index%5B%5D=rue&value%5B%5D=%22Moli%C3%A8re%2C+rue%22&decouvrir_par_terme=Moli%C3%A8re%2C+rue"
      }
    },
    {
      "type": "Feature",
      "geometry": {
        "type": "MultiLineString",
        "coordinates": [
          [
            [
              3.188833,
              50.690447
            ],
            [
              3.189401,
              50.689899
            ],
            [
              3.189956,
              50.689369
            ],
            [
              3.190419,
              50.688921
            ],
            [
              3.190754,
              50.6886
            ]
          ],
          [
            [
              3.188568,
              50.690708
            ],
            [
              3.188569,
              50.690707
            ],
            [
              3.188833,
              50.690447
            ]
          ],
          [
            [
              3.187475,
              50.691858
            ],
            [
              3.187452,
              50.691781
            ],
            [
              3.188161,
              50.691092
            ]
          ],
          [
            [
              3.188164,
              50.691092
            ],
            [
              3.188362,
              50.690915
            ],
            [
              3.188568,
              50.690708
            ]
          ]
        ]
      },
      "properties": {
        "name": "Rue Monge",
        "source": "rue",
        "documents": 3,
        "instruments_de_recherche": 3,
        "geometrie_officielle": true,
        "rue_autre_forme": "Monge, rue",
        "url": "https://www.bn-r.fr/resultat.php?type_rech=pl&index%5B%5D=rue&value%5B%5D=%22Monge%2C+rue%22&decouvrir_par_terme=Monge%2C+rue"
      }
    },
    {
      "type": "Feature",
      "geometry": {
        "type": "MultiLineString",
        "coordinates": [
          [
            [
              3.19625,
              50.687393
            ],
            [
              3.195323,
              50.687807
            ],
            [
              3.195183,
              50.687877
            ],
            [
              3.194709,
              50.688164
            ],
            [
              3.194204,
              50.688552
            ]
          ],
          [
            [
              3.196771,
              50.686864
            ],
            [
              3.19625,
              50.687393
            ]
          ]
        ]
      },
      "properties": {
        "name": "Rue de Mons",
        "source": "rue",
        "documents": 5,
        "instruments_de_recherche": 2,
        "geometrie_officielle": true,
        "rue_autre_forme": "Mons, rue de",
        "url": "https://www.bn-r.fr/resultat.php?type_rech=pl&index%5B%5D=rue&value%5B%5D=%22Mons%2C+rue+de%22&decouvrir_par_terme=Mons%2C+rue+de"
      }
    },
    {
      "type": "Feature",
      "geometry": {
        "type": "LineString",
        "coordinates": [
          [
            3.18608,
            50.696118
          ],
          [
            3.184894,
            50.695776
          ]
        ]
      },
      "properties": {
        "name": "Rue Montaigne",
        "source": "rue",
        "documents": 1,
        "instruments_de_recherche": 1,
        "geometrie_officielle": true,
        "rue_autre_forme": "Montaigne, rue",
        "url": "https://www.bn-r.fr/resultat.php?type_rech=pl&index%5B%5D=rue&value%5B%5D=%22Montaigne%2C+rue%22&decouvrir_par_terme=Montaigne%2C+rue"
      }
    },
    {
      "type": "Feature",
      "geometry": {
        "type": "LineString",
        "coordinates": [
          [
            3.163112,
            50.683757
          ],
          [
            3.162312,
            50.684213
          ],
          [
            3.161607,
            50.68462
          ],
          [
            3.160888,
            50.685031
          ],
          [
            3.158834,
            50.685979
          ],
          [
            3.158656,
            50.686011
          ]
        ]
      },
      "properties": {
        "name": "Boulevard Montesquieu",
        "source": "rue",
        "documents": 15,
        "instruments_de_recherche": 6,
        "geometrie_officielle": true,
        "rue_autre_forme": "Montesquieu, boulevard",
        "url": "https://www.bn-r.fr/resultat.php?type_rech=pl&index%5B%5D=rue&value%5B%5D=%22Montesquieu%2C+boulevard%22&decouvrir_par_terme=Montesquieu%2C+boulevard"
      }
    },
    {
      "type": "Feature",
      "geometry": {
        "type": "MultiLineString",
        "coordinates": [
          [
            [
              3.189842,
              50.684481
            ],
            [
              3.188494,
              50.68351
            ],
            [
              3.187943,
              50.683115
            ],
            [
              3.187617,
              50.682873
            ],
            [
              3.187015,
              50.682434
            ]
          ],
          [
            [
              3.181625,
              50.677484
            ],
            [
              3.181933,
              50.677777
            ],
            [
              3.183261,
              50.679079
            ],
            [
              3.183663,
              50.679472
            ],
            [
              3.184312,
              50.680104
            ],
            [
              3.184772,
              50.680552
            ],
            [
              3.18531,
              50.681075
            ],
            [
              3.185797,
              50.681553
            ],
            [
              3.186366,
              50.681969
            ],
            [
              3.187015,
              50.682434
            ]
          ]
        ]
      },
      "properties": {
        "name": "Rue Montgolfier",
        "source": "rue",
        "documents": 21,
        "instruments_de_recherche": 7,
        "geometrie_officielle": true,
        "rue_autre_forme": "Montgolfier, rue",
        "url": "https://www.bn-r.fr/resultat.php?type_rech=pl&index%5B%5D=rue&value%5B%5D=%22Montgolfier%2C+rue%22&decouvrir_par_terme=Montgolfier%2C+rue"
      }
    },
    {
      "type": "Feature",
      "geometry": {
        "type": "Polygon",
        "coordinates": [
          [
            [
              3.174984193955031,
              50.68750406599419
            ],
            [
              3.174885175810837,
              50.68763792593472
            ],
            [
              3.173717546682517,
              50.68655376477821
            ],
            [
              3.175314726753204,
              50.68544968794234
            ],
            [
              3.175906915088531,
              50.6850389253688
            ],
            [
              3.175306924719936,
              50.68455945613253
            ],
            [
              3.174851185211268,
              50.68420436515495
            ],
            [
              3.174348491764811,
              50.68380987041596
            ],
            [
              3.174833947165858,
              50.68317855249677
            ],
            [
              3.175169820839627,
              50.68295305496208
            ],
            [
              3.175495132191357,
              50.68283094854589
            ],
            [
              3.176311084678154,
              50.68257959882769
            ],
            [
              3.176874436522528,
              50.68240697828537
            ],
            [
              3.178401044766603,
              50.68192873277425
            ],
            [
              3.180189495955893,
              50.681368924746
            ],
            [
              3.180474273081839,
              50.68178511881027
            ],
            [
              3.180991958482848,
              50.68254704785328
            ],
            [
              3.184199100248509,
              50.68145188777782
            ],
            [
              3.185282382496296,
              50.68108018137281
            ],
            [
              3.186011420539369,
              50.68083091312767
            ],
            [
              3.186516846181245,
              50.68065803262291
            ],
            [
              3.187232129785367,
              50.68040768738226
            ],
            [
              3.187730554360274,
              50.68023934496954
            ],
            [
              3.188337965968684,
              50.68003399217059
            ],
            [
              3.189392734577026,
              50.6796774640717
            ],
            [
              3.189605445280366,
              50.68016593779824
            ],
            [
              3.189716007790912,
              50.68041603136899
            ],
            [
              3.189945893698266,
              50.68089925868117
            ],
            [
              3.189073606878377,
              50.68133457574323
            ],
            [
              3.187027839916637,
              50.68244115573381
            ],
            [
              3.186512058540447,
              50.68269330857248
            ],
            [
              3.18514846479684,
              50.68341697754792
            ],
            [
              3.184416574168606,
              50.68380343453095
            ],
            [
              3.183198164888442,
              50.6844508211032
            ],
            [
              3.182002735304558,
              50.68528856876804
            ],
            [
              3.181666575610362,
              50.68566769631034
            ],
            [
              3.180388194742744,
              50.68513257961124
            ],
            [
              3.179825026819846,
              50.68489081392781
            ],
            [
              3.178665885822757,
              50.68441337722466
            ],
            [
              3.178004102125626,
              50.68477706802298
            ],
            [
              3.176963004856107,
              50.68528684219799
            ],
            [
              3.176427102842095,
              50.68561487037336
            ],
            [
              3.176029225672839,
              50.68587748955579
            ],
            [
              3.17587760193396,
              50.68603984448065
            ],
            [
              3.17544490888863,
              50.68713918001467
            ],
            [
              3.174984193955031,
              50.68750406599419
            ]
          ]
        ]
      },
      "properties": {
        "name": "Moulin",
        "source": "quartier",
        "documents": 11,
        "instruments_de_recherche": 5,
        "geometrie_officielle": false,
        "rue_autre_forme": null,
        "url": "https://www.bn-r.fr/resultat.php?type_rech=pl&index%5B%5D=quartier&value%5B%5D=%22Moulin%22&decouvrir_par_terme=Moulin"
      }
    },
    {
      "type": "Feature",
      "geometry": {
        "type": "LineString",
        "coordinates": [
          [
            3.160967,
            50.69312
          ],
          [
            3.160098,
            50.693373
          ],
          [
            3.159318,
            50.693605
          ],
          [
            3.158079,
            50.693959
          ],
          [
            3.157749,
            50.694115
          ],
          [
            3.157111,
            50.694437
          ],
          [
            3.156734,
            50.694547
          ],
          [
            3.156576,
            50.694568
          ],
          [
            3.15531,
            50.694637
          ]
        ]
      },
      "properties": {
        "name": "Rue de Mouvaux",
        "source": "rue",
        "documents": 52,
        "instruments_de_recherche": 10,
        "geometrie_officielle": true,
        "rue_autre_forme": "Mouvaux, rue de",
        "url": "https://www.bn-r.fr/resultat.php?type_rech=pl&index%5B%5D=rue&value%5B%5D=%22Mouvaux%2C+rue+de%22&decouvrir_par_terme=Mouvaux%2C+rue+de"
      }
    },
    {
      "type": "Feature",
      "geometry": {
        "type": "LineString",
        "coordinates": [
          [
            3.191256,
            50.683862
          ],
          [
            3.192654,
            50.684636
          ],
          [
            3.192689,
            50.684655
          ],
          [
            3.193614,
            50.685178
          ],
          [
            3.194512,
            50.685672
          ],
          [
            3.195645,
            50.686296
          ],
          [
            3.196771,
            50.686864
          ],
          [
            3.196991,
            50.68697
          ],
          [
            3.197243,
            50.687094
          ],
          [
            3.197712,
            50.687324
          ],
          [
            3.198143,
            50.687534
          ],
          [
            3.198841,
            50.687881
          ],
          [
            3.199464,
            50.688184
          ],
          [
            3.201345,
            50.689109
          ],
          [
            3.201648,
            50.689256
          ]
        ]
      },
      "properties": {
        "name": "Boulevard de Mulhouse",
        "source": "rue",
        "documents": 2,
        "instruments_de_recherche": 1,
        "geometrie_officielle": true,
        "rue_autre_forme": "Mulbhouse, boulevard de",
        "url": "https://www.bn-r.fr/resultat.php?type_rech=pl&index%5B%5D=rue&value%5B%5D=%22Mulbhouse%2C+boulevard+de%22&decouvrir_par_terme=Mulbhouse%2C+boulevard+de"
      }
    },
    {
      "type": "Feature",
      "geometry": {
        "type": "LineString",
        "coordinates": [
          [
            3.191256,
            50.683862
          ],
          [
            3.192654,
            50.684636
          ],
          [
            3.192689,
            50.684655
          ],
          [
            3.193614,
            50.685178
          ],
          [
            3.194512,
            50.685672
          ],
          [
            3.195645,
            50.686296
          ],
          [
            3.196771,
            50.686864
          ],
          [
            3.196991,
            50.68697
          ],
          [
            3.197243,
            50.687094
          ],
          [
            3.197712,
            50.687324
          ],
          [
            3.198143,
            50.687534
          ],
          [
            3.198841,
            50.687881
          ],
          [
            3.199464,
            50.688184
          ],
          [
            3.201345,
            50.689109
          ],
          [
            3.201648,
            50.689256
          ]
        ]
      },
      "properties": {
        "name": "Boulevard de Mulhouse",
        "source": "rue",
        "documents": 21,
        "instruments_de_recherche": 5,
        "geometrie_officielle": true,
        "rue_autre_forme": "Mulhouse, boulevard de",
        "url": "https://www.bn-r.fr/resultat.php?type_rech=pl&index%5B%5D=rue&value%5B%5D=%22Mulhouse%2C+boulevard+de%22&decouvrir_par_terme=Mulhouse%2C+boulevard+de"
      }
    },
    {
      "type": "Feature",
      "geometry": {
        "type": "MultiLineString",
        "coordinates": [
          [
            [
              3.188656,
              50.6865
            ],
            [
              3.190177,
              50.685384
            ]
          ],
          [
            [
              3.187637,
              50.686821
            ],
            [
              3.187775,
              50.686806
            ],
            [
              3.18813,
              50.686517
            ],
            [
              3.188656,
              50.6865
            ]
          ]
        ]
      },
      "properties": {
        "name": "Rue Nabuchodonosor",
        "source": "rue",
        "documents": 4,
        "instruments_de_recherche": 3,
        "geometrie_officielle": true,
        "rue_autre_forme": "Nabuchodonosor, rue",
        "url": "https://www.bn-r.fr/resultat.php?type_rech=pl&index%5B%5D=rue&value%5B%5D=%22Nabuchodonosor%2C+rue%22&decouvrir_par_terme=Nabuchodonosor%2C+rue"
      }
    },
    {
      "type": "Feature",
      "geometry": {
        "type": "LineString",
        "coordinates": [
          [
            3.187586,
            50.694068
          ],
          [
            3.18788,
            50.694086
          ]
        ]
      },
      "properties": {
        "name": "Place Nadaud",
        "source": "rue",
        "documents": 9,
        "instruments_de_recherche": 3,
        "geometrie_officielle": true,
        "rue_autre_forme": "Nadaud, place",
        "url": "https://www.bn-r.fr/resultat.php?type_rech=pl&index%5B%5D=rue&value%5B%5D=%22Nadaud%2C+place%22&decouvrir_par_terme=Nadaud%2C+place"
      }
    },
    {
      "type": "Feature",
      "geometry": {
        "type": "LineString",
        "coordinates": [
          [
            3.188033,
            50.694034
          ],
          [
            3.188696,
            50.692881
          ]
        ]
      },
      "properties": {
        "name": "Rue Nadaud",
        "source": "rue",
        "documents": 2,
        "instruments_de_recherche": 2,
        "geometrie_officielle": true,
        "rue_autre_forme": "Nadaud, rue",
        "url": "https://www.bn-r.fr/resultat.php?type_rech=pl&index%5B%5D=rue&value%5B%5D=%22Nadaud%2C+rue%22&decouvrir_par_terme=Nadaud%2C+rue"
      }
    },
    {
      "type": "Feature",
      "geometry": {
        "type": "MultiLineString",
        "coordinates": [
          [
            [
              3.172922,
              50.692398
            ],
            [
              3.172184,
              50.692759
            ],
            [
              3.171219,
              50.693192
            ]
          ],
          [
            [
              3.171219,
              50.693192
            ],
            [
              3.17023,
              50.693643
            ],
            [
              3.169988,
              50.69373
            ],
            [
              3.169737,
              50.693777
            ]
          ],
          [
            [
              3.168934,
              50.693927
            ],
            [
              3.169737,
              50.693777
            ]
          ]
        ]
      },
      "properties": {
        "name": "Rue Nain",
        "source": "rue",
        "documents": 26,
        "instruments_de_recherche": 5,
        "geometrie_officielle": true,
        "rue_autre_forme": "Nain, rue",
        "url": "https://www.bn-r.fr/resultat.php?type_rech=pl&index%5B%5D=rue&value%5B%5D=%22Nain%2C+rue%22&decouvrir_par_terme=Nain%2C+rue"
      }
    },
    {
      "type": "Feature",
      "geometry": {
        "type": "MultiLineString",
        "coordinates": [
          [
            [
              3.195645,
              50.686296
            ],
            [
              3.195698,
              50.686157
            ],
            [
              3.196,
              50.685487
            ],
            [
              3.196449,
              50.684458
            ]
          ],
          [
            [
              3.197239,
              50.683137
            ],
            [
              3.196449,
              50.684458
            ]
          ]
        ]
      },
      "properties": {
        "name": "Rue de Nancy",
        "source": "rue",
        "documents": 3,
        "instruments_de_recherche": 2,
        "geometrie_officielle": true,
        "rue_autre_forme": "Nancy, rue de",
        "url": "https://www.bn-r.fr/resultat.php?type_rech=pl&index%5B%5D=rue&value%5B%5D=%22Nancy%2C+rue+de%22&decouvrir_par_terme=Nancy%2C+rue+de"
      }
    },
    {
      "type": "Feature",
      "geometry": {
        "type": "MultiLineString",
        "coordinates": [
          [
            [
              3.160312,
              50.694409
            ],
            [
              3.159046,
              50.695062
            ]
          ],
          [
            [
              3.159046,
              50.695062
            ],
            [
              3.157985,
              50.695625
            ],
            [
              3.156963,
              50.696146
            ],
            [
              3.15643,
              50.696419
            ]
          ]
        ]
      },
      "properties": {
        "name": "Rue de Naples",
        "source": "rue",
        "documents": 10,
        "instruments_de_recherche": 5,
        "geometrie_officielle": true,
        "rue_autre_forme": "Naples, rue de",
        "url": "https://www.bn-r.fr/resultat.php?type_rech=pl&index%5B%5D=rue&value%5B%5D=%22Naples%2C+rue+de%22&decouvrir_par_terme=Naples%2C+rue+de"
      }
    },
    {
      "type": "Feature",
      "geometry": {
        "type": "LineString",
        "coordinates": [
          [
            3.182492,
            50.69939
          ],
          [
            3.183491,
            50.699441
          ]
        ]
      },
      "properties": {
        "name": "Place de la Nation",
        "source": "rue",
        "documents": 3,
        "instruments_de_recherche": 2,
        "geometrie_officielle": true,
        "rue_autre_forme": "Nation, place de la",
        "url": "https://www.bn-r.fr/resultat.php?type_rech=pl&index%5B%5D=rue&value%5B%5D=%22Nation%2C+place+de+la%22&decouvrir_par_terme=Nation%2C+place+de+la"
      }
    },
    {
      "type": "Feature",
      "geometry": {
        "type": "MultiLineString",
        "coordinates": [
          [
            [
              3.169028,
              50.692854
            ],
            [
              3.169297,
              50.693204
            ]
          ],
          [
            [
              3.169737,
              50.693777
            ],
            [
              3.169297,
              50.693204
            ]
          ]
        ]
      },
      "properties": {
        "name": "Rue Nationale",
        "source": "rue",
        "documents": 1,
        "instruments_de_recherche": 1,
        "geometrie_officielle": true,
        "rue_autre_forme": "Nationale, rue",
        "url": "https://www.bn-r.fr/resultat.php?type_rech=pl&index%5B%5D=rue&value%5B%5D=%22Nationale%2C+rue%22&decouvrir_par_terme=Nationale%2C+rue"
      }
    },
    {
      "type": "Feature",
      "geometry": {
        "type": "Polygon",
        "coordinates": [
          [
            [
              3.173407695280584,
              50.69170424041786
            ],
            [
              3.172993519086548,
              50.69222115970341
            ],
            [
              3.172936472283046,
              50.69241652774024
            ],
            [
              3.173165657469711,
              50.69275758324554
            ],
            [
              3.17341474231069,
              50.69290648509359
            ],
            [
              3.173666930615996,
              50.69296674185266
            ],
            [
              3.174179062156491,
              50.69299858120009
            ],
            [
              3.174139793698378,
              50.69330531714797
            ],
            [
              3.174135498256326,
              50.69369899566686
            ],
            [
              3.173834786920403,
              50.69378973559365
            ],
            [
              3.173478735199154,
              50.69394451772387
            ],
            [
              3.172523713547142,
              50.6943647397305
            ],
            [
              3.171518541973467,
              50.69477792888578
            ],
            [
              3.171152545300951,
              50.69492846798891
            ],
            [
              3.169932873203911,
              50.69539668079946
            ],
            [
              3.167444793244688,
              50.69633520975794
            ],
            [
              3.165937443453576,
              50.69718325724667
            ],
            [
              3.165902472582425,
              50.69720288127402
            ],
            [
              3.165024611233127,
              50.6976954781202
            ],
            [
              3.164582031980312,
              50.69788308817869
            ],
            [
              3.164191177453778,
              50.69801328809313
            ],
            [
              3.164080763964513,
              50.69767242281372
            ],
            [
              3.163961939800346,
              50.69734493608807
            ],
            [
              3.16384214107906,
              50.69706161137747
            ],
            [
              3.163708912995192,
              50.69678685132483
            ],
            [
              3.163584778600947,
              50.69654911696514
            ],
            [
              3.163426952331124,
              50.69629575635273
            ],
            [
              3.163242167279414,
              50.69602818638366
            ],
            [
              3.163738920574598,
              50.69572068661633
            ],
            [
              3.164101480271573,
              50.69569125121363
            ],
            [
              3.1642451013813,
              50.69527998808669
            ],
            [
              3.164738195181682,
              50.69508445526792
            ],
            [
              3.165300032295631,
              50.69483783190604
            ],
            [
              3.166059039670879,
              50.69453589489924
            ],
            [
              3.166593031047293,
              50.69431642680491
            ],
            [
              3.167175175716127,
              50.69408629660207
            ],
            [
              3.16809558157175,
              50.69371272939592
            ],
            [
              3.173081475574756,
              50.69166518196878
            ],
            [
              3.173407695280584,
              50.69170424041786
            ]
          ]
        ]
      },
      "properties": {
        "name": "Nations Unies",
        "source": "quartier",
        "documents": 7,
        "instruments_de_recherche": 2,
        "geometrie_officielle": false,
        "rue_autre_forme": null,
        "url": "https://www.bn-r.fr/resultat.php?type_rech=pl&index%5B%5D=quartier&value%5B%5D=%22Nations+Unies%22&decouvrir_par_terme=Nations+Unies"
      }
    },
    {
      "type": "Feature",
      "geometry": {
        "type": "MultiLineString",
        "coordinates": [
          [
            [
              3.173473,
              50.693946
            ],
            [
              3.173936,
              50.69375
            ],
            [
              3.174401,
              50.693665
            ],
            [
              3.174781,
              50.693661
            ],
            [
              3.175084,
              50.693713
            ],
            [
              3.176172,
              50.694057
            ],
            [
              3.176628,
              50.694202
            ],
            [
              3.176908,
              50.694286
            ],
            [
              3.177411,
              50.69435
            ],
            [
              3.177659,
              50.694374
            ],
            [
              3.178135,
              50.694474
            ],
            [
              3.17922,
              50.69483
            ],
            [
              3.179489,
              50.694913
            ],
            [
              3.179842,
              50.695027
            ],
            [
              3.180502,
              50.695134
            ],
            [
              3.181619,
              50.695188
            ],
            [
              3.18223,
              50.695122
            ],
            [
              3.182545,
              50.694956
            ],
            [
              3.182633,
              50.69493
            ],
            [
              3.182835,
              50.694748
            ],
            [
              3.183174,
              50.694234
            ],
            [
              3.183385,
              50.693939
            ],
            [
              3.183789,
              50.693458
            ],
            [
              3.183884,
              50.693352
            ],
            [
              3.184268,
              50.692945
            ],
            [
              3.184618,
              50.69244
            ]
          ],
          [
            [
              3.172529,
              50.694362
            ],
            [
              3.173472,
              50.693946
            ]
          ],
          [
            [
              3.163811,
              50.698164
            ],
            [
              3.163936,
              50.6981
            ],
            [
              3.164396,
              50.697943
            ],
            [
              3.164573,
              50.69788
            ],
            [
              3.16488,
              50.697775
            ],
            [
              3.165115,
              50.697662
            ],
            [
              3.165909,
              50.697207
            ],
            [
              3.166143,
              50.697072
            ],
            [
              3.167462,
              50.696352
            ],
            [
              3.168689,
              50.695881
            ],
            [
              3.169948,
              50.6954
            ],
            [
              3.171539,
              50.694769
            ],
            [
              3.172529,
              50.694362
            ]
          ]
        ]
      },
      "properties": {
        "name": "Avenue des Nations Unies",
        "source": "rue",
        "documents": 53,
        "instruments_de_recherche": 10,
        "geometrie_officielle": true,
        "rue_autre_forme": "Nations Unies, avenue des",
        "url": "https://www.bn-r.fr/resultat.php?type_rech=pl&index%5B%5D=rue&value%5B%5D=%22Nations+Unies%2C+avenue+des%22&decouvrir_par_terme=Nations+Unies%2C+avenue+des"
      }
    },
    {
      "type": "Feature",
      "geometry": {
        "type": "LineString",
        "coordinates": [
          [
            3.183923,
            50.684851
          ],
          [
            3.183926,
            50.684911
          ],
          [
            3.183571,
            50.685147
          ],
          [
            3.183276,
            50.685347
          ]
        ]
      },
      "properties": {
        "name": "Rue Neuve Racine",
        "source": "rue",
        "documents": 1,
        "instruments_de_recherche": 1,
        "geometrie_officielle": true,
        "rue_autre_forme": "Neuve racine, rue",
        "url": "https://www.bn-r.fr/resultat.php?type_rech=pl&index%5B%5D=rue&value%5B%5D=%22Neuve+racine%2C+rue%22&decouvrir_par_terme=Neuve+racine%2C+rue"
      }
    },
    {
      "type": "Feature",
      "geometry": {
        "type": "LineString",
        "coordinates": [
          [
            3.161749,
            50.68873
          ],
          [
            3.160897,
            50.688165
          ],
          [
            3.160416,
            50.687834
          ],
          [
            3.159533,
            50.687243
          ]
        ]
      },
      "properties": {
        "name": "Rue Newcommen",
        "source": "rue",
        "documents": 7,
        "instruments_de_recherche": 3,
        "geometrie_officielle": true,
        "rue_autre_forme": "Newcommen, rue",
        "url": "https://www.bn-r.fr/resultat.php?type_rech=pl&index%5B%5D=rue&value%5B%5D=%22Newcommen%2C+rue%22&decouvrir_par_terme=Newcommen%2C+rue"
      }
    },
    {
      "type": "Feature",
      "geometry": {
        "type": "LineString",
        "coordinates": [
          [
            3.190049,
            50.691119
          ],
          [
            3.190114,
            50.692552
          ]
        ]
      },
      "properties": {
        "name": "Rue Newton",
        "source": "rue",
        "documents": 1,
        "instruments_de_recherche": 1,
        "geometrie_officielle": true,
        "rue_autre_forme": "Newton, rue",
        "url": "https://www.bn-r.fr/resultat.php?type_rech=pl&index%5B%5D=rue&value%5B%5D=%22Newton%2C+rue%22&decouvrir_par_terme=Newton%2C+rue"
      }
    },
    {
      "type": "Feature",
      "geometry": {
        "type": "LineString",
        "coordinates": [
          [
            3.178829,
            50.679836
          ],
          [
            3.178342,
            50.679137
          ]
        ]
      },
      "properties": {
        "name": "Rue Nicolas Poussin",
        "source": "rue",
        "documents": 2,
        "instruments_de_recherche": 1,
        "geometrie_officielle": true,
        "rue_autre_forme": "Nicolas Poussin, rue",
        "url": "https://www.bn-r.fr/resultat.php?type_rech=pl&index%5B%5D=rue&value%5B%5D=%22Nicolas+Poussin%2C+rue%22&decouvrir_par_terme=Nicolas+Poussin%2C+rue"
      }
    },
    {
      "type": "Feature",
      "geometry": {
        "type": "LineString",
        "coordinates": [
          [
            3.171435,
            50.690194
          ],
          [
            3.170823,
            50.689254
          ]
        ]
      },
      "properties": {
        "name": "Rue du Nord",
        "source": "rue",
        "documents": 2,
        "instruments_de_recherche": 2,
        "geometrie_officielle": true,
        "rue_autre_forme": "Nord, rue du",
        "url": "https://www.bn-r.fr/resultat.php?type_rech=pl&index%5B%5D=rue&value%5B%5D=%22Nord%2C+rue+du%22&decouvrir_par_terme=Nord%2C+rue+du"
      }
    },
    {
      "type": "Feature",
      "geometry": {
        "type": "LineString",
        "coordinates": [
          [
            3.181706,
            50.692992
          ],
          [
            3.18122,
            50.693841
          ],
          [
            3.180502,
            50.695134
          ]
        ]
      },
      "properties": {
        "name": "Rue Notre Dame des Victoires",
        "source": "rue",
        "documents": 17,
        "instruments_de_recherche": 4,
        "geometrie_officielle": true,
        "rue_autre_forme": "Notre-Dame des victoires, rue",
        "url": "https://www.bn-r.fr/resultat.php?type_rech=pl&index%5B%5D=rue&value%5B%5D=%22Notre-Dame+des+victoires%2C+rue%22&decouvrir_par_terme=Notre-Dame+des+victoires%2C+rue"
      }
    },
    {
      "type": "Feature",
      "geometry": {
        "type": "Point",
        "coordinates": [
          3.1816836,
          50.6929756
        ]
      },
      "properties": {
        "name": "Place Notre-Dame",
        "source": "rue",
        "documents": 23,
        "instruments_de_recherche": 5,
        "geometrie_officielle": false,
        "rue_autre_forme": "Notre-Dame, place",
        "url": "https://www.bn-r.fr/resultat.php?type_rech=pl&index%5B%5D=rue&value%5B%5D=%22Notre-Dame%2C+place%22&decouvrir_par_terme=Notre-Dame%2C+place"
      }
    },
    {
      "type": "Feature",
      "geometry": {
        "type": "Point",
        "coordinates": [
          3.1816836,
          50.6929756
        ]
      },
      "properties": {
        "name": "Rue Notre-Dame",
        "source": "rue",
        "documents": 11,
        "instruments_de_recherche": 4,
        "geometrie_officielle": false,
        "rue_autre_forme": "Notre-Dame, rue",
        "url": "https://www.bn-r.fr/resultat.php?type_rech=pl&index%5B%5D=rue&value%5B%5D=%22Notre-Dame%2C+rue%22&decouvrir_par_terme=Notre-Dame%2C+rue"
      }
    },
    {
      "type": "Feature",
      "geometry": {
        "type": "Polygon",
        "coordinates": [
          [
            [
              3.187806610197207,
              50.67674739306952
            ],
            [
              3.186829867754468,
              50.67591703776692
            ],
            [
              3.186021779718715,
              50.67523775731757
            ],
            [
              3.1851876382733,
              50.67445203804077
            ],
            [
              3.184804484938602,
              50.67394089898494
            ],
            [
              3.186055129928311,
              50.67330429520682
            ],
            [
              3.186892284824821,
              50.67284102349925
            ],
            [
              3.18773850112912,
              50.67241084446479
            ],
            [
              3.187862758234426,
              50.67235026582568
            ],
            [
              3.188573385301437,
              50.67198083719896
            ],
            [
              3.189482125380458,
              50.67149672240529
            ],
            [
              3.191190920089966,
              50.67256758037184
            ],
            [
              3.191700622417809,
              50.67288040160246
            ],
            [
              3.192065798634254,
              50.67311184469411
            ],
            [
              3.19315633400723,
              50.67378850281606
            ],
            [
              3.192255584451595,
              50.67429714675417
            ],
            [
              3.189363240808234,
              50.6758896228751
            ],
            [
              3.187806610197207,
              50.67674739306952
            ]
          ]
        ]
      },
      "properties": {
        "name": "Nouveau Roubaix",
        "source": "quartier",
        "documents": 15,
        "instruments_de_recherche": 7,
        "geometrie_officielle": false,
        "rue_autre_forme": null,
        "url": "https://www.bn-r.fr/resultat.php?type_rech=pl&index%5B%5D=quartier&value%5B%5D=%22Nouveau+Roubaix%22&decouvrir_par_terme=Nouveau+Roubaix"
      }
    },
    {
      "type": "Feature",
      "geometry": {
        "type": "MultiLineString",
        "coordinates": [
          [
            [
              3.177288,
              50.698045
            ],
            [
              3.178606,
              50.698374
            ],
            [
              3.180782,
              50.699184
            ]
          ],
          [
            [
              3.175486,
              50.697598
            ],
            [
              3.177288,
              50.698045
            ]
          ]
        ]
      },
      "properties": {
        "name": "Rue du Nouveau Monde",
        "source": "rue",
        "documents": 8,
        "instruments_de_recherche": 3,
        "geometrie_officielle": true,
        "rue_autre_forme": "Nouveau monde, rue du",
        "url": "https://www.bn-r.fr/resultat.php?type_rech=pl&index%5B%5D=rue&value%5B%5D=%22Nouveau+monde%2C+rue+du%22&decouvrir_par_terme=Nouveau+monde%2C+rue+du"
      }
    },
    {
      "type": "Feature",
      "geometry": {
        "type": "MultiLineString",
        "coordinates": [
          [
            [
              3.156614,
              50.687076
            ],
            [
              3.157818,
              50.688108
            ]
          ],
          [
            [
              3.15839,
              50.687853
            ],
            [
              3.158289,
              50.687929
            ],
            [
              3.157937,
              50.68809
            ],
            [
              3.157816,
              50.688115
            ],
            [
              3.157278,
              50.688255
            ]
          ]
        ]
      },
      "properties": {
        "name": "Rue des Ogiers",
        "source": "rue",
        "documents": 3,
        "instruments_de_recherche": 3,
        "geometrie_officielle": true,
        "rue_autre_forme": "Ogiers, rue des",
        "url": "https://www.bn-r.fr/resultat.php?type_rech=pl&index%5B%5D=rue&value%5B%5D=%22Ogiers%2C+rue+des%22&decouvrir_par_terme=Ogiers%2C+rue+des"
      }
    },
    {
      "type": "Feature",
      "geometry": {
        "type": "LineString",
        "coordinates": [
          [
            3.165871,
            50.682401
          ],
          [
            3.165122,
            50.682024
          ]
        ]
      },
      "properties": {
        "name": "Avenue du Onze Novembre",
        "source": "rue",
        "documents": 2,
        "instruments_de_recherche": 1,
        "geometrie_officielle": true,
        "rue_autre_forme": "Onze novembre, avenue du",
        "url": "https://www.bn-r.fr/resultat.php?type_rech=pl&index%5B%5D=rue&value%5B%5D=%22Onze+novembre%2C+avenue+du%22&decouvrir_par_terme=Onze+novembre%2C+avenue+du"
      }
    },
    {
      "type": "Feature",
      "geometry": {
        "type": "MultiLineString",
        "coordinates": [
          [
            [
              3.190151,
              50.703327
            ],
            [
              3.192066,
              50.704358
            ],
            [
              3.192628,
              50.704668
            ],
            [
              3.19291,
              50.704813
            ],
            [
              3.193048,
              50.704884
            ],
            [
              3.19317,
              50.704955
            ],
            [
              3.193489,
              50.705129
            ],
            [
              3.193891,
              50.705348
            ]
          ],
          [
            [
              3.186352,
              50.701288
            ],
            [
              3.186971,
              50.701613
            ],
            [
              3.187878,
              50.7021
            ],
            [
              3.188669,
              50.702522
            ],
            [
              3.18893,
              50.702667
            ],
            [
              3.189406,
              50.702924
            ],
            [
              3.190151,
              50.703327
            ]
          ]
        ]
      },
      "properties": {
        "name": "Rue d'Oran",
        "source": "rue",
        "documents": 18,
        "instruments_de_recherche": 6,
        "geometrie_officielle": true,
        "rue_autre_forme": "Oran, rue d\\'",
        "url": "https://www.bn-r.fr/resultat.php?type_rech=pl&index%5B%5D=rue&value%5B%5D=%22Oran%2C+rue+d%5C%27%22&decouvrir_par_terme=Oran%2C+rue+d%5C%27"
      }
    },
    {
      "type": "Feature",
      "geometry": {
        "type": "MultiLineString",
        "coordinates": [
          [
            [
              3.161849,
              50.695796
            ],
            [
              3.161934,
              50.695907
            ],
            [
              3.162434,
              50.696694
            ]
          ],
          [
            [
              3.159318,
              50.693605
            ],
            [
              3.159516,
              50.693684
            ],
            [
              3.160312,
              50.694409
            ],
            [
              3.160715,
              50.694769
            ],
            [
              3.161849,
              50.695796
            ]
          ],
          [
            [
              3.162434,
              50.696694
            ],
            [
              3.163291,
              50.698021
            ],
            [
              3.163402,
              50.698131
            ]
          ]
        ]
      },
      "properties": {
        "name": "Rue de l'Ouest",
        "source": "rue",
        "documents": 15,
        "instruments_de_recherche": 5,
        "geometrie_officielle": true,
        "rue_autre_forme": "Ouest, rue de l\\'",
        "url": "https://www.bn-r.fr/resultat.php?type_rech=pl&index%5B%5D=rue&value%5B%5D=%22Ouest%2C+rue+de+l%5C%27%22&decouvrir_par_terme=Ouest%2C+rue+de+l%5C%27"
      }
    },
    {
      "type": "Feature",
      "geometry": {
        "type": "MultiLineString",
        "coordinates": [
          [
            [
              3.180282,
              50.696849
            ],
            [
              3.180795,
              50.697051
            ],
            [
              3.181995,
              50.697529
            ]
          ],
          [
            [
              3.178408,
              50.696232
            ],
            [
              3.179273,
              50.696441
            ],
            [
              3.180282,
              50.696849
            ]
          ]
        ]
      },
      "properties": {
        "name": "Rue de la Paix",
        "source": "rue",
        "documents": 7,
        "instruments_de_recherche": 4,
        "geometrie_officielle": true,
        "rue_autre_forme": "Paix, rue de la",
        "url": "https://www.bn-r.fr/resultat.php?type_rech=pl&index%5B%5D=rue&value%5B%5D=%22Paix%2C+rue+de+la%22&decouvrir_par_terme=Paix%2C+rue+de+la"
      }
    },
    {
      "type": "Feature",
      "geometry": {
        "type": "LineString",
        "coordinates": [
          [
            3.190121,
            50.694725
          ],
          [
            3.190979,
            50.694794
          ]
        ]
      },
      "properties": {
        "name": "Rue Papin",
        "source": "rue",
        "documents": 2,
        "instruments_de_recherche": 1,
        "geometrie_officielle": true,
        "rue_autre_forme": "Papin, rue",
        "url": "https://www.bn-r.fr/resultat.php?type_rech=pl&index%5B%5D=rue&value%5B%5D=%22Papin%2C+rue%22&decouvrir_par_terme=Papin%2C+rue"
      }
    },
    {
      "type": "Feature",
      "geometry": {
        "type": "Point",
        "coordinates": [
          3.177469,
          50.687357
        ]
      },
      "properties": {
        "name": "Avenue des Paraboles",
        "source": "rue",
        "documents": 1,
        "instruments_de_recherche": 1,
        "geometrie_officielle": false,
        "rue_autre_forme": "Paraboles, avenue des",
        "url": "https://www.bn-r.fr/resultat.php?type_rech=pl&index%5B%5D=rue&value%5B%5D=%22Paraboles%2C+avenue+des%22&decouvrir_par_terme=Paraboles%2C+avenue+des"
      }
    },
    {
      "type": "Feature",
      "geometry": {
        "type": "MultiLineString",
        "coordinates": [
          [
            [
              3.202484,
              50.675346
            ],
            [
              3.203057,
              50.675644
            ],
            [
              3.203876,
              50.676164
            ],
            [
              3.2047,
              50.67669
            ],
            [
              3.205145,
              50.676977
            ],
            [
              3.205765,
              50.677379
            ],
            [
              3.206949,
              50.678145
            ],
            [
              3.207498,
              50.678496
            ],
            [
              3.208658,
              50.679238
            ],
            [
              3.209241,
              50.679611
            ],
            [
              3.210192,
              50.680508
            ],
            [
              3.210469,
              50.680842
            ],
            [
              3.211452,
              50.682436
            ],
            [
              3.211785,
              50.682987
            ],
            [
              3.211921,
              50.683189
            ],
            [
              3.212035,
              50.683322
            ],
            [
              3.212411,
              50.683681
            ]
          ],
          [
            [
              3.212411,
              50.683681
            ],
            [
              3.212998,
              50.684109
            ],
            [
              3.213306,
              50.684325
            ],
            [
              3.213522,
              50.684637
            ],
            [
              3.213451,
              50.684956
            ],
            [
              3.213363,
              50.685059
            ],
            [
              3.21257,
              50.685634
            ],
            [
              3.212065,
              50.686032
            ],
            [
              3.212065,
              50.686032
            ],
            [
              3.211507,
              50.686723
            ],
            [
              3.2113,
              50.687078
            ],
            [
              3.211127,
              50.687482
            ],
            [
              3.211061,
              50.687701
            ],
            [
              3.210683,
              50.688799
            ],
            [
              3.210577,
              50.689094
            ],
            [
              3.210559,
              50.689295
            ]
          ]
        ]
      },
      "properties": {
        "name": "Avenue du Parc des Sports",
        "source": "rue",
        "documents": 6,
        "instruments_de_recherche": 3,
        "geometrie_officielle": true,
        "rue_autre_forme": "Parc des sports, avenue du",
        "url": "https://www.bn-r.fr/resultat.php?type_rech=pl&index%5B%5D=rue&value%5B%5D=%22Parc+des+sports%2C+avenue+du%22&decouvrir_par_terme=Parc+des+sports%2C+avenue+du"
      }
    },
    {
      "type": "Feature",
      "geometry": {
        "type": "MultiLineString",
        "coordinates": [
          [
            [
              3.160477,
              50.692002
            ],
            [
              3.161077,
              50.691884
            ]
          ],
          [
            [
              3.161958,
              50.691719
            ],
            [
              3.162764,
              50.691564
            ],
            [
              3.162946,
              50.691532
            ]
          ],
          [
            [
              3.161272,
              50.691846
            ],
            [
              3.161958,
              50.691719
            ]
          ]
        ]
      },
      "properties": {
        "name": "Rue du Parc",
        "source": "rue",
        "documents": 4,
        "instruments_de_recherche": 2,
        "geometrie_officielle": true,
        "rue_autre_forme": "Parc, rue du",
        "url": "https://www.bn-r.fr/resultat.php?type_rech=pl&index%5B%5D=rue&value%5B%5D=%22Parc%2C+rue+du%22&decouvrir_par_terme=Parc%2C+rue+du"
      }
    },
    {
      "type": "Feature",
      "geometry": {
        "type": "LineString",
        "coordinates": [
          [
            3.186094,
            50.697423
          ],
          [
            3.184392,
            50.696871
          ],
          [
            3.184174,
            50.696803
          ]
        ]
      },
      "properties": {
        "name": "Rue Parmentier",
        "source": "rue",
        "documents": 5,
        "instruments_de_recherche": 2,
        "geometrie_officielle": true,
        "rue_autre_forme": "Parmentier, rue",
        "url": "https://www.bn-r.fr/resultat.php?type_rech=pl&index%5B%5D=rue&value%5B%5D=%22Parmentier%2C+rue%22&decouvrir_par_terme=Parmentier%2C+rue"
      }
    },
    {
      "type": "Feature",
      "geometry": {
        "type": "LineString",
        "coordinates": [
          [
            3.181276,
            50.68294
          ],
          [
            3.177967,
            50.684265
          ]
        ]
      },
      "properties": {
        "name": "Rue des Parvenus",
        "source": "rue",
        "documents": 2,
        "instruments_de_recherche": 2,
        "geometrie_officielle": true,
        "rue_autre_forme": "Parvenus, rue des",
        "url": "https://www.bn-r.fr/resultat.php?type_rech=pl&index%5B%5D=rue&value%5B%5D=%22Parvenus%2C+rue+des%22&decouvrir_par_terme=Parvenus%2C+rue+des"
      }
    },
    {
      "type": "Feature",
      "geometry": {
        "type": "LineString",
        "coordinates": [
          [
            3.163572,
            50.6981
          ],
          [
            3.163362,
            50.697966
          ]
        ]
      },
      "properties": {
        "name": "Place de la Patrie",
        "source": "rue",
        "documents": 5,
        "instruments_de_recherche": 3,
        "geometrie_officielle": true,
        "rue_autre_forme": "Patrie, place de la",
        "url": "https://www.bn-r.fr/resultat.php?type_rech=pl&index%5B%5D=rue&value%5B%5D=%22Patrie%2C+place+de+la%22&decouvrir_par_terme=Patrie%2C+place+de+la"
      }
    },
    {
      "type": "Feature",
      "geometry": {
        "type": "LineString",
        "coordinates": [
          [
            3.180711,
            50.677891
          ],
          [
            3.182214,
            50.67948
          ]
        ]
      },
      "properties": {
        "name": "Rue Paul Demulder",
        "source": "rue",
        "documents": 2,
        "instruments_de_recherche": 2,
        "geometrie_officielle": true,
        "rue_autre_forme": "Paul Demulder, rue",
        "url": "https://www.bn-r.fr/resultat.php?type_rech=pl&index%5B%5D=rue&value%5B%5D=%22Paul+Demulder%2C+rue%22&decouvrir_par_terme=Paul+Demulder%2C+rue"
      }
    },
    {
      "type": "Feature",
      "geometry": {
        "type": "LineString",
        "coordinates": [
          [
            3.185856,
            50.677849
          ],
          [
            3.186881,
            50.67727
          ],
          [
            3.187801,
            50.676751
          ]
        ]
      },
      "properties": {
        "name": "Rue Paul Wante",
        "source": "rue",
        "documents": 4,
        "instruments_de_recherche": 4,
        "geometrie_officielle": true,
        "rue_autre_forme": "Paul Wante, rue",
        "url": "https://www.bn-r.fr/resultat.php?type_rech=pl&index%5B%5D=rue&value%5B%5D=%22Paul+Wante%2C+rue%22&decouvrir_par_terme=Paul+Wante%2C+rue"
      }
    },
    {
      "type": "Feature",
      "geometry": {
        "type": "LineString",
        "coordinates": [
          [
            3.17356,
            50.694282
          ],
          [
            3.173552,
            50.694292
          ],
          [
            3.173184,
            50.69497
          ],
          [
            3.173028,
            50.695039
          ]
        ]
      },
      "properties": {
        "name": "Rue du Pays",
        "source": "rue",
        "documents": 11,
        "instruments_de_recherche": 4,
        "geometrie_officielle": true,
        "rue_autre_forme": "Pays, rue de",
        "url": "https://www.bn-r.fr/resultat.php?type_rech=pl&index%5B%5D=rue&value%5B%5D=%22Pays%2C+rue+de%22&decouvrir_par_terme=Pays%2C+rue+de"
      }
    },
    {
      "type": "Feature",
      "geometry": {
        "type": "MultiLineString",
        "coordinates": [
          [
            [
              3.179842,
              50.695027
            ],
            [
              3.180187,
              50.695239
            ],
            [
              3.182146,
              50.695896
            ],
            [
              3.182146,
              50.695896
            ]
          ],
          [
            [
              3.182146,
              50.695896
            ],
            [
              3.184314,
              50.696605
            ]
          ]
        ]
      },
      "properties": {
        "name": "Rue Pellart",
        "source": "rue",
        "documents": 51,
        "instruments_de_recherche": 8,
        "geometrie_officielle": true,
        "rue_autre_forme": "Pellart, rue",
        "url": "https://www.bn-r.fr/resultat.php?type_rech=pl&index%5B%5D=rue&value%5B%5D=%22Pellart%2C+rue%22&decouvrir_par_terme=Pellart%2C+rue"
      }
    },
    {
      "type": "Feature",
      "geometry": {
        "type": "MultiLineString",
        "coordinates": [
          [
            [
              3.162391,
              50.686567
            ],
            [
              3.162571,
              50.686507
            ],
            [
              3.162704,
              50.686462
            ],
            [
              3.163164,
              50.6863
            ],
            [
              3.163264,
              50.686247
            ],
            [
              3.163905,
              50.685953
            ],
            [
              3.164414,
              50.685718
            ],
            [
              3.164622,
              50.685621
            ],
            [
              3.165042,
              50.68549
            ]
          ],
          [
            [
              3.165042,
              50.68549
            ],
            [
              3.165046,
              50.685489
            ],
            [
              3.165293,
              50.685431
            ],
            [
              3.165474,
              50.685299
            ],
            [
              3.165901,
              50.684992
            ],
            [
              3.165956,
              50.684794
            ]
          ]
        ]
      },
      "properties": {
        "name": "Rue de la Perche",
        "source": "rue",
        "documents": 17,
        "instruments_de_recherche": 6,
        "geometrie_officielle": true,
        "rue_autre_forme": "Perche, rue de la",
        "url": "https://www.bn-r.fr/resultat.php?type_rech=pl&index%5B%5D=rue&value%5B%5D=%22Perche%2C+rue+de+la%22&decouvrir_par_terme=Perche%2C+rue+de+la"
      }
    },
    {
      "type": "Feature",
      "geometry": {
        "type": "LineString",
        "coordinates": [
          [
            3.189599,
            50.694681
          ],
          [
            3.188826,
            50.694614
          ],
          [
            3.188317,
            50.694521
          ],
          [
            3.188213,
            50.694463
          ],
          [
            3.187905,
            50.694242
          ]
        ]
      },
      "properties": {
        "name": "Rue Perrot",
        "source": "rue",
        "documents": 1,
        "instruments_de_recherche": 1,
        "geometrie_officielle": true,
        "rue_autre_forme": "Perrot, rue",
        "url": "https://www.bn-r.fr/resultat.php?type_rech=pl&index%5B%5D=rue&value%5B%5D=%22Perrot%2C+rue%22&decouvrir_par_terme=Perrot%2C+rue"
      }
    },
    {
      "type": "Feature",
      "geometry": {
        "type": "Polygon",
        "coordinates": [
          [
            [
              3.191190920089966,
              50.67256758037184
            ],
            [
              3.189482125380458,
              50.67149672240529
            ],
            [
              3.188201942137129,
              50.67068456072032
            ],
            [
              3.186909220526661,
              50.66986036272725
            ],
            [
              3.187104739322498,
              50.66988258106115
            ],
            [
              3.187289081771989,
              50.66990822957197
            ],
            [
              3.187317367807816,
              50.66990802719833
            ],
            [
              3.187359957506559,
              50.66991671155346
            ],
            [
              3.187473265152911,
              50.66992488898154
            ],
            [
              3.187486928991232,
              50.66989782309039
            ],
            [
              3.187556369908788,
              50.66982541179504
            ],
            [
              3.187639633618185,
              50.66973492247012
            ],
            [
              3.187681105365745,
              50.66968069029949
            ],
            [
              3.187722736317675,
              50.66963544514639
            ],
            [
              3.187764370022064,
              50.66959020086939
            ],
            [
              3.187848109515852,
              50.66952667607642
            ],
            [
              3.187861935189736,
              50.66950859805836
            ],
            [
              3.18795934070088,
              50.66941800722523
            ],
            [
              3.187987309181365,
              50.66939982882526
            ],
            [
              3.188071050899414,
              50.66933630385982
            ],
            [
              3.188142404073392,
              50.6693717492111
            ],
            [
              3.188242206723906,
              50.66941597986417
            ],
            [
              3.188427505991248,
              50.66949555430924
            ],
            [
              3.188555913855175,
              50.66955755793579
            ],
            [
              3.188955280906935,
              50.66974346661296
            ],
            [
              3.189454296137139,
              50.66996461567131
            ],
            [
              3.189554098298906,
              50.67000884523592
            ],
            [
              3.189651821014047,
              50.66993622899703
            ],
            [
              3.190126934820084,
              50.66960920154484
            ],
            [
              3.190224655934717,
              50.669536586607
            ],
            [
              3.190324620511714,
              50.66958980350704
            ],
            [
              3.190552993185265,
              50.66970502187579
            ],
            [
              3.190895157320068,
              50.66985537878584
            ],
            [
              3.191422949619731,
              50.67010327957539
            ],
            [
              3.191494469054141,
              50.67014771177572
            ],
            [
              3.191781025303443,
              50.6703524012034
            ],
            [
              3.192025635945692,
              50.67058435972785
            ],
            [
              3.192284393528806,
              50.67081621683304
            ],
            [
              3.19254572039938,
              50.67119188161914
            ],
            [
              3.192603899885728,
              50.67128135531452
            ],
            [
              3.192720421087905,
              50.67146928959027
            ],
            [
              3.192193798133735,
              50.67196790736448
            ],
            [
              3.192199801824192,
              50.67208643190531
            ],
            [
              3.192574633009436,
              50.67239092784399
            ],
            [
              3.191700622417809,
              50.67288040160246
            ],
            [
              3.191190920089966,
              50.67256758037184
            ]
          ]
        ]
      },
      "properties": {
        "name": "Petites Haies",
        "source": "quartier",
        "documents": 1,
        "instruments_de_recherche": 1,
        "geometrie_officielle": false,
        "rue_autre_forme": null,
        "url": "https://www.bn-r.fr/resultat.php?type_rech=pl&index%5B%5D=quartier&value%5B%5D=%22Petites+Haies%22&decouvrir_par_terme=Petites+Haies"
      }
    },
    {
      "type": "Feature",
      "geometry": {
        "type": "MultiLineString",
        "coordinates": [
          [
            [
              3.178724,
              50.674865
            ],
            [
              3.177744,
              50.675372
            ],
            [
              3.175894,
              50.676321
            ]
          ],
          [
            [
              3.180987,
              50.673791
            ],
            [
              3.180777,
              50.673815
            ],
            [
              3.178724,
              50.674865
            ]
          ]
        ]
      },
      "properties": {
        "name": "Rue Philibert Delorme",
        "source": "rue",
        "documents": 1,
        "instruments_de_recherche": 1,
        "geometrie_officielle": true,
        "rue_autre_forme": "Philibert Delorme, rue",
        "url": "https://www.bn-r.fr/resultat.php?type_rech=pl&index%5B%5D=rue&value%5B%5D=%22Philibert+Delorme%2C+rue%22&decouvrir_par_terme=Philibert+Delorme%2C+rue"
      }
    },
    {
      "type": "Feature",
      "geometry": {
        "type": "LineString",
        "coordinates": [
          [
            3.177548,
            50.69948
          ],
          [
            3.176484,
            50.700243
          ],
          [
            3.175754,
            50.700775
          ],
          [
            3.175752,
            50.700776
          ]
        ]
      },
      "properties": {
        "name": "Rue Philippe Lebon",
        "source": "rue",
        "documents": 3,
        "instruments_de_recherche": 2,
        "geometrie_officielle": true,
        "rue_autre_forme": "Philippe Lebon, rue",
        "url": "https://www.bn-r.fr/resultat.php?type_rech=pl&index%5B%5D=rue&value%5B%5D=%22Philippe+Lebon%2C+rue%22&decouvrir_par_terme=Philippe+Lebon%2C+rue"
      }
    },
    {
      "type": "Feature",
      "geometry": {
        "type": "MultiLineString",
        "coordinates": [
          [
            [
              3.18691,
              50.702931
            ],
            [
              3.188067,
              50.70343
            ]
          ],
          [
            [
              3.184949,
              50.702342
            ],
            [
              3.18691,
              50.702931
            ]
          ],
          [
            [
              3.188067,
              50.70343
            ],
            [
              3.189574,
              50.704077
            ]
          ]
        ]
      },
      "properties": {
        "name": "Rue de Philippeville",
        "source": "rue",
        "documents": 1,
        "instruments_de_recherche": 1,
        "geometrie_officielle": true,
        "rue_autre_forme": "Philippeville, rue de",
        "url": "https://www.bn-r.fr/resultat.php?type_rech=pl&index%5B%5D=rue&value%5B%5D=%22Philippeville%2C+rue+de%22&decouvrir_par_terme=Philippeville%2C+rue+de"
      }
    },
    {
      "type": "Feature",
      "geometry": {
        "type": "LineString",
        "coordinates": [
          [
            3.210192,
            50.680508
          ],
          [
            3.211659,
            50.68016
          ]
        ]
      },
      "properties": {
        "name": "Rue Pierre de Coubertin",
        "source": "rue",
        "documents": 3,
        "instruments_de_recherche": 2,
        "geometrie_officielle": true,
        "rue_autre_forme": "Pierre De Coubertin, rue",
        "url": "https://www.bn-r.fr/resultat.php?type_rech=pl&index%5B%5D=rue&value%5B%5D=%22Pierre+De+Coubertin%2C+rue%22&decouvrir_par_terme=Pierre+De+Coubertin%2C+rue"
      }
    },
    {
      "type": "Feature",
      "geometry": {
        "type": "MultiLineString",
        "coordinates": [
          [
            [
              3.191298,
              50.685952
            ],
            [
              3.192045,
              50.685226
            ],
            [
              3.192654,
              50.684636
            ],
            [
              3.19372,
              50.683599
            ],
            [
              3.194084,
              50.683257
            ],
            [
              3.194525,
              50.682826
            ],
            [
              3.195064,
              50.682306
            ]
          ],
          [
            [
              3.187321,
              50.689818
            ],
            [
              3.187875,
              50.689267
            ],
            [
              3.188448,
              50.688714
            ],
            [
              3.188893,
              50.688283
            ],
            [
              3.189362,
              50.687832
            ],
            [
              3.190351,
              50.686857
            ],
            [
              3.191298,
              50.685952
            ]
          ],
          [
            [
              3.187321,
              50.689818
            ],
            [
              3.187321,
              50.689818
            ]
          ],
          [
            [
              3.184618,
              50.69244
            ],
            [
              3.184759,
              50.692207
            ],
            [
              3.184977,
              50.691951
            ],
            [
              3.185813,
              50.691157
            ],
            [
              3.186667,
              50.690394
            ],
            [
              3.18698,
              50.690114
            ],
            [
              3.187321,
              50.689818
            ]
          ]
        ]
      },
      "properties": {
        "name": "Rue Pierre de Roubaix",
        "source": "rue",
        "documents": 4,
        "instruments_de_recherche": 2,
        "geometrie_officielle": true,
        "rue_autre_forme": "Pierre De Roubaix, rue",
        "url": "https://www.bn-r.fr/resultat.php?type_rech=pl&index%5B%5D=rue&value%5B%5D=%22Pierre+De+Roubaix%2C+rue%22&decouvrir_par_terme=Pierre+De+Roubaix%2C+rue"
      }
    },
    {
      "type": "Feature",
      "geometry": {
        "type": "MultiLineString",
        "coordinates": [
          [
            [
              3.176484,
              50.690934
            ],
            [
              3.176463,
              50.690913
            ],
            [
              3.176115,
              50.690925
            ],
            [
              3.175516,
              50.690941
            ],
            [
              3.175369,
              50.690952
            ]
          ],
          [
            [
              3.176492,
              50.690918
            ],
            [
              3.177947,
              50.690893
            ]
          ]
        ]
      },
      "properties": {
        "name": "Rue Pierre Motte",
        "source": "rue",
        "documents": 70,
        "instruments_de_recherche": 11,
        "geometrie_officielle": true,
        "rue_autre_forme": "Pierre Motte, rue",
        "url": "https://www.bn-r.fr/resultat.php?type_rech=pl&index%5B%5D=rue&value%5B%5D=%22Pierre+Motte%2C+rue%22&decouvrir_par_terme=Pierre+Motte%2C+rue"
      }
    },
    {
      "type": "Feature",
      "geometry": {
        "type": "MultiLineString",
        "coordinates": [
          [
            [
              3.191298,
              50.685952
            ],
            [
              3.192045,
              50.685226
            ],
            [
              3.192654,
              50.684636
            ],
            [
              3.19372,
              50.683599
            ],
            [
              3.194084,
              50.683257
            ],
            [
              3.194525,
              50.682826
            ],
            [
              3.195064,
              50.682306
            ]
          ],
          [
            [
              3.187321,
              50.689818
            ],
            [
              3.187875,
              50.689267
            ],
            [
              3.188448,
              50.688714
            ],
            [
              3.188893,
              50.688283
            ],
            [
              3.189362,
              50.687832
            ],
            [
              3.190351,
              50.686857
            ],
            [
              3.191298,
              50.685952
            ]
          ],
          [
            [
              3.187321,
              50.689818
            ],
            [
              3.187321,
              50.689818
            ]
          ],
          [
            [
              3.184618,
              50.69244
            ],
            [
              3.184759,
              50.692207
            ],
            [
              3.184977,
              50.691951
            ],
            [
              3.185813,
              50.691157
            ],
            [
              3.186667,
              50.690394
            ],
            [
              3.18698,
              50.690114
            ],
            [
              3.187321,
              50.689818
            ]
          ]
        ]
      },
      "properties": {
        "name": "Rue Pierre de Roubaix",
        "source": "rue",
        "documents": 25,
        "instruments_de_recherche": 7,
        "geometrie_officielle": true,
        "rue_autre_forme": "Pierre de Roubaix, rue",
        "url": "https://www.bn-r.fr/resultat.php?type_rech=pl&index%5B%5D=rue&value%5B%5D=%22Pierre+de+Roubaix%2C+rue%22&decouvrir_par_terme=Pierre+de+Roubaix%2C+rue"
      }
    },
    {
      "type": "Feature",
      "geometry": {
        "type": "LineString",
        "coordinates": [
          [
            3.17933,
            50.679653
          ],
          [
            3.180028,
            50.679419
          ]
        ]
      },
      "properties": {
        "name": "Rue Pigalle",
        "source": "rue",
        "documents": 1,
        "instruments_de_recherche": 1,
        "geometrie_officielle": true,
        "rue_autre_forme": "Pigalle, rue",
        "url": "https://www.bn-r.fr/resultat.php?type_rech=pl&index%5B%5D=rue&value%5B%5D=%22Pigalle%2C+rue%22&decouvrir_par_terme=Pigalle%2C+rue"
      }
    },
    {
      "type": "Feature",
      "geometry": {
        "type": "Polygon",
        "coordinates": [
          [
            [
              3.201512531985414,
              50.6934476328514
            ],
            [
              3.201407771819268,
              50.69343014725989
            ],
            [
              3.201110392083311,
              50.69380428337752
            ],
            [
              3.198031342452787,
              50.69333557642266
            ],
            [
              3.19593184569584,
              50.69300263192721
            ],
            [
              3.195090805913413,
              50.6928692901549
            ],
            [
              3.194470606422501,
              50.69277902468498
            ],
            [
              3.193891795487861,
              50.69271596385177
            ],
            [
              3.193039686777756,
              50.69269109720396
            ],
            [
              3.192091218359885,
              50.6927462028752
            ],
            [
              3.191447264648252,
              50.69283120084832
            ],
            [
              3.190800409593299,
              50.69249165968917
            ],
            [
              3.190118504606372,
              50.69255139388975
            ],
            [
              3.189397109445757,
              50.69262678047154
            ],
            [
              3.188817919431881,
              50.69270288467278
            ],
            [
              3.188651772192881,
              50.69272471551464
            ],
            [
              3.187707133028268,
              50.69280447789912
            ],
            [
              3.187005216466764,
              50.69286662112278
            ],
            [
              3.18600310124918,
              50.69268897572196
            ],
            [
              3.184650381467185,
              50.69244201522396
            ],
            [
              3.184650406780292,
              50.69244198377907
            ],
            [
              3.185071029622803,
              50.69194842078358
            ],
            [
              3.186700784996512,
              50.69040385172184
            ],
            [
              3.187881620428754,
              50.68926815743258
            ],
            [
              3.188458929180712,
              50.68871242335845
            ],
            [
              3.188893279756465,
              50.68828252441926
            ],
            [
              3.189354522057224,
              50.68782699367236
            ],
            [
              3.19037015366834,
              50.68686449312622
            ],
            [
              3.191299940720353,
              50.68595420942219
            ],
            [
              3.192062068650782,
              50.68520208257833
            ],
            [
              3.192624926391553,
              50.68464672216665
            ],
            [
              3.194509837268183,
              50.68567676759766
            ],
            [
              3.195654838101584,
              50.68631562353409
            ],
            [
              3.196762944581456,
              50.68687617030501
            ],
            [
              3.19722339655014,
              50.68710475605778
            ],
            [
              3.19816890920584,
              50.68756057465304
            ],
            [
              3.199452855296052,
              50.6881856222613
            ],
            [
              3.201627620003197,
              50.68923657201096
            ],
            [
              3.202167589860602,
              50.68860489487004
            ],
            [
              3.203757447838059,
              50.68902801104252
            ],
            [
              3.204122877020482,
              50.68913495960859
            ],
            [
              3.204163158094649,
              50.68908293744176
            ],
            [
              3.204464916026801,
              50.68917951023515
            ],
            [
              3.203349372278906,
              50.69114705180201
            ],
            [
              3.203277707493558,
              50.69118549676312
            ],
            [
              3.202791781114033,
              50.69179805796528
            ],
            [
              3.202565668386086,
              50.69205814456335
            ],
            [
              3.202429712600075,
              50.69221707616592
            ],
            [
              3.202485680743545,
              50.69223653382164
            ],
            [
              3.201512531985414,
              50.6934476328514
            ]
          ]
        ]
      },
      "properties": {
        "name": "Pile",
        "source": "quartier",
        "documents": 68,
        "instruments_de_recherche": 10,
        "geometrie_officielle": false,
        "rue_autre_forme": null,
        "url": "https://www.bn-r.fr/resultat.php?type_rech=pl&index%5B%5D=quartier&value%5B%5D=%22Pile%22&decouvrir_par_terme=Pile"
      }
    },
    {
      "type": "Feature",
      "geometry": {
        "type": "MultiLineString",
        "coordinates": [
          [
            [
              3.19315,
              50.688158
            ],
            [
              3.194204,
              50.688552
            ],
            [
              3.195185,
              50.68898
            ]
          ],
          [
            [
              3.196515,
              50.68922
            ],
            [
              3.195817,
              50.689141
            ],
            [
              3.19548,
              50.689071
            ],
            [
              3.195185,
              50.68898
            ]
          ],
          [
            [
              3.196515,
              50.68922
            ],
            [
              3.197024,
              50.689283
            ],
            [
              3.197409,
              50.689331
            ],
            [
              3.197944,
              50.689495
            ],
            [
              3.198193,
              50.689573
            ],
            [
              3.199408,
              50.689945
            ],
            [
              3.199933,
              50.690094
            ],
            [
              3.200783,
              50.690358
            ]
          ]
        ]
      },
      "properties": {
        "name": "Rue du Pile",
        "source": "rue",
        "documents": 14,
        "instruments_de_recherche": 6,
        "geometrie_officielle": true,
        "rue_autre_forme": "Pile, rue du",
        "url": "https://www.bn-r.fr/resultat.php?type_rech=pl&index%5B%5D=rue&value%5B%5D=%22Pile%2C+rue+du%22&decouvrir_par_terme=Pile%2C+rue+du"
      }
    },
    {
      "type": "Feature",
      "geometry": {
        "type": "LineString",
        "coordinates": [
          [
            3.173926,
            50.688951
          ],
          [
            3.175129,
            50.689192
          ],
          [
            3.175132,
            50.689193
          ],
          [
            3.17729,
            50.689612
          ]
        ]
      },
      "properties": {
        "name": "Rue de la Poste",
        "source": "rue",
        "documents": 4,
        "instruments_de_recherche": 1,
        "geometrie_officielle": true,
        "rue_autre_forme": "Poste, rue de la",
        "url": "https://www.bn-r.fr/resultat.php?type_rech=pl&index%5B%5D=rue&value%5B%5D=%22Poste%2C+rue+de+la%22&decouvrir_par_terme=Poste%2C+rue+de+la"
      }
    },
    {
      "type": "Feature",
      "geometry": {
        "type": "Polygon",
        "coordinates": [
          [
            [
              3.176308123671855,
              50.68258024913015
            ],
            [
              3.176077357167954,
              50.68223301007919
            ],
            [
              3.175556902885895,
              50.68164762623804
            ],
            [
              3.175308641756226,
              50.68106022824981
            ],
            [
              3.174985333037126,
              50.68025060871234
            ],
            [
              3.175031492863015,
              50.67979983378528
            ],
            [
              3.175180190779299,
              50.6794671162745
            ],
            [
              3.175310404872004,
              50.67928557095166
            ],
            [
              3.175677554055909,
              50.67899532359794
            ],
            [
              3.176661150914808,
              50.67841647941655
            ],
            [
              3.177039391004301,
              50.67781566258196
            ],
            [
              3.17733623396719,
              50.67780915696766
            ],
            [
              3.176971270141269,
              50.67745534327569
            ],
            [
              3.178279071808252,
              50.67706284924493
            ],
            [
              3.178558019969709,
              50.67717079557082
            ],
            [
              3.179003543382652,
              50.67779464845519
            ],
            [
              3.179758213886174,
              50.67778911355618
            ],
            [
              3.180568933373855,
              50.67778647371189
            ],
            [
              3.181919814364933,
              50.67778070944896
            ],
            [
              3.18406575913709,
              50.67776043756287
            ],
            [
              3.184276805146625,
              50.67775857144535
            ],
            [
              3.185496101832661,
              50.67804983413988
            ],
            [
              3.186331753681955,
              50.67824674576066
            ],
            [
              3.186977459495907,
              50.67839862675018
            ],
            [
              3.188667092318887,
              50.67879498801069
            ],
            [
              3.189046675022184,
              50.67889033635974
            ],
            [
              3.189392734577026,
              50.6796774640717
            ],
            [
              3.188337965968684,
              50.68003399217059
            ],
            [
              3.187730554360274,
              50.68023934496954
            ],
            [
              3.187232129785367,
              50.68040768738226
            ],
            [
              3.186516846181245,
              50.68065803262291
            ],
            [
              3.186011420539369,
              50.68083091312767
            ],
            [
              3.185282382496296,
              50.68108018137281
            ],
            [
              3.184199100248509,
              50.68145188777782
            ],
            [
              3.180991958482848,
              50.68254704785328
            ],
            [
              3.180474273081839,
              50.68178511881027
            ],
            [
              3.180189495955893,
              50.681368924746
            ],
            [
              3.178401044766603,
              50.68192873277425
            ],
            [
              3.176874436522528,
              50.68240697828537
            ],
            [
              3.176308123671855,
              50.68258024913015
            ]
          ]
        ]
      },
      "properties": {
        "name": "Potennerie",
        "source": "quartier",
        "documents": 26,
        "instruments_de_recherche": 8,
        "geometrie_officielle": false,
        "rue_autre_forme": null,
        "url": "https://www.bn-r.fr/resultat.php?type_rech=pl&index%5B%5D=quartier&value%5B%5D=%22Potennerie%22&decouvrir_par_terme=Potennerie"
      }
    },
    {
      "type": "Feature",
      "geometry": {
        "type": "Point",
        "coordinates": [
          3.1824417,
          50.6805167
        ]
      },
      "properties": {
        "name": "Parc de la Potennerie",
        "source": "rue",
        "documents": 6,
        "instruments_de_recherche": 2,
        "geometrie_officielle": false,
        "rue_autre_forme": "Potennerie, parc de la",
        "url": "https://www.bn-r.fr/resultat.php?type_rech=pl&index%5B%5D=rue&value%5B%5D=%22Potennerie%2C+parc+de+la%22&decouvrir_par_terme=Potennerie%2C+parc+de+la"
      }
    },
    {
      "type": "Feature",
      "geometry": {
        "type": "MultiLineString",
        "coordinates": [
          [
            [
              3.185797,
              50.681553
            ],
            [
              3.186444,
              50.68131
            ],
            [
              3.186943,
              50.681133
            ],
            [
              3.187653,
              50.680877
            ],
            [
              3.188146,
              50.680696
            ],
            [
              3.188601,
              50.68053
            ],
            [
              3.189605,
              50.680166
            ]
          ],
          [
            [
              3.185797,
              50.681553
            ],
            [
              3.185124,
              50.681791
            ],
            [
              3.183565,
              50.68235
            ],
            [
              3.183162,
              50.682492
            ],
            [
              3.182782,
              50.682631
            ],
            [
              3.182128,
              50.682866
            ],
            [
              3.181404,
              50.683125
            ]
          ]
        ]
      },
      "properties": {
        "name": "Rue de la Potennerie",
        "source": "rue",
        "documents": 12,
        "instruments_de_recherche": 5,
        "geometrie_officielle": true,
        "rue_autre_forme": "Potennerie, rue de la",
        "url": "https://www.bn-r.fr/resultat.php?type_rech=pl&index%5B%5D=rue&value%5B%5D=%22Potennerie%2C+rue+de+la%22&decouvrir_par_terme=Potennerie%2C+rue+de+la"
      }
    },
    {
      "type": "Feature",
      "geometry": {
        "type": "LineString",
        "coordinates": [
          [
            3.177751,
            50.704099
          ],
          [
            3.178421,
            50.704109
          ]
        ]
      },
      "properties": {
        "name": "Place du Progrès",
        "source": "rue",
        "documents": 3,
        "instruments_de_recherche": 2,
        "geometrie_officielle": true,
        "rue_autre_forme": "Progrès, place du",
        "url": "https://www.bn-r.fr/resultat.php?type_rech=pl&index%5B%5D=rue&value%5B%5D=%22Progr%C3%A8s%2C+place+du%22&decouvrir_par_terme=Progr%C3%A8s%2C+place+du"
      }
    },
    {
      "type": "Feature",
      "geometry": {
        "type": "LineString",
        "coordinates": [
          [
            3.1641,
            50.689875
          ],
          [
            3.163554,
            50.689274
          ]
        ]
      },
      "properties": {
        "name": "Rue de la Providence",
        "source": "rue",
        "documents": 5,
        "instruments_de_recherche": 3,
        "geometrie_officielle": true,
        "rue_autre_forme": "Providence, rue de la",
        "url": "https://www.bn-r.fr/resultat.php?type_rech=pl&index%5B%5D=rue&value%5B%5D=%22Providence%2C+rue+de+la%22&decouvrir_par_terme=Providence%2C+rue+de+la"
      }
    },
    {
      "type": "Feature",
      "geometry": {
        "type": "LineString",
        "coordinates": [
          [
            3.194525,
            50.682826
          ],
          [
            3.195104,
            50.683105
          ]
        ]
      },
      "properties": {
        "name": "Rue de la Prudence",
        "source": "rue",
        "documents": 2,
        "instruments_de_recherche": 1,
        "geometrie_officielle": true,
        "rue_autre_forme": "Prudence, rue de la",
        "url": "https://www.bn-r.fr/resultat.php?type_rech=pl&index%5B%5D=rue&value%5B%5D=%22Prudence%2C+rue+de+la%22&decouvrir_par_terme=Prudence%2C+rue+de+la"
      }
    },
    {
      "type": "Feature",
      "geometry": {
        "type": "Point",
        "coordinates": [
          3.190633,
          50.684592
        ]
      },
      "properties": {
        "name": "Square des Près",
        "source": "rue",
        "documents": 1,
        "instruments_de_recherche": 1,
        "geometrie_officielle": false,
        "rue_autre_forme": "Près, square des",
        "url": "https://www.bn-r.fr/resultat.php?type_rech=pl&index%5B%5D=rue&value%5B%5D=%22Pr%C3%A8s%2C+square+des%22&decouvrir_par_terme=Pr%C3%A8s%2C+square+des"
      }
    },
    {
      "type": "Feature",
      "geometry": {
        "type": "MultiLineString",
        "coordinates": [
          [
            [
              3.17885,
              50.688714
            ],
            [
              3.179919,
              50.689111
            ]
          ],
          [
            [
              3.177271,
              50.688229
            ],
            [
              3.177344,
              50.688199
            ],
            [
              3.177396,
              50.68819
            ],
            [
              3.177475,
              50.688209
            ],
            [
              3.17885,
              50.688714
            ]
          ]
        ]
      },
      "properties": {
        "name": "Rue du Président Vincent Auriol",
        "source": "rue",
        "documents": 1,
        "instruments_de_recherche": 1,
        "geometrie_officielle": true,
        "rue_autre_forme": "Président  Auriol, rue du",
        "url": "https://www.bn-r.fr/resultat.php?type_rech=pl&index%5B%5D=rue&value%5B%5D=%22Pr%C3%A9sident++Auriol%2C+rue+du%22&decouvrir_par_terme=Pr%C3%A9sident++Auriol%2C+rue+du"
      }
    },
    {
      "type": "Feature",
      "geometry": {
        "type": "LineString",
        "coordinates": [
          [
            3.197807,
            50.673942
          ],
          [
            3.19743,
            50.673668
          ],
          [
            3.197293,
            50.673426
          ],
          [
            3.197286,
            50.672978
          ],
          [
            3.197592,
            50.672371
          ],
          [
            3.198096,
            50.671843
          ],
          [
            3.198734,
            50.67125
          ]
        ]
      },
      "properties": {
        "name": "Avenue du Président Coty",
        "source": "rue",
        "documents": 1,
        "instruments_de_recherche": 1,
        "geometrie_officielle": true,
        "rue_autre_forme": "Président Coty, avenue du",
        "url": "https://www.bn-r.fr/resultat.php?type_rech=pl&index%5B%5D=rue&value%5B%5D=%22Pr%C3%A9sident+Coty%2C+avenue+du%22&decouvrir_par_terme=Pr%C3%A9sident+Coty%2C+avenue+du"
      }
    },
    {
      "type": "Feature",
      "geometry": {
        "type": "LineString",
        "coordinates": [
          [
            3.16103,
            50.703001
          ],
          [
            3.164358,
            50.70206
          ]
        ]
      },
      "properties": {
        "name": "Rue Racine",
        "source": "rue",
        "documents": 1,
        "instruments_de_recherche": 1,
        "geometrie_officielle": true,
        "rue_autre_forme": "Racine, rue",
        "url": "https://www.bn-r.fr/resultat.php?type_rech=pl&index%5B%5D=rue&value%5B%5D=%22Racine%2C+rue%22&decouvrir_par_terme=Racine%2C+rue"
      }
    },
    {
      "type": "Feature",
      "geometry": {
        "type": "LineString",
        "coordinates": [
          [
            3.189972,
            50.688179
          ],
          [
            3.191024,
            50.687136
          ]
        ]
      },
      "properties": {
        "name": "Rue Réaumur",
        "source": "rue",
        "documents": 1,
        "instruments_de_recherche": 1,
        "geometrie_officielle": true,
        "rue_autre_forme": "Reaumur, rue",
        "url": "https://www.bn-r.fr/resultat.php?type_rech=pl&index%5B%5D=rue&value%5B%5D=%22Reaumur%2C+rue%22&decouvrir_par_terme=Reaumur%2C+rue"
      }
    },
    {
      "type": "Feature",
      "geometry": {
        "type": "LineString",
        "coordinates": [
          [
            3.191256,
            50.683862
          ],
          [
            3.191185,
            50.683767
          ],
          [
            3.190719,
            50.682707
          ],
          [
            3.190535,
            50.682276
          ],
          [
            3.190396,
            50.681966
          ],
          [
            3.190294,
            50.681735
          ],
          [
            3.189936,
            50.680906
          ],
          [
            3.189716,
            50.680416
          ],
          [
            3.189605,
            50.680166
          ],
          [
            3.189393,
            50.679677
          ],
          [
            3.189047,
            50.67889
          ],
          [
            3.188667,
            50.678795
          ],
          [
            3.186977,
            50.678399
          ],
          [
            3.186332,
            50.678247
          ],
          [
            3.185496,
            50.67805
          ]
        ]
      },
      "properties": {
        "name": "Boulevard de Reims",
        "source": "rue",
        "documents": 6,
        "instruments_de_recherche": 5,
        "geometrie_officielle": true,
        "rue_autre_forme": "Reims, boulevard de",
        "url": "https://www.bn-r.fr/resultat.php?type_rech=pl&index%5B%5D=rue&value%5B%5D=%22Reims%2C+boulevard+de%22&decouvrir_par_terme=Reims%2C+boulevard+de"
      }
    },
    {
      "type": "Feature",
      "geometry": {
        "type": "LineString",
        "coordinates": [
          [
            3.162638,
            50.689764
          ],
          [
            3.1641,
            50.689875
          ],
          [
            3.164494,
            50.689905
          ],
          [
            3.165514,
            50.689978
          ],
          [
            3.166477,
            50.690049
          ],
          [
            3.166748,
            50.690069
          ],
          [
            3.167425,
            50.690119
          ],
          [
            3.167631,
            50.690133
          ],
          [
            3.167836,
            50.690092
          ]
        ]
      },
      "properties": {
        "name": "Rue Rémy Cogghe",
        "source": "rue",
        "documents": 18,
        "instruments_de_recherche": 5,
        "geometrie_officielle": true,
        "rue_autre_forme": "Remy Cogghe, rue",
        "url": "https://www.bn-r.fr/resultat.php?type_rech=pl&index%5B%5D=rue&value%5B%5D=%22Remy+Cogghe%2C+rue%22&decouvrir_par_terme=Remy+Cogghe%2C+rue"
      }
    },
    {
      "type": "Feature",
      "geometry": {
        "type": "LineString",
        "coordinates": [
          [
            3.167293,
            50.699475
          ],
          [
            3.168072,
            50.698998
          ]
        ]
      },
      "properties": {
        "name": "Rue du Renouveau",
        "source": "rue",
        "documents": 1,
        "instruments_de_recherche": 1,
        "geometrie_officielle": true,
        "rue_autre_forme": "Renouveau, rue du",
        "url": "https://www.bn-r.fr/resultat.php?type_rech=pl&index%5B%5D=rue&value%5B%5D=%22Renouveau%2C+rue+du%22&decouvrir_par_terme=Renouveau%2C+rue+du"
      }
    },
    {
      "type": "Feature",
      "geometry": {
        "type": "LineString",
        "coordinates": [
          [
            3.171825,
            50.698838
          ],
          [
            3.171625,
            50.697739
          ],
          [
            3.171465,
            50.696817
          ],
          [
            3.171367,
            50.69676
          ]
        ]
      },
      "properties": {
        "name": "Rue Richard Lenoir",
        "source": "rue",
        "documents": 4,
        "instruments_de_recherche": 4,
        "geometrie_officielle": true,
        "rue_autre_forme": "Richard Lenoir, rue",
        "url": "https://www.bn-r.fr/resultat.php?type_rech=pl&index%5B%5D=rue&value%5B%5D=%22Richard+Lenoir%2C+rue%22&decouvrir_par_terme=Richard+Lenoir%2C+rue"
      }
    },
    {
      "type": "Feature",
      "geometry": {
        "type": "LineString",
        "coordinates": [
          [
            3.165579,
            50.686126
          ],
          [
            3.16359,
            50.686785
          ]
        ]
      },
      "properties": {
        "name": "Rue Richelieu",
        "source": "rue",
        "documents": 1,
        "instruments_de_recherche": 1,
        "geometrie_officielle": true,
        "rue_autre_forme": "Richelieu, rue",
        "url": "https://www.bn-r.fr/resultat.php?type_rech=pl&index%5B%5D=rue&value%5B%5D=%22Richelieu%2C+rue%22&decouvrir_par_terme=Richelieu%2C+rue"
      }
    },
    {
      "type": "Feature",
      "geometry": {
        "type": "MultiLineString",
        "coordinates": [
          [
            [
              3.186718,
              50.684454
            ],
            [
              3.186348,
              50.684247
            ],
            [
              3.185953,
              50.68398
            ],
            [
              3.185723,
              50.683823
            ],
            [
              3.18514,
              50.683421
            ]
          ],
          [
            [
              3.18514,
              50.683421
            ],
            [
              3.184592,
              50.683049
            ],
            [
              3.184141,
              50.682741
            ],
            [
              3.18386,
              50.682549
            ],
            [
              3.183565,
              50.68235
            ],
            [
              3.182902,
              50.681893
            ]
          ],
          [
            [
              3.186718,
              50.684454
            ],
            [
              3.187344,
              50.684808
            ],
            [
              3.187434,
              50.684873
            ],
            [
              3.187583,
              50.684963
            ]
          ]
        ]
      },
      "properties": {
        "name": "Rue de Rocroi",
        "source": "rue",
        "documents": 1,
        "instruments_de_recherche": 1,
        "geometrie_officielle": true,
        "rue_autre_forme": "Rocroi, rue de",
        "url": "https://www.bn-r.fr/resultat.php?type_rech=pl&index%5B%5D=rue&value%5B%5D=%22Rocroi%2C+rue+de%22&decouvrir_par_terme=Rocroi%2C+rue+de"
      }
    },
    {
      "type": "Feature",
      "geometry": {
        "type": "MultiLineString",
        "coordinates": [
          [
            [
              3.202134,
              50.679439
            ],
            [
              3.201958,
              50.679424
            ],
            [
              3.201046,
              50.678863
            ],
            [
              3.199063,
              50.677643
            ],
            [
              3.199054,
              50.677505
            ],
            [
              3.199231,
              50.67749
            ],
            [
              3.201264,
              50.678749
            ],
            [
              3.2021,
              50.679266
            ],
            [
              3.202134,
              50.679439
            ]
          ],
          [
            [
              3.202134,
              50.679439
            ],
            [
              3.202402,
              50.679604
            ],
            [
              3.204705,
              50.681056
            ],
            [
              3.205727,
              50.681716
            ],
            [
              3.206328,
              50.68205
            ],
            [
              3.207489,
              50.682783
            ],
            [
              3.208441,
              50.683403
            ]
          ]
        ]
      },
      "properties": {
        "name": "Avenue Roger Salengro",
        "source": "rue",
        "documents": 10,
        "instruments_de_recherche": 5,
        "geometrie_officielle": true,
        "rue_autre_forme": "Roger Salengro, avenue",
        "url": "https://www.bn-r.fr/resultat.php?type_rech=pl&index%5B%5D=rue&value%5B%5D=%22Roger+Salengro%2C+avenue%22&decouvrir_par_terme=Roger+Salengro%2C+avenue"
      }
    },
    {
      "type": "Feature",
      "geometry": {
        "type": "LineString",
        "coordinates": [
          [
            3.168628,
            50.687397
          ],
          [
            3.167092,
            50.687931
          ]
        ]
      },
      "properties": {
        "name": "Rue de Rohan",
        "source": "rue",
        "documents": 2,
        "instruments_de_recherche": 1,
        "geometrie_officielle": true,
        "rue_autre_forme": "Rohan, rue de",
        "url": "https://www.bn-r.fr/resultat.php?type_rech=pl&index%5B%5D=rue&value%5B%5D=%22Rohan%2C+rue+de%22&decouvrir_par_terme=Rohan%2C+rue+de"
      }
    },
    {
      "type": "Feature",
      "geometry": {
        "type": "MultiLineString",
        "coordinates": [
          [
            [
              3.173822,
              50.703218
            ],
            [
              3.174411,
              50.703502
            ],
            [
              3.17484,
              50.70371
            ],
            [
              3.174979,
              50.70377
            ],
            [
              3.175087,
              50.70381
            ],
            [
              3.175249,
              50.703854
            ],
            [
              3.17617,
              50.704253
            ]
          ],
          [
            [
              3.17617,
              50.704253
            ],
            [
              3.176827,
              50.704547
            ],
            [
              3.177556,
              50.704873
            ],
            [
              3.179924,
              50.705672
            ]
          ]
        ]
      },
      "properties": {
        "name": "Rue Rollin",
        "source": "rue",
        "documents": 3,
        "instruments_de_recherche": 2,
        "geometrie_officielle": true,
        "rue_autre_forme": "Rollin, rue",
        "url": "https://www.bn-r.fr/resultat.php?type_rech=pl&index%5B%5D=rue&value%5B%5D=%22Rollin%2C+rue%22&decouvrir_par_terme=Rollin%2C+rue"
      }
    },
    {
      "type": "Feature",
      "geometry": {
        "type": "LineString",
        "coordinates": [
          [
            3.156734,
            50.694547
          ],
          [
            3.157004,
            50.694786
          ],
          [
            3.15738,
            50.6951
          ],
          [
            3.157985,
            50.695625
          ],
          [
            3.159499,
            50.696926
          ]
        ]
      },
      "properties": {
        "name": "Rue de Rome",
        "source": "rue",
        "documents": 7,
        "instruments_de_recherche": 4,
        "geometrie_officielle": true,
        "rue_autre_forme": "Rome, rue de",
        "url": "https://www.bn-r.fr/resultat.php?type_rech=pl&index%5B%5D=rue&value%5B%5D=%22Rome%2C+rue+de%22&decouvrir_par_terme=Rome%2C+rue+de"
      }
    },
    {
      "type": "Feature",
      "geometry": {
        "type": "LineString",
        "coordinates": [
          [
            3.173929,
            50.699833
          ],
          [
            3.171224,
            50.69903
          ],
          [
            3.171174,
            50.698918
          ]
        ]
      },
      "properties": {
        "name": "Rue de la Rondelle",
        "source": "rue",
        "documents": 9,
        "instruments_de_recherche": 4,
        "geometrie_officielle": true,
        "rue_autre_forme": "Rondelle, rue de la",
        "url": "https://www.bn-r.fr/resultat.php?type_rech=pl&index%5B%5D=rue&value%5B%5D=%22Rondelle%2C+rue+de+la%22&decouvrir_par_terme=Rondelle%2C+rue+de+la"
      }
    },
    {
      "type": "Feature",
      "geometry": {
        "type": "LineString",
        "coordinates": [
          [
            3.187943,
            50.683115
          ],
          [
            3.188025,
            50.683089
          ],
          [
            3.190396,
            50.681966
          ]
        ]
      },
      "properties": {
        "name": "Rue Rouget de Lisle",
        "source": "rue",
        "documents": 1,
        "instruments_de_recherche": 1,
        "geometrie_officielle": true,
        "rue_autre_forme": "Rouget De L\\'isle, rue",
        "url": "https://www.bn-r.fr/resultat.php?type_rech=pl&index%5B%5D=rue&value%5B%5D=%22Rouget+De+L%5C%27isle%2C+rue%22&decouvrir_par_terme=Rouget+De+L%5C%27isle%2C+rue"
      }
    },
    {
      "type": "Feature",
      "geometry": {
        "type": "MultiLineString",
        "coordinates": [
          [
            [
              3.185201,
              50.674446
            ],
            [
              3.186008,
              50.674024
            ],
            [
              3.186594,
              50.673718
            ]
          ],
          [
            [
              3.186594,
              50.673718
            ],
            [
              3.187447,
              50.67328
            ],
            [
              3.188284,
              50.672838
            ],
            [
              3.189121,
              50.672406
            ],
            [
              3.190107,
              50.671883
            ]
          ],
          [
            [
              3.183082,
              50.675541
            ],
            [
              3.183786,
              50.675177
            ],
            [
              3.184346,
              50.674887
            ],
            [
              3.185201,
              50.674446
            ]
          ]
        ]
      },
      "properties": {
        "name": "Rue Rubens",
        "source": "rue",
        "documents": 1,
        "instruments_de_recherche": 1,
        "geometrie_officielle": true,
        "rue_autre_forme": "Rubens, rue",
        "url": "https://www.bn-r.fr/resultat.php?type_rech=pl&index%5B%5D=rue&value%5B%5D=%22Rubens%2C+rue%22&decouvrir_par_terme=Rubens%2C+rue"
      }
    },
    {
      "type": "Feature",
      "geometry": {
        "type": "LineString",
        "coordinates": [
          [
            3.161099,
            50.700157
          ],
          [
            3.160785,
            50.702062
          ],
          [
            3.160656,
            50.702864
          ],
          [
            3.160554,
            50.703491
          ]
        ]
      },
      "properties": {
        "name": "Boulevard de la République",
        "source": "rue",
        "documents": 18,
        "instruments_de_recherche": 5,
        "geometrie_officielle": true,
        "rue_autre_forme": "République, boulevard de la",
        "url": "https://www.bn-r.fr/resultat.php?type_rech=pl&index%5B%5D=rue&value%5B%5D=%22R%C3%A9publique%2C+boulevard+de+la%22&decouvrir_par_terme=R%C3%A9publique%2C+boulevard+de+la"
      }
    },
    {
      "type": "Feature",
      "geometry": {
        "type": "LineString",
        "coordinates": [
          [
            3.175048,
            50.689659
          ],
          [
            3.176382,
            50.689912
          ],
          [
            3.177003,
            50.690029
          ]
        ]
      },
      "properties": {
        "name": "Rue de la Sagesse",
        "source": "rue",
        "documents": 10,
        "instruments_de_recherche": 6,
        "geometrie_officielle": true,
        "rue_autre_forme": "Sagesse, rue de la",
        "url": "https://www.bn-r.fr/resultat.php?type_rech=pl&index%5B%5D=rue&value%5B%5D=%22Sagesse%2C+rue+de+la%22&decouvrir_par_terme=Sagesse%2C+rue+de+la"
      }
    },
    {
      "type": "Feature",
      "geometry": {
        "type": "LineString",
        "coordinates": [
          [
            3.18689,
            50.68895
          ],
          [
            3.188532,
            50.68734
          ]
        ]
      },
      "properties": {
        "name": "Rue de Saint Amand",
        "source": "rue",
        "documents": 3,
        "instruments_de_recherche": 2,
        "geometrie_officielle": true,
        "rue_autre_forme": "Saint Amand, rue de",
        "url": "https://www.bn-r.fr/resultat.php?type_rech=pl&index%5B%5D=rue&value%5B%5D=%22Saint+Amand%2C+rue+de%22&decouvrir_par_terme=Saint+Amand%2C+rue+de"
      }
    },
    {
      "type": "Feature",
      "geometry": {
        "type": "LineString",
        "coordinates": [
          [
            3.196127,
            50.679796
          ],
          [
            3.19617,
            50.67985
          ],
          [
            3.196693,
            50.680087
          ],
          [
            3.198139,
            50.680738
          ],
          [
            3.200461,
            50.681781
          ]
        ]
      },
      "properties": {
        "name": "Rue de Saint Hubert",
        "source": "rue",
        "documents": 4,
        "instruments_de_recherche": 3,
        "geometrie_officielle": true,
        "rue_autre_forme": "Saint Hubert, rue",
        "url": "https://www.bn-r.fr/resultat.php?type_rech=pl&index%5B%5D=rue&value%5B%5D=%22Saint+Hubert%2C+rue%22&decouvrir_par_terme=Saint+Hubert%2C+rue"
      }
    },
    {
      "type": "Feature",
      "geometry": {
        "type": "MultiLineString",
        "coordinates": [
          [
            [
              3.1782,
              50.686429
            ],
            [
              3.179756,
              50.687184
            ],
            [
              3.17978,
              50.68728
            ]
          ],
          [
            [
              3.180179,
              50.687523
            ],
            [
              3.181039,
              50.687819
            ],
            [
              3.182698,
              50.688545
            ]
          ],
          [
            [
              3.1782,
              50.686429
            ],
            [
              3.176433,
              50.685608
            ]
          ]
        ]
      },
      "properties": {
        "name": "Rue Saint Jean",
        "source": "rue",
        "documents": 3,
        "instruments_de_recherche": 3,
        "geometrie_officielle": true,
        "rue_autre_forme": "Saint Jean, rue",
        "url": "https://www.bn-r.fr/resultat.php?type_rech=pl&index%5B%5D=rue&value%5B%5D=%22Saint+Jean%2C+rue%22&decouvrir_par_terme=Saint+Jean%2C+rue"
      }
    },
    {
      "type": "Feature",
      "geometry": {
        "type": "LineString",
        "coordinates": [
          [
            3.185934,
            50.68713
          ],
          [
            3.184928,
            50.688038
          ]
        ]
      },
      "properties": {
        "name": "Rue de Saint Quentin",
        "source": "rue",
        "documents": 3,
        "instruments_de_recherche": 1,
        "geometrie_officielle": true,
        "rue_autre_forme": "Saint Quentin, rue de",
        "url": "https://www.bn-r.fr/resultat.php?type_rech=pl&index%5B%5D=rue&value%5B%5D=%22Saint+Quentin%2C+rue+de%22&decouvrir_par_terme=Saint+Quentin%2C+rue+de"
      }
    },
    {
      "type": "Feature",
      "geometry": {
        "type": "LineString",
        "coordinates": [
          [
            3.177659,
            50.694374
          ],
          [
            3.177285,
            50.694959
          ],
          [
            3.176187,
            50.696575
          ],
          [
            3.175486,
            50.697598
          ],
          [
            3.174303,
            50.698011
          ]
        ]
      },
      "properties": {
        "name": "Rue Saint Antoine",
        "source": "rue",
        "documents": 18,
        "instruments_de_recherche": 6,
        "geometrie_officielle": true,
        "rue_autre_forme": "Saint-Antoine, rue",
        "url": "https://www.bn-r.fr/resultat.php?type_rech=pl&index%5B%5D=rue&value%5B%5D=%22Saint-Antoine%2C+rue%22&decouvrir_par_terme=Saint-Antoine%2C+rue"
      }
    },
    {
      "type": "Feature",
      "geometry": {
        "type": "MultiLineString",
        "coordinates": [
          [
            [
              3.1782,
              50.686429
            ],
            [
              3.179756,
              50.687184
            ],
            [
              3.17978,
              50.68728
            ]
          ],
          [
            [
              3.180179,
              50.687523
            ],
            [
              3.181039,
              50.687819
            ],
            [
              3.182698,
              50.688545
            ]
          ],
          [
            [
              3.1782,
              50.686429
            ],
            [
              3.176433,
              50.685608
            ]
          ]
        ]
      },
      "properties": {
        "name": "Rue Saint Jean",
        "source": "rue",
        "documents": 8,
        "instruments_de_recherche": 2,
        "geometrie_officielle": true,
        "rue_autre_forme": "Saint-Jean, rue",
        "url": "https://www.bn-r.fr/resultat.php?type_rech=pl&index%5B%5D=rue&value%5B%5D=%22Saint-Jean%2C+rue%22&decouvrir_par_terme=Saint-Jean%2C+rue"
      }
    },
    {
      "type": "Feature",
      "geometry": {
        "type": "MultiLineString",
        "coordinates": [
          [
            [
              3.175754,
              50.700775
            ],
            [
              3.177361,
              50.701284
            ]
          ],
          [
            [
              3.174257,
              50.699764
            ],
            [
              3.174946,
              50.700313
            ],
            [
              3.175563,
              50.700715
            ],
            [
              3.175754,
              50.700775
            ]
          ],
          [
            [
              3.174167,
              50.699595
            ],
            [
              3.174169,
              50.699694
            ],
            [
              3.174257,
              50.699764
            ]
          ]
        ]
      },
      "properties": {
        "name": "Rue Saint Joseph",
        "source": "rue",
        "documents": 8,
        "instruments_de_recherche": 6,
        "geometrie_officielle": true,
        "rue_autre_forme": "Saint-Joseph, rue",
        "url": "https://www.bn-r.fr/resultat.php?type_rech=pl&index%5B%5D=rue&value%5B%5D=%22Saint-Joseph%2C+rue%22&decouvrir_par_terme=Saint-Joseph%2C+rue"
      }
    },
    {
      "type": "Feature",
      "geometry": {
        "type": "LineString",
        "coordinates": [
          [
            3.173568,
            50.700399
          ],
          [
            3.17359,
            50.70048
          ],
          [
            3.174293,
            50.700835
          ],
          [
            3.174239,
            50.701011
          ]
        ]
      },
      "properties": {
        "name": "Rue Saint Laurent",
        "source": "rue",
        "documents": 1,
        "instruments_de_recherche": 1,
        "geometrie_officielle": true,
        "rue_autre_forme": "Saint-Laurent, rue",
        "url": "https://www.bn-r.fr/resultat.php?type_rech=pl&index%5B%5D=rue&value%5B%5D=%22Saint-Laurent%2C+rue%22&decouvrir_par_terme=Saint-Laurent%2C+rue"
      }
    },
    {
      "type": "Feature",
      "geometry": {
        "type": "MultiLineString",
        "coordinates": [
          [
            [
              3.181852,
              50.69796
            ],
            [
              3.183189,
              50.698195
            ]
          ],
          [
            [
              3.183189,
              50.698195
            ],
            [
              3.184236,
              50.698387
            ],
            [
              3.185415,
              50.6986
            ]
          ]
        ]
      },
      "properties": {
        "name": "Rue Saint Louis",
        "source": "rue",
        "documents": 1,
        "instruments_de_recherche": 1,
        "geometrie_officielle": true,
        "rue_autre_forme": "Saint-Louis, rue",
        "url": "https://www.bn-r.fr/resultat.php?type_rech=pl&index%5B%5D=rue&value%5B%5D=%22Saint-Louis%2C+rue%22&decouvrir_par_terme=Saint-Louis%2C+rue"
      }
    },
    {
      "type": "Feature",
      "geometry": {
        "type": "LineString",
        "coordinates": [
          [
            3.173908,
            50.691726
          ],
          [
            3.173876,
            50.691769
          ],
          [
            3.173849,
            50.691816
          ],
          [
            3.173828,
            50.691865
          ],
          [
            3.173814,
            50.691917
          ],
          [
            3.173806,
            50.691971
          ],
          [
            3.173796,
            50.692007
          ],
          [
            3.17379,
            50.692044
          ],
          [
            3.173789,
            50.692081
          ],
          [
            3.173793,
            50.692118
          ],
          [
            3.173803,
            50.692155
          ],
          [
            3.173832,
            50.692199
          ],
          [
            3.173865,
            50.69224
          ],
          [
            3.173901,
            50.692279
          ],
          [
            3.17394,
            50.692315
          ],
          [
            3.174045,
            50.692335
          ],
          [
            3.174151,
            50.69235
          ],
          [
            3.174258,
            50.692362
          ],
          [
            3.174272,
            50.692359
          ],
          [
            3.174346,
            50.69234
          ],
          [
            3.174418,
            50.692316
          ],
          [
            3.174488,
            50.692287
          ],
          [
            3.174556,
            50.692254
          ],
          [
            3.174622,
            50.692216
          ],
          [
            3.174669,
            50.692054
          ],
          [
            3.174706,
            50.692017
          ]
        ]
      },
      "properties": {
        "name": "Contour Saint Martin",
        "source": "rue",
        "documents": 10,
        "instruments_de_recherche": 5,
        "geometrie_officielle": true,
        "rue_autre_forme": "Saint-Martin, contour",
        "url": "https://www.bn-r.fr/resultat.php?type_rech=pl&index%5B%5D=rue&value%5B%5D=%22Saint-Martin%2C+contour%22&decouvrir_par_terme=Saint-Martin%2C+contour"
      }
    },
    {
      "type": "Feature",
      "geometry": {
        "type": "LineString",
        "coordinates": [
          [
            3.170838,
            50.698959
          ],
          [
            3.170813,
            50.699005
          ],
          [
            3.171215,
            50.699739
          ],
          [
            3.17233,
            50.700028
          ],
          [
            3.173539,
            50.700344
          ],
          [
            3.173568,
            50.700399
          ]
        ]
      },
      "properties": {
        "name": "Rue Saint Maurice",
        "source": "rue",
        "documents": 6,
        "instruments_de_recherche": 4,
        "geometrie_officielle": true,
        "rue_autre_forme": "Saint-Maurice, rue",
        "url": "https://www.bn-r.fr/resultat.php?type_rech=pl&index%5B%5D=rue&value%5B%5D=%22Saint-Maurice%2C+rue%22&decouvrir_par_terme=Saint-Maurice%2C+rue"
      }
    },
    {
      "type": "Feature",
      "geometry": {
        "type": "MultiLineString",
        "coordinates": [
          [
            [
              3.162409,
              50.685526
            ],
            [
              3.16152,
              50.685948
            ]
          ],
          [
            [
              3.162409,
              50.685526
            ],
            [
              3.164323,
              50.684631
            ]
          ]
        ]
      },
      "properties": {
        "name": "Rue St Roch",
        "source": "rue",
        "documents": 4,
        "instruments_de_recherche": 3,
        "geometrie_officielle": true,
        "rue_autre_forme": "Saint-Roch, rue",
        "url": "https://www.bn-r.fr/resultat.php?type_rech=pl&index%5B%5D=rue&value%5B%5D=%22Saint-Roch%2C+rue%22&decouvrir_par_terme=Saint-Roch%2C+rue"
      }
    },
    {
      "type": "Feature",
      "geometry": {
        "type": "Polygon",
        "coordinates": [
          [
            [
              3.186700784996512,
              50.69040385172184
            ],
            [
              3.184537680027141,
              50.68938349027729
            ],
            [
              3.183848539861568,
              50.68906687012398
            ],
            [
              3.182722298607007,
              50.68854508430901
            ],
            [
              3.181069212202035,
              50.68775657502504
            ],
            [
              3.180156631928429,
              50.68733854619703
            ],
            [
              3.176427102842095,
              50.68561487037336
            ],
            [
              3.176963004856107,
              50.68528684219799
            ],
            [
              3.178004102125626,
              50.68477706802298
            ],
            [
              3.178665885822757,
              50.68441337722466
            ],
            [
              3.179825026819846,
              50.68489081392781
            ],
            [
              3.180388194742744,
              50.68513257961124
            ],
            [
              3.181666575610362,
              50.68566769631034
            ],
            [
              3.182002735304558,
              50.68528856876804
            ],
            [
              3.183198164888442,
              50.6844508211032
            ],
            [
              3.184416574168606,
              50.68380343453095
            ],
            [
              3.18514846479684,
              50.68341697754792
            ],
            [
              3.186512058540447,
              50.68269330857248
            ],
            [
              3.187027839916637,
              50.68244115573381
            ],
            [
              3.189073606878377,
              50.68133457574323
            ],
            [
              3.189945893698266,
              50.68089925868117
            ],
            [
              3.190390785221184,
              50.68195103285258
            ],
            [
              3.190624175627979,
              50.682415894172
            ],
            [
              3.190719494377125,
              50.68270699830934
            ],
            [
              3.191185231419904,
              50.68376742761343
            ],
            [
              3.191255583064049,
              50.68387209544341
            ],
            [
              3.192624926391553,
              50.68464672216665
            ],
            [
              3.192062068650782,
              50.68520208257833
            ],
            [
              3.191299940720353,
              50.68595420942219
            ],
            [
              3.19037015366834,
              50.68686449312622
            ],
            [
              3.189354522057224,
              50.68782699367236
            ],
            [
              3.188893279756465,
              50.68828252441926
            ],
            [
              3.188458929180712,
              50.68871242335845
            ],
            [
              3.187881620428754,
              50.68926815743258
            ],
            [
              3.186700784996512,
              50.69040385172184
            ]
          ]
        ]
      },
      "properties": {
        "name": "Sainte Elisabeth",
        "source": "quartier",
        "documents": 15,
        "instruments_de_recherche": 4,
        "geometrie_officielle": false,
        "rue_autre_forme": null,
        "url": "https://www.bn-r.fr/resultat.php?type_rech=pl&index%5B%5D=quartier&value%5B%5D=%22Sainte+Elisabeth%22&decouvrir_par_terme=Sainte+Elisabeth"
      }
    },
    {
      "type": "Feature",
      "geometry": {
        "type": "LineString",
        "coordinates": [
          [
            3.183889,
            50.68787
          ],
          [
            3.184054,
            50.687742
          ],
          [
            3.184303,
            50.687553
          ]
        ]
      },
      "properties": {
        "name": "Place Ste Elisabeth",
        "source": "rue",
        "documents": 24,
        "instruments_de_recherche": 5,
        "geometrie_officielle": true,
        "rue_autre_forme": "Sainte Elisabeth, place",
        "url": "https://www.bn-r.fr/resultat.php?type_rech=pl&index%5B%5D=rue&value%5B%5D=%22Sainte+Elisabeth%2C+place%22&decouvrir_par_terme=Sainte+Elisabeth%2C+place"
      }
    },
    {
      "type": "Feature",
      "geometry": {
        "type": "LineString",
        "coordinates": [
          [
            3.180909,
            50.686482
          ],
          [
            3.183718,
            50.687781
          ]
        ]
      },
      "properties": {
        "name": "Rue Sainte Thérèse",
        "source": "rue",
        "documents": 2,
        "instruments_de_recherche": 1,
        "geometrie_officielle": true,
        "rue_autre_forme": "Sainte-Thérèse, rue",
        "url": "https://www.bn-r.fr/resultat.php?type_rech=pl&index%5B%5D=rue&value%5B%5D=%22Sainte-Th%C3%A9r%C3%A8se%2C+rue%22&decouvrir_par_terme=Sainte-Th%C3%A9r%C3%A8se%2C+rue"
      }
    },
    {
      "type": "Feature",
      "geometry": {
        "type": "LineString",
        "coordinates": [
          [
            3.160416,
            50.687834
          ],
          [
            3.160505,
            50.687814
          ],
          [
            3.161341,
            50.687313
          ]
        ]
      },
      "properties": {
        "name": "Rue Salomon de Caus",
        "source": "rue",
        "documents": 1,
        "instruments_de_recherche": 1,
        "geometrie_officielle": true,
        "rue_autre_forme": "Salomon De Caux, rue",
        "url": "https://www.bn-r.fr/resultat.php?type_rech=pl&index%5B%5D=rue&value%5B%5D=%22Salomon+De+Caux%2C+rue%22&decouvrir_par_terme=Salomon+De+Caux%2C+rue"
      }
    },
    {
      "type": "Feature",
      "geometry": {
        "type": "Polygon",
        "coordinates": [
          [
            [
              3.203681841952129,
              50.69484256775608
            ],
            [
              3.203639390495571,
              50.69484287779033
            ],
            [
              3.203582460341267,
              50.69482531480737
            ],
            [
              3.20352569667809,
              50.69481674026321
            ],
            [
              3.203482918009911,
              50.69479907420129
            ],
            [
              3.203454128587241,
              50.6947723175258
            ],
            [
              3.203425339191544,
              50.69474555994518
            ],
            [
              3.203382074065889,
              50.69470093022018
            ],
            [
              3.203353284749611,
              50.69467417262002
            ],
            [
              3.203209012916727,
              50.69452241024465
            ],
            [
              3.203180875214108,
              50.69453160470507
            ],
            [
              3.203166723872315,
              50.69453170769687
            ],
            [
              3.203038556842507,
              50.69448769754058
            ],
            [
              3.202782379881356,
              50.69440866441351
            ],
            [
              3.202661484083188,
              50.6943679164266
            ],
            [
              3.202469116765623,
              50.69430307965291
            ],
            [
              3.201573083763472,
              50.6940579137159
            ],
            [
              3.201459230965741,
              50.69402278668013
            ],
            [
              3.201426488330511,
              50.69406698214162
            ],
            [
              3.201332180979648,
              50.69404061106092
            ],
            [
              3.201343518204184,
              50.69402578643649
            ],
            [
              3.201375784190604,
              50.69397862782139
            ],
            [
              3.201448558672037,
              50.69387849852706
            ],
            [
              3.201450486835534,
              50.69385205679407
            ],
            [
              3.201451045602024,
              50.69382023048966
            ],
            [
              3.201240238805156,
              50.69380019221391
            ],
            [
              3.201176429879276,
              50.69379337513069
            ],
            [
              3.201110393496079,
              50.69380428337524
            ],
            [
              3.201407771819268,
              50.69343014725989
            ],
            [
              3.201512531985414,
              50.6934476328514
            ],
            [
              3.202485680743545,
              50.69223653382164
            ],
            [
              3.202429712600075,
              50.69221707616592
            ],
            [
              3.202565668386086,
              50.69205814456335
            ],
            [
              3.202791781114033,
              50.69179805796528
            ],
            [
              3.203277707493558,
              50.69118549676312
            ],
            [
              3.203349372278906,
              50.69114705180201
            ],
            [
              3.204464916026801,
              50.68917951023515
            ],
            [
              3.204163158094649,
              50.68908293744176
            ],
            [
              3.204122877020482,
              50.68913495960859
            ],
            [
              3.203757447838059,
              50.68902801104252
            ],
            [
              3.202167589860602,
              50.68860489487004
            ],
            [
              3.20441194231916,
              50.68601356309062
            ],
            [
              3.205573835044975,
              50.68468581383693
            ],
            [
              3.206005643182273,
              50.68419412955154
            ],
            [
              3.204903573522437,
              50.68355762739144
            ],
            [
              3.203182393220317,
              50.682552986018
            ],
            [
              3.204705607484528,
              50.68105000839069
            ],
            [
              3.206306812981435,
              50.6795777216958
            ],
            [
              3.207497404302672,
              50.67848156696591
            ],
            [
              3.207668434280118,
              50.67859054687865
            ],
            [
              3.207787340628869,
              50.67851548501417
            ],
            [
              3.208187703699359,
              50.6782664524363
            ],
            [
              3.208292163120486,
              50.67832264662844
            ],
            [
              3.208435259653815,
              50.67841148867365
            ],
            [
              3.208535098168761,
              50.67845570153263
            ],
            [
              3.208563716463218,
              50.67847346900088
            ],
            [
              3.208592170305257,
              50.6784822495743
            ],
            [
              3.208677702028334,
              50.67851757813258
            ],
            [
              3.208791687793873,
              50.6785616871568
            ],
            [
              3.208834451657936,
              50.6785793509277
            ],
            [
              3.208863234658102,
              50.67860610700427
            ],
            [
              3.209517712337512,
              50.67880804786763
            ],
            [
              3.209787962924,
              50.67888696431987
            ],
            [
              3.210357081668597,
              50.67906256068545
            ],
            [
              3.210740500926296,
              50.67914064091696
            ],
            [
              3.210839851096678,
              50.67915788675749
            ],
            [
              3.210995951400277,
              50.67918370566751
            ],
            [
              3.211266203506936,
              50.67926261796837
            ],
            [
              3.211408649453061,
              50.67931550268992
            ],
            [
              3.211480036128762,
              50.67935093410612
            ],
            [
              3.211622811187231,
              50.67942179501277
            ],
            [
              3.212022024723231,
              50.67958964766734
            ],
            [
              3.212064792016941,
              50.67960731119447
            ],
            [
              3.21212186733117,
              50.67963385756953
            ],
            [
              3.212150325278646,
              50.67964263730823
            ],
            [
              3.212164799817959,
              50.67966050882583
            ],
            [
              3.212179110657061,
              50.67966939257444
            ],
            [
              3.21219342150123,
              50.67967827632123
            ],
            [
              3.212207896066283,
              50.67969614783286
            ],
            [
              3.212208059782156,
              50.67970513559929
            ],
            [
              3.212208224910354,
              50.67971412336323
            ],
            [
              3.21220838863014,
              50.67972311202679
            ],
            [
              3.212194735453145,
              50.67975018023904
            ],
            [
              3.212181082261417,
              50.67977724844869
            ],
            [
              3.212139298424227,
              50.67981351335073
            ],
            [
              3.212055899911052,
              50.67989503175853
            ],
            [
              3.21193022455555,
              50.67998585073826
            ],
            [
              3.211832514522399,
              50.68005848520328
            ],
            [
              3.211678708856853,
              50.68015850051852
            ],
            [
              3.211735952463788,
              50.68019403480236
            ],
            [
              3.211750263379034,
              50.68020291859327
            ],
            [
              3.211779048865669,
              50.68022967392973
            ],
            [
              3.211979890597499,
              50.68038101004365
            ],
            [
              3.211980054274655,
              50.68038999780124
            ],
            [
              3.212009332455124,
              50.68044371724278
            ],
            [
              3.211983995283899,
              50.68060571020663
            ],
            [
              3.211998962502331,
              50.68065054587539
            ],
            [
              3.212014916099281,
              50.68074930984495
            ],
            [
              3.212029554600831,
              50.68077616999848
            ],
            [
              3.212031525927056,
              50.6808840256971
            ],
            [
              3.212047149451366,
              50.68096481323633
            ],
            [
              3.212034317126523,
              50.68103682191598
            ],
            [
              3.211994012345478,
              50.68115397911074
            ],
            [
              3.211786736742578,
              50.68142518378424
            ],
            [
              3.211732284823662,
              50.68154244479729
            ],
            [
              3.211705139174161,
              50.68160556960908
            ],
            [
              3.211678323536013,
              50.68168666988543
            ],
            [
              3.2116944404619,
              50.68179442148259
            ],
            [
              3.211681278745319,
              50.68184845366528
            ],
            [
              3.211642614368323,
              50.68205549064847
            ],
            [
              3.211644091219498,
              50.68213638294908
            ],
            [
              3.211630437081263,
              50.68216345100188
            ],
            [
              3.21163355578565,
              50.68233422239977
            ],
            [
              3.211620231658758,
              50.68237926769621
            ],
            [
              3.211621544859773,
              50.68245117133036
            ],
            [
              3.211637166803254,
              50.68253195963198
            ],
            [
              3.211653120286246,
              50.68263072337077
            ],
            [
              3.211668252854358,
              50.68268454666873
            ],
            [
              3.211755434603237,
              50.68280975283297
            ],
            [
              3.211798860575479,
              50.68286336816125
            ],
            [
              3.21198638610342,
              50.68305974804594
            ],
            [
              3.212015338463784,
              50.68309549182986
            ],
            [
              3.212304853018098,
              50.68345292472593
            ],
            [
              3.212319166376329,
              50.68346180840571
            ],
            [
              3.212420663102417,
              50.68359589763684
            ],
            [
              3.212406514864561,
              50.68359600168215
            ],
            [
              3.21245010739788,
              50.68365860443075
            ],
            [
              3.212522980718364,
              50.68377492710908
            ],
            [
              3.212639118368974,
              50.68393587516886
            ],
            [
              3.212682876719075,
              50.6840074664072
            ],
            [
              3.212697516525201,
              50.68403432545414
            ],
            [
              3.212711992530509,
              50.68405219768823
            ],
            [
              3.212740780738811,
              50.68407895264827
            ],
            [
              3.212783882604494,
              50.6841145912182
            ],
            [
              3.212798193411352,
              50.68412347483886
            ],
            [
              3.21282648876671,
              50.68412326576268
            ],
            [
              3.212840635739905,
              50.6841231616721
            ],
            [
              3.212911538687516,
              50.68413162620172
            ],
            [
              3.212939834054513,
              50.68413141889447
            ],
            [
              3.212968293280313,
              50.68414019749204
            ],
            [
              3.212996752519779,
              50.68414897698035
            ],
            [
              3.213025377058567,
              50.68416674416514
            ],
            [
              3.213053836319271,
              50.68417552274266
            ],
            [
              3.213082460893423,
              50.68419328991363
            ],
            [
              3.213096771775606,
              50.68420217349887
            ],
            [
              3.213111411863967,
              50.6842290333866
            ],
            [
              3.213414105590067,
              50.68453243097339
            ],
            [
              3.21344289444842,
              50.68455918575162
            ],
            [
              3.213471683337484,
              50.68458594052212
            ],
            [
              3.213500636224468,
              50.68462168388106
            ],
            [
              3.213515278064011,
              50.68464854370195
            ],
            [
              3.213529919915517,
              50.68467540262273
            ],
            [
              3.213545383061587,
              50.6847472018195
            ],
            [
              3.213560680864684,
              50.68481001331305
            ],
            [
              3.21356134100974,
              50.68484596588411
            ],
            [
              3.213561504984908,
              50.68485495357972
            ],
            [
              3.213492082223426,
              50.68492737957454
            ],
            [
              3.213492411565872,
              50.68494535585855
            ],
            [
              3.213564465045492,
              50.68501673744952
            ],
            [
              3.213650834199384,
              50.68509700159607
            ],
            [
              3.213694100177578,
              50.68514162838758
            ],
            [
              3.213765827608859,
              50.6851950335598
            ],
            [
              3.213837389754527,
              50.68523945099875
            ],
            [
              3.213995814359781,
              50.68539109623003
            ],
            [
              3.214184841818433,
              50.68566836479523
            ],
            [
              3.214213631739763,
              50.68569511934958
            ],
            [
              3.214227944663248,
              50.68570400278222
            ],
            [
              3.214285360515557,
              50.68574852417782
            ],
            [
              3.214299673466983,
              50.68575740760148
            ],
            [
              3.214371402423548,
              50.68581081237506
            ],
            [
              3.214385879537764,
              50.68582868436683
            ],
            [
              3.214587246867468,
              50.6860069789326
            ],
            [
              3.214759825119294,
              50.68615851872306
            ],
            [
              3.2149036137562,
              50.68628330387634
            ],
            [
              3.214975178461831,
              50.68632772058808
            ],
            [
              3.215146934833486,
              50.68643431961777
            ],
            [
              3.215175561437911,
              50.68645208624673
            ],
            [
              3.215504267375655,
              50.68662943718513
            ],
            [
              3.215689680521106,
              50.68670896801812
            ],
            [
              3.21579036808889,
              50.68679811372568
            ],
            [
              3.215833969044316,
              50.68686071588299
            ],
            [
              3.215934326946274,
              50.68693188612706
            ],
            [
              3.215962954109663,
              50.68694965166414
            ],
            [
              3.216048338208239,
              50.68697598704421
            ],
            [
              3.216105757132116,
              50.68702050751428
            ],
            [
              3.216134548857877,
              50.68704726246701
            ],
            [
              3.216307961983031,
              50.68724373996175
            ],
            [
              3.216379858278606,
              50.68730613111926
            ],
            [
              3.216295627591601,
              50.68734271227983
            ],
            [
              3.216367360939907,
              50.68739611577513
            ],
            [
              3.21649651425378,
              50.68749403948287
            ],
            [
              3.216796442066297,
              50.6876446327765
            ],
            [
              3.216939248244588,
              50.68771548759551
            ],
            [
              3.216953562227241,
              50.68772437068747
            ],
            [
              3.216996667393174,
              50.68776000760736
            ],
            [
              3.217457357279661,
              50.68818807226907
            ],
            [
              3.217374118158928,
              50.68827858176837
            ],
            [
              3.217318182852532,
              50.6883149534546
            ],
            [
              3.217205985538236,
              50.68836972055654
            ],
            [
              3.217121755080338,
              50.68840630221634
            ],
            [
              3.217037354235626,
              50.68843389528672
            ],
            [
              3.216797816948124,
              50.68848960666021
            ],
            [
              3.21627661939135,
              50.68861931765132
            ],
            [
              3.216149940281194,
              50.68865621297936
            ],
            [
              3.215769734619619,
              50.68875790964404
            ],
            [
              3.215657037295312,
              50.68878571239987
            ],
            [
              3.215445791975357,
              50.68884121141803
            ],
            [
              3.215163967485052,
              50.68890622130445
            ],
            [
              3.215597175755976,
              50.68937944169375
            ],
            [
              3.21562597138581,
              50.68940619576772
            ],
            [
              3.215386589379556,
              50.68947089197656
            ],
            [
              3.215203640680548,
              50.68952618086018
            ],
            [
              3.214893840646909,
              50.68960937584246
            ],
            [
              3.214790917212507,
              50.68963803400324
            ],
            [
              3.214753009492232,
              50.68964637401568
            ],
            [
              3.214640473792486,
              50.68968316344218
            ],
            [
              3.214555908090301,
              50.68970176714114
            ],
            [
              3.213978590023946,
              50.68985885006836
            ],
            [
              3.213401430896213,
              50.69002491880365
            ],
            [
              3.21329021056662,
              50.69013361067218
            ],
            [
              3.213153158230841,
              50.6903773285982
            ],
            [
              3.213125187186619,
              50.69039551478517
            ],
            [
              3.213068425492986,
              50.69038694454392
            ],
            [
              3.212997184472167,
              50.69036050314609
            ],
            [
              3.212954079909233,
              50.69032486408046
            ],
            [
              3.212824762357672,
              50.69021794858449
            ],
            [
              3.212767342685777,
              50.69017342681151
            ],
            [
              3.212753028745624,
              50.69016454327001
            ],
            [
              3.212146906800804,
              50.69029486197893
            ],
            [
              3.212048025287368,
              50.6903045803436
            ],
            [
              3.211921172286107,
              50.6903324836499
            ],
            [
              3.211850754621413,
              50.69035098060408
            ],
            [
              3.211653975961497,
              50.69042434431363
            ],
            [
              3.211344329502278,
              50.69051651795751
            ],
            [
              3.211273911370277,
              50.6905350154772
            ],
            [
              3.210245916731541,
              50.69081225868235
            ],
            [
              3.210048149477112,
              50.69083169229595
            ],
            [
              3.209948939800219,
              50.69082343284591
            ],
            [
              3.209934790931154,
              50.69082353660632
            ],
            [
              3.209836071274133,
              50.69084224082379
            ],
            [
              3.209793623241422,
              50.69084255296146
            ],
            [
              3.209694902081648,
              50.69086125706865
            ],
            [
              3.20963896115219,
              50.69089762515397
            ],
            [
              3.209526745438595,
              50.69095238511988
            ],
            [
              3.209246211441358,
              50.69108928500992
            ],
            [
              3.209120992558657,
              50.69120706427381
            ],
            [
              3.209078870601866,
              50.69122535229649
            ],
            [
              3.208838817449736,
              50.69125408346624
            ],
            [
              3.20871179713108,
              50.69127299494495
            ],
            [
              3.208472234210031,
              50.69132868914523
            ],
            [
              3.208359691538357,
              50.69136547189324
            ],
            [
              3.20830325567364,
              50.69137487561579
            ],
            [
              3.208274954795971,
              50.69137508366234
            ],
            [
              3.208089211537175,
              50.6912775661913
            ],
            [
              3.208032122278885,
              50.6912510175332
            ],
            [
              3.20793323808336,
              50.69126073261085
            ],
            [
              3.207622596368199,
              50.69129896848965
            ],
            [
              3.207537863831298,
              50.69130857885282
            ],
            [
              3.207481263553389,
              50.69130899369129
            ],
            [
              3.207353752515505,
              50.69130094003535
            ],
            [
              3.207226242927455,
              50.69129288534883
            ],
            [
              3.206746459133651,
              50.69136831619412
            ],
            [
              3.206506730838896,
              50.69141501808493
            ],
            [
              3.206337423380888,
              50.69144322574984
            ],
            [
              3.206210728415738,
              50.69148011079493
            ],
            [
              3.206098019673579,
              50.69150790387354
            ],
            [
              3.206055733706319,
              50.69151720235043
            ],
            [
              3.206027596798734,
              50.69152639749881
            ],
            [
              3.205775673474423,
              50.69168105803404
            ],
            [
              3.205762176170977,
              50.69171711266987
            ],
            [
              3.205383226519813,
              50.69189068068546
            ],
            [
              3.205202212227599,
              50.69205380955521
            ],
            [
              3.20516025203712,
              50.69208108383412
            ],
            [
              3.205132441042238,
              50.6921082548857
            ],
            [
              3.205048845399547,
              50.69218077949095
            ],
            [
              3.204379577420612,
              50.69273401033546
            ],
            [
              3.204225880360536,
              50.69284300392866
            ],
            [
              3.20403021965958,
              50.69297927027986
            ],
            [
              3.203960445914618,
              50.69303371487726
            ],
            [
              3.203946620971379,
              50.69305179404944
            ],
            [
              3.203948410297281,
              50.69315066120339
            ],
            [
              3.203951339846821,
              50.69331244509
            ],
            [
              3.203994605694046,
              50.69335707470731
            ],
            [
              3.204008755289962,
              50.69335697162337
            ],
            [
              3.20402306859234,
              50.69336585612933
            ],
            [
              3.204037381899788,
              50.69337474063353
            ],
            [
              3.204051695212308,
              50.69338362513599
            ],
            [
              3.204080158135665,
              50.6933924065446
            ],
            [
              3.204136433335429,
              50.69337401717658
            ],
            [
              3.204178884958327,
              50.69337370696961
            ],
            [
              3.204207185567938,
              50.69337349985856
            ],
            [
              3.204235648512772,
              50.69338228123169
            ],
            [
              3.20426443614548,
              50.69340903868154
            ],
            [
              3.204279077016744,
              50.69343589923528
            ],
            [
              3.204279566865757,
              50.69346286290487
            ],
            [
              3.204280053889776,
              50.69348982657797
            ],
            [
              3.204280543739841,
              50.69351679024541
            ],
            [
              3.204252730059643,
              50.69354396104422
            ],
            [
              3.204238905081118,
              50.69356204023509
            ],
            [
              3.204182954357888,
              50.69359840572277
            ],
            [
              3.204142131368883,
              50.6936885954098
            ],
            [
              3.204091552163282,
              50.69402156375021
            ],
            [
              3.204066830375501,
              50.69421950483769
            ],
            [
              3.204067320121712,
              50.69424646937385
            ],
            [
              3.204081959719086,
              50.69427332991948
            ],
            [
              3.204096761642164,
              50.69430917804335
            ],
            [
              3.204111399860826,
              50.6943360385853
            ],
            [
              3.204097738336176,
              50.69436310531703
            ],
            [
              3.204098388998226,
              50.69439905742942
            ],
            [
              3.204084563728359,
              50.69441713658007
            ],
            [
              3.204070902170787,
              50.69444420420293
            ],
            [
              3.204043089275393,
              50.69447137491478
            ],
            [
              3.204015274937182,
              50.69449854562163
            ],
            [
              3.203959486706041,
              50.69454389853343
            ],
            [
              3.203931673695003,
              50.69457106921632
            ],
            [
              3.203891011736758,
              50.69467024626604
            ],
            [
              3.203865965709562,
              50.69485021197144
            ],
            [
              3.203710143392629,
              50.69484236075862
            ],
            [
              3.203681841952129,
              50.69484256775608
            ]
          ]
        ]
      },
      "properties": {
        "name": "Sartel Carihem",
        "source": "quartier",
        "documents": 6,
        "instruments_de_recherche": 4,
        "geometrie_officielle": false,
        "rue_autre_forme": null,
        "url": "https://www.bn-r.fr/resultat.php?type_rech=pl&index%5B%5D=quartier&value%5B%5D=%22Sartel+Carihem%22&decouvrir_par_terme=Sartel+Carihem"
      }
    },
    {
      "type": "Feature",
      "geometry": {
        "type": "LineString",
        "coordinates": [
          [
            3.190682,
            50.692872
          ],
          [
            3.190939,
            50.692481
          ],
          [
            3.191386,
            50.692441
          ],
          [
            3.19152,
            50.692442
          ],
          [
            3.192712,
            50.692328
          ],
          [
            3.193223,
            50.69232
          ],
          [
            3.193778,
            50.692323
          ],
          [
            3.194247,
            50.692378
          ],
          [
            3.196098,
            50.692649
          ],
          [
            3.196805,
            50.692756
          ],
          [
            3.19954,
            50.693198
          ],
          [
            3.200825,
            50.693405
          ],
          [
            3.201317,
            50.69361
          ],
          [
            3.201624,
            50.693641
          ],
          [
            3.201763,
            50.693621
          ],
          [
            3.202155,
            50.693568
          ],
          [
            3.20249,
            50.693478
          ],
          [
            3.202931,
            50.693313
          ],
          [
            3.203233,
            50.69315
          ],
          [
            3.203604,
            50.692882
          ],
          [
            3.204635,
            50.692073
          ],
          [
            3.204846,
            50.691919
          ],
          [
            3.205414,
            50.691491
          ],
          [
            3.205829,
            50.691307
          ],
          [
            3.206088,
            50.691244
          ],
          [
            3.206304,
            50.691193
          ],
          [
            3.206915,
            50.691121
          ]
        ]
      },
      "properties": {
        "name": "Quai du Sartel",
        "source": "rue",
        "documents": 7,
        "instruments_de_recherche": 4,
        "geometrie_officielle": true,
        "rue_autre_forme": "Sartel, quai du",
        "url": "https://www.bn-r.fr/resultat.php?type_rech=pl&index%5B%5D=rue&value%5B%5D=%22Sartel%2C+quai+du%22&decouvrir_par_terme=Sartel%2C+quai+du"
      }
    },
    {
      "type": "Feature",
      "geometry": {
        "type": "MultiLineString",
        "coordinates": [
          [
            [
              3.172221,
              50.688578
            ],
            [
              3.172466,
              50.688639
            ],
            [
              3.17305,
              50.688762
            ],
            [
              3.173927,
              50.68895
            ]
          ],
          [
            [
              3.168671,
              50.689817
            ],
            [
              3.168791,
              50.689748
            ],
            [
              3.169064,
              50.689656
            ],
            [
              3.169514,
              50.689576
            ],
            [
              3.170136,
              50.689423
            ],
            [
              3.170789,
              50.68921
            ],
            [
              3.172248,
              50.688735
            ]
          ]
        ]
      },
      "properties": {
        "name": "Rue de Sébastopol",
        "source": "rue",
        "documents": 16,
        "instruments_de_recherche": 7,
        "geometrie_officielle": true,
        "rue_autre_forme": "Sebastopol, rue de",
        "url": "https://www.bn-r.fr/resultat.php?type_rech=pl&index%5B%5D=rue&value%5B%5D=%22Sebastopol%2C+rue+de%22&decouvrir_par_terme=Sebastopol%2C+rue+de"
      }
    },
    {
      "type": "Feature",
      "geometry": {
        "type": "LineString",
        "coordinates": [
          [
            3.174704,
            50.699341
          ],
          [
            3.175224,
            50.699606
          ],
          [
            3.176467,
            50.699442
          ],
          [
            3.177548,
            50.69948
          ],
          [
            3.177942,
            50.699372
          ],
          [
            3.178829,
            50.699403
          ],
          [
            3.179762,
            50.699435
          ],
          [
            3.180089,
            50.699687
          ],
          [
            3.180082,
            50.699816
          ]
        ]
      },
      "properties": {
        "name": "Rue des 7 Ponts",
        "source": "rue",
        "documents": 6,
        "instruments_de_recherche": 3,
        "geometrie_officielle": true,
        "rue_autre_forme": "Sept ponts, rue des",
        "url": "https://www.bn-r.fr/resultat.php?type_rech=pl&index%5B%5D=rue&value%5B%5D=%22Sept+ponts%2C+rue+des%22&decouvrir_par_terme=Sept+ponts%2C+rue+des"
      }
    },
    {
      "type": "Feature",
      "geometry": {
        "type": "LineString",
        "coordinates": [
          [
            3.199801,
            50.685318
          ],
          [
            3.20017,
            50.68462
          ],
          [
            3.200419,
            50.684355
          ]
        ]
      },
      "properties": {
        "name": "Rue du Sergent Louis Bettremieux",
        "source": "rue",
        "documents": 1,
        "instruments_de_recherche": 1,
        "geometrie_officielle": true,
        "rue_autre_forme": "Sergent Betremieux, rue",
        "url": "https://www.bn-r.fr/resultat.php?type_rech=pl&index%5B%5D=rue&value%5B%5D=%22Sergent+Betremieux%2C+rue%22&decouvrir_par_terme=Sergent+Betremieux%2C+rue"
      }
    },
    {
      "type": "Feature",
      "geometry": {
        "type": "MultiLineString",
        "coordinates": [
          [
            [
              3.168137,
              50.686781
            ],
            [
              3.167428,
              50.686091
            ]
          ],
          [
            [
              3.167428,
              50.686091
            ],
            [
              3.166237,
              50.684925
            ],
            [
              3.166101,
              50.684849
            ]
          ],
          [
            [
              3.168137,
              50.686781
            ],
            [
              3.168628,
              50.687397
            ],
            [
              3.168967,
              50.687818
            ]
          ],
          [
            [
              3.168967,
              50.687818
            ],
            [
              3.170136,
              50.689423
            ]
          ]
        ]
      },
      "properties": {
        "name": "Rue de Soubise",
        "source": "rue",
        "documents": 124,
        "instruments_de_recherche": 9,
        "geometrie_officielle": true,
        "rue_autre_forme": "Soubise, rue de",
        "url": "https://www.bn-r.fr/resultat.php?type_rech=pl&index%5B%5D=rue&value%5B%5D=%22Soubise%2C+rue+de%22&decouvrir_par_terme=Soubise%2C+rue+de"
      }
    },
    {
      "type": "Feature",
      "geometry": {
        "type": "LineString",
        "coordinates": [
          [
            3.167562,
            50.700644
          ],
          [
            3.167002,
            50.700859
          ],
          [
            3.166388,
            50.701112
          ],
          [
            3.166084,
            50.701236
          ]
        ]
      },
      "properties": {
        "name": "Rue Stephenson",
        "source": "rue",
        "documents": 1,
        "instruments_de_recherche": 1,
        "geometrie_officielle": true,
        "rue_autre_forme": "Stephenson, rue",
        "url": "https://www.bn-r.fr/resultat.php?type_rech=pl&index%5B%5D=rue&value%5B%5D=%22Stephenson%2C+rue%22&decouvrir_par_terme=Stephenson%2C+rue"
      }
    },
    {
      "type": "Feature",
      "geometry": {
        "type": "LineString",
        "coordinates": [
          [
            3.187905,
            50.694242
          ],
          [
            3.187631,
            50.694715
          ],
          [
            3.18712,
            50.695623
          ],
          [
            3.18704,
            50.695769
          ],
          [
            3.186658,
            50.696438
          ],
          [
            3.186323,
            50.697023
          ],
          [
            3.186094,
            50.697423
          ],
          [
            3.186022,
            50.697552
          ],
          [
            3.185415,
            50.6986
          ],
          [
            3.185098,
            50.699146
          ],
          [
            3.18491,
            50.699482
          ],
          [
            3.184513,
            50.700175
          ],
          [
            3.184105,
            50.700908
          ]
        ]
      },
      "properties": {
        "name": "Boulevard de Strasbourg",
        "source": "rue",
        "documents": 43,
        "instruments_de_recherche": 7,
        "geometrie_officielle": true,
        "rue_autre_forme": "Strasbourg, boulevard de",
        "url": "https://www.bn-r.fr/resultat.php?type_rech=pl&index%5B%5D=rue&value%5B%5D=%22Strasbourg%2C+boulevard+de%22&decouvrir_par_terme=Strasbourg%2C+boulevard+de"
      }
    },
    {
      "type": "Feature",
      "geometry": {
        "type": "LineString",
        "coordinates": [
          [
            3.182154,
            50.696634
          ],
          [
            3.180282,
            50.696849
          ]
        ]
      },
      "properties": {
        "name": "Rue Ternaux",
        "source": "rue",
        "documents": 1,
        "instruments_de_recherche": 1,
        "geometrie_officielle": true,
        "rue_autre_forme": "Ternaux, rue",
        "url": "https://www.bn-r.fr/resultat.php?type_rech=pl&index%5B%5D=rue&value%5B%5D=%22Ternaux%2C+rue%22&decouvrir_par_terme=Ternaux%2C+rue"
      }
    },
    {
      "type": "Feature",
      "geometry": {
        "type": "LineString",
        "coordinates": [
          [
            3.161429,
            50.687351
          ],
          [
            3.162391,
            50.686644
          ],
          [
            3.162391,
            50.686564
          ]
        ]
      },
      "properties": {
        "name": "Allée des Tilleuls",
        "source": "rue",
        "documents": 2,
        "instruments_de_recherche": 1,
        "geometrie_officielle": true,
        "rue_autre_forme": "Tilleuls, allée des",
        "url": "https://www.bn-r.fr/resultat.php?type_rech=pl&index%5B%5D=rue&value%5B%5D=%22Tilleuls%2C+all%C3%A9e+des%22&decouvrir_par_terme=Tilleuls%2C+all%C3%A9e+des"
      }
    },
    {
      "type": "Feature",
      "geometry": {
        "type": "Point",
        "coordinates": [
          3.1694867,
          50.7008056
        ]
      },
      "properties": {
        "name": "Rue de Toulouse",
        "source": "rue",
        "documents": 2,
        "instruments_de_recherche": 2,
        "geometrie_officielle": false,
        "rue_autre_forme": "Toulouse, rue de",
        "url": "https://www.bn-r.fr/resultat.php?type_rech=pl&index%5B%5D=rue&value%5B%5D=%22Toulouse%2C+rue+de%22&decouvrir_par_terme=Toulouse%2C+rue+de"
      }
    },
    {
      "type": "Feature",
      "geometry": {
        "type": "LineString",
        "coordinates": [
          [
            3.172221,
            50.688578
          ],
          [
            3.171423,
            50.688422
          ],
          [
            3.171182,
            50.688391
          ],
          [
            3.171119,
            50.688395
          ],
          [
            3.170504,
            50.687554
          ]
        ]
      },
      "properties": {
        "name": "Rue de la Tour",
        "source": "rue",
        "documents": 1,
        "instruments_de_recherche": 1,
        "geometrie_officielle": true,
        "rue_autre_forme": "Tour, rue de la",
        "url": "https://www.bn-r.fr/resultat.php?type_rech=pl&index%5B%5D=rue&value%5B%5D=%22Tour%2C+rue+de+la%22&decouvrir_par_terme=Tour%2C+rue+de+la"
      }
    },
    {
      "type": "Feature",
      "geometry": {
        "type": "MultiLineString",
        "coordinates": [
          [
            [
              3.174167,
              50.699595
            ],
            [
              3.173929,
              50.699833
            ],
            [
              3.173822,
              50.7
            ]
          ],
          [
            [
              3.173822,
              50.7
            ],
            [
              3.173568,
              50.700399
            ],
            [
              3.173406,
              50.700642
            ]
          ],
          [
            [
              3.172429,
              50.702151
            ],
            [
              3.17223,
              50.702464
            ],
            [
              3.171803,
              50.703117
            ],
            [
              3.171525,
              50.703543
            ],
            [
              3.17093,
              50.704462
            ],
            [
              3.17021,
              50.705577
            ]
          ],
          [
            [
              3.17021,
              50.705577
            ],
            [
              3.170166,
              50.705661
            ],
            [
              3.170086,
              50.705789
            ],
            [
              3.170001,
              50.705918
            ],
            [
              3.169982,
              50.705936
            ]
          ]
        ]
      },
      "properties": {
        "name": "Rue de Tourcoing",
        "source": "rue",
        "documents": 69,
        "instruments_de_recherche": 9,
        "geometrie_officielle": true,
        "rue_autre_forme": "Tourcoing, rue de",
        "url": "https://www.bn-r.fr/resultat.php?type_rech=pl&index%5B%5D=rue&value%5B%5D=%22Tourcoing%2C+rue+de%22&decouvrir_par_terme=Tourcoing%2C+rue+de"
      }
    },
    {
      "type": "Feature",
      "geometry": {
        "type": "LineString",
        "coordinates": [
          [
            3.202054,
            50.684953
          ],
          [
            3.201677,
            50.685377
          ],
          [
            3.200955,
            50.686245
          ]
        ]
      },
      "properties": {
        "name": "Rue de Tournai",
        "source": "rue",
        "documents": 5,
        "instruments_de_recherche": 2,
        "geometrie_officielle": true,
        "rue_autre_forme": "Tournai, rue de",
        "url": "https://www.bn-r.fr/resultat.php?type_rech=pl&index%5B%5D=rue&value%5B%5D=%22Tournai%2C+rue+de%22&decouvrir_par_terme=Tournai%2C+rue+de"
      }
    },
    {
      "type": "Feature",
      "geometry": {
        "type": "LineString",
        "coordinates": [
          [
            3.17849,
            50.677563
          ],
          [
            3.177402,
            50.677569
          ]
        ]
      },
      "properties": {
        "name": "Place du Travail",
        "source": "rue",
        "documents": 9,
        "instruments_de_recherche": 7,
        "geometrie_officielle": true,
        "rue_autre_forme": "Travail, place du",
        "url": "https://www.bn-r.fr/resultat.php?type_rech=pl&index%5B%5D=rue&value%5B%5D=%22Travail%2C+place+du%22&decouvrir_par_terme=Travail%2C+place+du"
      }
    },
    {
      "type": "Feature",
      "geometry": {
        "type": "Polygon",
        "coordinates": [
          [
            [
              3.161933961112095,
              50.69278172096475
            ],
            [
              3.161138839622621,
              50.69307372430512
            ],
            [
              3.160993504954587,
              50.69311643889674
            ],
            [
              3.160731879885371,
              50.69287362710407
            ],
            [
              3.160556414789002,
              50.69270670717938
            ],
            [
              3.160388446768991,
              50.69254642486467
            ],
            [
              3.160203989009129,
              50.69237191809982
            ],
            [
              3.160022573317816,
              50.69221355223446
            ],
            [
              3.159822592919166,
              50.69204628309145
            ],
            [
              3.159599281040219,
              50.69187657403337
            ],
            [
              3.159239009596599,
              50.69162749972451
            ],
            [
              3.159442428673638,
              50.69153198691574
            ],
            [
              3.15951392433581,
              50.69149274823057
            ],
            [
              3.160249974734315,
              50.69109113752162
            ],
            [
              3.16123704041998,
              50.69055707871198
            ],
            [
              3.161713711822845,
              50.6902727694068
            ],
            [
              3.162688981760156,
              50.68975406116421
            ],
            [
              3.163570731202315,
              50.68927860378032
            ],
            [
              3.164235371229754,
              50.68890847751619
            ],
            [
              3.165452948989037,
              50.68824863629877
            ],
            [
              3.166779894734078,
              50.68754124633825
            ],
            [
              3.168135528438616,
              50.68679243619878
            ],
            [
              3.16946556543833,
              50.68606306323779
            ],
            [
              3.170042831212639,
              50.68627217339267
            ],
            [
              3.172027160038913,
              50.68699076111535
            ],
            [
              3.172023845402551,
              50.68728587256312
            ],
            [
              3.172241253050665,
              50.68875139805061
            ],
            [
              3.17013947043601,
              50.68941158282105
            ],
            [
              3.168650189663184,
              50.68979092112801
            ],
            [
              3.168971044784929,
              50.69017616628342
            ],
            [
              3.16922981837154,
              50.69043579459434
            ],
            [
              3.169887216432677,
              50.69139204020971
            ],
            [
              3.16921721486125,
              50.69134786302364
            ],
            [
              3.168669025865059,
              50.69136588027654
            ],
            [
              3.167120276700072,
              50.69160198435249
            ],
            [
              3.166240062559865,
              50.69173344297731
            ],
            [
              3.16311242858091,
              50.69222065631178
            ],
            [
              3.161933961112095,
              50.69278172096475
            ]
          ]
        ]
      },
      "properties": {
        "name": "Trichon",
        "source": "quartier",
        "documents": 20,
        "instruments_de_recherche": 5,
        "geometrie_officielle": false,
        "rue_autre_forme": null,
        "url": "https://www.bn-r.fr/resultat.php?type_rech=pl&index%5B%5D=quartier&value%5B%5D=%22Trichon%22&decouvrir_par_terme=Trichon"
      }
    },
    {
      "type": "Feature",
      "geometry": {
        "type": "LineString",
        "coordinates": [
          [
            3.168786,
            50.690045
          ],
          [
            3.168193,
            50.690047
          ]
        ]
      },
      "properties": {
        "name": "Place du Trichon",
        "source": "rue",
        "documents": 20,
        "instruments_de_recherche": 9,
        "geometrie_officielle": true,
        "rue_autre_forme": "Trichon, place du",
        "url": "https://www.bn-r.fr/resultat.php?type_rech=pl&index%5B%5D=rue&value%5B%5D=%22Trichon%2C+place+du%22&decouvrir_par_terme=Trichon%2C+place+du"
      }
    },
    {
      "type": "Feature",
      "geometry": {
        "type": "Polygon",
        "coordinates": [
          [
            [
              3.201627620003197,
              50.68923657201096
            ],
            [
              3.199452855296052,
              50.6881856222613
            ],
            [
              3.19816890920584,
              50.68756057465304
            ],
            [
              3.199936086109576,
              50.68578889194978
            ],
            [
              3.19973112190707,
              50.68571526283682
            ],
            [
              3.199672669900769,
              50.68564386404561
            ],
            [
              3.199735619649369,
              50.6854308129456
            ],
            [
              3.199795912298923,
              50.68531396490921
            ],
            [
              3.198814134851149,
              50.68493276172732
            ],
            [
              3.198777033589991,
              50.68467171576859
            ],
            [
              3.198707982371409,
              50.6841290010684
            ],
            [
              3.19894429396689,
              50.68379971986532
            ],
            [
              3.200458448025176,
              50.68178484519443
            ],
            [
              3.200533941909806,
              50.68180506040419
            ],
            [
              3.200684458223529,
              50.68186634981148
            ],
            [
              3.201271558011281,
              50.68150942885379
            ],
            [
              3.201363343888995,
              50.68145925381026
            ],
            [
              3.203182393220317,
              50.682552986018
            ],
            [
              3.204903573522437,
              50.68355762739144
            ],
            [
              3.206005643182273,
              50.68419412955154
            ],
            [
              3.205573835044975,
              50.68468581383693
            ],
            [
              3.20441194231916,
              50.68601356309062
            ],
            [
              3.202167589860602,
              50.68860489487004
            ],
            [
              3.201627620003197,
              50.68923657201096
            ]
          ]
        ]
      },
      "properties": {
        "name": "Trois Ponts",
        "source": "quartier",
        "documents": 18,
        "instruments_de_recherche": 9,
        "geometrie_officielle": false,
        "rue_autre_forme": null,
        "url": "https://www.bn-r.fr/resultat.php?type_rech=pl&index%5B%5D=quartier&value%5B%5D=%22Trois+Ponts%22&decouvrir_par_terme=Trois+Ponts"
      }
    },
    {
      "type": "Feature",
      "geometry": {
        "type": "MultiLineString",
        "coordinates": [
          [
            [
              3.178125,
              50.689505
            ],
            [
              3.178147,
              50.689565
            ],
            [
              3.178949,
              50.689846
            ],
            [
              3.179081,
              50.689852
            ]
          ],
          [
            [
              3.179275,
              50.691137
            ],
            [
              3.179807,
              50.69048
            ],
            [
              3.179973,
              50.690274
            ],
            [
              3.179992,
              50.6902
            ],
            [
              3.17984,
              50.690116
            ],
            [
              3.179081,
              50.689852
            ],
            [
              3.179081,
              50.689852
            ]
          ]
        ]
      },
      "properties": {
        "name": "Rue de la Tuilerie",
        "source": "rue",
        "documents": 4,
        "instruments_de_recherche": 3,
        "geometrie_officielle": true,
        "rue_autre_forme": "Tuilerie, rue de la",
        "url": "https://www.bn-r.fr/resultat.php?type_rech=pl&index%5B%5D=rue&value%5B%5D=%22Tuilerie%2C+rue+de+la%22&decouvrir_par_terme=Tuilerie%2C+rue+de+la"
      }
    },
    {
      "type": "Feature",
      "geometry": {
        "type": "MultiLineString",
        "coordinates": [
          [
            [
              3.180388,
              50.685133
            ],
            [
              3.182452,
              50.683923
            ]
          ],
          [
            [
              3.179775,
              50.685497
            ],
            [
              3.180388,
              50.685133
            ]
          ]
        ]
      },
      "properties": {
        "name": "Rue de Tunis",
        "source": "rue",
        "documents": 6,
        "instruments_de_recherche": 3,
        "geometrie_officielle": true,
        "rue_autre_forme": "Tunis, rue de",
        "url": "https://www.bn-r.fr/resultat.php?type_rech=pl&index%5B%5D=rue&value%5B%5D=%22Tunis%2C+rue+de%22&decouvrir_par_terme=Tunis%2C+rue+de"
      }
    },
    {
      "type": "Feature",
      "geometry": {
        "type": "LineString",
        "coordinates": [
          [
            3.160745,
            50.689697
          ],
          [
            3.159586,
            50.69031
          ]
        ]
      },
      "properties": {
        "name": "Rue de Turenne",
        "source": "rue",
        "documents": 1,
        "instruments_de_recherche": 1,
        "geometrie_officielle": true,
        "rue_autre_forme": "Turenne, rue de",
        "url": "https://www.bn-r.fr/resultat.php?type_rech=pl&index%5B%5D=rue&value%5B%5D=%22Turenne%2C+rue+de%22&decouvrir_par_terme=Turenne%2C+rue+de"
      }
    },
    {
      "type": "Feature",
      "geometry": {
        "type": "MultiLineString",
        "coordinates": [
          [
            [
              3.175752,
              50.700776
            ],
            [
              3.175519,
              50.700892
            ],
            [
              3.175387,
              50.70124
            ],
            [
              3.175289,
              50.701338
            ],
            [
              3.174825,
              50.7018
            ],
            [
              3.174449,
              50.702194
            ],
            [
              3.173918,
              50.702769
            ],
            [
              3.173822,
              50.703218
            ],
            [
              3.173734,
              50.703629
            ],
            [
              3.173631,
              50.704093
            ],
            [
              3.173557,
              50.704397
            ],
            [
              3.17348,
              50.704483
            ]
          ],
          [
            [
              3.17348,
              50.704483
            ],
            [
              3.172698,
              50.70493
            ],
            [
              3.171954,
              50.705337
            ],
            [
              3.17181,
              50.705484
            ],
            [
              3.171658,
              50.705825
            ],
            [
              3.17161,
              50.705942
            ]
          ]
        ]
      },
      "properties": {
        "name": "Rue Turgot",
        "source": "rue",
        "documents": 13,
        "instruments_de_recherche": 5,
        "geometrie_officielle": true,
        "rue_autre_forme": "Turgot, rue",
        "url": "https://www.bn-r.fr/resultat.php?type_rech=pl&index%5B%5D=rue&value%5B%5D=%22Turgot%2C+rue%22&decouvrir_par_terme=Turgot%2C+rue"
      }
    },
    {
      "type": "Feature",
      "geometry": {
        "type": "LineString",
        "coordinates": [
          [
            3.157954,
            50.696932
          ],
          [
            3.156916,
            50.697476
          ]
        ]
      },
      "properties": {
        "name": "Rue de Turin",
        "source": "rue",
        "documents": 1,
        "instruments_de_recherche": 1,
        "geometrie_officielle": true,
        "rue_autre_forme": "Turin, rue de",
        "url": "https://www.bn-r.fr/resultat.php?type_rech=pl&index%5B%5D=rue&value%5B%5D=%22Turin%2C+rue+de%22&decouvrir_par_terme=Turin%2C+rue+de"
      }
    },
    {
      "type": "Feature",
      "geometry": {
        "type": "LineString",
        "coordinates": [
          [
            3.169647,
            50.702306
          ],
          [
            3.16825,
            50.703088
          ]
        ]
      },
      "properties": {
        "name": "Rue Vallon",
        "source": "rue",
        "documents": 4,
        "instruments_de_recherche": 3,
        "geometrie_officielle": true,
        "rue_autre_forme": "Vallon, rue",
        "url": "https://www.bn-r.fr/resultat.php?type_rech=pl&index%5B%5D=rue&value%5B%5D=%22Vallon%2C+rue%22&decouvrir_par_terme=Vallon%2C+rue"
      }
    },
    {
      "type": "Feature",
      "geometry": {
        "type": "LineString",
        "coordinates": [
          [
            3.181251,
            50.686102
          ],
          [
            3.179775,
            50.685497
          ],
          [
            3.178002,
            50.684773
          ]
        ]
      },
      "properties": {
        "name": "Rue de Valmy",
        "source": "rue",
        "documents": 2,
        "instruments_de_recherche": 1,
        "geometrie_officielle": true,
        "rue_autre_forme": "Valmy, rue de",
        "url": "https://www.bn-r.fr/resultat.php?type_rech=pl&index%5B%5D=rue&value%5B%5D=%22Valmy%2C+rue+de%22&decouvrir_par_terme=Valmy%2C+rue+de"
      }
    },
    {
      "type": "Feature",
      "geometry": {
        "type": "Polygon",
        "coordinates": [
          [
            [
              3.174652595752659,
              50.68786704308644
            ],
            [
              3.173929863539526,
              50.68768292457861
            ],
            [
              3.172027160038913,
              50.68699076111535
            ],
            [
              3.170042831212639,
              50.68627217339267
            ],
            [
              3.16946556543833,
              50.68606306323779
            ],
            [
              3.166561458658209,
              50.68501100637815
            ],
            [
              3.166041276285417,
              50.68483538717932
            ],
            [
              3.163838759394576,
              50.68402554846653
            ],
            [
              3.163087995018862,
              50.6837464476808
            ],
            [
              3.162096335692869,
              50.68338964894419
            ],
            [
              3.162172252743317,
              50.68333553765725
            ],
            [
              3.16234000830259,
              50.68321751288149
            ],
            [
              3.162381985769153,
              50.68319025359477
            ],
            [
              3.162423808382259,
              50.68315400650891
            ],
            [
              3.162465785750253,
              50.68312674719136
            ],
            [
              3.162507763072521,
              50.68309948785846
            ],
            [
              3.162549740349277,
              50.68307222851031
            ],
            [
              3.162591717580309,
              50.6830449691469
            ],
            [
              3.162661525150619,
              50.68299054875499
            ],
            [
              3.162703347392351,
              50.68295430066691
            ],
            [
              3.162787456319808,
              50.68290877049559
            ],
            [
              3.162913851765235,
              50.68285395635861
            ],
            [
              3.162969820419483,
              50.68281761066122
            ],
            [
              3.163025943907063,
              50.68279025272479
            ],
            [
              3.163166331945506,
              50.68272635121089
            ],
            [
              3.163236446943518,
              50.68268990694815
            ],
            [
              3.163306408284805,
              50.68264447395507
            ],
            [
              3.16357303303478,
              50.68251677038432
            ],
            [
              3.163889081341688,
              50.68279323375638
            ],
            [
              3.163959195908232,
              50.68275678908954
            ],
            [
              3.164029311782322,
              50.68272034348198
            ],
            [
              3.164085279479253,
              50.68268399727504
            ],
            [
              3.164197371166261,
              50.6826202925667
            ],
            [
              3.164295314523644,
              50.68255668542263
            ],
            [
              3.16439341279445,
              50.68250206688298
            ],
            [
              3.164519339914143,
              50.68242028680916
            ],
            [
              3.164645420417291,
              50.68234749528909
            ],
            [
              3.164729526561876,
              50.68230196286494
            ],
            [
              3.164785338053548,
              50.68225662762963
            ],
            [
              3.164855451219029,
              50.68222018242804
            ],
            [
              3.164925410438935,
              50.68217474849175
            ],
            [
              3.16496738563119,
              50.6821474891868
            ],
            [
              3.165065325676774,
              50.68208388139293
            ],
            [
              3.165135285932033,
              50.68203844822476
            ],
            [
              3.165144952682102,
              50.68202776482002
            ],
            [
              3.165858934418729,
              50.68239485271808
            ],
            [
              3.167898910515974,
              50.68139867530204
            ],
            [
              3.16942509792734,
              50.68275286910703
            ],
            [
              3.171307295918854,
              50.68442150643701
            ],
            [
              3.171524708366764,
              50.68461674519359
            ],
            [
              3.173718098688068,
              50.68655286216136
            ],
            [
              3.174885175810837,
              50.68763792593472
            ],
            [
              3.174652595752659,
              50.68786704308644
            ]
          ]
        ]
      },
      "properties": {
        "name": "Vauban",
        "source": "quartier",
        "documents": 4,
        "instruments_de_recherche": 2,
        "geometrie_officielle": false,
        "rue_autre_forme": null,
        "url": "https://www.bn-r.fr/resultat.php?type_rech=pl&index%5B%5D=quartier&value%5B%5D=%22Vauban%22&decouvrir_par_terme=Vauban"
      }
    },
    {
      "type": "Feature",
      "geometry": {
        "type": "MultiLineString",
        "coordinates": [
          [
            [
              3.166629,
              50.683043
            ],
            [
              3.164643,
              50.684313
            ]
          ],
          [
            [
              3.166629,
              50.683043
            ],
            [
              3.168419,
              50.681897
            ]
          ]
        ]
      },
      "properties": {
        "name": "Rue Vauban",
        "source": "rue",
        "documents": 3,
        "instruments_de_recherche": 1,
        "geometrie_officielle": true,
        "rue_autre_forme": "Vauban, rue",
        "url": "https://www.bn-r.fr/resultat.php?type_rech=pl&index%5B%5D=rue&value%5B%5D=%22Vauban%2C+rue%22&decouvrir_par_terme=Vauban%2C+rue"
      }
    },
    {
      "type": "Feature",
      "geometry": {
        "type": "LineString",
        "coordinates": [
          [
            3.198143,
            50.687534
          ],
          [
            3.199084,
            50.686607
          ],
          [
            3.199617,
            50.686083
          ],
          [
            3.19993,
            50.685787
          ],
          [
            3.200699,
            50.68503
          ],
          [
            3.201121,
            50.684616
          ],
          [
            3.201997,
            50.683741
          ],
          [
            3.203176,
            50.682565
          ],
          [
            3.204705,
            50.681056
          ]
        ]
      },
      "properties": {
        "name": "Avenue de Verdun",
        "source": "rue",
        "documents": 1,
        "instruments_de_recherche": 1,
        "geometrie_officielle": true,
        "rue_autre_forme": "Verdun, avenue de",
        "url": "https://www.bn-r.fr/resultat.php?type_rech=pl&index%5B%5D=rue&value%5B%5D=%22Verdun%2C+avenue+de%22&decouvrir_par_terme=Verdun%2C+avenue+de"
      }
    },
    {
      "type": "Feature",
      "geometry": {
        "type": "MultiLineString",
        "coordinates": [
          [
            [
              3.196449,
              50.684458
            ],
            [
              3.198237,
              50.685373
            ],
            [
              3.199617,
              50.686083
            ]
          ],
          [
            [
              3.193196,
              50.682808
            ],
            [
              3.194084,
              50.683257
            ],
            [
              3.196449,
              50.684458
            ]
          ]
        ]
      },
      "properties": {
        "name": "Rue Victor Hugo",
        "source": "rue",
        "documents": 4,
        "instruments_de_recherche": 2,
        "geometrie_officielle": true,
        "rue_autre_forme": "Victor Hugo, rue",
        "url": "https://www.bn-r.fr/resultat.php?type_rech=pl&index%5B%5D=rue&value%5B%5D=%22Victor+Hugo%2C+rue%22&decouvrir_par_terme=Victor+Hugo%2C+rue"
      }
    },
    {
      "type": "Feature",
      "geometry": {
        "type": "LineString",
        "coordinates": [
          [
            3.173345,
            50.691768
          ],
          [
            3.17299,
            50.692247
          ],
          [
            3.172922,
            50.692398
          ],
          [
            3.173198,
            50.692783
          ],
          [
            3.173382,
            50.692895
          ],
          [
            3.173567,
            50.692959
          ],
          [
            3.174098,
            50.692991
          ]
        ]
      },
      "properties": {
        "name": "Rue du Vieil Abreuvoir",
        "source": "rue",
        "documents": 55,
        "instruments_de_recherche": 12,
        "geometrie_officielle": true,
        "rue_autre_forme": "Vieil abreuvoir, rue du",
        "url": "https://www.bn-r.fr/resultat.php?type_rech=pl&index%5B%5D=rue&value%5B%5D=%22Vieil+abreuvoir%2C+rue+du%22&decouvrir_par_terme=Vieil+abreuvoir%2C+rue+du"
      }
    },
    {
      "type": "Feature",
      "geometry": {
        "type": "LineString",
        "coordinates": [
          [
            3.180082,
            50.699816
          ],
          [
            3.181741,
            50.700269
          ],
          [
            3.183039,
            50.700618
          ],
          [
            3.184105,
            50.700908
          ],
          [
            3.185257,
            50.701208
          ]
        ]
      },
      "properties": {
        "name": "Rue de la Vigne",
        "source": "rue",
        "documents": 29,
        "instruments_de_recherche": 8,
        "geometrie_officielle": true,
        "rue_autre_forme": "Vigne, rue de la",
        "url": "https://www.bn-r.fr/resultat.php?type_rech=pl&index%5B%5D=rue&value%5B%5D=%22Vigne%2C+rue+de+la%22&decouvrir_par_terme=Vigne%2C+rue+de+la"
      }
    },
    {
      "type": "Feature",
      "geometry": {
        "type": "LineString",
        "coordinates": [
          [
            3.161272,
            50.691846
          ],
          [
            3.16025,
            50.691091
          ],
          [
            3.159848,
            50.6908
          ]
        ]
      },
      "properties": {
        "name": "Rue du Vivier",
        "source": "rue",
        "documents": 5,
        "instruments_de_recherche": 3,
        "geometrie_officielle": true,
        "rue_autre_forme": "Vivier, rue du",
        "url": "https://www.bn-r.fr/resultat.php?type_rech=pl&index%5B%5D=rue&value%5B%5D=%22Vivier%2C+rue+du%22&decouvrir_par_terme=Vivier%2C+rue+du"
      }
    },
    {
      "type": "Feature",
      "geometry": {
        "type": "MultiLineString",
        "coordinates": [
          [
            [
              3.173406,
              50.700642
            ],
            [
              3.173951,
              50.700795
            ],
            [
              3.174239,
              50.701011
            ],
            [
              3.174406,
              50.70126
            ],
            [
              3.174689,
              50.701728
            ],
            [
              3.174825,
              50.7018
            ]
          ],
          [
            [
              3.176864,
              50.702876
            ],
            [
              3.178176,
              50.703562
            ],
            [
              3.178209,
              50.703579
            ],
            [
              3.178562,
              50.703763
            ]
          ],
          [
            [
              3.174825,
              50.7018
            ],
            [
              3.176149,
              50.702502
            ],
            [
              3.176864,
              50.702876
            ]
          ],
          [
            [
              3.178562,
              50.703763
            ],
            [
              3.178852,
              50.703914
            ],
            [
              3.180387,
              50.704713
            ]
          ]
        ]
      },
      "properties": {
        "name": "Rue Voltaire",
        "source": "rue",
        "documents": 6,
        "instruments_de_recherche": 3,
        "geometrie_officielle": true,
        "rue_autre_forme": "Voltaire, rue",
        "url": "https://www.bn-r.fr/resultat.php?type_rech=pl&index%5B%5D=rue&value%5B%5D=%22Voltaire%2C+rue%22&decouvrir_par_terme=Voltaire%2C+rue"
      }
    },
    {
      "type": "Feature",
      "geometry": {
        "type": "MultiLineString",
        "coordinates": [
          [
            [
              3.152452,
              50.687476
            ],
            [
              3.152701,
              50.687408
            ],
            [
              3.153059,
              50.687316
            ],
            [
              3.15319,
              50.687292
            ],
            [
              3.153837,
              50.687267
            ],
            [
              3.154437,
              50.687249
            ],
            [
              3.154671,
              50.687234
            ],
            [
              3.154839,
              50.687216
            ],
            [
              3.15497,
              50.687182
            ],
            [
              3.155423,
              50.687053
            ],
            [
              3.155589,
              50.687026
            ],
            [
              3.156066,
              50.687183
            ]
          ],
          [
            [
              3.157278,
              50.688255
            ],
            [
              3.156869,
              50.687978
            ],
            [
              3.1566,
              50.687711
            ],
            [
              3.156068,
              50.687186
            ]
          ]
        ]
      },
      "properties": {
        "name": "Rue de Wasquehal",
        "source": "rue",
        "documents": 18,
        "instruments_de_recherche": 10,
        "geometrie_officielle": true,
        "rue_autre_forme": "Wasquehal, rue de",
        "url": "https://www.bn-r.fr/resultat.php?type_rech=pl&index%5B%5D=rue&value%5B%5D=%22Wasquehal%2C+rue+de%22&decouvrir_par_terme=Wasquehal%2C+rue+de"
      }
    },
    {
      "type": "Feature",
      "geometry": {
        "type": "LineString",
        "coordinates": [
          [
            3.15839,
            50.687853
          ],
          [
            3.158861,
            50.687555
          ],
          [
            3.159533,
            50.687243
          ],
          [
            3.160467,
            50.686823
          ],
          [
            3.161349,
            50.686426
          ],
          [
            3.16179,
            50.686227
          ]
        ]
      },
      "properties": {
        "name": "Rue Watt",
        "source": "rue",
        "documents": 12,
        "instruments_de_recherche": 6,
        "geometrie_officielle": true,
        "rue_autre_forme": "Watt, rue",
        "url": "https://www.bn-r.fr/resultat.php?type_rech=pl&index%5B%5D=rue&value%5B%5D=%22Watt%2C+rue%22&decouvrir_par_terme=Watt%2C+rue"
      }
    },
    {
      "type": "Feature",
      "geometry": {
        "type": "LineString",
        "coordinates": [
          [
            3.191582,
            50.692892
          ],
          [
            3.191885,
            50.692777
          ],
          [
            3.192175,
            50.692745
          ],
          [
            3.192414,
            50.692749
          ],
          [
            3.193204,
            50.692721
          ],
          [
            3.193748,
            50.692741
          ],
          [
            3.194177,
            50.692773
          ],
          [
            3.195078,
            50.692892
          ],
          [
            3.195608,
            50.692936
          ],
          [
            3.195828,
            50.692957
          ],
          [
            3.196577,
            50.693078
          ],
          [
            3.197128,
            50.69318
          ],
          [
            3.198968,
            50.693468
          ],
          [
            3.201069,
            50.693789
          ],
          [
            3.201161,
            50.693771
          ],
          [
            3.201465,
            50.693805
          ],
          [
            3.201682,
            50.693834
          ],
          [
            3.20205,
            50.693834
          ],
          [
            3.20259,
            50.693747
          ],
          [
            3.202932,
            50.693642
          ],
          [
            3.203397,
            50.693406
          ],
          [
            3.203901,
            50.693039
          ],
          [
            3.204315,
            50.6927
          ],
          [
            3.205112,
            50.692055
          ],
          [
            3.205681,
            50.691637
          ],
          [
            3.206388,
            50.691357
          ],
          [
            3.207068,
            50.691251
          ]
        ]
      },
      "properties": {
        "name": "Quai de Wattrelos",
        "source": "rue",
        "documents": 6,
        "instruments_de_recherche": 3,
        "geometrie_officielle": true,
        "rue_autre_forme": "Wattrelos, quai de",
        "url": "https://www.bn-r.fr/resultat.php?type_rech=pl&index%5B%5D=rue&value%5B%5D=%22Wattrelos%2C+quai+de%22&decouvrir_par_terme=Wattrelos%2C+quai+de"
      }
    },
    {
      "type": "Feature",
      "geometry": {
        "type": "LineString",
        "coordinates": [
          [
            3.179081,
            50.689852
          ],
          [
            3.179164,
            50.689778
          ],
          [
            3.179526,
            50.68955
          ],
          [
            3.179919,
            50.689111
          ],
          [
            3.18065,
            50.688323
          ],
          [
            3.180716,
            50.688236
          ],
          [
            3.180723,
            50.688087
          ],
          [
            3.180636,
            50.688006
          ],
          [
            3.180172,
            50.687819
          ],
          [
            3.180026,
            50.687755
          ],
          [
            3.179912,
            50.687659
          ]
        ]
      },
      "properties": {
        "name": "Rue Winston Churchill",
        "source": "rue",
        "documents": 7,
        "instruments_de_recherche": 5,
        "geometrie_officielle": true,
        "rue_autre_forme": "Winston Churchill, rue",
        "url": "https://www.bn-r.fr/resultat.php?type_rech=pl&index%5B%5D=rue&value%5B%5D=%22Winston+Churchill%2C+rue%22&decouvrir_par_terme=Winston+Churchill%2C+rue"
      }
    }
  ]
}